ISO-10303-21;
HEADER;
FILE_DESCRIPTION(('ViewDefinition [CoordinationView]'),'2;1');
FILE_NAME('','2026-08-13T18:41:00',(''),(''),'IfcOpenShell 0.8.5-1c5b825','IfcOpenShell 0.8.5-1c5b825','');
FILE_SCHEMA(('IFC4'));
ENDSEC;
DATA;
#1=IFCSIUNIT(*,.LENGTHUNIT.,.MILLI.,.METRE.);
#2=IFCSIUNIT(*,.AREAUNIT.,$,.SQUARE_METRE.);
#3=IFCSIUNIT(*,.VOLUMEUNIT.,$,.CUBIC_METRE.);
#4=IFCSIUNIT(*,.PLANEANGLEUNIT.,$,.RADIAN.);
#5=IFCSIUNIT(*,.MASSUNIT.,.KILO.,.GRAM.);
#6=IFCUNITASSIGNMENT((#1,#2,#3,#4,#5));
#7=IFCCARTESIANPOINT((0.,0.,0.));
#8=IFCDIRECTION((0.,0.,1.));
#9=IFCDIRECTION((1.,0.,0.));
#10=IFCAXIS2PLACEMENT3D(#7,#8,#9);
#11=IFCDIRECTION((0.,1.,0.));
#12=IFCGEOMETRICREPRESENTATIONCONTEXT($,'Model',3,1.0000000000000001E-05,#10,#11);
#13=IFCGEOMETRICREPRESENTATIONSUBCONTEXT('Body','Model',*,*,*,*,#12,$,.MODEL_VIEW.,$);
#14=IFCGEOMETRICREPRESENTATIONSUBCONTEXT('Axis','Model',*,*,*,*,#12,$,.GRAPH_VIEW.,$);
#15=IFCPERSON($,'Michelena','Daniel',$,$,$,$,$);
#16=IFCORGANIZATION($,'Grupo Baysa / METALITEC',$,$,$);
#17=IFCPERSONANDORGANIZATION(#15,#16,$);
#18=IFCAPPLICATION(#16,'v4','Generador IFC Baysa','BAYSA-IFC');
#19=IFCOWNERHISTORY(#17,#18,$,.ADDED.,$,$,$,1786646460);
#20=IFCLOCALPLACEMENT($,#10);
#21=IFCPROJECT('3ypf19uaj1LQ8$LWMiT6kx',#19,'Ampliacion Bodega 50','Fabrica de Jabon La Corona - Ecatepec',$,$,$,(#12),#6);
#22=IFCSITE('3sKSddYLz4WATXJCT4ahI_',#19,'Predio La Corona',$,$,#20,$,$,.ELEMENT.,$,$,$,$,$);
#23=IFCLOCALPLACEMENT(#20,#10);
#24=IFCBUILDING('3nc_YITub9muvkoFSr5boR',#19,'Bodega 50 (Ampliacion)',$,$,#23,$,$,.ELEMENT.,$,$,$);
#25=IFCLOCALPLACEMENT(#20,#10);
#26=IFCBUILDINGSTOREY('0SrKKJsaz3OhpNtxgZBl9o',#19,'NPT +0.00',$,$,#25,$,$,.ELEMENT.,0.);
#27=IFCRELAGGREGATES('1_uuXiwaXBj83uL_jDKTjy',#19,'Project-Site',$,#21,(#22));
#28=IFCRELAGGREGATES('1DWG_sNP51jOQgUeufCT7z',#19,'Site-Building',$,#22,(#24));
#29=IFCRELAGGREGATES('2cuubM_BfBJR6foMdxT8vE',#19,'Building-Storey',$,#24,(#26));
#30=IFCMATERIAL('ASTM A-36',$,'Steel');
#31=IFCMATERIAL('ASTM A-572 Gr.50',$,'Steel');
#32=IFCCARTESIANPOINT((0.,0.));
#33=IFCAXIS2PLACEMENT2D(#32,$);
#34=IFCISHAPEPROFILEDEF(.AREA.,'VAR 400x400-900',#33,400.,700.,10.,16.,$,$,$);
#35=IFCCARTESIANPOINT((0.,0.));
#36=IFCAXIS2PLACEMENT2D(#35,$);
#37=IFCISHAPEPROFILEDEF(.AREA.,'VAR 400x400-900',#36,400.,700.,10.,16.,$,$,$);
#38=IFCCARTESIANPOINT((0.,0.));
#39=IFCAXIS2PLACEMENT2D(#38,$);
#40=IFCISHAPEPROFILEDEF(.AREA.,'IPR 356x171',#39,171.,356.,9.,13.,$,$,$);
#41=IFCCARTESIANPOINT((0.,0.));
#42=IFCAXIS2PLACEMENT2D(#41,$);
#43=IFCISHAPEPROFILEDEF(.AREA.,'IPR 203x102',#42,102.,203.,7.,10.,$,$,$);
#44=IFCCARTESIANPOINT((0.,0.));
#45=IFCAXIS2PLACEMENT2D(#44,$);
#46=IFCRECTANGLEPROFILEDEF(.AREA.,'ORR 152x51x4.8',#45,51.,152.);
#47=IFCCARTESIANPOINT((0.,0.));
#48=IFCAXIS2PLACEMENT2D(#47,$);
#49=IFCRECTANGLEPROFILEDEF(.AREA.,'ORR 203x76x4.8',#48,76.,203.);
#50=IFCCARTESIANPOINT((0.,0.));
#51=IFCAXIS2PLACEMENT2D(#50,$);
#52=IFCRECTANGLEPROFILEDEF(.AREA.,'OR 102x102x4.8',#51,102.,102.);
#53=IFCCARTESIANPOINT((0.,0.));
#54=IFCAXIS2PLACEMENT2D(#53,$);
#55=IFCCIRCLEPROFILEDEF(.AREA.,'Varilla D22',#54,11.);
#56=IFCCARTESIANPOINT((0.,0.));
#57=IFCAXIS2PLACEMENT2D(#56,$);
#58=IFCRECTANGLEPROFILEDEF(.AREA.,'PL 500x500',#57,500.,500.);
#59=IFCCARTESIANPOINT((0.,0.,0.));
#60=IFCDIRECTION((0.,0.,1.));
#61=IFCDIRECTION((0.,-1.,0.));
#62=IFCAXIS2PLACEMENT3D(#59,#60,#61);
#63=IFCLOCALPLACEMENT(#25,#62);
#64=IFCDIRECTION((0.,0.,1.));
#65=IFCDIRECTION((1.,0.,0.));
#66=IFCAXIS2PLACEMENT3D(#7,#64,#65);
#67=IFCDIRECTION((0.,0.,1.));
#68=IFCEXTRUDEDAREASOLID(#34,#66,#67,11870.);
#69=IFCSHAPEREPRESENTATION(#13,'Body','SweptSolid',(#68));
#70=IFCCARTESIANPOINT((0.,0.,0.));
#71=IFCCARTESIANPOINT((0.,0.,11870.));
#72=IFCPOLYLINE((#70,#71));
#73=IFCSHAPEREPRESENTATION(#14,'Axis','Curve3D',(#72));
#74=IFCPRODUCTDEFINITIONSHAPE($,$,(#73,#69));
#75=IFCCOLUMN('3No$kzD3n5UOwA7Okq4VBa',#19,'CM-1','IR VAR 3PL 400x400-900',$,#63,#74,$,$);
#76=IFCRELASSOCIATESMATERIAL('22$hVy2b5FqxLaKh3WVc84',#19,$,$,(#75),#30);
#77=IFCPROPERTYSINGLEVALUE('Familia',$,IFCLABEL('Columnas seccion variable'),$);
#78=IFCPROPERTYSINGLEVALUE('Perfil',$,IFCLABEL('IR VAR 3PL 400x400-900'),$);
#79=IFCPROPERTYSINGLEVALUE('Marca',$,IFCLABEL('CM-1'),$);
#80=IFCPROPERTYSINGLEVALUE('HH_ton_taller',$,IFCREAL(36.),$);
#81=IFCPROPERTYSINGLEVALUE('Longitud_m',$,IFCREAL(11.869999999999999),$);
#82=IFCPROPERTYSET('3fE$YTLZD9bPDF13bquHau',#19,'Pset_METALITEC',$,(#77,#78,#79,#80,#81));
#83=IFCRELDEFINESBYPROPERTIES('2AHCjXpIz23faUMIs7cqA$',#19,$,$,(#75),#82);
#84=IFCCARTESIANPOINT((25600.,0.,0.));
#85=IFCDIRECTION((0.,0.,1.));
#86=IFCDIRECTION((0.,-1.,0.));
#87=IFCAXIS2PLACEMENT3D(#84,#85,#86);
#88=IFCLOCALPLACEMENT(#25,#87);
#89=IFCDIRECTION((0.,0.,1.));
#90=IFCDIRECTION((1.,0.,0.));
#91=IFCAXIS2PLACEMENT3D(#7,#89,#90);
#92=IFCDIRECTION((0.,0.,1.));
#93=IFCEXTRUDEDAREASOLID(#34,#91,#92,11870.);
#94=IFCSHAPEREPRESENTATION(#13,'Body','SweptSolid',(#93));
#95=IFCCARTESIANPOINT((0.,0.,0.));
#96=IFCCARTESIANPOINT((0.,0.,11870.));
#97=IFCPOLYLINE((#95,#96));
#98=IFCSHAPEREPRESENTATION(#14,'Axis','Curve3D',(#97));
#99=IFCPRODUCTDEFINITIONSHAPE($,$,(#98,#94));
#100=IFCCOLUMN('1BE5I6RmnCIuVjCuA_veJN',#19,'CM-2','IR VAR 3PL 400x400-900',$,#88,#99,$,$);
#101=IFCRELASSOCIATESMATERIAL('2rOQ9ruCTCzflKJz3uay0P',#19,$,$,(#100),#30);
#102=IFCPROPERTYSINGLEVALUE('Familia',$,IFCLABEL('Columnas seccion variable'),$);
#103=IFCPROPERTYSINGLEVALUE('Perfil',$,IFCLABEL('IR VAR 3PL 400x400-900'),$);
#104=IFCPROPERTYSINGLEVALUE('Marca',$,IFCLABEL('CM-2'),$);
#105=IFCPROPERTYSINGLEVALUE('HH_ton_taller',$,IFCREAL(36.),$);
#106=IFCPROPERTYSINGLEVALUE('Longitud_m',$,IFCREAL(11.869999999999999),$);
#107=IFCPROPERTYSET('0FG6$2KQr8dvytSRybNt7H',#19,'Pset_METALITEC',$,(#102,#103,#104,#105,#106));
#108=IFCRELDEFINESBYPROPERTIES('1i6Ip6KT15Jem4l9ZzkqSu',#19,$,$,(#100),#107);
#109=IFCCARTESIANPOINT((51200.,0.,0.));
#110=IFCDIRECTION((0.,0.,1.));
#111=IFCDIRECTION((0.,-1.,0.));
#112=IFCAXIS2PLACEMENT3D(#109,#110,#111);
#113=IFCLOCALPLACEMENT(#25,#112);
#114=IFCDIRECTION((0.,0.,1.));
#115=IFCDIRECTION((1.,0.,0.));
#116=IFCAXIS2PLACEMENT3D(#7,#114,#115);
#117=IFCDIRECTION((0.,0.,1.));
#118=IFCEXTRUDEDAREASOLID(#34,#116,#117,11870.);
#119=IFCSHAPEREPRESENTATION(#13,'Body','SweptSolid',(#118));
#120=IFCCARTESIANPOINT((0.,0.,0.));
#121=IFCCARTESIANPOINT((0.,0.,11870.));
#122=IFCPOLYLINE((#120,#121));
#123=IFCSHAPEREPRESENTATION(#14,'Axis','Curve3D',(#122));
#124=IFCPRODUCTDEFINITIONSHAPE($,$,(#123,#119));
#125=IFCCOLUMN('10PVv5PZX3duby4yFlVDRM',#19,'CM-2','IR VAR 3PL 400x400-900',$,#113,#124,$,$);
#126=IFCRELASSOCIATESMATERIAL('3JVd$RVPX01Rm3BslvsG16',#19,$,$,(#125),#30);
#127=IFCPROPERTYSINGLEVALUE('Familia',$,IFCLABEL('Columnas seccion variable'),$);
#128=IFCPROPERTYSINGLEVALUE('Perfil',$,IFCLABEL('IR VAR 3PL 400x400-900'),$);
#129=IFCPROPERTYSINGLEVALUE('Marca',$,IFCLABEL('CM-2'),$);
#130=IFCPROPERTYSINGLEVALUE('HH_ton_taller',$,IFCREAL(36.),$);
#131=IFCPROPERTYSINGLEVALUE('Longitud_m',$,IFCREAL(11.869999999999999),$);
#132=IFCPROPERTYSET('3Mksqtoe97JBQUtqymQrcP',#19,'Pset_METALITEC',$,(#127,#128,#129,#130,#131));
#133=IFCRELDEFINESBYPROPERTIES('0TZrZIHnjD8hFTXgmYx0wj',#19,$,$,(#125),#132);
#134=IFCCARTESIANPOINT((76800.,0.,0.));
#135=IFCDIRECTION((0.,0.,1.));
#136=IFCDIRECTION((0.,-1.,0.));
#137=IFCAXIS2PLACEMENT3D(#134,#135,#136);
#138=IFCLOCALPLACEMENT(#25,#137);
#139=IFCDIRECTION((0.,0.,1.));
#140=IFCDIRECTION((1.,0.,0.));
#141=IFCAXIS2PLACEMENT3D(#7,#139,#140);
#142=IFCDIRECTION((0.,0.,1.));
#143=IFCEXTRUDEDAREASOLID(#34,#141,#142,11870.);
#144=IFCSHAPEREPRESENTATION(#13,'Body','SweptSolid',(#143));
#145=IFCCARTESIANPOINT((0.,0.,0.));
#146=IFCCARTESIANPOINT((0.,0.,11870.));
#147=IFCPOLYLINE((#145,#146));
#148=IFCSHAPEREPRESENTATION(#14,'Axis','Curve3D',(#147));
#149=IFCPRODUCTDEFINITIONSHAPE($,$,(#148,#144));
#150=IFCCOLUMN('3G8uhBlJLCcAWQdewmzAW_',#19,'CM-1','IR VAR 3PL 400x400-900',$,#138,#149,$,$);
#151=IFCRELASSOCIATESMATERIAL('1Z4sun1eLDLvV_wsqQa1GF',#19,$,$,(#150),#30);
#152=IFCPROPERTYSINGLEVALUE('Familia',$,IFCLABEL('Columnas seccion variable'),$);
#153=IFCPROPERTYSINGLEVALUE('Perfil',$,IFCLABEL('IR VAR 3PL 400x400-900'),$);
#154=IFCPROPERTYSINGLEVALUE('Marca',$,IFCLABEL('CM-1'),$);
#155=IFCPROPERTYSINGLEVALUE('HH_ton_taller',$,IFCREAL(36.),$);
#156=IFCPROPERTYSINGLEVALUE('Longitud_m',$,IFCREAL(11.869999999999999),$);
#157=IFCPROPERTYSET('1Vh64FMPf8txHixlkHMWG$',#19,'Pset_METALITEC',$,(#152,#153,#154,#155,#156));
#158=IFCRELDEFINESBYPROPERTIES('1MSOqxt$jDavQDs$2k2XKd',#19,$,$,(#150),#157);
#159=IFCCARTESIANPOINT((0.,10000.,0.));
#160=IFCDIRECTION((0.,0.,1.));
#161=IFCDIRECTION((0.,-1.,0.));
#162=IFCAXIS2PLACEMENT3D(#159,#160,#161);
#163=IFCLOCALPLACEMENT(#25,#162);
#164=IFCDIRECTION((0.,0.,1.));
#165=IFCDIRECTION((1.,0.,0.));
#166=IFCAXIS2PLACEMENT3D(#7,#164,#165);
#167=IFCDIRECTION((0.,0.,1.));
#168=IFCEXTRUDEDAREASOLID(#34,#166,#167,11870.);
#169=IFCSHAPEREPRESENTATION(#13,'Body','SweptSolid',(#168));
#170=IFCCARTESIANPOINT((0.,0.,0.));
#171=IFCCARTESIANPOINT((0.,0.,11870.));
#172=IFCPOLYLINE((#170,#171));
#173=IFCSHAPEREPRESENTATION(#14,'Axis','Curve3D',(#172));
#174=IFCPRODUCTDEFINITIONSHAPE($,$,(#173,#169));
#175=IFCCOLUMN('3o17qizMXDIOEs10Del5YN',#19,'CM-1','IR VAR 3PL 400x400-900',$,#163,#174,$,$);
#176=IFCRELASSOCIATESMATERIAL('0kDpdjarnDxQhh9rScVuf6',#19,$,$,(#175),#30);
#177=IFCPROPERTYSINGLEVALUE('Familia',$,IFCLABEL('Columnas seccion variable'),$);
#178=IFCPROPERTYSINGLEVALUE('Perfil',$,IFCLABEL('IR VAR 3PL 400x400-900'),$);
#179=IFCPROPERTYSINGLEVALUE('Marca',$,IFCLABEL('CM-1'),$);
#180=IFCPROPERTYSINGLEVALUE('HH_ton_taller',$,IFCREAL(36.),$);
#181=IFCPROPERTYSINGLEVALUE('Longitud_m',$,IFCREAL(11.869999999999999),$);
#182=IFCPROPERTYSET('2$bawiOfr13vQW5rCpNtYb',#19,'Pset_METALITEC',$,(#177,#178,#179,#180,#181));
#183=IFCRELDEFINESBYPROPERTIES('3jaFQ6aHnCMRqTe7CZIvgE',#19,$,$,(#175),#182);
#184=IFCCARTESIANPOINT((25600.,10000.,0.));
#185=IFCDIRECTION((0.,0.,1.));
#186=IFCDIRECTION((0.,-1.,0.));
#187=IFCAXIS2PLACEMENT3D(#184,#185,#186);
#188=IFCLOCALPLACEMENT(#25,#187);
#189=IFCDIRECTION((0.,0.,1.));
#190=IFCDIRECTION((1.,0.,0.));
#191=IFCAXIS2PLACEMENT3D(#7,#189,#190);
#192=IFCDIRECTION((0.,0.,1.));
#193=IFCEXTRUDEDAREASOLID(#34,#191,#192,11870.);
#194=IFCSHAPEREPRESENTATION(#13,'Body','SweptSolid',(#193));
#195=IFCCARTESIANPOINT((0.,0.,0.));
#196=IFCCARTESIANPOINT((0.,0.,11870.));
#197=IFCPOLYLINE((#195,#196));
#198=IFCSHAPEREPRESENTATION(#14,'Axis','Curve3D',(#197));
#199=IFCPRODUCTDEFINITIONSHAPE($,$,(#198,#194));
#200=IFCCOLUMN('1gAWoKiWL6gv5jWfKwduwg',#19,'CM-2','IR VAR 3PL 400x400-900',$,#188,#199,$,$);
#201=IFCRELASSOCIATESMATERIAL('0GB4AbCQrD3QbZl2vFFmU_',#19,$,$,(#200),#30);
#202=IFCPROPERTYSINGLEVALUE('Familia',$,IFCLABEL('Columnas seccion variable'),$);
#203=IFCPROPERTYSINGLEVALUE('Perfil',$,IFCLABEL('IR VAR 3PL 400x400-900'),$);
#204=IFCPROPERTYSINGLEVALUE('Marca',$,IFCLABEL('CM-2'),$);
#205=IFCPROPERTYSINGLEVALUE('HH_ton_taller',$,IFCREAL(36.),$);
#206=IFCPROPERTYSINGLEVALUE('Longitud_m',$,IFCREAL(11.869999999999999),$);
#207=IFCPROPERTYSET('0BzxKo$uP7qBE3LOuAHrFG',#19,'Pset_METALITEC',$,(#202,#203,#204,#205,#206));
#208=IFCRELDEFINESBYPROPERTIES('1IM937Bxv2LvvAs8kegfmG',#19,$,$,(#200),#207);
#209=IFCCARTESIANPOINT((51200.,10000.,0.));
#210=IFCDIRECTION((0.,0.,1.));
#211=IFCDIRECTION((0.,-1.,0.));
#212=IFCAXIS2PLACEMENT3D(#209,#210,#211);
#213=IFCLOCALPLACEMENT(#25,#212);
#214=IFCDIRECTION((0.,0.,1.));
#215=IFCDIRECTION((1.,0.,0.));
#216=IFCAXIS2PLACEMENT3D(#7,#214,#215);
#217=IFCDIRECTION((0.,0.,1.));
#218=IFCEXTRUDEDAREASOLID(#34,#216,#217,11870.);
#219=IFCSHAPEREPRESENTATION(#13,'Body','SweptSolid',(#218));
#220=IFCCARTESIANPOINT((0.,0.,0.));
#221=IFCCARTESIANPOINT((0.,0.,11870.));
#222=IFCPOLYLINE((#220,#221));
#223=IFCSHAPEREPRESENTATION(#14,'Axis','Curve3D',(#222));
#224=IFCPRODUCTDEFINITIONSHAPE($,$,(#223,#219));
#225=IFCCOLUMN('2DXRcozlD78e65yCwRXX3E',#19,'CM-2','IR VAR 3PL 400x400-900',$,#213,#224,$,$);
#226=IFCRELASSOCIATESMATERIAL('3qDX1Amc5DYeT3jitcKA2L',#19,$,$,(#225),#30);
#227=IFCPROPERTYSINGLEVALUE('Familia',$,IFCLABEL('Columnas seccion variable'),$);
#228=IFCPROPERTYSINGLEVALUE('Perfil',$,IFCLABEL('IR VAR 3PL 400x400-900'),$);
#229=IFCPROPERTYSINGLEVALUE('Marca',$,IFCLABEL('CM-2'),$);
#230=IFCPROPERTYSINGLEVALUE('HH_ton_taller',$,IFCREAL(36.),$);
#231=IFCPROPERTYSINGLEVALUE('Longitud_m',$,IFCREAL(11.869999999999999),$);
#232=IFCPROPERTYSET('3RInngN5P649v$n_7Efi$I',#19,'Pset_METALITEC',$,(#227,#228,#229,#230,#231));
#233=IFCRELDEFINESBYPROPERTIES('1R0w4KwMb68u8uSuJfNxzK',#19,$,$,(#225),#232);
#234=IFCCARTESIANPOINT((76800.,10000.,0.));
#235=IFCDIRECTION((0.,0.,1.));
#236=IFCDIRECTION((0.,-1.,0.));
#237=IFCAXIS2PLACEMENT3D(#234,#235,#236);
#238=IFCLOCALPLACEMENT(#25,#237);
#239=IFCDIRECTION((0.,0.,1.));
#240=IFCDIRECTION((1.,0.,0.));
#241=IFCAXIS2PLACEMENT3D(#7,#239,#240);
#242=IFCDIRECTION((0.,0.,1.));
#243=IFCEXTRUDEDAREASOLID(#34,#241,#242,11870.);
#244=IFCSHAPEREPRESENTATION(#13,'Body','SweptSolid',(#243));
#245=IFCCARTESIANPOINT((0.,0.,0.));
#246=IFCCARTESIANPOINT((0.,0.,11870.));
#247=IFCPOLYLINE((#245,#246));
#248=IFCSHAPEREPRESENTATION(#14,'Axis','Curve3D',(#247));
#249=IFCPRODUCTDEFINITIONSHAPE($,$,(#248,#244));
#250=IFCCOLUMN('2rDJHyFsv009T0Av3RBvsK',#19,'CM-1','IR VAR 3PL 400x400-900',$,#238,#249,$,$);
#251=IFCRELASSOCIATESMATERIAL('18Yotx1TH3axfDj2vgPWLS',#19,$,$,(#250),#30);
#252=IFCPROPERTYSINGLEVALUE('Familia',$,IFCLABEL('Columnas seccion variable'),$);
#253=IFCPROPERTYSINGLEVALUE('Perfil',$,IFCLABEL('IR VAR 3PL 400x400-900'),$);
#254=IFCPROPERTYSINGLEVALUE('Marca',$,IFCLABEL('CM-1'),$);
#255=IFCPROPERTYSINGLEVALUE('HH_ton_taller',$,IFCREAL(36.),$);
#256=IFCPROPERTYSINGLEVALUE('Longitud_m',$,IFCREAL(11.869999999999999),$);
#257=IFCPROPERTYSET('062bqmdMLDmRx4fcphDTRe',#19,'Pset_METALITEC',$,(#252,#253,#254,#255,#256));
#258=IFCRELDEFINESBYPROPERTIES('32IO5ul7L7O8BxLnFPWZos',#19,$,$,(#250),#257);
#259=IFCCARTESIANPOINT((0.,20000.,0.));
#260=IFCDIRECTION((0.,0.,1.));
#261=IFCDIRECTION((0.,-1.,0.));
#262=IFCAXIS2PLACEMENT3D(#259,#260,#261);
#263=IFCLOCALPLACEMENT(#25,#262);
#264=IFCDIRECTION((0.,0.,1.));
#265=IFCDIRECTION((1.,0.,0.));
#266=IFCAXIS2PLACEMENT3D(#7,#264,#265);
#267=IFCDIRECTION((0.,0.,1.));
#268=IFCEXTRUDEDAREASOLID(#34,#266,#267,11870.);
#269=IFCSHAPEREPRESENTATION(#13,'Body','SweptSolid',(#268));
#270=IFCCARTESIANPOINT((0.,0.,0.));
#271=IFCCARTESIANPOINT((0.,0.,11870.));
#272=IFCPOLYLINE((#270,#271));
#273=IFCSHAPEREPRESENTATION(#14,'Axis','Curve3D',(#272));
#274=IFCPRODUCTDEFINITIONSHAPE($,$,(#273,#269));
#275=IFCCOLUMN('2ppZu0O7v3V9CQZVInV4Qn',#19,'CM-1','IR VAR 3PL 400x400-900',$,#263,#274,$,$);
#276=IFCRELASSOCIATESMATERIAL('2MXVLCNp9ERBJ4ve4ph5B0',#19,$,$,(#275),#30);
#277=IFCPROPERTYSINGLEVALUE('Familia',$,IFCLABEL('Columnas seccion variable'),$);
#278=IFCPROPERTYSINGLEVALUE('Perfil',$,IFCLABEL('IR VAR 3PL 400x400-900'),$);
#279=IFCPROPERTYSINGLEVALUE('Marca',$,IFCLABEL('CM-1'),$);
#280=IFCPROPERTYSINGLEVALUE('HH_ton_taller',$,IFCREAL(36.),$);
#281=IFCPROPERTYSINGLEVALUE('Longitud_m',$,IFCREAL(11.869999999999999),$);
#282=IFCPROPERTYSET('2AWKdnMFP7GfB6WC$Y6VF7',#19,'Pset_METALITEC',$,(#277,#278,#279,#280,#281));
#283=IFCRELDEFINESBYPROPERTIES('2KPkbh4p99MuwDJAZMgWvQ',#19,$,$,(#275),#282);
#284=IFCCARTESIANPOINT((25600.,20000.,0.));
#285=IFCDIRECTION((0.,0.,1.));
#286=IFCDIRECTION((0.,-1.,0.));
#287=IFCAXIS2PLACEMENT3D(#284,#285,#286);
#288=IFCLOCALPLACEMENT(#25,#287);
#289=IFCDIRECTION((0.,0.,1.));
#290=IFCDIRECTION((1.,0.,0.));
#291=IFCAXIS2PLACEMENT3D(#7,#289,#290);
#292=IFCDIRECTION((0.,0.,1.));
#293=IFCEXTRUDEDAREASOLID(#34,#291,#292,11870.);
#294=IFCSHAPEREPRESENTATION(#13,'Body','SweptSolid',(#293));
#295=IFCCARTESIANPOINT((0.,0.,0.));
#296=IFCCARTESIANPOINT((0.,0.,11870.));
#297=IFCPOLYLINE((#295,#296));
#298=IFCSHAPEREPRESENTATION(#14,'Axis','Curve3D',(#297));
#299=IFCPRODUCTDEFINITIONSHAPE($,$,(#298,#294));
#300=IFCCOLUMN('2NSiqK1fr8E9NfulNhaxq8',#19,'CM-2','IR VAR 3PL 400x400-900',$,#288,#299,$,$);
#301=IFCRELASSOCIATESMATERIAL('1ko3waToDBGBifHTFadyzw',#19,$,$,(#300),#30);
#302=IFCPROPERTYSINGLEVALUE('Familia',$,IFCLABEL('Columnas seccion variable'),$);
#303=IFCPROPERTYSINGLEVALUE('Perfil',$,IFCLABEL('IR VAR 3PL 400x400-900'),$);
#304=IFCPROPERTYSINGLEVALUE('Marca',$,IFCLABEL('CM-2'),$);
#305=IFCPROPERTYSINGLEVALUE('HH_ton_taller',$,IFCREAL(36.),$);
#306=IFCPROPERTYSINGLEVALUE('Longitud_m',$,IFCREAL(11.869999999999999),$);
#307=IFCPROPERTYSET('3tJ76O_0T28vBs_eGv7QFn',#19,'Pset_METALITEC',$,(#302,#303,#304,#305,#306));
#308=IFCRELDEFINESBYPROPERTIES('2WplPUmAvBevHbPGDFWfHp',#19,$,$,(#300),#307);
#309=IFCCARTESIANPOINT((51200.,20000.,0.));
#310=IFCDIRECTION((0.,0.,1.));
#311=IFCDIRECTION((0.,-1.,0.));
#312=IFCAXIS2PLACEMENT3D(#309,#310,#311);
#313=IFCLOCALPLACEMENT(#25,#312);
#314=IFCDIRECTION((0.,0.,1.));
#315=IFCDIRECTION((1.,0.,0.));
#316=IFCAXIS2PLACEMENT3D(#7,#314,#315);
#317=IFCDIRECTION((0.,0.,1.));
#318=IFCEXTRUDEDAREASOLID(#34,#316,#317,11870.);
#319=IFCSHAPEREPRESENTATION(#13,'Body','SweptSolid',(#318));
#320=IFCCARTESIANPOINT((0.,0.,0.));
#321=IFCCARTESIANPOINT((0.,0.,11870.));
#322=IFCPOLYLINE((#320,#321));
#323=IFCSHAPEREPRESENTATION(#14,'Axis','Curve3D',(#322));
#324=IFCPRODUCTDEFINITIONSHAPE($,$,(#323,#319));
#325=IFCCOLUMN('0cN4sSsY5BSuvFoqiKf7f_',#19,'CM-2','IR VAR 3PL 400x400-900',$,#313,#324,$,$);
#326=IFCRELASSOCIATESMATERIAL('0MynX8DlzDF9jZwKOwana2',#19,$,$,(#325),#30);
#327=IFCPROPERTYSINGLEVALUE('Familia',$,IFCLABEL('Columnas seccion variable'),$);
#328=IFCPROPERTYSINGLEVALUE('Perfil',$,IFCLABEL('IR VAR 3PL 400x400-900'),$);
#329=IFCPROPERTYSINGLEVALUE('Marca',$,IFCLABEL('CM-2'),$);
#330=IFCPROPERTYSINGLEVALUE('HH_ton_taller',$,IFCREAL(36.),$);
#331=IFCPROPERTYSINGLEVALUE('Longitud_m',$,IFCREAL(11.869999999999999),$);
#332=IFCPROPERTYSET('00V2be9LT29u1S4FLsT7kr',#19,'Pset_METALITEC',$,(#327,#328,#329,#330,#331));
#333=IFCRELDEFINESBYPROPERTIES('0L62msOMr7LBrO1HKzPIYG',#19,$,$,(#325),#332);
#334=IFCCARTESIANPOINT((76800.,20000.,0.));
#335=IFCDIRECTION((0.,0.,1.));
#336=IFCDIRECTION((0.,-1.,0.));
#337=IFCAXIS2PLACEMENT3D(#334,#335,#336);
#338=IFCLOCALPLACEMENT(#25,#337);
#339=IFCDIRECTION((0.,0.,1.));
#340=IFCDIRECTION((1.,0.,0.));
#341=IFCAXIS2PLACEMENT3D(#7,#339,#340);
#342=IFCDIRECTION((0.,0.,1.));
#343=IFCEXTRUDEDAREASOLID(#34,#341,#342,11870.);
#344=IFCSHAPEREPRESENTATION(#13,'Body','SweptSolid',(#343));
#345=IFCCARTESIANPOINT((0.,0.,0.));
#346=IFCCARTESIANPOINT((0.,0.,11870.));
#347=IFCPOLYLINE((#345,#346));
#348=IFCSHAPEREPRESENTATION(#14,'Axis','Curve3D',(#347));
#349=IFCPRODUCTDEFINITIONSHAPE($,$,(#348,#344));
#350=IFCCOLUMN('2usgSPcuzAUwTJTLZsR4t4',#19,'CM-1','IR VAR 3PL 400x400-900',$,#338,#349,$,$);
#351=IFCRELASSOCIATESMATERIAL('2zGVQcADH7rRXxgDmo_DX5',#19,$,$,(#350),#30);
#352=IFCPROPERTYSINGLEVALUE('Familia',$,IFCLABEL('Columnas seccion variable'),$);
#353=IFCPROPERTYSINGLEVALUE('Perfil',$,IFCLABEL('IR VAR 3PL 400x400-900'),$);
#354=IFCPROPERTYSINGLEVALUE('Marca',$,IFCLABEL('CM-1'),$);
#355=IFCPROPERTYSINGLEVALUE('HH_ton_taller',$,IFCREAL(36.),$);
#356=IFCPROPERTYSINGLEVALUE('Longitud_m',$,IFCREAL(11.869999999999999),$);
#357=IFCPROPERTYSET('16DT4DhHr24xrUlJPMrKwB',#19,'Pset_METALITEC',$,(#352,#353,#354,#355,#356));
#358=IFCRELDEFINESBYPROPERTIES('1lHqfkCz19yQbMRj9D2FCD',#19,$,$,(#350),#357);
#359=IFCCARTESIANPOINT((0.,30000.,0.));
#360=IFCDIRECTION((0.,0.,1.));
#361=IFCDIRECTION((0.,-1.,0.));
#362=IFCAXIS2PLACEMENT3D(#359,#360,#361);
#363=IFCLOCALPLACEMENT(#25,#362);
#364=IFCDIRECTION((0.,0.,1.));
#365=IFCDIRECTION((1.,0.,0.));
#366=IFCAXIS2PLACEMENT3D(#7,#364,#365);
#367=IFCDIRECTION((0.,0.,1.));
#368=IFCEXTRUDEDAREASOLID(#34,#366,#367,11870.);
#369=IFCSHAPEREPRESENTATION(#13,'Body','SweptSolid',(#368));
#370=IFCCARTESIANPOINT((0.,0.,0.));
#371=IFCCARTESIANPOINT((0.,0.,11870.));
#372=IFCPOLYLINE((#370,#371));
#373=IFCSHAPEREPRESENTATION(#14,'Axis','Curve3D',(#372));
#374=IFCPRODUCTDEFINITIONSHAPE($,$,(#373,#369));
#375=IFCCOLUMN('38ickDpOz1fwQH0LIuEYrE',#19,'CM-1','IR VAR 3PL 400x400-900',$,#363,#374,$,$);
#376=IFCRELASSOCIATESMATERIAL('2ZiXGpAYHDc8BRN8fEhsHx',#19,$,$,(#375),#30);
#377=IFCPROPERTYSINGLEVALUE('Familia',$,IFCLABEL('Columnas seccion variable'),$);
#378=IFCPROPERTYSINGLEVALUE('Perfil',$,IFCLABEL('IR VAR 3PL 400x400-900'),$);
#379=IFCPROPERTYSINGLEVALUE('Marca',$,IFCLABEL('CM-1'),$);
#380=IFCPROPERTYSINGLEVALUE('HH_ton_taller',$,IFCREAL(36.),$);
#381=IFCPROPERTYSINGLEVALUE('Longitud_m',$,IFCREAL(11.869999999999999),$);
#382=IFCPROPERTYSET('0bvihK4qn2ggeT9pns7xk3',#19,'Pset_METALITEC',$,(#377,#378,#379,#380,#381));
#383=IFCRELDEFINESBYPROPERTIES('3bqciqL3TD0Qbl$CWCetzv',#19,$,$,(#375),#382);
#384=IFCCARTESIANPOINT((25600.,30000.,0.));
#385=IFCDIRECTION((0.,0.,1.));
#386=IFCDIRECTION((0.,-1.,0.));
#387=IFCAXIS2PLACEMENT3D(#384,#385,#386);
#388=IFCLOCALPLACEMENT(#25,#387);
#389=IFCDIRECTION((0.,0.,1.));
#390=IFCDIRECTION((1.,0.,0.));
#391=IFCAXIS2PLACEMENT3D(#7,#389,#390);
#392=IFCDIRECTION((0.,0.,1.));
#393=IFCEXTRUDEDAREASOLID(#34,#391,#392,11870.);
#394=IFCSHAPEREPRESENTATION(#13,'Body','SweptSolid',(#393));
#395=IFCCARTESIANPOINT((0.,0.,0.));
#396=IFCCARTESIANPOINT((0.,0.,11870.));
#397=IFCPOLYLINE((#395,#396));
#398=IFCSHAPEREPRESENTATION(#14,'Axis','Curve3D',(#397));
#399=IFCPRODUCTDEFINITIONSHAPE($,$,(#398,#394));
#400=IFCCOLUMN('1NhkeXSkr53eEmCQMKPavi',#19,'CM-2','IR VAR 3PL 400x400-900',$,#388,#399,$,$);
#401=IFCRELASSOCIATESMATERIAL('2NJs0XviT5Y8POfftuXeAK',#19,$,$,(#400),#30);
#402=IFCPROPERTYSINGLEVALUE('Familia',$,IFCLABEL('Columnas seccion variable'),$);
#403=IFCPROPERTYSINGLEVALUE('Perfil',$,IFCLABEL('IR VAR 3PL 400x400-900'),$);
#404=IFCPROPERTYSINGLEVALUE('Marca',$,IFCLABEL('CM-2'),$);
#405=IFCPROPERTYSINGLEVALUE('HH_ton_taller',$,IFCREAL(36.),$);
#406=IFCPROPERTYSINGLEVALUE('Longitud_m',$,IFCREAL(11.869999999999999),$);
#407=IFCPROPERTYSET('3byF_YxGj6Rhf38uzCReNO',#19,'Pset_METALITEC',$,(#402,#403,#404,#405,#406));
#408=IFCRELDEFINESBYPROPERTIES('0mBYBHT7j6gRhUn__f95ik',#19,$,$,(#400),#407);
#409=IFCCARTESIANPOINT((51200.,30000.,0.));
#410=IFCDIRECTION((0.,0.,1.));
#411=IFCDIRECTION((0.,-1.,0.));
#412=IFCAXIS2PLACEMENT3D(#409,#410,#411);
#413=IFCLOCALPLACEMENT(#25,#412);
#414=IFCDIRECTION((0.,0.,1.));
#415=IFCDIRECTION((1.,0.,0.));
#416=IFCAXIS2PLACEMENT3D(#7,#414,#415);
#417=IFCDIRECTION((0.,0.,1.));
#418=IFCEXTRUDEDAREASOLID(#34,#416,#417,11870.);
#419=IFCSHAPEREPRESENTATION(#13,'Body','SweptSolid',(#418));
#420=IFCCARTESIANPOINT((0.,0.,0.));
#421=IFCCARTESIANPOINT((0.,0.,11870.));
#422=IFCPOLYLINE((#420,#421));
#423=IFCSHAPEREPRESENTATION(#14,'Axis','Curve3D',(#422));
#424=IFCPRODUCTDEFINITIONSHAPE($,$,(#423,#419));
#425=IFCCOLUMN('20b2QA7y5BTxvLcwVz0BcJ',#19,'CM-2','IR VAR 3PL 400x400-900',$,#413,#424,$,$);
#426=IFCRELASSOCIATESMATERIAL('17JRmp3QHEV8oGcfA0v6FG',#19,$,$,(#425),#30);
#427=IFCPROPERTYSINGLEVALUE('Familia',$,IFCLABEL('Columnas seccion variable'),$);
#428=IFCPROPERTYSINGLEVALUE('Perfil',$,IFCLABEL('IR VAR 3PL 400x400-900'),$);
#429=IFCPROPERTYSINGLEVALUE('Marca',$,IFCLABEL('CM-2'),$);
#430=IFCPROPERTYSINGLEVALUE('HH_ton_taller',$,IFCREAL(36.),$);
#431=IFCPROPERTYSINGLEVALUE('Longitud_m',$,IFCREAL(11.869999999999999),$);
#432=IFCPROPERTYSET('2pj9EXhHP6k9Smcrpp6R6Y',#19,'Pset_METALITEC',$,(#427,#428,#429,#430,#431));
#433=IFCRELDEFINESBYPROPERTIES('24nXm$_n54kA891RT6pUwd',#19,$,$,(#425),#432);
#434=IFCCARTESIANPOINT((76800.,30000.,0.));
#435=IFCDIRECTION((0.,0.,1.));
#436=IFCDIRECTION((0.,-1.,0.));
#437=IFCAXIS2PLACEMENT3D(#434,#435,#436);
#438=IFCLOCALPLACEMENT(#25,#437);
#439=IFCDIRECTION((0.,0.,1.));
#440=IFCDIRECTION((1.,0.,0.));
#441=IFCAXIS2PLACEMENT3D(#7,#439,#440);
#442=IFCDIRECTION((0.,0.,1.));
#443=IFCEXTRUDEDAREASOLID(#34,#441,#442,11870.);
#444=IFCSHAPEREPRESENTATION(#13,'Body','SweptSolid',(#443));
#445=IFCCARTESIANPOINT((0.,0.,0.));
#446=IFCCARTESIANPOINT((0.,0.,11870.));
#447=IFCPOLYLINE((#445,#446));
#448=IFCSHAPEREPRESENTATION(#14,'Axis','Curve3D',(#447));
#449=IFCPRODUCTDEFINITIONSHAPE($,$,(#448,#444));
#450=IFCCOLUMN('1Rf0RelCr4vRj47otaV9ez',#19,'CM-1','IR VAR 3PL 400x400-900',$,#438,#449,$,$);
#451=IFCRELASSOCIATESMATERIAL('0tEXujdXn3FuER7Ay$6GtB',#19,$,$,(#450),#30);
#452=IFCPROPERTYSINGLEVALUE('Familia',$,IFCLABEL('Columnas seccion variable'),$);
#453=IFCPROPERTYSINGLEVALUE('Perfil',$,IFCLABEL('IR VAR 3PL 400x400-900'),$);
#454=IFCPROPERTYSINGLEVALUE('Marca',$,IFCLABEL('CM-1'),$);
#455=IFCPROPERTYSINGLEVALUE('HH_ton_taller',$,IFCREAL(36.),$);
#456=IFCPROPERTYSINGLEVALUE('Longitud_m',$,IFCREAL(11.869999999999999),$);
#457=IFCPROPERTYSET('01YfSwua1AlvsUWDUP2GhO',#19,'Pset_METALITEC',$,(#452,#453,#454,#455,#456));
#458=IFCRELDEFINESBYPROPERTIES('2yv0_lt3f0ReiBpnXugAc9',#19,$,$,(#450),#457);
#459=IFCCARTESIANPOINT((0.,40000.,0.));
#460=IFCDIRECTION((0.,0.,1.));
#461=IFCDIRECTION((0.,-1.,0.));
#462=IFCAXIS2PLACEMENT3D(#459,#460,#461);
#463=IFCLOCALPLACEMENT(#25,#462);
#464=IFCDIRECTION((0.,0.,1.));
#465=IFCDIRECTION((1.,0.,0.));
#466=IFCAXIS2PLACEMENT3D(#7,#464,#465);
#467=IFCDIRECTION((0.,0.,1.));
#468=IFCEXTRUDEDAREASOLID(#34,#466,#467,11870.);
#469=IFCSHAPEREPRESENTATION(#13,'Body','SweptSolid',(#468));
#470=IFCCARTESIANPOINT((0.,0.,0.));
#471=IFCCARTESIANPOINT((0.,0.,11870.));
#472=IFCPOLYLINE((#470,#471));
#473=IFCSHAPEREPRESENTATION(#14,'Axis','Curve3D',(#472));
#474=IFCPRODUCTDEFINITIONSHAPE($,$,(#473,#469));
#475=IFCCOLUMN('39tl3Dpwz3j8qKfIETgsQv',#19,'CM-1','IR VAR 3PL 400x400-900',$,#463,#474,$,$);
#476=IFCRELASSOCIATESMATERIAL('28X5VqyxjDZg4qmRPGWz2i',#19,$,$,(#475),#30);
#477=IFCPROPERTYSINGLEVALUE('Familia',$,IFCLABEL('Columnas seccion variable'),$);
#478=IFCPROPERTYSINGLEVALUE('Perfil',$,IFCLABEL('IR VAR 3PL 400x400-900'),$);
#479=IFCPROPERTYSINGLEVALUE('Marca',$,IFCLABEL('CM-1'),$);
#480=IFCPROPERTYSINGLEVALUE('HH_ton_taller',$,IFCREAL(36.),$);
#481=IFCPROPERTYSINGLEVALUE('Longitud_m',$,IFCREAL(11.869999999999999),$);
#482=IFCPROPERTYSET('1FljHTSeDB8B6HsW7ywyfK',#19,'Pset_METALITEC',$,(#477,#478,#479,#480,#481));
#483=IFCRELDEFINESBYPROPERTIES('0Grdq6EZ96GQDXRTmWKVoW',#19,$,$,(#475),#482);
#484=IFCCARTESIANPOINT((25600.,40000.,0.));
#485=IFCDIRECTION((0.,0.,1.));
#486=IFCDIRECTION((0.,-1.,0.));
#487=IFCAXIS2PLACEMENT3D(#484,#485,#486);
#488=IFCLOCALPLACEMENT(#25,#487);
#489=IFCDIRECTION((0.,0.,1.));
#490=IFCDIRECTION((1.,0.,0.));
#491=IFCAXIS2PLACEMENT3D(#7,#489,#490);
#492=IFCDIRECTION((0.,0.,1.));
#493=IFCEXTRUDEDAREASOLID(#34,#491,#492,11870.);
#494=IFCSHAPEREPRESENTATION(#13,'Body','SweptSolid',(#493));
#495=IFCCARTESIANPOINT((0.,0.,0.));
#496=IFCCARTESIANPOINT((0.,0.,11870.));
#497=IFCPOLYLINE((#495,#496));
#498=IFCSHAPEREPRESENTATION(#14,'Axis','Curve3D',(#497));
#499=IFCPRODUCTDEFINITIONSHAPE($,$,(#498,#494));
#500=IFCCOLUMN('18VmAkEw19ixreQepVqOig',#19,'CM-2','IR VAR 3PL 400x400-900',$,#488,#499,$,$);
#501=IFCRELASSOCIATESMATERIAL('2wRvrWrcH8IOL4hK4biE5f',#19,$,$,(#500),#30);
#502=IFCPROPERTYSINGLEVALUE('Familia',$,IFCLABEL('Columnas seccion variable'),$);
#503=IFCPROPERTYSINGLEVALUE('Perfil',$,IFCLABEL('IR VAR 3PL 400x400-900'),$);
#504=IFCPROPERTYSINGLEVALUE('Marca',$,IFCLABEL('CM-2'),$);
#505=IFCPROPERTYSINGLEVALUE('HH_ton_taller',$,IFCREAL(36.),$);
#506=IFCPROPERTYSINGLEVALUE('Longitud_m',$,IFCREAL(11.869999999999999),$);
#507=IFCPROPERTYSET('3dF9veH4f7KvexoIPE4jxf',#19,'Pset_METALITEC',$,(#502,#503,#504,#505,#506));
#508=IFCRELDEFINESBYPROPERTIES('1EJGUj6HbCBgzijesBQ$H6',#19,$,$,(#500),#507);
#509=IFCCARTESIANPOINT((51200.,40000.,0.));
#510=IFCDIRECTION((0.,0.,1.));
#511=IFCDIRECTION((0.,-1.,0.));
#512=IFCAXIS2PLACEMENT3D(#509,#510,#511);
#513=IFCLOCALPLACEMENT(#25,#512);
#514=IFCDIRECTION((0.,0.,1.));
#515=IFCDIRECTION((1.,0.,0.));
#516=IFCAXIS2PLACEMENT3D(#7,#514,#515);
#517=IFCDIRECTION((0.,0.,1.));
#518=IFCEXTRUDEDAREASOLID(#34,#516,#517,11870.);
#519=IFCSHAPEREPRESENTATION(#13,'Body','SweptSolid',(#518));
#520=IFCCARTESIANPOINT((0.,0.,0.));
#521=IFCCARTESIANPOINT((0.,0.,11870.));
#522=IFCPOLYLINE((#520,#521));
#523=IFCSHAPEREPRESENTATION(#14,'Axis','Curve3D',(#522));
#524=IFCPRODUCTDEFINITIONSHAPE($,$,(#523,#519));
#525=IFCCOLUMN('1Bec42BAjApRWURNStsZM6',#19,'CM-2','IR VAR 3PL 400x400-900',$,#513,#524,$,$);
#526=IFCRELASSOCIATESMATERIAL('0xXDrxduTFVABK7mP2Qe8P',#19,$,$,(#525),#30);
#527=IFCPROPERTYSINGLEVALUE('Familia',$,IFCLABEL('Columnas seccion variable'),$);
#528=IFCPROPERTYSINGLEVALUE('Perfil',$,IFCLABEL('IR VAR 3PL 400x400-900'),$);
#529=IFCPROPERTYSINGLEVALUE('Marca',$,IFCLABEL('CM-2'),$);
#530=IFCPROPERTYSINGLEVALUE('HH_ton_taller',$,IFCREAL(36.),$);
#531=IFCPROPERTYSINGLEVALUE('Longitud_m',$,IFCREAL(11.869999999999999),$);
#532=IFCPROPERTYSET('1JdlBv0Z57UOQmlwz5sYa0',#19,'Pset_METALITEC',$,(#527,#528,#529,#530,#531));
#533=IFCRELDEFINESBYPROPERTIES('2X3A6VTUD1Wwg$TGKsi7sV',#19,$,$,(#525),#532);
#534=IFCCARTESIANPOINT((76800.,40000.,0.));
#535=IFCDIRECTION((0.,0.,1.));
#536=IFCDIRECTION((0.,-1.,0.));
#537=IFCAXIS2PLACEMENT3D(#534,#535,#536);
#538=IFCLOCALPLACEMENT(#25,#537);
#539=IFCDIRECTION((0.,0.,1.));
#540=IFCDIRECTION((1.,0.,0.));
#541=IFCAXIS2PLACEMENT3D(#7,#539,#540);
#542=IFCDIRECTION((0.,0.,1.));
#543=IFCEXTRUDEDAREASOLID(#34,#541,#542,11870.);
#544=IFCSHAPEREPRESENTATION(#13,'Body','SweptSolid',(#543));
#545=IFCCARTESIANPOINT((0.,0.,0.));
#546=IFCCARTESIANPOINT((0.,0.,11870.));
#547=IFCPOLYLINE((#545,#546));
#548=IFCSHAPEREPRESENTATION(#14,'Axis','Curve3D',(#547));
#549=IFCPRODUCTDEFINITIONSHAPE($,$,(#548,#544));
#550=IFCCOLUMN('26Oi5nkX9C2PT726I43HJ6',#19,'CM-1','IR VAR 3PL 400x400-900',$,#538,#549,$,$);
#551=IFCRELASSOCIATESMATERIAL('0R7eaJvHT9jAhI82nf_oNK',#19,$,$,(#550),#30);
#552=IFCPROPERTYSINGLEVALUE('Familia',$,IFCLABEL('Columnas seccion variable'),$);
#553=IFCPROPERTYSINGLEVALUE('Perfil',$,IFCLABEL('IR VAR 3PL 400x400-900'),$);
#554=IFCPROPERTYSINGLEVALUE('Marca',$,IFCLABEL('CM-1'),$);
#555=IFCPROPERTYSINGLEVALUE('HH_ton_taller',$,IFCREAL(36.),$);
#556=IFCPROPERTYSINGLEVALUE('Longitud_m',$,IFCREAL(11.869999999999999),$);
#557=IFCPROPERTYSET('2B6ODmhnz3Z9PhcGAAZUwK',#19,'Pset_METALITEC',$,(#552,#553,#554,#555,#556));
#558=IFCRELDEFINESBYPROPERTIES('0VpmmiR254cBbjrEtTjiVj',#19,$,$,(#550),#557);
#559=IFCCARTESIANPOINT((0.,50000.,0.));
#560=IFCDIRECTION((0.,0.,1.));
#561=IFCDIRECTION((0.,-1.,0.));
#562=IFCAXIS2PLACEMENT3D(#559,#560,#561);
#563=IFCLOCALPLACEMENT(#25,#562);
#564=IFCDIRECTION((0.,0.,1.));
#565=IFCDIRECTION((1.,0.,0.));
#566=IFCAXIS2PLACEMENT3D(#7,#564,#565);
#567=IFCDIRECTION((0.,0.,1.));
#568=IFCEXTRUDEDAREASOLID(#34,#566,#567,11870.);
#569=IFCSHAPEREPRESENTATION(#13,'Body','SweptSolid',(#568));
#570=IFCCARTESIANPOINT((0.,0.,0.));
#571=IFCCARTESIANPOINT((0.,0.,11870.));
#572=IFCPOLYLINE((#570,#571));
#573=IFCSHAPEREPRESENTATION(#14,'Axis','Curve3D',(#572));
#574=IFCPRODUCTDEFINITIONSHAPE($,$,(#573,#569));
#575=IFCCOLUMN('0blops09X8tQQiAXtcVVVQ',#19,'CM-1','IR VAR 3PL 400x400-900',$,#563,#574,$,$);
#576=IFCRELASSOCIATESMATERIAL('24mR5DiM59pOzO7xLC8vZc',#19,$,$,(#575),#30);
#577=IFCPROPERTYSINGLEVALUE('Familia',$,IFCLABEL('Columnas seccion variable'),$);
#578=IFCPROPERTYSINGLEVALUE('Perfil',$,IFCLABEL('IR VAR 3PL 400x400-900'),$);
#579=IFCPROPERTYSINGLEVALUE('Marca',$,IFCLABEL('CM-1'),$);
#580=IFCPROPERTYSINGLEVALUE('HH_ton_taller',$,IFCREAL(36.),$);
#581=IFCPROPERTYSINGLEVALUE('Longitud_m',$,IFCREAL(11.869999999999999),$);
#582=IFCPROPERTYSET('07BvsJRazA48vB2_b8eUZb',#19,'Pset_METALITEC',$,(#577,#578,#579,#580,#581));
#583=IFCRELDEFINESBYPROPERTIES('2VXq30hcX2PBmeo4b7Z2Nw',#19,$,$,(#575),#582);
#584=IFCCARTESIANPOINT((25600.,50000.,0.));
#585=IFCDIRECTION((0.,0.,1.));
#586=IFCDIRECTION((0.,-1.,0.));
#587=IFCAXIS2PLACEMENT3D(#584,#585,#586);
#588=IFCLOCALPLACEMENT(#25,#587);
#589=IFCDIRECTION((0.,0.,1.));
#590=IFCDIRECTION((1.,0.,0.));
#591=IFCAXIS2PLACEMENT3D(#7,#589,#590);
#592=IFCDIRECTION((0.,0.,1.));
#593=IFCEXTRUDEDAREASOLID(#34,#591,#592,11870.);
#594=IFCSHAPEREPRESENTATION(#13,'Body','SweptSolid',(#593));
#595=IFCCARTESIANPOINT((0.,0.,0.));
#596=IFCCARTESIANPOINT((0.,0.,11870.));
#597=IFCPOLYLINE((#595,#596));
#598=IFCSHAPEREPRESENTATION(#14,'Axis','Curve3D',(#597));
#599=IFCPRODUCTDEFINITIONSHAPE($,$,(#598,#594));
#600=IFCCOLUMN('1g3kHRVJHFmPJBVZLOCTN_',#19,'CM-2','IR VAR 3PL 400x400-900',$,#588,#599,$,$);
#601=IFCRELASSOCIATESMATERIAL('19aqPjvpTE3vxS7Ds2itqP',#19,$,$,(#600),#30);
#602=IFCPROPERTYSINGLEVALUE('Familia',$,IFCLABEL('Columnas seccion variable'),$);
#603=IFCPROPERTYSINGLEVALUE('Perfil',$,IFCLABEL('IR VAR 3PL 400x400-900'),$);
#604=IFCPROPERTYSINGLEVALUE('Marca',$,IFCLABEL('CM-2'),$);
#605=IFCPROPERTYSINGLEVALUE('HH_ton_taller',$,IFCREAL(36.),$);
#606=IFCPROPERTYSINGLEVALUE('Longitud_m',$,IFCREAL(11.869999999999999),$);
#607=IFCPROPERTYSET('3eHYEeDk512Rgx5xoydcMp',#19,'Pset_METALITEC',$,(#602,#603,#604,#605,#606));
#608=IFCRELDEFINESBYPROPERTIES('3j7nU48aX0SRZg5S10BFtg',#19,$,$,(#600),#607);
#609=IFCCARTESIANPOINT((51200.,50000.,0.));
#610=IFCDIRECTION((0.,0.,1.));
#611=IFCDIRECTION((0.,-1.,0.));
#612=IFCAXIS2PLACEMENT3D(#609,#610,#611);
#613=IFCLOCALPLACEMENT(#25,#612);
#614=IFCDIRECTION((0.,0.,1.));
#615=IFCDIRECTION((1.,0.,0.));
#616=IFCAXIS2PLACEMENT3D(#7,#614,#615);
#617=IFCDIRECTION((0.,0.,1.));
#618=IFCEXTRUDEDAREASOLID(#34,#616,#617,11870.);
#619=IFCSHAPEREPRESENTATION(#13,'Body','SweptSolid',(#618));
#620=IFCCARTESIANPOINT((0.,0.,0.));
#621=IFCCARTESIANPOINT((0.,0.,11870.));
#622=IFCPOLYLINE((#620,#621));
#623=IFCSHAPEREPRESENTATION(#14,'Axis','Curve3D',(#622));
#624=IFCPRODUCTDEFINITIONSHAPE($,$,(#623,#619));
#625=IFCCOLUMN('38e4WYVPb22ReSPUO$IfpM',#19,'CM-2','IR VAR 3PL 400x400-900',$,#613,#624,$,$);
#626=IFCRELASSOCIATESMATERIAL('2Y9IeIJfb63xOYeCrJLDfe',#19,$,$,(#625),#30);
#627=IFCPROPERTYSINGLEVALUE('Familia',$,IFCLABEL('Columnas seccion variable'),$);
#628=IFCPROPERTYSINGLEVALUE('Perfil',$,IFCLABEL('IR VAR 3PL 400x400-900'),$);
#629=IFCPROPERTYSINGLEVALUE('Marca',$,IFCLABEL('CM-2'),$);
#630=IFCPROPERTYSINGLEVALUE('HH_ton_taller',$,IFCREAL(36.),$);
#631=IFCPROPERTYSINGLEVALUE('Longitud_m',$,IFCREAL(11.869999999999999),$);
#632=IFCPROPERTYSET('2dTvBjxnvAbRIj5NRamJJL',#19,'Pset_METALITEC',$,(#627,#628,#629,#630,#631));
#633=IFCRELDEFINESBYPROPERTIES('3RIOkeFn55HfnyohvqG1w$',#19,$,$,(#625),#632);
#634=IFCCARTESIANPOINT((76800.,50000.,0.));
#635=IFCDIRECTION((0.,0.,1.));
#636=IFCDIRECTION((0.,-1.,0.));
#637=IFCAXIS2PLACEMENT3D(#634,#635,#636);
#638=IFCLOCALPLACEMENT(#25,#637);
#639=IFCDIRECTION((0.,0.,1.));
#640=IFCDIRECTION((1.,0.,0.));
#641=IFCAXIS2PLACEMENT3D(#7,#639,#640);
#642=IFCDIRECTION((0.,0.,1.));
#643=IFCEXTRUDEDAREASOLID(#34,#641,#642,11870.);
#644=IFCSHAPEREPRESENTATION(#13,'Body','SweptSolid',(#643));
#645=IFCCARTESIANPOINT((0.,0.,0.));
#646=IFCCARTESIANPOINT((0.,0.,11870.));
#647=IFCPOLYLINE((#645,#646));
#648=IFCSHAPEREPRESENTATION(#14,'Axis','Curve3D',(#647));
#649=IFCPRODUCTDEFINITIONSHAPE($,$,(#648,#644));
#650=IFCCOLUMN('1ibKJl4DnDCO3iqXycvAUU',#19,'CM-1','IR VAR 3PL 400x400-900',$,#638,#649,$,$);
#651=IFCRELASSOCIATESMATERIAL('0TjHP2lILDwQHypHKpKncP',#19,$,$,(#650),#30);
#652=IFCPROPERTYSINGLEVALUE('Familia',$,IFCLABEL('Columnas seccion variable'),$);
#653=IFCPROPERTYSINGLEVALUE('Perfil',$,IFCLABEL('IR VAR 3PL 400x400-900'),$);
#654=IFCPROPERTYSINGLEVALUE('Marca',$,IFCLABEL('CM-1'),$);
#655=IFCPROPERTYSINGLEVALUE('HH_ton_taller',$,IFCREAL(36.),$);
#656=IFCPROPERTYSINGLEVALUE('Longitud_m',$,IFCREAL(11.869999999999999),$);
#657=IFCPROPERTYSET('3VciDo$wnEHBWZeDocDzOU',#19,'Pset_METALITEC',$,(#652,#653,#654,#655,#656));
#658=IFCRELDEFINESBYPROPERTIES('3p7ZKYrC18bPUscNxumiXN',#19,$,$,(#650),#657);
#659=IFCCARTESIANPOINT((0.,60000.,0.));
#660=IFCDIRECTION((0.,0.,1.));
#661=IFCDIRECTION((0.,-1.,0.));
#662=IFCAXIS2PLACEMENT3D(#659,#660,#661);
#663=IFCLOCALPLACEMENT(#25,#662);
#664=IFCDIRECTION((0.,0.,1.));
#665=IFCDIRECTION((1.,0.,0.));
#666=IFCAXIS2PLACEMENT3D(#7,#664,#665);
#667=IFCDIRECTION((0.,0.,1.));
#668=IFCEXTRUDEDAREASOLID(#34,#666,#667,11870.);
#669=IFCSHAPEREPRESENTATION(#13,'Body','SweptSolid',(#668));
#670=IFCCARTESIANPOINT((0.,0.,0.));
#671=IFCCARTESIANPOINT((0.,0.,11870.));
#672=IFCPOLYLINE((#670,#671));
#673=IFCSHAPEREPRESENTATION(#14,'Axis','Curve3D',(#672));
#674=IFCPRODUCTDEFINITIONSHAPE($,$,(#673,#669));
#675=IFCCOLUMN('1_m1lYZkzDvwHMw2m_8hYT',#19,'CM-1','IR VAR 3PL 400x400-900',$,#663,#674,$,$);
#676=IFCRELASSOCIATESMATERIAL('0PV46xng9FggY11vhlE2Tr',#19,$,$,(#675),#30);
#677=IFCPROPERTYSINGLEVALUE('Familia',$,IFCLABEL('Columnas seccion variable'),$);
#678=IFCPROPERTYSINGLEVALUE('Perfil',$,IFCLABEL('IR VAR 3PL 400x400-900'),$);
#679=IFCPROPERTYSINGLEVALUE('Marca',$,IFCLABEL('CM-1'),$);
#680=IFCPROPERTYSINGLEVALUE('HH_ton_taller',$,IFCREAL(36.),$);
#681=IFCPROPERTYSINGLEVALUE('Longitud_m',$,IFCREAL(11.869999999999999),$);
#682=IFCPROPERTYSET('2MSD$WJmX1jvhOx8y5UkSK',#19,'Pset_METALITEC',$,(#677,#678,#679,#680,#681));
#683=IFCRELDEFINESBYPROPERTIES('3EoqUNHl90jfGDQP3jUbvn',#19,$,$,(#675),#682);
#684=IFCCARTESIANPOINT((25600.,60000.,0.));
#685=IFCDIRECTION((0.,0.,1.));
#686=IFCDIRECTION((0.,-1.,0.));
#687=IFCAXIS2PLACEMENT3D(#684,#685,#686);
#688=IFCLOCALPLACEMENT(#25,#687);
#689=IFCDIRECTION((0.,0.,1.));
#690=IFCDIRECTION((1.,0.,0.));
#691=IFCAXIS2PLACEMENT3D(#7,#689,#690);
#692=IFCDIRECTION((0.,0.,1.));
#693=IFCEXTRUDEDAREASOLID(#34,#691,#692,11870.);
#694=IFCSHAPEREPRESENTATION(#13,'Body','SweptSolid',(#693));
#695=IFCCARTESIANPOINT((0.,0.,0.));
#696=IFCCARTESIANPOINT((0.,0.,11870.));
#697=IFCPOLYLINE((#695,#696));
#698=IFCSHAPEREPRESENTATION(#14,'Axis','Curve3D',(#697));
#699=IFCPRODUCTDEFINITIONSHAPE($,$,(#698,#694));
#700=IFCCOLUMN('0Ryi43nV14Y9By5$inJ1tP',#19,'CM-2','IR VAR 3PL 400x400-900',$,#688,#699,$,$);
#701=IFCRELASSOCIATESMATERIAL('0yRFLMVcPAGf5GMa1zSVeS',#19,$,$,(#700),#30);
#702=IFCPROPERTYSINGLEVALUE('Familia',$,IFCLABEL('Columnas seccion variable'),$);
#703=IFCPROPERTYSINGLEVALUE('Perfil',$,IFCLABEL('IR VAR 3PL 400x400-900'),$);
#704=IFCPROPERTYSINGLEVALUE('Marca',$,IFCLABEL('CM-2'),$);
#705=IFCPROPERTYSINGLEVALUE('HH_ton_taller',$,IFCREAL(36.),$);
#706=IFCPROPERTYSINGLEVALUE('Longitud_m',$,IFCREAL(11.869999999999999),$);
#707=IFCPROPERTYSET('0nRVMyF1f6WBhnFEOqHg2u',#19,'Pset_METALITEC',$,(#702,#703,#704,#705,#706));
#708=IFCRELDEFINESBYPROPERTIES('0uNKEuYjfAVuIJ4pNcV6rr',#19,$,$,(#700),#707);
#709=IFCCARTESIANPOINT((51200.,60000.,0.));
#710=IFCDIRECTION((0.,0.,1.));
#711=IFCDIRECTION((0.,-1.,0.));
#712=IFCAXIS2PLACEMENT3D(#709,#710,#711);
#713=IFCLOCALPLACEMENT(#25,#712);
#714=IFCDIRECTION((0.,0.,1.));
#715=IFCDIRECTION((1.,0.,0.));
#716=IFCAXIS2PLACEMENT3D(#7,#714,#715);
#717=IFCDIRECTION((0.,0.,1.));
#718=IFCEXTRUDEDAREASOLID(#34,#716,#717,11870.);
#719=IFCSHAPEREPRESENTATION(#13,'Body','SweptSolid',(#718));
#720=IFCCARTESIANPOINT((0.,0.,0.));
#721=IFCCARTESIANPOINT((0.,0.,11870.));
#722=IFCPOLYLINE((#720,#721));
#723=IFCSHAPEREPRESENTATION(#14,'Axis','Curve3D',(#722));
#724=IFCPRODUCTDEFINITIONSHAPE($,$,(#723,#719));
#725=IFCCOLUMN('1BIuTzUX59JgFoQ9tUPunh',#19,'CM-2','IR VAR 3PL 400x400-900',$,#713,#724,$,$);
#726=IFCRELASSOCIATESMATERIAL('3n8DBMtZP9L8spIZB$3gx8',#19,$,$,(#725),#30);
#727=IFCPROPERTYSINGLEVALUE('Familia',$,IFCLABEL('Columnas seccion variable'),$);
#728=IFCPROPERTYSINGLEVALUE('Perfil',$,IFCLABEL('IR VAR 3PL 400x400-900'),$);
#729=IFCPROPERTYSINGLEVALUE('Marca',$,IFCLABEL('CM-2'),$);
#730=IFCPROPERTYSINGLEVALUE('HH_ton_taller',$,IFCREAL(36.),$);
#731=IFCPROPERTYSINGLEVALUE('Longitud_m',$,IFCREAL(11.869999999999999),$);
#732=IFCPROPERTYSET('3gtLOjOK1FvPpRdNz3V_jG',#19,'Pset_METALITEC',$,(#727,#728,#729,#730,#731));
#733=IFCRELDEFINESBYPROPERTIES('0flotgrGH2bgftSm99iBnJ',#19,$,$,(#725),#732);
#734=IFCCARTESIANPOINT((76800.,60000.,0.));
#735=IFCDIRECTION((0.,0.,1.));
#736=IFCDIRECTION((0.,-1.,0.));
#737=IFCAXIS2PLACEMENT3D(#734,#735,#736);
#738=IFCLOCALPLACEMENT(#25,#737);
#739=IFCDIRECTION((0.,0.,1.));
#740=IFCDIRECTION((1.,0.,0.));
#741=IFCAXIS2PLACEMENT3D(#7,#739,#740);
#742=IFCDIRECTION((0.,0.,1.));
#743=IFCEXTRUDEDAREASOLID(#34,#741,#742,11870.);
#744=IFCSHAPEREPRESENTATION(#13,'Body','SweptSolid',(#743));
#745=IFCCARTESIANPOINT((0.,0.,0.));
#746=IFCCARTESIANPOINT((0.,0.,11870.));
#747=IFCPOLYLINE((#745,#746));
#748=IFCSHAPEREPRESENTATION(#14,'Axis','Curve3D',(#747));
#749=IFCPRODUCTDEFINITIONSHAPE($,$,(#748,#744));
#750=IFCCOLUMN('0xpGnvLJ5Div6ajK8wkKLu',#19,'CM-1','IR VAR 3PL 400x400-900',$,#738,#749,$,$);
#751=IFCRELASSOCIATESMATERIAL('02k8uifcr30Bc63$DRAd$j',#19,$,$,(#750),#30);
#752=IFCPROPERTYSINGLEVALUE('Familia',$,IFCLABEL('Columnas seccion variable'),$);
#753=IFCPROPERTYSINGLEVALUE('Perfil',$,IFCLABEL('IR VAR 3PL 400x400-900'),$);
#754=IFCPROPERTYSINGLEVALUE('Marca',$,IFCLABEL('CM-1'),$);
#755=IFCPROPERTYSINGLEVALUE('HH_ton_taller',$,IFCREAL(36.),$);
#756=IFCPROPERTYSINGLEVALUE('Longitud_m',$,IFCREAL(11.869999999999999),$);
#757=IFCPROPERTYSET('172AgocS55hfyAK4jVzpK1',#19,'Pset_METALITEC',$,(#752,#753,#754,#755,#756));
#758=IFCRELDEFINESBYPROPERTIES('08mXH658vFYRnRnDUcy5z7',#19,$,$,(#750),#757);
#759=IFCCARTESIANPOINT((0.,70000.,0.));
#760=IFCDIRECTION((0.,0.,1.));
#761=IFCDIRECTION((0.,-1.,0.));
#762=IFCAXIS2PLACEMENT3D(#759,#760,#761);
#763=IFCLOCALPLACEMENT(#25,#762);
#764=IFCDIRECTION((0.,0.,1.));
#765=IFCDIRECTION((1.,0.,0.));
#766=IFCAXIS2PLACEMENT3D(#7,#764,#765);
#767=IFCDIRECTION((0.,0.,1.));
#768=IFCEXTRUDEDAREASOLID(#34,#766,#767,11870.);
#769=IFCSHAPEREPRESENTATION(#13,'Body','SweptSolid',(#768));
#770=IFCCARTESIANPOINT((0.,0.,0.));
#771=IFCCARTESIANPOINT((0.,0.,11870.));
#772=IFCPOLYLINE((#770,#771));
#773=IFCSHAPEREPRESENTATION(#14,'Axis','Curve3D',(#772));
#774=IFCPRODUCTDEFINITIONSHAPE($,$,(#773,#769));
#775=IFCCOLUMN('29oTAACFrBnRb9OVZpsSHt',#19,'CM-1','IR VAR 3PL 400x400-900',$,#763,#774,$,$);
#776=IFCRELASSOCIATESMATERIAL('3tW$4j4Yr1dhbQ3gaM4PY9',#19,$,$,(#775),#30);
#777=IFCPROPERTYSINGLEVALUE('Familia',$,IFCLABEL('Columnas seccion variable'),$);
#778=IFCPROPERTYSINGLEVALUE('Perfil',$,IFCLABEL('IR VAR 3PL 400x400-900'),$);
#779=IFCPROPERTYSINGLEVALUE('Marca',$,IFCLABEL('CM-1'),$);
#780=IFCPROPERTYSINGLEVALUE('HH_ton_taller',$,IFCREAL(36.),$);
#781=IFCPROPERTYSINGLEVALUE('Longitud_m',$,IFCREAL(11.869999999999999),$);
#782=IFCPROPERTYSET('0WQ3pczonB88NRSuBP49Ep',#19,'Pset_METALITEC',$,(#777,#778,#779,#780,#781));
#783=IFCRELDEFINESBYPROPERTIES('3TMHsjrKTESArtUYCouDVe',#19,$,$,(#775),#782);
#784=IFCCARTESIANPOINT((25600.,70000.,0.));
#785=IFCDIRECTION((0.,0.,1.));
#786=IFCDIRECTION((0.,-1.,0.));
#787=IFCAXIS2PLACEMENT3D(#784,#785,#786);
#788=IFCLOCALPLACEMENT(#25,#787);
#789=IFCDIRECTION((0.,0.,1.));
#790=IFCDIRECTION((1.,0.,0.));
#791=IFCAXIS2PLACEMENT3D(#7,#789,#790);
#792=IFCDIRECTION((0.,0.,1.));
#793=IFCEXTRUDEDAREASOLID(#34,#791,#792,11870.);
#794=IFCSHAPEREPRESENTATION(#13,'Body','SweptSolid',(#793));
#795=IFCCARTESIANPOINT((0.,0.,0.));
#796=IFCCARTESIANPOINT((0.,0.,11870.));
#797=IFCPOLYLINE((#795,#796));
#798=IFCSHAPEREPRESENTATION(#14,'Axis','Curve3D',(#797));
#799=IFCPRODUCTDEFINITIONSHAPE($,$,(#798,#794));
#800=IFCCOLUMN('0zMdXMfRr519AfKw84nuya',#19,'CM-2','IR VAR 3PL 400x400-900',$,#788,#799,$,$);
#801=IFCRELASSOCIATESMATERIAL('3E9a1IO_9FyfUWC7R4FN3c',#19,$,$,(#800),#30);
#802=IFCPROPERTYSINGLEVALUE('Familia',$,IFCLABEL('Columnas seccion variable'),$);
#803=IFCPROPERTYSINGLEVALUE('Perfil',$,IFCLABEL('IR VAR 3PL 400x400-900'),$);
#804=IFCPROPERTYSINGLEVALUE('Marca',$,IFCLABEL('CM-2'),$);
#805=IFCPROPERTYSINGLEVALUE('HH_ton_taller',$,IFCREAL(36.),$);
#806=IFCPROPERTYSINGLEVALUE('Longitud_m',$,IFCREAL(11.869999999999999),$);
#807=IFCPROPERTYSET('16Zk0y1rv1GBVX2Vdbqodh',#19,'Pset_METALITEC',$,(#802,#803,#804,#805,#806));
#808=IFCRELDEFINESBYPROPERTIES('0YSM7dqAvF$9lv$32ug0Tr',#19,$,$,(#800),#807);
#809=IFCCARTESIANPOINT((51200.,70000.,0.));
#810=IFCDIRECTION((0.,0.,1.));
#811=IFCDIRECTION((0.,-1.,0.));
#812=IFCAXIS2PLACEMENT3D(#809,#810,#811);
#813=IFCLOCALPLACEMENT(#25,#812);
#814=IFCDIRECTION((0.,0.,1.));
#815=IFCDIRECTION((1.,0.,0.));
#816=IFCAXIS2PLACEMENT3D(#7,#814,#815);
#817=IFCDIRECTION((0.,0.,1.));
#818=IFCEXTRUDEDAREASOLID(#34,#816,#817,11870.);
#819=IFCSHAPEREPRESENTATION(#13,'Body','SweptSolid',(#818));
#820=IFCCARTESIANPOINT((0.,0.,0.));
#821=IFCCARTESIANPOINT((0.,0.,11870.));
#822=IFCPOLYLINE((#820,#821));
#823=IFCSHAPEREPRESENTATION(#14,'Axis','Curve3D',(#822));
#824=IFCPRODUCTDEFINITIONSHAPE($,$,(#823,#819));
#825=IFCCOLUMN('3hs_5oSgvEROpzefo6XKMP',#19,'CM-2','IR VAR 3PL 400x400-900',$,#813,#824,$,$);
#826=IFCRELASSOCIATESMATERIAL('24XpsUgAv7exLdZy2oEgqM',#19,$,$,(#825),#30);
#827=IFCPROPERTYSINGLEVALUE('Familia',$,IFCLABEL('Columnas seccion variable'),$);
#828=IFCPROPERTYSINGLEVALUE('Perfil',$,IFCLABEL('IR VAR 3PL 400x400-900'),$);
#829=IFCPROPERTYSINGLEVALUE('Marca',$,IFCLABEL('CM-2'),$);
#830=IFCPROPERTYSINGLEVALUE('HH_ton_taller',$,IFCREAL(36.),$);
#831=IFCPROPERTYSINGLEVALUE('Longitud_m',$,IFCREAL(11.869999999999999),$);
#832=IFCPROPERTYSET('3lZyN1UcfAihnWd8XXHcOC',#19,'Pset_METALITEC',$,(#827,#828,#829,#830,#831));
#833=IFCRELDEFINESBYPROPERTIES('1n9J25mOn7kgoXipRof2mq',#19,$,$,(#825),#832);
#834=IFCCARTESIANPOINT((76800.,70000.,0.));
#835=IFCDIRECTION((0.,0.,1.));
#836=IFCDIRECTION((0.,-1.,0.));
#837=IFCAXIS2PLACEMENT3D(#834,#835,#836);
#838=IFCLOCALPLACEMENT(#25,#837);
#839=IFCDIRECTION((0.,0.,1.));
#840=IFCDIRECTION((1.,0.,0.));
#841=IFCAXIS2PLACEMENT3D(#7,#839,#840);
#842=IFCDIRECTION((0.,0.,1.));
#843=IFCEXTRUDEDAREASOLID(#34,#841,#842,11870.);
#844=IFCSHAPEREPRESENTATION(#13,'Body','SweptSolid',(#843));
#845=IFCCARTESIANPOINT((0.,0.,0.));
#846=IFCCARTESIANPOINT((0.,0.,11870.));
#847=IFCPOLYLINE((#845,#846));
#848=IFCSHAPEREPRESENTATION(#14,'Axis','Curve3D',(#847));
#849=IFCPRODUCTDEFINITIONSHAPE($,$,(#848,#844));
#850=IFCCOLUMN('1$tp$bskz9_xJZGHrRKGRJ',#19,'CM-1','IR VAR 3PL 400x400-900',$,#838,#849,$,$);
#851=IFCRELASSOCIATESMATERIAL('0OA2XSvTL7sgGhoA3lAEFg',#19,$,$,(#850),#30);
#852=IFCPROPERTYSINGLEVALUE('Familia',$,IFCLABEL('Columnas seccion variable'),$);
#853=IFCPROPERTYSINGLEVALUE('Perfil',$,IFCLABEL('IR VAR 3PL 400x400-900'),$);
#854=IFCPROPERTYSINGLEVALUE('Marca',$,IFCLABEL('CM-1'),$);
#855=IFCPROPERTYSINGLEVALUE('HH_ton_taller',$,IFCREAL(36.),$);
#856=IFCPROPERTYSINGLEVALUE('Longitud_m',$,IFCREAL(11.869999999999999),$);
#857=IFCPROPERTYSET('0JcUN4LMTFOeOiAZaSgvi_',#19,'Pset_METALITEC',$,(#852,#853,#854,#855,#856));
#858=IFCRELDEFINESBYPROPERTIES('2cTNllUYP9JAK7gYt$9fUt',#19,$,$,(#850),#857);
#859=IFCCARTESIANPOINT((0.,80000.,0.));
#860=IFCDIRECTION((0.,0.,1.));
#861=IFCDIRECTION((0.,-1.,0.));
#862=IFCAXIS2PLACEMENT3D(#859,#860,#861);
#863=IFCLOCALPLACEMENT(#25,#862);
#864=IFCDIRECTION((0.,0.,1.));
#865=IFCDIRECTION((1.,0.,0.));
#866=IFCAXIS2PLACEMENT3D(#7,#864,#865);
#867=IFCDIRECTION((0.,0.,1.));
#868=IFCEXTRUDEDAREASOLID(#34,#866,#867,11870.);
#869=IFCSHAPEREPRESENTATION(#13,'Body','SweptSolid',(#868));
#870=IFCCARTESIANPOINT((0.,0.,0.));
#871=IFCCARTESIANPOINT((0.,0.,11870.));
#872=IFCPOLYLINE((#870,#871));
#873=IFCSHAPEREPRESENTATION(#14,'Axis','Curve3D',(#872));
#874=IFCPRODUCTDEFINITIONSHAPE($,$,(#873,#869));
#875=IFCCOLUMN('0TRyJ1kxH6IvkCmqrQAIcM',#19,'CM-1','IR VAR 3PL 400x400-900',$,#863,#874,$,$);
#876=IFCRELASSOCIATESMATERIAL('226xW4FYfAGO4CeqGnm7kk',#19,$,$,(#875),#30);
#877=IFCPROPERTYSINGLEVALUE('Familia',$,IFCLABEL('Columnas seccion variable'),$);
#878=IFCPROPERTYSINGLEVALUE('Perfil',$,IFCLABEL('IR VAR 3PL 400x400-900'),$);
#879=IFCPROPERTYSINGLEVALUE('Marca',$,IFCLABEL('CM-1'),$);
#880=IFCPROPERTYSINGLEVALUE('HH_ton_taller',$,IFCREAL(36.),$);
#881=IFCPROPERTYSINGLEVALUE('Longitud_m',$,IFCREAL(11.869999999999999),$);
#882=IFCPROPERTYSET('1xuq_ybTnAnh8Rp2t_23Un',#19,'Pset_METALITEC',$,(#877,#878,#879,#880,#881));
#883=IFCRELDEFINESBYPROPERTIES('2cEu3$J_1E$f8z5RrOwFlW',#19,$,$,(#875),#882);
#884=IFCCARTESIANPOINT((25600.,80000.,0.));
#885=IFCDIRECTION((0.,0.,1.));
#886=IFCDIRECTION((0.,-1.,0.));
#887=IFCAXIS2PLACEMENT3D(#884,#885,#886);
#888=IFCLOCALPLACEMENT(#25,#887);
#889=IFCDIRECTION((0.,0.,1.));
#890=IFCDIRECTION((1.,0.,0.));
#891=IFCAXIS2PLACEMENT3D(#7,#889,#890);
#892=IFCDIRECTION((0.,0.,1.));
#893=IFCEXTRUDEDAREASOLID(#34,#891,#892,11870.);
#894=IFCSHAPEREPRESENTATION(#13,'Body','SweptSolid',(#893));
#895=IFCCARTESIANPOINT((0.,0.,0.));
#896=IFCCARTESIANPOINT((0.,0.,11870.));
#897=IFCPOLYLINE((#895,#896));
#898=IFCSHAPEREPRESENTATION(#14,'Axis','Curve3D',(#897));
#899=IFCPRODUCTDEFINITIONSHAPE($,$,(#898,#894));
#900=IFCCOLUMN('2PS5uTX_vB8uxlw8kNcdKQ',#19,'CM-2','IR VAR 3PL 400x400-900',$,#888,#899,$,$);
#901=IFCRELASSOCIATESMATERIAL('0QYVwfi9P93BZyGz0$$ziH',#19,$,$,(#900),#30);
#902=IFCPROPERTYSINGLEVALUE('Familia',$,IFCLABEL('Columnas seccion variable'),$);
#903=IFCPROPERTYSINGLEVALUE('Perfil',$,IFCLABEL('IR VAR 3PL 400x400-900'),$);
#904=IFCPROPERTYSINGLEVALUE('Marca',$,IFCLABEL('CM-2'),$);
#905=IFCPROPERTYSINGLEVALUE('HH_ton_taller',$,IFCREAL(36.),$);
#906=IFCPROPERTYSINGLEVALUE('Longitud_m',$,IFCREAL(11.869999999999999),$);
#907=IFCPROPERTYSET('3kYf0YsfTEFPNS0pefgv0X',#19,'Pset_METALITEC',$,(#902,#903,#904,#905,#906));
#908=IFCRELDEFINESBYPROPERTIES('17RMy4V8bADAT6g9tKU9G$',#19,$,$,(#900),#907);
#909=IFCCARTESIANPOINT((51200.,80000.,0.));
#910=IFCDIRECTION((0.,0.,1.));
#911=IFCDIRECTION((0.,-1.,0.));
#912=IFCAXIS2PLACEMENT3D(#909,#910,#911);
#913=IFCLOCALPLACEMENT(#25,#912);
#914=IFCDIRECTION((0.,0.,1.));
#915=IFCDIRECTION((1.,0.,0.));
#916=IFCAXIS2PLACEMENT3D(#7,#914,#915);
#917=IFCDIRECTION((0.,0.,1.));
#918=IFCEXTRUDEDAREASOLID(#34,#916,#917,11870.);
#919=IFCSHAPEREPRESENTATION(#13,'Body','SweptSolid',(#918));
#920=IFCCARTESIANPOINT((0.,0.,0.));
#921=IFCCARTESIANPOINT((0.,0.,11870.));
#922=IFCPOLYLINE((#920,#921));
#923=IFCSHAPEREPRESENTATION(#14,'Axis','Curve3D',(#922));
#924=IFCPRODUCTDEFINITIONSHAPE($,$,(#923,#919));
#925=IFCCOLUMN('0gRiXp94H7Ix3ndnxljFHq',#19,'CM-2','IR VAR 3PL 400x400-900',$,#913,#924,$,$);
#926=IFCRELASSOCIATESMATERIAL('0ko0gDEfTDtA$cW8c0EDUr',#19,$,$,(#925),#30);
#927=IFCPROPERTYSINGLEVALUE('Familia',$,IFCLABEL('Columnas seccion variable'),$);
#928=IFCPROPERTYSINGLEVALUE('Perfil',$,IFCLABEL('IR VAR 3PL 400x400-900'),$);
#929=IFCPROPERTYSINGLEVALUE('Marca',$,IFCLABEL('CM-2'),$);
#930=IFCPROPERTYSINGLEVALUE('HH_ton_taller',$,IFCREAL(36.),$);
#931=IFCPROPERTYSINGLEVALUE('Longitud_m',$,IFCREAL(11.869999999999999),$);
#932=IFCPROPERTYSET('0WeCeV89b1lvIZHdUtSqoF',#19,'Pset_METALITEC',$,(#927,#928,#929,#930,#931));
#933=IFCRELDEFINESBYPROPERTIES('2WzsifcWP4ixiJ9Q8qiMYj',#19,$,$,(#925),#932);
#934=IFCCARTESIANPOINT((76800.,80000.,0.));
#935=IFCDIRECTION((0.,0.,1.));
#936=IFCDIRECTION((0.,-1.,0.));
#937=IFCAXIS2PLACEMENT3D(#934,#935,#936);
#938=IFCLOCALPLACEMENT(#25,#937);
#939=IFCDIRECTION((0.,0.,1.));
#940=IFCDIRECTION((1.,0.,0.));
#941=IFCAXIS2PLACEMENT3D(#7,#939,#940);
#942=IFCDIRECTION((0.,0.,1.));
#943=IFCEXTRUDEDAREASOLID(#34,#941,#942,11870.);
#944=IFCSHAPEREPRESENTATION(#13,'Body','SweptSolid',(#943));
#945=IFCCARTESIANPOINT((0.,0.,0.));
#946=IFCCARTESIANPOINT((0.,0.,11870.));
#947=IFCPOLYLINE((#945,#946));
#948=IFCSHAPEREPRESENTATION(#14,'Axis','Curve3D',(#947));
#949=IFCPRODUCTDEFINITIONSHAPE($,$,(#948,#944));
#950=IFCCOLUMN('0qEN1rNxD8SOwr8nMR3vb_',#19,'CM-1','IR VAR 3PL 400x400-900',$,#938,#949,$,$);
#951=IFCRELASSOCIATESMATERIAL('1ZWDdJdU9E48p0aksQGk4p',#19,$,$,(#950),#30);
#952=IFCPROPERTYSINGLEVALUE('Familia',$,IFCLABEL('Columnas seccion variable'),$);
#953=IFCPROPERTYSINGLEVALUE('Perfil',$,IFCLABEL('IR VAR 3PL 400x400-900'),$);
#954=IFCPROPERTYSINGLEVALUE('Marca',$,IFCLABEL('CM-1'),$);
#955=IFCPROPERTYSINGLEVALUE('HH_ton_taller',$,IFCREAL(36.),$);
#956=IFCPROPERTYSINGLEVALUE('Longitud_m',$,IFCREAL(11.869999999999999),$);
#957=IFCPROPERTYSET('1$LgiPInv0xwg0Cg9pVhbZ',#19,'Pset_METALITEC',$,(#952,#953,#954,#955,#956));
#958=IFCRELDEFINESBYPROPERTIES('10jbbapdP11vj63h4TW8YK',#19,$,$,(#950),#957);
#959=IFCCARTESIANPOINT((0.,90000.,0.));
#960=IFCDIRECTION((0.,0.,1.));
#961=IFCDIRECTION((0.,-1.,0.));
#962=IFCAXIS2PLACEMENT3D(#959,#960,#961);
#963=IFCLOCALPLACEMENT(#25,#962);
#964=IFCDIRECTION((0.,0.,1.));
#965=IFCDIRECTION((1.,0.,0.));
#966=IFCAXIS2PLACEMENT3D(#7,#964,#965);
#967=IFCDIRECTION((0.,0.,1.));
#968=IFCEXTRUDEDAREASOLID(#34,#966,#967,11870.);
#969=IFCSHAPEREPRESENTATION(#13,'Body','SweptSolid',(#968));
#970=IFCCARTESIANPOINT((0.,0.,0.));
#971=IFCCARTESIANPOINT((0.,0.,11870.));
#972=IFCPOLYLINE((#970,#971));
#973=IFCSHAPEREPRESENTATION(#14,'Axis','Curve3D',(#972));
#974=IFCPRODUCTDEFINITIONSHAPE($,$,(#973,#969));
#975=IFCCOLUMN('0uoK0pLDH6PfFzLTE3xN$D',#19,'CM-1','IR VAR 3PL 400x400-900',$,#963,#974,$,$);
#976=IFCRELASSOCIATESMATERIAL('1ERZmc8UTDdfbLly4SgeOr',#19,$,$,(#975),#30);
#977=IFCPROPERTYSINGLEVALUE('Familia',$,IFCLABEL('Columnas seccion variable'),$);
#978=IFCPROPERTYSINGLEVALUE('Perfil',$,IFCLABEL('IR VAR 3PL 400x400-900'),$);
#979=IFCPROPERTYSINGLEVALUE('Marca',$,IFCLABEL('CM-1'),$);
#980=IFCPROPERTYSINGLEVALUE('HH_ton_taller',$,IFCREAL(36.),$);
#981=IFCPROPERTYSINGLEVALUE('Longitud_m',$,IFCREAL(11.869999999999999),$);
#982=IFCPROPERTYSET('2KjMyBFLj1Ph811bOt2Q4m',#19,'Pset_METALITEC',$,(#977,#978,#979,#980,#981));
#983=IFCRELDEFINESBYPROPERTIES('2yeSxJBPX2bPTL_Bj6cbDy',#19,$,$,(#975),#982);
#984=IFCCARTESIANPOINT((25600.,90000.,0.));
#985=IFCDIRECTION((0.,0.,1.));
#986=IFCDIRECTION((0.,-1.,0.));
#987=IFCAXIS2PLACEMENT3D(#984,#985,#986);
#988=IFCLOCALPLACEMENT(#25,#987);
#989=IFCDIRECTION((0.,0.,1.));
#990=IFCDIRECTION((1.,0.,0.));
#991=IFCAXIS2PLACEMENT3D(#7,#989,#990);
#992=IFCDIRECTION((0.,0.,1.));
#993=IFCEXTRUDEDAREASOLID(#34,#991,#992,11870.);
#994=IFCSHAPEREPRESENTATION(#13,'Body','SweptSolid',(#993));
#995=IFCCARTESIANPOINT((0.,0.,0.));
#996=IFCCARTESIANPOINT((0.,0.,11870.));
#997=IFCPOLYLINE((#995,#996));
#998=IFCSHAPEREPRESENTATION(#14,'Axis','Curve3D',(#997));
#999=IFCPRODUCTDEFINITIONSHAPE($,$,(#998,#994));
#1000=IFCCOLUMN('1LHvynxsrFoBtAlzojb23Y',#19,'CM-2','IR VAR 3PL 400x400-900',$,#988,#999,$,$);
#1001=IFCRELASSOCIATESMATERIAL('1Mt1fyH3f15O7JODsA_OAI',#19,$,$,(#1000),#30);
#1002=IFCPROPERTYSINGLEVALUE('Familia',$,IFCLABEL('Columnas seccion variable'),$);
#1003=IFCPROPERTYSINGLEVALUE('Perfil',$,IFCLABEL('IR VAR 3PL 400x400-900'),$);
#1004=IFCPROPERTYSINGLEVALUE('Marca',$,IFCLABEL('CM-2'),$);
#1005=IFCPROPERTYSINGLEVALUE('HH_ton_taller',$,IFCREAL(36.),$);
#1006=IFCPROPERTYSINGLEVALUE('Longitud_m',$,IFCREAL(11.869999999999999),$);
#1007=IFCPROPERTYSET('2d6ESXZE17Pvopx76FPqY1',#19,'Pset_METALITEC',$,(#1002,#1003,#1004,#1005,#1006));
#1008=IFCRELDEFINESBYPROPERTIES('08cYp7CojC_vWVeyUTDh3G',#19,$,$,(#1000),#1007);
#1009=IFCCARTESIANPOINT((51200.,90000.,0.));
#1010=IFCDIRECTION((0.,0.,1.));
#1011=IFCDIRECTION((0.,-1.,0.));
#1012=IFCAXIS2PLACEMENT3D(#1009,#1010,#1011);
#1013=IFCLOCALPLACEMENT(#25,#1012);
#1014=IFCDIRECTION((0.,0.,1.));
#1015=IFCDIRECTION((1.,0.,0.));
#1016=IFCAXIS2PLACEMENT3D(#7,#1014,#1015);
#1017=IFCDIRECTION((0.,0.,1.));
#1018=IFCEXTRUDEDAREASOLID(#34,#1016,#1017,11870.);
#1019=IFCSHAPEREPRESENTATION(#13,'Body','SweptSolid',(#1018));
#1020=IFCCARTESIANPOINT((0.,0.,0.));
#1021=IFCCARTESIANPOINT((0.,0.,11870.));
#1022=IFCPOLYLINE((#1020,#1021));
#1023=IFCSHAPEREPRESENTATION(#14,'Axis','Curve3D',(#1022));
#1024=IFCPRODUCTDEFINITIONSHAPE($,$,(#1023,#1019));
#1025=IFCCOLUMN('0yK$VJS45E6RrWul5s8769',#19,'CM-2','IR VAR 3PL 400x400-900',$,#1013,#1024,$,$);
#1026=IFCRELASSOCIATESMATERIAL('3dv0xzOej5SRRiIbqinRVS',#19,$,$,(#1025),#30);
#1027=IFCPROPERTYSINGLEVALUE('Familia',$,IFCLABEL('Columnas seccion variable'),$);
#1028=IFCPROPERTYSINGLEVALUE('Perfil',$,IFCLABEL('IR VAR 3PL 400x400-900'),$);
#1029=IFCPROPERTYSINGLEVALUE('Marca',$,IFCLABEL('CM-2'),$);
#1030=IFCPROPERTYSINGLEVALUE('HH_ton_taller',$,IFCREAL(36.),$);
#1031=IFCPROPERTYSINGLEVALUE('Longitud_m',$,IFCREAL(11.869999999999999),$);
#1032=IFCPROPERTYSET('01b7aMRw12NALhXDlmfM6J',#19,'Pset_METALITEC',$,(#1027,#1028,#1029,#1030,#1031));
#1033=IFCRELDEFINESBYPROPERTIES('39kV7nzyX4CeCtHjmYdMvT',#19,$,$,(#1025),#1032);
#1034=IFCCARTESIANPOINT((76800.,90000.,0.));
#1035=IFCDIRECTION((0.,0.,1.));
#1036=IFCDIRECTION((0.,-1.,0.));
#1037=IFCAXIS2PLACEMENT3D(#1034,#1035,#1036);
#1038=IFCLOCALPLACEMENT(#25,#1037);
#1039=IFCDIRECTION((0.,0.,1.));
#1040=IFCDIRECTION((1.,0.,0.));
#1041=IFCAXIS2PLACEMENT3D(#7,#1039,#1040);
#1042=IFCDIRECTION((0.,0.,1.));
#1043=IFCEXTRUDEDAREASOLID(#34,#1041,#1042,11870.);
#1044=IFCSHAPEREPRESENTATION(#13,'Body','SweptSolid',(#1043));
#1045=IFCCARTESIANPOINT((0.,0.,0.));
#1046=IFCCARTESIANPOINT((0.,0.,11870.));
#1047=IFCPOLYLINE((#1045,#1046));
#1048=IFCSHAPEREPRESENTATION(#14,'Axis','Curve3D',(#1047));
#1049=IFCPRODUCTDEFINITIONSHAPE($,$,(#1048,#1044));
#1050=IFCCOLUMN('1aO8whezz5D9GCh88BUsCE',#19,'CM-1','IR VAR 3PL 400x400-900',$,#1038,#1049,$,$);
#1051=IFCRELASSOCIATESMATERIAL('0S3bNR2$L8Ief4eJwbaELY',#19,$,$,(#1050),#30);
#1052=IFCPROPERTYSINGLEVALUE('Familia',$,IFCLABEL('Columnas seccion variable'),$);
#1053=IFCPROPERTYSINGLEVALUE('Perfil',$,IFCLABEL('IR VAR 3PL 400x400-900'),$);
#1054=IFCPROPERTYSINGLEVALUE('Marca',$,IFCLABEL('CM-1'),$);
#1055=IFCPROPERTYSINGLEVALUE('HH_ton_taller',$,IFCREAL(36.),$);
#1056=IFCPROPERTYSINGLEVALUE('Longitud_m',$,IFCREAL(11.869999999999999),$);
#1057=IFCPROPERTYSET('2StkIrjIvEM8693JWPmMyn',#19,'Pset_METALITEC',$,(#1052,#1053,#1054,#1055,#1056));
#1058=IFCRELDEFINESBYPROPERTIES('0LkQKAdl5BxhzcoTVeYwO8',#19,$,$,(#1050),#1057);
#1059=IFCCARTESIANPOINT((0.,100000.,0.));
#1060=IFCDIRECTION((0.,0.,1.));
#1061=IFCDIRECTION((0.,-1.,0.));
#1062=IFCAXIS2PLACEMENT3D(#1059,#1060,#1061);
#1063=IFCLOCALPLACEMENT(#25,#1062);
#1064=IFCDIRECTION((0.,0.,1.));
#1065=IFCDIRECTION((1.,0.,0.));
#1066=IFCAXIS2PLACEMENT3D(#7,#1064,#1065);
#1067=IFCDIRECTION((0.,0.,1.));
#1068=IFCEXTRUDEDAREASOLID(#34,#1066,#1067,11870.);
#1069=IFCSHAPEREPRESENTATION(#13,'Body','SweptSolid',(#1068));
#1070=IFCCARTESIANPOINT((0.,0.,0.));
#1071=IFCCARTESIANPOINT((0.,0.,11870.));
#1072=IFCPOLYLINE((#1070,#1071));
#1073=IFCSHAPEREPRESENTATION(#14,'Axis','Curve3D',(#1072));
#1074=IFCPRODUCTDEFINITIONSHAPE($,$,(#1073,#1069));
#1075=IFCCOLUMN('3ueh2AGR96pBagbfjgqvXy',#19,'CM-1','IR VAR 3PL 400x400-900',$,#1063,#1074,$,$);
#1076=IFCRELASSOCIATESMATERIAL('3PX_$IPqT7uek_Wu3BC58$',#19,$,$,(#1075),#30);
#1077=IFCPROPERTYSINGLEVALUE('Familia',$,IFCLABEL('Columnas seccion variable'),$);
#1078=IFCPROPERTYSINGLEVALUE('Perfil',$,IFCLABEL('IR VAR 3PL 400x400-900'),$);
#1079=IFCPROPERTYSINGLEVALUE('Marca',$,IFCLABEL('CM-1'),$);
#1080=IFCPROPERTYSINGLEVALUE('HH_ton_taller',$,IFCREAL(36.),$);
#1081=IFCPROPERTYSINGLEVALUE('Longitud_m',$,IFCREAL(11.869999999999999),$);
#1082=IFCPROPERTYSET('2WXpuR01v68RkK4cUgG5$R',#19,'Pset_METALITEC',$,(#1077,#1078,#1079,#1080,#1081));
#1083=IFCRELDEFINESBYPROPERTIES('3OLA33L3XEgwjLyaqgbpAd',#19,$,$,(#1075),#1082);
#1084=IFCCARTESIANPOINT((25600.,100000.,0.));
#1085=IFCDIRECTION((0.,0.,1.));
#1086=IFCDIRECTION((0.,-1.,0.));
#1087=IFCAXIS2PLACEMENT3D(#1084,#1085,#1086);
#1088=IFCLOCALPLACEMENT(#25,#1087);
#1089=IFCDIRECTION((0.,0.,1.));
#1090=IFCDIRECTION((1.,0.,0.));
#1091=IFCAXIS2PLACEMENT3D(#7,#1089,#1090);
#1092=IFCDIRECTION((0.,0.,1.));
#1093=IFCEXTRUDEDAREASOLID(#34,#1091,#1092,11870.);
#1094=IFCSHAPEREPRESENTATION(#13,'Body','SweptSolid',(#1093));
#1095=IFCCARTESIANPOINT((0.,0.,0.));
#1096=IFCCARTESIANPOINT((0.,0.,11870.));
#1097=IFCPOLYLINE((#1095,#1096));
#1098=IFCSHAPEREPRESENTATION(#14,'Axis','Curve3D',(#1097));
#1099=IFCPRODUCTDEFINITIONSHAPE($,$,(#1098,#1094));
#1100=IFCCOLUMN('2IMJgsFLPAGPFkQAsU3ljC',#19,'CM-2','IR VAR 3PL 400x400-900',$,#1088,#1099,$,$);
#1101=IFCRELASSOCIATESMATERIAL('0ejOdulIH3cvtBnjrgqyih',#19,$,$,(#1100),#30);
#1102=IFCPROPERTYSINGLEVALUE('Familia',$,IFCLABEL('Columnas seccion variable'),$);
#1103=IFCPROPERTYSINGLEVALUE('Perfil',$,IFCLABEL('IR VAR 3PL 400x400-900'),$);
#1104=IFCPROPERTYSINGLEVALUE('Marca',$,IFCLABEL('CM-2'),$);
#1105=IFCPROPERTYSINGLEVALUE('HH_ton_taller',$,IFCREAL(36.),$);
#1106=IFCPROPERTYSINGLEVALUE('Longitud_m',$,IFCREAL(11.869999999999999),$);
#1107=IFCPROPERTYSET('2Ah5_t6Wn5OuZy7LIfErfX',#19,'Pset_METALITEC',$,(#1102,#1103,#1104,#1105,#1106));
#1108=IFCRELDEFINESBYPROPERTIES('2gLBVUkW13xOpwbrKUo4QN',#19,$,$,(#1100),#1107);
#1109=IFCCARTESIANPOINT((51200.,100000.,0.));
#1110=IFCDIRECTION((0.,0.,1.));
#1111=IFCDIRECTION((0.,-1.,0.));
#1112=IFCAXIS2PLACEMENT3D(#1109,#1110,#1111);
#1113=IFCLOCALPLACEMENT(#25,#1112);
#1114=IFCDIRECTION((0.,0.,1.));
#1115=IFCDIRECTION((1.,0.,0.));
#1116=IFCAXIS2PLACEMENT3D(#7,#1114,#1115);
#1117=IFCDIRECTION((0.,0.,1.));
#1118=IFCEXTRUDEDAREASOLID(#34,#1116,#1117,11870.);
#1119=IFCSHAPEREPRESENTATION(#13,'Body','SweptSolid',(#1118));
#1120=IFCCARTESIANPOINT((0.,0.,0.));
#1121=IFCCARTESIANPOINT((0.,0.,11870.));
#1122=IFCPOLYLINE((#1120,#1121));
#1123=IFCSHAPEREPRESENTATION(#14,'Axis','Curve3D',(#1122));
#1124=IFCPRODUCTDEFINITIONSHAPE($,$,(#1123,#1119));
#1125=IFCCOLUMN('3NuES8O9TB48gXy_dM4L37',#19,'CM-2','IR VAR 3PL 400x400-900',$,#1113,#1124,$,$);
#1126=IFCRELASSOCIATESMATERIAL('0dm4$3Jqz8Oemd0CgUj8DN',#19,$,$,(#1125),#30);
#1127=IFCPROPERTYSINGLEVALUE('Familia',$,IFCLABEL('Columnas seccion variable'),$);
#1128=IFCPROPERTYSINGLEVALUE('Perfil',$,IFCLABEL('IR VAR 3PL 400x400-900'),$);
#1129=IFCPROPERTYSINGLEVALUE('Marca',$,IFCLABEL('CM-2'),$);
#1130=IFCPROPERTYSINGLEVALUE('HH_ton_taller',$,IFCREAL(36.),$);
#1131=IFCPROPERTYSINGLEVALUE('Longitud_m',$,IFCREAL(11.869999999999999),$);
#1132=IFCPROPERTYSET('3TvwqQk6XFlvKQJdsK97H$',#19,'Pset_METALITEC',$,(#1127,#1128,#1129,#1130,#1131));
#1133=IFCRELDEFINESBYPROPERTIES('1eEABdlDX4S9pbw7O2Zw2q',#19,$,$,(#1125),#1132);
#1134=IFCCARTESIANPOINT((76800.,100000.,0.));
#1135=IFCDIRECTION((0.,0.,1.));
#1136=IFCDIRECTION((0.,-1.,0.));
#1137=IFCAXIS2PLACEMENT3D(#1134,#1135,#1136);
#1138=IFCLOCALPLACEMENT(#25,#1137);
#1139=IFCDIRECTION((0.,0.,1.));
#1140=IFCDIRECTION((1.,0.,0.));
#1141=IFCAXIS2PLACEMENT3D(#7,#1139,#1140);
#1142=IFCDIRECTION((0.,0.,1.));
#1143=IFCEXTRUDEDAREASOLID(#34,#1141,#1142,11870.);
#1144=IFCSHAPEREPRESENTATION(#13,'Body','SweptSolid',(#1143));
#1145=IFCCARTESIANPOINT((0.,0.,0.));
#1146=IFCCARTESIANPOINT((0.,0.,11870.));
#1147=IFCPOLYLINE((#1145,#1146));
#1148=IFCSHAPEREPRESENTATION(#14,'Axis','Curve3D',(#1147));
#1149=IFCPRODUCTDEFINITIONSHAPE($,$,(#1148,#1144));
#1150=IFCCOLUMN('1$M7bsF3b9ufGyeOWnDg4d',#19,'CM-1','IR VAR 3PL 400x400-900',$,#1138,#1149,$,$);
#1151=IFCRELASSOCIATESMATERIAL('0oViS11WDCtvkpmqr4ck6S',#19,$,$,(#1150),#30);
#1152=IFCPROPERTYSINGLEVALUE('Familia',$,IFCLABEL('Columnas seccion variable'),$);
#1153=IFCPROPERTYSINGLEVALUE('Perfil',$,IFCLABEL('IR VAR 3PL 400x400-900'),$);
#1154=IFCPROPERTYSINGLEVALUE('Marca',$,IFCLABEL('CM-1'),$);
#1155=IFCPROPERTYSINGLEVALUE('HH_ton_taller',$,IFCREAL(36.),$);
#1156=IFCPROPERTYSINGLEVALUE('Longitud_m',$,IFCREAL(11.869999999999999),$);
#1157=IFCPROPERTYSET('23_q4jMfb7sPjWegLremQJ',#19,'Pset_METALITEC',$,(#1152,#1153,#1154,#1155,#1156));
#1158=IFCRELDEFINESBYPROPERTIES('0WQ9awyUjAofvl99Oc7XN1',#19,$,$,(#1150),#1157);
#1159=IFCCARTESIANPOINT((0.,110000.,0.));
#1160=IFCDIRECTION((0.,0.,1.));
#1161=IFCDIRECTION((0.,-1.,0.));
#1162=IFCAXIS2PLACEMENT3D(#1159,#1160,#1161);
#1163=IFCLOCALPLACEMENT(#25,#1162);
#1164=IFCDIRECTION((0.,0.,1.));
#1165=IFCDIRECTION((1.,0.,0.));
#1166=IFCAXIS2PLACEMENT3D(#7,#1164,#1165);
#1167=IFCDIRECTION((0.,0.,1.));
#1168=IFCEXTRUDEDAREASOLID(#34,#1166,#1167,11870.);
#1169=IFCSHAPEREPRESENTATION(#13,'Body','SweptSolid',(#1168));
#1170=IFCCARTESIANPOINT((0.,0.,0.));
#1171=IFCCARTESIANPOINT((0.,0.,11870.));
#1172=IFCPOLYLINE((#1170,#1171));
#1173=IFCSHAPEREPRESENTATION(#14,'Axis','Curve3D',(#1172));
#1174=IFCPRODUCTDEFINITIONSHAPE($,$,(#1173,#1169));
#1175=IFCCOLUMN('0_sHq2$KPAUhke9J$3pXaK',#19,'CM-1','IR VAR 3PL 400x400-900',$,#1163,#1174,$,$);
#1176=IFCRELASSOCIATESMATERIAL('315E0skKb0L9IZmCPyTNBb',#19,$,$,(#1175),#30);
#1177=IFCPROPERTYSINGLEVALUE('Familia',$,IFCLABEL('Columnas seccion variable'),$);
#1178=IFCPROPERTYSINGLEVALUE('Perfil',$,IFCLABEL('IR VAR 3PL 400x400-900'),$);
#1179=IFCPROPERTYSINGLEVALUE('Marca',$,IFCLABEL('CM-1'),$);
#1180=IFCPROPERTYSINGLEVALUE('HH_ton_taller',$,IFCREAL(36.),$);
#1181=IFCPROPERTYSINGLEVALUE('Longitud_m',$,IFCREAL(11.869999999999999),$);
#1182=IFCPROPERTYSET('0DCcD0Xbf2URtw_TPZ24Bt',#19,'Pset_METALITEC',$,(#1177,#1178,#1179,#1180,#1181));
#1183=IFCRELDEFINESBYPROPERTIES('1WGuJc$CPAtP8XSG4ItgAE',#19,$,$,(#1175),#1182);
#1184=IFCCARTESIANPOINT((25600.,110000.,0.));
#1185=IFCDIRECTION((0.,0.,1.));
#1186=IFCDIRECTION((0.,-1.,0.));
#1187=IFCAXIS2PLACEMENT3D(#1184,#1185,#1186);
#1188=IFCLOCALPLACEMENT(#25,#1187);
#1189=IFCDIRECTION((0.,0.,1.));
#1190=IFCDIRECTION((1.,0.,0.));
#1191=IFCAXIS2PLACEMENT3D(#7,#1189,#1190);
#1192=IFCDIRECTION((0.,0.,1.));
#1193=IFCEXTRUDEDAREASOLID(#34,#1191,#1192,11870.);
#1194=IFCSHAPEREPRESENTATION(#13,'Body','SweptSolid',(#1193));
#1195=IFCCARTESIANPOINT((0.,0.,0.));
#1196=IFCCARTESIANPOINT((0.,0.,11870.));
#1197=IFCPOLYLINE((#1195,#1196));
#1198=IFCSHAPEREPRESENTATION(#14,'Axis','Curve3D',(#1197));
#1199=IFCPRODUCTDEFINITIONSHAPE($,$,(#1198,#1194));
#1200=IFCCOLUMN('0FM5FM8yLENxtVtJM_ozsz',#19,'CM-2','IR VAR 3PL 400x400-900',$,#1188,#1199,$,$);
#1201=IFCRELASSOCIATESMATERIAL('2FhgoIL8b36fDB4glUYkXN',#19,$,$,(#1200),#30);
#1202=IFCPROPERTYSINGLEVALUE('Familia',$,IFCLABEL('Columnas seccion variable'),$);
#1203=IFCPROPERTYSINGLEVALUE('Perfil',$,IFCLABEL('IR VAR 3PL 400x400-900'),$);
#1204=IFCPROPERTYSINGLEVALUE('Marca',$,IFCLABEL('CM-2'),$);
#1205=IFCPROPERTYSINGLEVALUE('HH_ton_taller',$,IFCREAL(36.),$);
#1206=IFCPROPERTYSINGLEVALUE('Longitud_m',$,IFCREAL(11.869999999999999),$);
#1207=IFCPROPERTYSET('3ftBj5CiD7CBtZyIX5nr3r',#19,'Pset_METALITEC',$,(#1202,#1203,#1204,#1205,#1206));
#1208=IFCRELDEFINESBYPROPERTIES('2fh6f$VY1DtgKhBOIceQ_r',#19,$,$,(#1200),#1207);
#1209=IFCCARTESIANPOINT((51200.,110000.,0.));
#1210=IFCDIRECTION((0.,0.,1.));
#1211=IFCDIRECTION((0.,-1.,0.));
#1212=IFCAXIS2PLACEMENT3D(#1209,#1210,#1211);
#1213=IFCLOCALPLACEMENT(#25,#1212);
#1214=IFCDIRECTION((0.,0.,1.));
#1215=IFCDIRECTION((1.,0.,0.));
#1216=IFCAXIS2PLACEMENT3D(#7,#1214,#1215);
#1217=IFCDIRECTION((0.,0.,1.));
#1218=IFCEXTRUDEDAREASOLID(#34,#1216,#1217,11870.);
#1219=IFCSHAPEREPRESENTATION(#13,'Body','SweptSolid',(#1218));
#1220=IFCCARTESIANPOINT((0.,0.,0.));
#1221=IFCCARTESIANPOINT((0.,0.,11870.));
#1222=IFCPOLYLINE((#1220,#1221));
#1223=IFCSHAPEREPRESENTATION(#14,'Axis','Curve3D',(#1222));
#1224=IFCPRODUCTDEFINITIONSHAPE($,$,(#1223,#1219));
#1225=IFCCOLUMN('37cJOOyA562vJhdB_Y08JV',#19,'CM-2','IR VAR 3PL 400x400-900',$,#1213,#1224,$,$);
#1226=IFCRELASSOCIATESMATERIAL('1BBK0OlFzB9O9R4iaW0drZ',#19,$,$,(#1225),#30);
#1227=IFCPROPERTYSINGLEVALUE('Familia',$,IFCLABEL('Columnas seccion variable'),$);
#1228=IFCPROPERTYSINGLEVALUE('Perfil',$,IFCLABEL('IR VAR 3PL 400x400-900'),$);
#1229=IFCPROPERTYSINGLEVALUE('Marca',$,IFCLABEL('CM-2'),$);
#1230=IFCPROPERTYSINGLEVALUE('HH_ton_taller',$,IFCREAL(36.),$);
#1231=IFCPROPERTYSINGLEVALUE('Longitud_m',$,IFCREAL(11.869999999999999),$);
#1232=IFCPROPERTYSET('0wtAMxyNnAsAPzfrv0NPwX',#19,'Pset_METALITEC',$,(#1227,#1228,#1229,#1230,#1231));
#1233=IFCRELDEFINESBYPROPERTIES('1VkggvrnPFUudQyOtkAYmg',#19,$,$,(#1225),#1232);
#1234=IFCCARTESIANPOINT((76800.,110000.,0.));
#1235=IFCDIRECTION((0.,0.,1.));
#1236=IFCDIRECTION((0.,-1.,0.));
#1237=IFCAXIS2PLACEMENT3D(#1234,#1235,#1236);
#1238=IFCLOCALPLACEMENT(#25,#1237);
#1239=IFCDIRECTION((0.,0.,1.));
#1240=IFCDIRECTION((1.,0.,0.));
#1241=IFCAXIS2PLACEMENT3D(#7,#1239,#1240);
#1242=IFCDIRECTION((0.,0.,1.));
#1243=IFCEXTRUDEDAREASOLID(#34,#1241,#1242,11870.);
#1244=IFCSHAPEREPRESENTATION(#13,'Body','SweptSolid',(#1243));
#1245=IFCCARTESIANPOINT((0.,0.,0.));
#1246=IFCCARTESIANPOINT((0.,0.,11870.));
#1247=IFCPOLYLINE((#1245,#1246));
#1248=IFCSHAPEREPRESENTATION(#14,'Axis','Curve3D',(#1247));
#1249=IFCPRODUCTDEFINITIONSHAPE($,$,(#1248,#1244));
#1250=IFCCOLUMN('2V1qB9vSD1xv2lqD$ULcsY',#19,'CM-1','IR VAR 3PL 400x400-900',$,#1238,#1249,$,$);
#1251=IFCRELASSOCIATESMATERIAL('2mFNkioeXAbQpgvvAaZ_Wa',#19,$,$,(#1250),#30);
#1252=IFCPROPERTYSINGLEVALUE('Familia',$,IFCLABEL('Columnas seccion variable'),$);
#1253=IFCPROPERTYSINGLEVALUE('Perfil',$,IFCLABEL('IR VAR 3PL 400x400-900'),$);
#1254=IFCPROPERTYSINGLEVALUE('Marca',$,IFCLABEL('CM-1'),$);
#1255=IFCPROPERTYSINGLEVALUE('HH_ton_taller',$,IFCREAL(36.),$);
#1256=IFCPROPERTYSINGLEVALUE('Longitud_m',$,IFCREAL(11.869999999999999),$);
#1257=IFCPROPERTYSET('2bzVHnNgHFVOF09IKDzkMt',#19,'Pset_METALITEC',$,(#1252,#1253,#1254,#1255,#1256));
#1258=IFCRELDEFINESBYPROPERTIES('3MQZM8cXrA_RBUEx2HgEV5',#19,$,$,(#1250),#1257);
#1259=IFCCARTESIANPOINT((0.,120000.,0.));
#1260=IFCDIRECTION((0.,0.,1.));
#1261=IFCDIRECTION((0.,-1.,0.));
#1262=IFCAXIS2PLACEMENT3D(#1259,#1260,#1261);
#1263=IFCLOCALPLACEMENT(#25,#1262);
#1264=IFCDIRECTION((0.,0.,1.));
#1265=IFCDIRECTION((1.,0.,0.));
#1266=IFCAXIS2PLACEMENT3D(#7,#1264,#1265);
#1267=IFCDIRECTION((0.,0.,1.));
#1268=IFCEXTRUDEDAREASOLID(#34,#1266,#1267,11870.);
#1269=IFCSHAPEREPRESENTATION(#13,'Body','SweptSolid',(#1268));
#1270=IFCCARTESIANPOINT((0.,0.,0.));
#1271=IFCCARTESIANPOINT((0.,0.,11870.));
#1272=IFCPOLYLINE((#1270,#1271));
#1273=IFCSHAPEREPRESENTATION(#14,'Axis','Curve3D',(#1272));
#1274=IFCPRODUCTDEFINITIONSHAPE($,$,(#1273,#1269));
#1275=IFCCOLUMN('1kCDdfGnz4OwVxw$ygTOfP',#19,'CM-1','IR VAR 3PL 400x400-900',$,#1263,#1274,$,$);
#1276=IFCRELASSOCIATESMATERIAL('0r6YDQ8gz2vwzRLEm8oeeD',#19,$,$,(#1275),#30);
#1277=IFCPROPERTYSINGLEVALUE('Familia',$,IFCLABEL('Columnas seccion variable'),$);
#1278=IFCPROPERTYSINGLEVALUE('Perfil',$,IFCLABEL('IR VAR 3PL 400x400-900'),$);
#1279=IFCPROPERTYSINGLEVALUE('Marca',$,IFCLABEL('CM-1'),$);
#1280=IFCPROPERTYSINGLEVALUE('HH_ton_taller',$,IFCREAL(36.),$);
#1281=IFCPROPERTYSINGLEVALUE('Longitud_m',$,IFCREAL(11.869999999999999),$);
#1282=IFCPROPERTYSET('1XyyP_Rhv8e9EMaqj2Yl4p',#19,'Pset_METALITEC',$,(#1277,#1278,#1279,#1280,#1281));
#1283=IFCRELDEFINESBYPROPERTIES('2k3jHKDRDDjwNvyOarx8AI',#19,$,$,(#1275),#1282);
#1284=IFCCARTESIANPOINT((25600.,120000.,0.));
#1285=IFCDIRECTION((0.,0.,1.));
#1286=IFCDIRECTION((0.,-1.,0.));
#1287=IFCAXIS2PLACEMENT3D(#1284,#1285,#1286);
#1288=IFCLOCALPLACEMENT(#25,#1287);
#1289=IFCDIRECTION((0.,0.,1.));
#1290=IFCDIRECTION((1.,0.,0.));
#1291=IFCAXIS2PLACEMENT3D(#7,#1289,#1290);
#1292=IFCDIRECTION((0.,0.,1.));
#1293=IFCEXTRUDEDAREASOLID(#34,#1291,#1292,11870.);
#1294=IFCSHAPEREPRESENTATION(#13,'Body','SweptSolid',(#1293));
#1295=IFCCARTESIANPOINT((0.,0.,0.));
#1296=IFCCARTESIANPOINT((0.,0.,11870.));
#1297=IFCPOLYLINE((#1295,#1296));
#1298=IFCSHAPEREPRESENTATION(#14,'Axis','Curve3D',(#1297));
#1299=IFCPRODUCTDEFINITIONSHAPE($,$,(#1298,#1294));
#1300=IFCCOLUMN('3V__tn$qj5HuNiMCTga2Ta',#19,'CM-2','IR VAR 3PL 400x400-900',$,#1288,#1299,$,$);
#1301=IFCRELASSOCIATESMATERIAL('0fS3D6AtPD3Q2GmNBWxSln',#19,$,$,(#1300),#30);
#1302=IFCPROPERTYSINGLEVALUE('Familia',$,IFCLABEL('Columnas seccion variable'),$);
#1303=IFCPROPERTYSINGLEVALUE('Perfil',$,IFCLABEL('IR VAR 3PL 400x400-900'),$);
#1304=IFCPROPERTYSINGLEVALUE('Marca',$,IFCLABEL('CM-2'),$);
#1305=IFCPROPERTYSINGLEVALUE('HH_ton_taller',$,IFCREAL(36.),$);
#1306=IFCPROPERTYSINGLEVALUE('Longitud_m',$,IFCREAL(11.869999999999999),$);
#1307=IFCPROPERTYSET('22nFipe2j0rhToRR2BKdLm',#19,'Pset_METALITEC',$,(#1302,#1303,#1304,#1305,#1306));
#1308=IFCRELDEFINESBYPROPERTIES('0mjAGJf5TCPRv5YLVj04ud',#19,$,$,(#1300),#1307);
#1309=IFCCARTESIANPOINT((51200.,120000.,0.));
#1310=IFCDIRECTION((0.,0.,1.));
#1311=IFCDIRECTION((0.,-1.,0.));
#1312=IFCAXIS2PLACEMENT3D(#1309,#1310,#1311);
#1313=IFCLOCALPLACEMENT(#25,#1312);
#1314=IFCDIRECTION((0.,0.,1.));
#1315=IFCDIRECTION((1.,0.,0.));
#1316=IFCAXIS2PLACEMENT3D(#7,#1314,#1315);
#1317=IFCDIRECTION((0.,0.,1.));
#1318=IFCEXTRUDEDAREASOLID(#34,#1316,#1317,11870.);
#1319=IFCSHAPEREPRESENTATION(#13,'Body','SweptSolid',(#1318));
#1320=IFCCARTESIANPOINT((0.,0.,0.));
#1321=IFCCARTESIANPOINT((0.,0.,11870.));
#1322=IFCPOLYLINE((#1320,#1321));
#1323=IFCSHAPEREPRESENTATION(#14,'Axis','Curve3D',(#1322));
#1324=IFCPRODUCTDEFINITIONSHAPE($,$,(#1323,#1319));
#1325=IFCCOLUMN('3YFDSVLon5VebiJu9gLelY',#19,'CM-2','IR VAR 3PL 400x400-900',$,#1313,#1324,$,$);
#1326=IFCRELASSOCIATESMATERIAL('376G6NjoT8xQ$3gx1fLhdV',#19,$,$,(#1325),#30);
#1327=IFCPROPERTYSINGLEVALUE('Familia',$,IFCLABEL('Columnas seccion variable'),$);
#1328=IFCPROPERTYSINGLEVALUE('Perfil',$,IFCLABEL('IR VAR 3PL 400x400-900'),$);
#1329=IFCPROPERTYSINGLEVALUE('Marca',$,IFCLABEL('CM-2'),$);
#1330=IFCPROPERTYSINGLEVALUE('HH_ton_taller',$,IFCREAL(36.),$);
#1331=IFCPROPERTYSINGLEVALUE('Longitud_m',$,IFCREAL(11.869999999999999),$);
#1332=IFCPROPERTYSET('0MtBuNTHX6rxcxO57u9bIq',#19,'Pset_METALITEC',$,(#1327,#1328,#1329,#1330,#1331));
#1333=IFCRELDEFINESBYPROPERTIES('08BldhJcH0$9VJ7QJomqjB',#19,$,$,(#1325),#1332);
#1334=IFCCARTESIANPOINT((76800.,120000.,0.));
#1335=IFCDIRECTION((0.,0.,1.));
#1336=IFCDIRECTION((0.,-1.,0.));
#1337=IFCAXIS2PLACEMENT3D(#1334,#1335,#1336);
#1338=IFCLOCALPLACEMENT(#25,#1337);
#1339=IFCDIRECTION((0.,0.,1.));
#1340=IFCDIRECTION((1.,0.,0.));
#1341=IFCAXIS2PLACEMENT3D(#7,#1339,#1340);
#1342=IFCDIRECTION((0.,0.,1.));
#1343=IFCEXTRUDEDAREASOLID(#34,#1341,#1342,11870.);
#1344=IFCSHAPEREPRESENTATION(#13,'Body','SweptSolid',(#1343));
#1345=IFCCARTESIANPOINT((0.,0.,0.));
#1346=IFCCARTESIANPOINT((0.,0.,11870.));
#1347=IFCPOLYLINE((#1345,#1346));
#1348=IFCSHAPEREPRESENTATION(#14,'Axis','Curve3D',(#1347));
#1349=IFCPRODUCTDEFINITIONSHAPE($,$,(#1348,#1344));
#1350=IFCCOLUMN('1j2a0ayV5B2fZmo3ceDKRy',#19,'CM-1','IR VAR 3PL 400x400-900',$,#1338,#1349,$,$);
#1351=IFCRELASSOCIATESMATERIAL('1da4hwFkr6DgktATdIzQyh',#19,$,$,(#1350),#30);
#1352=IFCPROPERTYSINGLEVALUE('Familia',$,IFCLABEL('Columnas seccion variable'),$);
#1353=IFCPROPERTYSINGLEVALUE('Perfil',$,IFCLABEL('IR VAR 3PL 400x400-900'),$);
#1354=IFCPROPERTYSINGLEVALUE('Marca',$,IFCLABEL('CM-1'),$);
#1355=IFCPROPERTYSINGLEVALUE('HH_ton_taller',$,IFCREAL(36.),$);
#1356=IFCPROPERTYSINGLEVALUE('Longitud_m',$,IFCREAL(11.869999999999999),$);
#1357=IFCPROPERTYSET('2$xEWPAq5BHQzRODW_R6IL',#19,'Pset_METALITEC',$,(#1352,#1353,#1354,#1355,#1356));
#1358=IFCRELDEFINESBYPROPERTIES('280cLkX5P45ey7pxjsGXtg',#19,$,$,(#1350),#1357);
#1359=IFCCARTESIANPOINT((0.,130000.,0.));
#1360=IFCDIRECTION((0.,0.,1.));
#1361=IFCDIRECTION((0.,-1.,0.));
#1362=IFCAXIS2PLACEMENT3D(#1359,#1360,#1361);
#1363=IFCLOCALPLACEMENT(#25,#1362);
#1364=IFCDIRECTION((0.,0.,1.));
#1365=IFCDIRECTION((1.,0.,0.));
#1366=IFCAXIS2PLACEMENT3D(#7,#1364,#1365);
#1367=IFCDIRECTION((0.,0.,1.));
#1368=IFCEXTRUDEDAREASOLID(#34,#1366,#1367,11870.);
#1369=IFCSHAPEREPRESENTATION(#13,'Body','SweptSolid',(#1368));
#1370=IFCCARTESIANPOINT((0.,0.,0.));
#1371=IFCCARTESIANPOINT((0.,0.,11870.));
#1372=IFCPOLYLINE((#1370,#1371));
#1373=IFCSHAPEREPRESENTATION(#14,'Axis','Curve3D',(#1372));
#1374=IFCPRODUCTDEFINITIONSHAPE($,$,(#1373,#1369));
#1375=IFCCOLUMN('2e$_7BaCzDfeLcvYSSKIEA',#19,'CM-1','IR VAR 3PL 400x400-900',$,#1363,#1374,$,$);
#1376=IFCRELASSOCIATESMATERIAL('1La$ny2G99uPTzBC_bmhmT',#19,$,$,(#1375),#30);
#1377=IFCPROPERTYSINGLEVALUE('Familia',$,IFCLABEL('Columnas seccion variable'),$);
#1378=IFCPROPERTYSINGLEVALUE('Perfil',$,IFCLABEL('IR VAR 3PL 400x400-900'),$);
#1379=IFCPROPERTYSINGLEVALUE('Marca',$,IFCLABEL('CM-1'),$);
#1380=IFCPROPERTYSINGLEVALUE('HH_ton_taller',$,IFCREAL(36.),$);
#1381=IFCPROPERTYSINGLEVALUE('Longitud_m',$,IFCREAL(11.869999999999999),$);
#1382=IFCPROPERTYSET('0hC1CpsD55WuHwR2Rftxqr',#19,'Pset_METALITEC',$,(#1377,#1378,#1379,#1380,#1381));
#1383=IFCRELDEFINESBYPROPERTIES('3UaJSsEHH7a9O2HD1N4Xy8',#19,$,$,(#1375),#1382);
#1384=IFCCARTESIANPOINT((25600.,130000.,0.));
#1385=IFCDIRECTION((0.,0.,1.));
#1386=IFCDIRECTION((0.,-1.,0.));
#1387=IFCAXIS2PLACEMENT3D(#1384,#1385,#1386);
#1388=IFCLOCALPLACEMENT(#25,#1387);
#1389=IFCDIRECTION((0.,0.,1.));
#1390=IFCDIRECTION((1.,0.,0.));
#1391=IFCAXIS2PLACEMENT3D(#7,#1389,#1390);
#1392=IFCDIRECTION((0.,0.,1.));
#1393=IFCEXTRUDEDAREASOLID(#34,#1391,#1392,11870.);
#1394=IFCSHAPEREPRESENTATION(#13,'Body','SweptSolid',(#1393));
#1395=IFCCARTESIANPOINT((0.,0.,0.));
#1396=IFCCARTESIANPOINT((0.,0.,11870.));
#1397=IFCPOLYLINE((#1395,#1396));
#1398=IFCSHAPEREPRESENTATION(#14,'Axis','Curve3D',(#1397));
#1399=IFCPRODUCTDEFINITIONSHAPE($,$,(#1398,#1394));
#1400=IFCCOLUMN('1VipBMw0b6YetRie9va1DD',#19,'CM-2','IR VAR 3PL 400x400-900',$,#1388,#1399,$,$);
#1401=IFCRELASSOCIATESMATERIAL('0HV6kHiu92ie6yPNGZeYiN',#19,$,$,(#1400),#30);
#1402=IFCPROPERTYSINGLEVALUE('Familia',$,IFCLABEL('Columnas seccion variable'),$);
#1403=IFCPROPERTYSINGLEVALUE('Perfil',$,IFCLABEL('IR VAR 3PL 400x400-900'),$);
#1404=IFCPROPERTYSINGLEVALUE('Marca',$,IFCLABEL('CM-2'),$);
#1405=IFCPROPERTYSINGLEVALUE('HH_ton_taller',$,IFCREAL(36.),$);
#1406=IFCPROPERTYSINGLEVALUE('Longitud_m',$,IFCREAL(11.869999999999999),$);
#1407=IFCPROPERTYSET('0AAWhLJkn0f9ZzGNfq1G_H',#19,'Pset_METALITEC',$,(#1402,#1403,#1404,#1405,#1406));
#1408=IFCRELDEFINESBYPROPERTIES('3gJajUHRL08QJxa$6e3XdW',#19,$,$,(#1400),#1407);
#1409=IFCCARTESIANPOINT((51200.,130000.,0.));
#1410=IFCDIRECTION((0.,0.,1.));
#1411=IFCDIRECTION((0.,-1.,0.));
#1412=IFCAXIS2PLACEMENT3D(#1409,#1410,#1411);
#1413=IFCLOCALPLACEMENT(#25,#1412);
#1414=IFCDIRECTION((0.,0.,1.));
#1415=IFCDIRECTION((1.,0.,0.));
#1416=IFCAXIS2PLACEMENT3D(#7,#1414,#1415);
#1417=IFCDIRECTION((0.,0.,1.));
#1418=IFCEXTRUDEDAREASOLID(#34,#1416,#1417,11870.);
#1419=IFCSHAPEREPRESENTATION(#13,'Body','SweptSolid',(#1418));
#1420=IFCCARTESIANPOINT((0.,0.,0.));
#1421=IFCCARTESIANPOINT((0.,0.,11870.));
#1422=IFCPOLYLINE((#1420,#1421));
#1423=IFCSHAPEREPRESENTATION(#14,'Axis','Curve3D',(#1422));
#1424=IFCPRODUCTDEFINITIONSHAPE($,$,(#1423,#1419));
#1425=IFCCOLUMN('3KJ8CiksjDZRHIxG4lQZYE',#19,'CM-2','IR VAR 3PL 400x400-900',$,#1413,#1424,$,$);
#1426=IFCRELASSOCIATESMATERIAL('2ket64BxH2qujOrvbCGHYu',#19,$,$,(#1425),#30);
#1427=IFCPROPERTYSINGLEVALUE('Familia',$,IFCLABEL('Columnas seccion variable'),$);
#1428=IFCPROPERTYSINGLEVALUE('Perfil',$,IFCLABEL('IR VAR 3PL 400x400-900'),$);
#1429=IFCPROPERTYSINGLEVALUE('Marca',$,IFCLABEL('CM-2'),$);
#1430=IFCPROPERTYSINGLEVALUE('HH_ton_taller',$,IFCREAL(36.),$);
#1431=IFCPROPERTYSINGLEVALUE('Longitud_m',$,IFCREAL(11.869999999999999),$);
#1432=IFCPROPERTYSET('2qvvpUVsb2dv839eN35Tlh',#19,'Pset_METALITEC',$,(#1427,#1428,#1429,#1430,#1431));
#1433=IFCRELDEFINESBYPROPERTIES('2Q0pQ4jCv8gvEUjVxrmslN',#19,$,$,(#1425),#1432);
#1434=IFCCARTESIANPOINT((76800.,130000.,0.));
#1435=IFCDIRECTION((0.,0.,1.));
#1436=IFCDIRECTION((0.,-1.,0.));
#1437=IFCAXIS2PLACEMENT3D(#1434,#1435,#1436);
#1438=IFCLOCALPLACEMENT(#25,#1437);
#1439=IFCDIRECTION((0.,0.,1.));
#1440=IFCDIRECTION((1.,0.,0.));
#1441=IFCAXIS2PLACEMENT3D(#7,#1439,#1440);
#1442=IFCDIRECTION((0.,0.,1.));
#1443=IFCEXTRUDEDAREASOLID(#34,#1441,#1442,11870.);
#1444=IFCSHAPEREPRESENTATION(#13,'Body','SweptSolid',(#1443));
#1445=IFCCARTESIANPOINT((0.,0.,0.));
#1446=IFCCARTESIANPOINT((0.,0.,11870.));
#1447=IFCPOLYLINE((#1445,#1446));
#1448=IFCSHAPEREPRESENTATION(#14,'Axis','Curve3D',(#1447));
#1449=IFCPRODUCTDEFINITIONSHAPE($,$,(#1448,#1444));
#1450=IFCCOLUMN('1qHzcQbQj2weN9m0dbQk2z',#19,'CM-1','IR VAR 3PL 400x400-900',$,#1438,#1449,$,$);
#1451=IFCRELASSOCIATESMATERIAL('046iLPSU14VfGoLHXWh5E9',#19,$,$,(#1450),#30);
#1452=IFCPROPERTYSINGLEVALUE('Familia',$,IFCLABEL('Columnas seccion variable'),$);
#1453=IFCPROPERTYSINGLEVALUE('Perfil',$,IFCLABEL('IR VAR 3PL 400x400-900'),$);
#1454=IFCPROPERTYSINGLEVALUE('Marca',$,IFCLABEL('CM-1'),$);
#1455=IFCPROPERTYSINGLEVALUE('HH_ton_taller',$,IFCREAL(36.),$);
#1456=IFCPROPERTYSINGLEVALUE('Longitud_m',$,IFCREAL(11.869999999999999),$);
#1457=IFCPROPERTYSET('2tMNIlTQX31gT9Hc6JB_1_',#19,'Pset_METALITEC',$,(#1452,#1453,#1454,#1455,#1456));
#1458=IFCRELDEFINESBYPROPERTIES('2AYt8Olan1OBNOr5CVznFv',#19,$,$,(#1450),#1457);
#1459=IFCCARTESIANPOINT((0.,140000.,0.));
#1460=IFCDIRECTION((0.,0.,1.));
#1461=IFCDIRECTION((0.,-1.,0.));
#1462=IFCAXIS2PLACEMENT3D(#1459,#1460,#1461);
#1463=IFCLOCALPLACEMENT(#25,#1462);
#1464=IFCDIRECTION((0.,0.,1.));
#1465=IFCDIRECTION((1.,0.,0.));
#1466=IFCAXIS2PLACEMENT3D(#7,#1464,#1465);
#1467=IFCDIRECTION((0.,0.,1.));
#1468=IFCEXTRUDEDAREASOLID(#34,#1466,#1467,11870.);
#1469=IFCSHAPEREPRESENTATION(#13,'Body','SweptSolid',(#1468));
#1470=IFCCARTESIANPOINT((0.,0.,0.));
#1471=IFCCARTESIANPOINT((0.,0.,11870.));
#1472=IFCPOLYLINE((#1470,#1471));
#1473=IFCSHAPEREPRESENTATION(#14,'Axis','Curve3D',(#1472));
#1474=IFCPRODUCTDEFINITIONSHAPE($,$,(#1473,#1469));
#1475=IFCCOLUMN('1rNViTjeHBkgKkLjN32lzB',#19,'CM-1','IR VAR 3PL 400x400-900',$,#1463,#1474,$,$);
#1476=IFCRELASSOCIATESMATERIAL('3PsbZomyD76gCrxkaGzo32',#19,$,$,(#1475),#30);
#1477=IFCPROPERTYSINGLEVALUE('Familia',$,IFCLABEL('Columnas seccion variable'),$);
#1478=IFCPROPERTYSINGLEVALUE('Perfil',$,IFCLABEL('IR VAR 3PL 400x400-900'),$);
#1479=IFCPROPERTYSINGLEVALUE('Marca',$,IFCLABEL('CM-1'),$);
#1480=IFCPROPERTYSINGLEVALUE('HH_ton_taller',$,IFCREAL(36.),$);
#1481=IFCPROPERTYSINGLEVALUE('Longitud_m',$,IFCREAL(11.869999999999999),$);
#1482=IFCPROPERTYSET('3BtCq7NmX5TPmHjFU6KHXe',#19,'Pset_METALITEC',$,(#1477,#1478,#1479,#1480,#1481));
#1483=IFCRELDEFINESBYPROPERTIES('1zQBoSKXb2QwzE6QYOWApA',#19,$,$,(#1475),#1482);
#1484=IFCCARTESIANPOINT((25600.,140000.,0.));
#1485=IFCDIRECTION((0.,0.,1.));
#1486=IFCDIRECTION((0.,-1.,0.));
#1487=IFCAXIS2PLACEMENT3D(#1484,#1485,#1486);
#1488=IFCLOCALPLACEMENT(#25,#1487);
#1489=IFCDIRECTION((0.,0.,1.));
#1490=IFCDIRECTION((1.,0.,0.));
#1491=IFCAXIS2PLACEMENT3D(#7,#1489,#1490);
#1492=IFCDIRECTION((0.,0.,1.));
#1493=IFCEXTRUDEDAREASOLID(#34,#1491,#1492,11870.);
#1494=IFCSHAPEREPRESENTATION(#13,'Body','SweptSolid',(#1493));
#1495=IFCCARTESIANPOINT((0.,0.,0.));
#1496=IFCCARTESIANPOINT((0.,0.,11870.));
#1497=IFCPOLYLINE((#1495,#1496));
#1498=IFCSHAPEREPRESENTATION(#14,'Axis','Curve3D',(#1497));
#1499=IFCPRODUCTDEFINITIONSHAPE($,$,(#1498,#1494));
#1500=IFCCOLUMN('3L$xqOpRX92wj_KG0edaM6',#19,'CM-2','IR VAR 3PL 400x400-900',$,#1488,#1499,$,$);
#1501=IFCRELASSOCIATESMATERIAL('3tJaA6Vc1DqfuLp2mUG_tx',#19,$,$,(#1500),#30);
#1502=IFCPROPERTYSINGLEVALUE('Familia',$,IFCLABEL('Columnas seccion variable'),$);
#1503=IFCPROPERTYSINGLEVALUE('Perfil',$,IFCLABEL('IR VAR 3PL 400x400-900'),$);
#1504=IFCPROPERTYSINGLEVALUE('Marca',$,IFCLABEL('CM-2'),$);
#1505=IFCPROPERTYSINGLEVALUE('HH_ton_taller',$,IFCREAL(36.),$);
#1506=IFCPROPERTYSINGLEVALUE('Longitud_m',$,IFCREAL(11.869999999999999),$);
#1507=IFCPROPERTYSET('22iS8JfKjCbvcmhythtrlF',#19,'Pset_METALITEC',$,(#1502,#1503,#1504,#1505,#1506));
#1508=IFCRELDEFINESBYPROPERTIES('3fyUwLMND7exuavVwowrEO',#19,$,$,(#1500),#1507);
#1509=IFCCARTESIANPOINT((51200.,140000.,0.));
#1510=IFCDIRECTION((0.,0.,1.));
#1511=IFCDIRECTION((0.,-1.,0.));
#1512=IFCAXIS2PLACEMENT3D(#1509,#1510,#1511);
#1513=IFCLOCALPLACEMENT(#25,#1512);
#1514=IFCDIRECTION((0.,0.,1.));
#1515=IFCDIRECTION((1.,0.,0.));
#1516=IFCAXIS2PLACEMENT3D(#7,#1514,#1515);
#1517=IFCDIRECTION((0.,0.,1.));
#1518=IFCEXTRUDEDAREASOLID(#34,#1516,#1517,11870.);
#1519=IFCSHAPEREPRESENTATION(#13,'Body','SweptSolid',(#1518));
#1520=IFCCARTESIANPOINT((0.,0.,0.));
#1521=IFCCARTESIANPOINT((0.,0.,11870.));
#1522=IFCPOLYLINE((#1520,#1521));
#1523=IFCSHAPEREPRESENTATION(#14,'Axis','Curve3D',(#1522));
#1524=IFCPRODUCTDEFINITIONSHAPE($,$,(#1523,#1519));
#1525=IFCCOLUMN('03BtyH04HAq8oWjjYT7lAl',#19,'CM-2','IR VAR 3PL 400x400-900',$,#1513,#1524,$,$);
#1526=IFCRELASSOCIATESMATERIAL('3Fz0124E1AsA_$LSr__Kmk',#19,$,$,(#1525),#30);
#1527=IFCPROPERTYSINGLEVALUE('Familia',$,IFCLABEL('Columnas seccion variable'),$);
#1528=IFCPROPERTYSINGLEVALUE('Perfil',$,IFCLABEL('IR VAR 3PL 400x400-900'),$);
#1529=IFCPROPERTYSINGLEVALUE('Marca',$,IFCLABEL('CM-2'),$);
#1530=IFCPROPERTYSINGLEVALUE('HH_ton_taller',$,IFCREAL(36.),$);
#1531=IFCPROPERTYSINGLEVALUE('Longitud_m',$,IFCREAL(11.869999999999999),$);
#1532=IFCPROPERTYSET('0X6g5wiHr5Cfixwdxyw7pm',#19,'Pset_METALITEC',$,(#1527,#1528,#1529,#1530,#1531));
#1533=IFCRELDEFINESBYPROPERTIES('16bCpwlPX20AYm9su7oQ8v',#19,$,$,(#1525),#1532);
#1534=IFCCARTESIANPOINT((76800.,140000.,0.));
#1535=IFCDIRECTION((0.,0.,1.));
#1536=IFCDIRECTION((0.,-1.,0.));
#1537=IFCAXIS2PLACEMENT3D(#1534,#1535,#1536);
#1538=IFCLOCALPLACEMENT(#25,#1537);
#1539=IFCDIRECTION((0.,0.,1.));
#1540=IFCDIRECTION((1.,0.,0.));
#1541=IFCAXIS2PLACEMENT3D(#7,#1539,#1540);
#1542=IFCDIRECTION((0.,0.,1.));
#1543=IFCEXTRUDEDAREASOLID(#34,#1541,#1542,11870.);
#1544=IFCSHAPEREPRESENTATION(#13,'Body','SweptSolid',(#1543));
#1545=IFCCARTESIANPOINT((0.,0.,0.));
#1546=IFCCARTESIANPOINT((0.,0.,11870.));
#1547=IFCPOLYLINE((#1545,#1546));
#1548=IFCSHAPEREPRESENTATION(#14,'Axis','Curve3D',(#1547));
#1549=IFCPRODUCTDEFINITIONSHAPE($,$,(#1548,#1544));
#1550=IFCCOLUMN('08T9uv1Rf7BQuUJu7XYMcG',#19,'CM-1','IR VAR 3PL 400x400-900',$,#1538,#1549,$,$);
#1551=IFCRELASSOCIATESMATERIAL('2bg7uiUDz5XwXs0atcqMo6',#19,$,$,(#1550),#30);
#1552=IFCPROPERTYSINGLEVALUE('Familia',$,IFCLABEL('Columnas seccion variable'),$);
#1553=IFCPROPERTYSINGLEVALUE('Perfil',$,IFCLABEL('IR VAR 3PL 400x400-900'),$);
#1554=IFCPROPERTYSINGLEVALUE('Marca',$,IFCLABEL('CM-1'),$);
#1555=IFCPROPERTYSINGLEVALUE('HH_ton_taller',$,IFCREAL(36.),$);
#1556=IFCPROPERTYSINGLEVALUE('Longitud_m',$,IFCREAL(11.869999999999999),$);
#1557=IFCPROPERTYSET('01qNa23UjFVu7Ik9H_dTIa',#19,'Pset_METALITEC',$,(#1552,#1553,#1554,#1555,#1556));
#1558=IFCRELDEFINESBYPROPERTIES('0nqPP7RVL6Xvyrik7ZOgvG',#19,$,$,(#1550),#1557);
#1559=IFCCARTESIANPOINT((0.,149500.,0.));
#1560=IFCDIRECTION((0.,0.,1.));
#1561=IFCDIRECTION((0.,-1.,0.));
#1562=IFCAXIS2PLACEMENT3D(#1559,#1560,#1561);
#1563=IFCLOCALPLACEMENT(#25,#1562);
#1564=IFCDIRECTION((0.,0.,1.));
#1565=IFCDIRECTION((1.,0.,0.));
#1566=IFCAXIS2PLACEMENT3D(#7,#1564,#1565);
#1567=IFCDIRECTION((0.,0.,1.));
#1568=IFCEXTRUDEDAREASOLID(#34,#1566,#1567,11870.);
#1569=IFCSHAPEREPRESENTATION(#13,'Body','SweptSolid',(#1568));
#1570=IFCCARTESIANPOINT((0.,0.,0.));
#1571=IFCCARTESIANPOINT((0.,0.,11870.));
#1572=IFCPOLYLINE((#1570,#1571));
#1573=IFCSHAPEREPRESENTATION(#14,'Axis','Curve3D',(#1572));
#1574=IFCPRODUCTDEFINITIONSHAPE($,$,(#1573,#1569));
#1575=IFCCOLUMN('0u5hAW0rLA6896zlyXMEsG',#19,'CM-1','IR VAR 3PL 400x400-900',$,#1563,#1574,$,$);
#1576=IFCRELASSOCIATESMATERIAL('0Kp$QQW6D3jeuIC151LW_C',#19,$,$,(#1575),#30);
#1577=IFCPROPERTYSINGLEVALUE('Familia',$,IFCLABEL('Columnas seccion variable'),$);
#1578=IFCPROPERTYSINGLEVALUE('Perfil',$,IFCLABEL('IR VAR 3PL 400x400-900'),$);
#1579=IFCPROPERTYSINGLEVALUE('Marca',$,IFCLABEL('CM-1'),$);
#1580=IFCPROPERTYSINGLEVALUE('HH_ton_taller',$,IFCREAL(36.),$);
#1581=IFCPROPERTYSINGLEVALUE('Longitud_m',$,IFCREAL(11.869999999999999),$);
#1582=IFCPROPERTYSET('0l_ORC8av5GRjQMbpIL_1c',#19,'Pset_METALITEC',$,(#1577,#1578,#1579,#1580,#1581));
#1583=IFCRELDEFINESBYPROPERTIES('25wJubndXEFBOygRrnBzy$',#19,$,$,(#1575),#1582);
#1584=IFCCARTESIANPOINT((25600.,149500.,0.));
#1585=IFCDIRECTION((0.,0.,1.));
#1586=IFCDIRECTION((0.,-1.,0.));
#1587=IFCAXIS2PLACEMENT3D(#1584,#1585,#1586);
#1588=IFCLOCALPLACEMENT(#25,#1587);
#1589=IFCDIRECTION((0.,0.,1.));
#1590=IFCDIRECTION((1.,0.,0.));
#1591=IFCAXIS2PLACEMENT3D(#7,#1589,#1590);
#1592=IFCDIRECTION((0.,0.,1.));
#1593=IFCEXTRUDEDAREASOLID(#34,#1591,#1592,11870.);
#1594=IFCSHAPEREPRESENTATION(#13,'Body','SweptSolid',(#1593));
#1595=IFCCARTESIANPOINT((0.,0.,0.));
#1596=IFCCARTESIANPOINT((0.,0.,11870.));
#1597=IFCPOLYLINE((#1595,#1596));
#1598=IFCSHAPEREPRESENTATION(#14,'Axis','Curve3D',(#1597));
#1599=IFCPRODUCTDEFINITIONSHAPE($,$,(#1598,#1594));
#1600=IFCCOLUMN('39M1LcCw14wOzCmuUj9iUd',#19,'CM-2','IR VAR 3PL 400x400-900',$,#1588,#1599,$,$);
#1601=IFCRELASSOCIATESMATERIAL('2Z80YnPDr18gFFTQtth5bH',#19,$,$,(#1600),#30);
#1602=IFCPROPERTYSINGLEVALUE('Familia',$,IFCLABEL('Columnas seccion variable'),$);
#1603=IFCPROPERTYSINGLEVALUE('Perfil',$,IFCLABEL('IR VAR 3PL 400x400-900'),$);
#1604=IFCPROPERTYSINGLEVALUE('Marca',$,IFCLABEL('CM-2'),$);
#1605=IFCPROPERTYSINGLEVALUE('HH_ton_taller',$,IFCREAL(36.),$);
#1606=IFCPROPERTYSINGLEVALUE('Longitud_m',$,IFCREAL(11.869999999999999),$);
#1607=IFCPROPERTYSET('3GgSpH9Mn7PQsnn6zZKbZo',#19,'Pset_METALITEC',$,(#1602,#1603,#1604,#1605,#1606));
#1608=IFCRELDEFINESBYPROPERTIES('2xYuhPD1bEh8a$ddUFAEDq',#19,$,$,(#1600),#1607);
#1609=IFCCARTESIANPOINT((51200.,149500.,0.));
#1610=IFCDIRECTION((0.,0.,1.));
#1611=IFCDIRECTION((0.,-1.,0.));
#1612=IFCAXIS2PLACEMENT3D(#1609,#1610,#1611);
#1613=IFCLOCALPLACEMENT(#25,#1612);
#1614=IFCDIRECTION((0.,0.,1.));
#1615=IFCDIRECTION((1.,0.,0.));
#1616=IFCAXIS2PLACEMENT3D(#7,#1614,#1615);
#1617=IFCDIRECTION((0.,0.,1.));
#1618=IFCEXTRUDEDAREASOLID(#34,#1616,#1617,11870.);
#1619=IFCSHAPEREPRESENTATION(#13,'Body','SweptSolid',(#1618));
#1620=IFCCARTESIANPOINT((0.,0.,0.));
#1621=IFCCARTESIANPOINT((0.,0.,11870.));
#1622=IFCPOLYLINE((#1620,#1621));
#1623=IFCSHAPEREPRESENTATION(#14,'Axis','Curve3D',(#1622));
#1624=IFCPRODUCTDEFINITIONSHAPE($,$,(#1623,#1619));
#1625=IFCCOLUMN('3ANqwSLQL8yRzRwnSm3nvk',#19,'CM-2','IR VAR 3PL 400x400-900',$,#1613,#1624,$,$);
#1626=IFCRELASSOCIATESMATERIAL('1ecVBYhQT7s8fJKa$K_GzZ',#19,$,$,(#1625),#30);
#1627=IFCPROPERTYSINGLEVALUE('Familia',$,IFCLABEL('Columnas seccion variable'),$);
#1628=IFCPROPERTYSINGLEVALUE('Perfil',$,IFCLABEL('IR VAR 3PL 400x400-900'),$);
#1629=IFCPROPERTYSINGLEVALUE('Marca',$,IFCLABEL('CM-2'),$);
#1630=IFCPROPERTYSINGLEVALUE('HH_ton_taller',$,IFCREAL(36.),$);
#1631=IFCPROPERTYSINGLEVALUE('Longitud_m',$,IFCREAL(11.869999999999999),$);
#1632=IFCPROPERTYSET('2DnigT8wnBIewGWNgykzfE',#19,'Pset_METALITEC',$,(#1627,#1628,#1629,#1630,#1631));
#1633=IFCRELDEFINESBYPROPERTIES('0tPsE9i5rEOxPCCeTFF3sn',#19,$,$,(#1625),#1632);
#1634=IFCCARTESIANPOINT((76800.,149500.,0.));
#1635=IFCDIRECTION((0.,0.,1.));
#1636=IFCDIRECTION((0.,-1.,0.));
#1637=IFCAXIS2PLACEMENT3D(#1634,#1635,#1636);
#1638=IFCLOCALPLACEMENT(#25,#1637);
#1639=IFCDIRECTION((0.,0.,1.));
#1640=IFCDIRECTION((1.,0.,0.));
#1641=IFCAXIS2PLACEMENT3D(#7,#1639,#1640);
#1642=IFCDIRECTION((0.,0.,1.));
#1643=IFCEXTRUDEDAREASOLID(#34,#1641,#1642,11870.);
#1644=IFCSHAPEREPRESENTATION(#13,'Body','SweptSolid',(#1643));
#1645=IFCCARTESIANPOINT((0.,0.,0.));
#1646=IFCCARTESIANPOINT((0.,0.,11870.));
#1647=IFCPOLYLINE((#1645,#1646));
#1648=IFCSHAPEREPRESENTATION(#14,'Axis','Curve3D',(#1647));
#1649=IFCPRODUCTDEFINITIONSHAPE($,$,(#1648,#1644));
#1650=IFCCOLUMN('3Yy3Zr$irEfBQReDHqljWD',#19,'CM-1','IR VAR 3PL 400x400-900',$,#1638,#1649,$,$);
#1651=IFCRELASSOCIATESMATERIAL('15cONCcNH2RBAWpfeLfXTd',#19,$,$,(#1650),#30);
#1652=IFCPROPERTYSINGLEVALUE('Familia',$,IFCLABEL('Columnas seccion variable'),$);
#1653=IFCPROPERTYSINGLEVALUE('Perfil',$,IFCLABEL('IR VAR 3PL 400x400-900'),$);
#1654=IFCPROPERTYSINGLEVALUE('Marca',$,IFCLABEL('CM-1'),$);
#1655=IFCPROPERTYSINGLEVALUE('HH_ton_taller',$,IFCREAL(36.),$);
#1656=IFCPROPERTYSINGLEVALUE('Longitud_m',$,IFCREAL(11.869999999999999),$);
#1657=IFCPROPERTYSET('2sbNJ24lL3AhwXsUgMBlcQ',#19,'Pset_METALITEC',$,(#1652,#1653,#1654,#1655,#1656));
#1658=IFCRELDEFINESBYPROPERTIES('1SzUWV7c1FVfTpJijb$ugT',#19,$,$,(#1650),#1657);
#1659=IFCCARTESIANPOINT((0.,0.,11870.));
#1660=IFCDIRECTION((0.9864355490725617,0.,0.16414904058785598));
#1661=IFCDIRECTION((0.16414904058785601,0.,-0.98643554907256181));
#1662=IFCAXIS2PLACEMENT3D(#1659,#1660,#1661);
#1663=IFCLOCALPLACEMENT(#25,#1662);
#1664=IFCDIRECTION((0.,0.,1.));
#1665=IFCDIRECTION((1.,0.,0.));
#1666=IFCAXIS2PLACEMENT3D(#7,#1664,#1665);
#1667=IFCDIRECTION((0.,0.,1.));
#1668=IFCEXTRUDEDAREASOLID(#37,#1666,#1667,12976.012484580924);
#1669=IFCSHAPEREPRESENTATION(#13,'Body','SweptSolid',(#1668));
#1670=IFCCARTESIANPOINT((0.,0.,0.));
#1671=IFCCARTESIANPOINT((0.,0.,12976.012484580924));
#1672=IFCPOLYLINE((#1670,#1671));
#1673=IFCSHAPEREPRESENTATION(#14,'Axis','Curve3D',(#1672));
#1674=IFCPRODUCTDEFINITIONSHAPE($,$,(#1673,#1669));
#1675=IFCBEAM('31$FygZf59U9kqSqHrhXI$',#19,'TM-1/TM-2','IR VAR 3PL 400x400-900',$,#1663,#1674,$,$);
#1676=IFCRELASSOCIATESMATERIAL('307UeKkFb7A97qWFAwBPdZ',#19,$,$,(#1675),#30);
#1677=IFCPROPERTYSINGLEVALUE('Familia',$,IFCLABEL('Trabes seccion variable'),$);
#1678=IFCPROPERTYSINGLEVALUE('Perfil',$,IFCLABEL('IR VAR 3PL 400x400-900'),$);
#1679=IFCPROPERTYSINGLEVALUE('Marca',$,IFCLABEL('TM-1/TM-2'),$);
#1680=IFCPROPERTYSINGLEVALUE('HH_ton_taller',$,IFCREAL(35.),$);
#1681=IFCPROPERTYSINGLEVALUE('Longitud_m',$,IFCREAL(12.976000000000001),$);
#1682=IFCPROPERTYSET('2lbbn_xnPChQxfzwCxguh2',#19,'Pset_METALITEC',$,(#1677,#1678,#1679,#1680,#1681));
#1683=IFCRELDEFINESBYPROPERTIES('3I0I3fCy12S8atm99FiOls',#19,$,$,(#1675),#1682);
#1684=IFCCARTESIANPOINT((12800.,0.,14000.));
#1685=IFCDIRECTION((0.9864355490725617,0.,-0.16414904058785598));
#1686=IFCDIRECTION((-0.16414904058785601,0.,-0.98643554907256181));
#1687=IFCAXIS2PLACEMENT3D(#1684,#1685,#1686);
#1688=IFCLOCALPLACEMENT(#25,#1687);
#1689=IFCDIRECTION((0.,0.,1.));
#1690=IFCDIRECTION((1.,0.,0.));
#1691=IFCAXIS2PLACEMENT3D(#7,#1689,#1690);
#1692=IFCDIRECTION((0.,0.,1.));
#1693=IFCEXTRUDEDAREASOLID(#37,#1691,#1692,12976.012484580924);
#1694=IFCSHAPEREPRESENTATION(#13,'Body','SweptSolid',(#1693));
#1695=IFCCARTESIANPOINT((0.,0.,0.));
#1696=IFCCARTESIANPOINT((0.,0.,12976.012484580924));
#1697=IFCPOLYLINE((#1695,#1696));
#1698=IFCSHAPEREPRESENTATION(#14,'Axis','Curve3D',(#1697));
#1699=IFCPRODUCTDEFINITIONSHAPE($,$,(#1698,#1694));
#1700=IFCBEAM('3hPma9iKH3ZB3aAcNzHMlt',#19,'TM-1/TM-2','IR VAR 3PL 400x400-900',$,#1688,#1699,$,$);
#1701=IFCRELASSOCIATESMATERIAL('1H9So1$Nr3KBEYL_KiSkVj',#19,$,$,(#1700),#30);
#1702=IFCPROPERTYSINGLEVALUE('Familia',$,IFCLABEL('Trabes seccion variable'),$);
#1703=IFCPROPERTYSINGLEVALUE('Perfil',$,IFCLABEL('IR VAR 3PL 400x400-900'),$);
#1704=IFCPROPERTYSINGLEVALUE('Marca',$,IFCLABEL('TM-1/TM-2'),$);
#1705=IFCPROPERTYSINGLEVALUE('HH_ton_taller',$,IFCREAL(35.),$);
#1706=IFCPROPERTYSINGLEVALUE('Longitud_m',$,IFCREAL(12.976000000000001),$);
#1707=IFCPROPERTYSET('2p8vMOEjjE$Orno6FukRG3',#19,'Pset_METALITEC',$,(#1702,#1703,#1704,#1705,#1706));
#1708=IFCRELDEFINESBYPROPERTIES('1rbnKJa$D1_witp_ksBAUv',#19,$,$,(#1700),#1707);
#1709=IFCCARTESIANPOINT((25600.,0.,11870.));
#1710=IFCDIRECTION((0.9864355490725617,0.,0.16414904058785598));
#1711=IFCDIRECTION((0.16414904058785601,0.,-0.98643554907256181));
#1712=IFCAXIS2PLACEMENT3D(#1709,#1710,#1711);
#1713=IFCLOCALPLACEMENT(#25,#1712);
#1714=IFCDIRECTION((0.,0.,1.));
#1715=IFCDIRECTION((1.,0.,0.));
#1716=IFCAXIS2PLACEMENT3D(#7,#1714,#1715);
#1717=IFCDIRECTION((0.,0.,1.));
#1718=IFCEXTRUDEDAREASOLID(#37,#1716,#1717,12976.012484580924);
#1719=IFCSHAPEREPRESENTATION(#13,'Body','SweptSolid',(#1718));
#1720=IFCCARTESIANPOINT((0.,0.,0.));
#1721=IFCCARTESIANPOINT((0.,0.,12976.012484580924));
#1722=IFCPOLYLINE((#1720,#1721));
#1723=IFCSHAPEREPRESENTATION(#14,'Axis','Curve3D',(#1722));
#1724=IFCPRODUCTDEFINITIONSHAPE($,$,(#1723,#1719));
#1725=IFCBEAM('23$QE1NVPF7h8xSO2RYYWM',#19,'TM-1/TM-2','IR VAR 3PL 400x400-900',$,#1713,#1724,$,$);
#1726=IFCRELASSOCIATESMATERIAL('3eSHPY2g174BFI6GnCS1XI',#19,$,$,(#1725),#30);
#1727=IFCPROPERTYSINGLEVALUE('Familia',$,IFCLABEL('Trabes seccion variable'),$);
#1728=IFCPROPERTYSINGLEVALUE('Perfil',$,IFCLABEL('IR VAR 3PL 400x400-900'),$);
#1729=IFCPROPERTYSINGLEVALUE('Marca',$,IFCLABEL('TM-1/TM-2'),$);
#1730=IFCPROPERTYSINGLEVALUE('HH_ton_taller',$,IFCREAL(35.),$);
#1731=IFCPROPERTYSINGLEVALUE('Longitud_m',$,IFCREAL(12.976000000000001),$);
#1732=IFCPROPERTYSET('3KvnGYgrz9EeURUt0rOfql',#19,'Pset_METALITEC',$,(#1727,#1728,#1729,#1730,#1731));
#1733=IFCRELDEFINESBYPROPERTIES('1U1$c4BbL78R9sBs$9mOgt',#19,$,$,(#1725),#1732);
#1734=IFCCARTESIANPOINT((38400.,0.,14000.));
#1735=IFCDIRECTION((0.9864355490725617,0.,-0.16414904058785598));
#1736=IFCDIRECTION((-0.16414904058785601,0.,-0.98643554907256181));
#1737=IFCAXIS2PLACEMENT3D(#1734,#1735,#1736);
#1738=IFCLOCALPLACEMENT(#25,#1737);
#1739=IFCDIRECTION((0.,0.,1.));
#1740=IFCDIRECTION((1.,0.,0.));
#1741=IFCAXIS2PLACEMENT3D(#7,#1739,#1740);
#1742=IFCDIRECTION((0.,0.,1.));
#1743=IFCEXTRUDEDAREASOLID(#37,#1741,#1742,12976.012484580924);
#1744=IFCSHAPEREPRESENTATION(#13,'Body','SweptSolid',(#1743));
#1745=IFCCARTESIANPOINT((0.,0.,0.));
#1746=IFCCARTESIANPOINT((0.,0.,12976.012484580924));
#1747=IFCPOLYLINE((#1745,#1746));
#1748=IFCSHAPEREPRESENTATION(#14,'Axis','Curve3D',(#1747));
#1749=IFCPRODUCTDEFINITIONSHAPE($,$,(#1748,#1744));
#1750=IFCBEAM('2Z4KBFOXjDgvQ1Xj62iK4$',#19,'TM-1/TM-2','IR VAR 3PL 400x400-900',$,#1738,#1749,$,$);
#1751=IFCRELASSOCIATESMATERIAL('0onr_mA19AsvFwH6uKrhnA',#19,$,$,(#1750),#30);
#1752=IFCPROPERTYSINGLEVALUE('Familia',$,IFCLABEL('Trabes seccion variable'),$);
#1753=IFCPROPERTYSINGLEVALUE('Perfil',$,IFCLABEL('IR VAR 3PL 400x400-900'),$);
#1754=IFCPROPERTYSINGLEVALUE('Marca',$,IFCLABEL('TM-1/TM-2'),$);
#1755=IFCPROPERTYSINGLEVALUE('HH_ton_taller',$,IFCREAL(35.),$);
#1756=IFCPROPERTYSINGLEVALUE('Longitud_m',$,IFCREAL(12.976000000000001),$);
#1757=IFCPROPERTYSET('3JIqbVO31EZxu$gUDJbAUI',#19,'Pset_METALITEC',$,(#1752,#1753,#1754,#1755,#1756));
#1758=IFCRELDEFINESBYPROPERTIES('1LzDKXAGj3YuRMgnnb_OKh',#19,$,$,(#1750),#1757);
#1759=IFCCARTESIANPOINT((51200.,0.,11870.));
#1760=IFCDIRECTION((0.9864355490725617,0.,0.16414904058785598));
#1761=IFCDIRECTION((0.16414904058785601,0.,-0.98643554907256181));
#1762=IFCAXIS2PLACEMENT3D(#1759,#1760,#1761);
#1763=IFCLOCALPLACEMENT(#25,#1762);
#1764=IFCDIRECTION((0.,0.,1.));
#1765=IFCDIRECTION((1.,0.,0.));
#1766=IFCAXIS2PLACEMENT3D(#7,#1764,#1765);
#1767=IFCDIRECTION((0.,0.,1.));
#1768=IFCEXTRUDEDAREASOLID(#37,#1766,#1767,12976.012484580924);
#1769=IFCSHAPEREPRESENTATION(#13,'Body','SweptSolid',(#1768));
#1770=IFCCARTESIANPOINT((0.,0.,0.));
#1771=IFCCARTESIANPOINT((0.,0.,12976.012484580924));
#1772=IFCPOLYLINE((#1770,#1771));
#1773=IFCSHAPEREPRESENTATION(#14,'Axis','Curve3D',(#1772));
#1774=IFCPRODUCTDEFINITIONSHAPE($,$,(#1773,#1769));
#1775=IFCBEAM('1MA8Ijm5L9$u4BH8tFUndp',#19,'TM-1/TM-2','IR VAR 3PL 400x400-900',$,#1763,#1774,$,$);
#1776=IFCRELASSOCIATESMATERIAL('0SphNwN595TBu6jMQTmuNL',#19,$,$,(#1775),#30);
#1777=IFCPROPERTYSINGLEVALUE('Familia',$,IFCLABEL('Trabes seccion variable'),$);
#1778=IFCPROPERTYSINGLEVALUE('Perfil',$,IFCLABEL('IR VAR 3PL 400x400-900'),$);
#1779=IFCPROPERTYSINGLEVALUE('Marca',$,IFCLABEL('TM-1/TM-2'),$);
#1780=IFCPROPERTYSINGLEVALUE('HH_ton_taller',$,IFCREAL(35.),$);
#1781=IFCPROPERTYSINGLEVALUE('Longitud_m',$,IFCREAL(12.976000000000001),$);
#1782=IFCPROPERTYSET('1vnPmyzAb0E9y8Rf2mQ6F_',#19,'Pset_METALITEC',$,(#1777,#1778,#1779,#1780,#1781));
#1783=IFCRELDEFINESBYPROPERTIES('2oiueEMiX0KxeWZdemmMlb',#19,$,$,(#1775),#1782);
#1784=IFCCARTESIANPOINT((64000.,0.,14000.));
#1785=IFCDIRECTION((0.9864355490725617,0.,-0.16414904058785598));
#1786=IFCDIRECTION((-0.16414904058785601,0.,-0.98643554907256181));
#1787=IFCAXIS2PLACEMENT3D(#1784,#1785,#1786);
#1788=IFCLOCALPLACEMENT(#25,#1787);
#1789=IFCDIRECTION((0.,0.,1.));
#1790=IFCDIRECTION((1.,0.,0.));
#1791=IFCAXIS2PLACEMENT3D(#7,#1789,#1790);
#1792=IFCDIRECTION((0.,0.,1.));
#1793=IFCEXTRUDEDAREASOLID(#37,#1791,#1792,12976.012484580924);
#1794=IFCSHAPEREPRESENTATION(#13,'Body','SweptSolid',(#1793));
#1795=IFCCARTESIANPOINT((0.,0.,0.));
#1796=IFCCARTESIANPOINT((0.,0.,12976.012484580924));
#1797=IFCPOLYLINE((#1795,#1796));
#1798=IFCSHAPEREPRESENTATION(#14,'Axis','Curve3D',(#1797));
#1799=IFCPRODUCTDEFINITIONSHAPE($,$,(#1798,#1794));
#1800=IFCBEAM('1p$kJtrvTDTPXnkU5ZSwZ6',#19,'TM-1/TM-2','IR VAR 3PL 400x400-900',$,#1788,#1799,$,$);
#1801=IFCRELASSOCIATESMATERIAL('1$Fvkw7zv4KRTpNxRKr$NK',#19,$,$,(#1800),#30);
#1802=IFCPROPERTYSINGLEVALUE('Familia',$,IFCLABEL('Trabes seccion variable'),$);
#1803=IFCPROPERTYSINGLEVALUE('Perfil',$,IFCLABEL('IR VAR 3PL 400x400-900'),$);
#1804=IFCPROPERTYSINGLEVALUE('Marca',$,IFCLABEL('TM-1/TM-2'),$);
#1805=IFCPROPERTYSINGLEVALUE('HH_ton_taller',$,IFCREAL(35.),$);
#1806=IFCPROPERTYSINGLEVALUE('Longitud_m',$,IFCREAL(12.976000000000001),$);
#1807=IFCPROPERTYSET('2n_tUzA9PCSAebDtX6a0i7',#19,'Pset_METALITEC',$,(#1802,#1803,#1804,#1805,#1806));
#1808=IFCRELDEFINESBYPROPERTIES('38Th8gHbTEagmHAtJ1qmDi',#19,$,$,(#1800),#1807);
#1809=IFCCARTESIANPOINT((0.,10000.,11870.));
#1810=IFCDIRECTION((0.9864355490725617,0.,0.16414904058785598));
#1811=IFCDIRECTION((0.16414904058785601,0.,-0.98643554907256181));
#1812=IFCAXIS2PLACEMENT3D(#1809,#1810,#1811);
#1813=IFCLOCALPLACEMENT(#25,#1812);
#1814=IFCDIRECTION((0.,0.,1.));
#1815=IFCDIRECTION((1.,0.,0.));
#1816=IFCAXIS2PLACEMENT3D(#7,#1814,#1815);
#1817=IFCDIRECTION((0.,0.,1.));
#1818=IFCEXTRUDEDAREASOLID(#37,#1816,#1817,12976.012484580924);
#1819=IFCSHAPEREPRESENTATION(#13,'Body','SweptSolid',(#1818));
#1820=IFCCARTESIANPOINT((0.,0.,0.));
#1821=IFCCARTESIANPOINT((0.,0.,12976.012484580924));
#1822=IFCPOLYLINE((#1820,#1821));
#1823=IFCSHAPEREPRESENTATION(#14,'Axis','Curve3D',(#1822));
#1824=IFCPRODUCTDEFINITIONSHAPE($,$,(#1823,#1819));
#1825=IFCBEAM('0uXaOAdUnAkfvozchrXE3o',#19,'TM-1/TM-2','IR VAR 3PL 400x400-900',$,#1813,#1824,$,$);
#1826=IFCRELASSOCIATESMATERIAL('1He3pKWlX4x9fhPrxwMEtH',#19,$,$,(#1825),#30);
#1827=IFCPROPERTYSINGLEVALUE('Familia',$,IFCLABEL('Trabes seccion variable'),$);
#1828=IFCPROPERTYSINGLEVALUE('Perfil',$,IFCLABEL('IR VAR 3PL 400x400-900'),$);
#1829=IFCPROPERTYSINGLEVALUE('Marca',$,IFCLABEL('TM-1/TM-2'),$);
#1830=IFCPROPERTYSINGLEVALUE('HH_ton_taller',$,IFCREAL(35.),$);
#1831=IFCPROPERTYSINGLEVALUE('Longitud_m',$,IFCREAL(12.976000000000001),$);
#1832=IFCPROPERTYSET('1c$XHmUdj1Tfn3zOZJBvfp',#19,'Pset_METALITEC',$,(#1827,#1828,#1829,#1830,#1831));
#1833=IFCRELDEFINESBYPROPERTIES('2Pqb8AcdvA4gwIZG7y5VXm',#19,$,$,(#1825),#1832);
#1834=IFCCARTESIANPOINT((12800.,10000.,14000.));
#1835=IFCDIRECTION((0.9864355490725617,0.,-0.16414904058785598));
#1836=IFCDIRECTION((-0.16414904058785601,0.,-0.98643554907256181));
#1837=IFCAXIS2PLACEMENT3D(#1834,#1835,#1836);
#1838=IFCLOCALPLACEMENT(#25,#1837);
#1839=IFCDIRECTION((0.,0.,1.));
#1840=IFCDIRECTION((1.,0.,0.));
#1841=IFCAXIS2PLACEMENT3D(#7,#1839,#1840);
#1842=IFCDIRECTION((0.,0.,1.));
#1843=IFCEXTRUDEDAREASOLID(#37,#1841,#1842,12976.012484580924);
#1844=IFCSHAPEREPRESENTATION(#13,'Body','SweptSolid',(#1843));
#1845=IFCCARTESIANPOINT((0.,0.,0.));
#1846=IFCCARTESIANPOINT((0.,0.,12976.012484580924));
#1847=IFCPOLYLINE((#1845,#1846));
#1848=IFCSHAPEREPRESENTATION(#14,'Axis','Curve3D',(#1847));
#1849=IFCPRODUCTDEFINITIONSHAPE($,$,(#1848,#1844));
#1850=IFCBEAM('0B1rULOgr8CPoRxCd0ti1u',#19,'TM-1/TM-2','IR VAR 3PL 400x400-900',$,#1838,#1849,$,$);
#1851=IFCRELASSOCIATESMATERIAL('1FcyMxMOf2Wv80Y4EYNmY0',#19,$,$,(#1850),#30);
#1852=IFCPROPERTYSINGLEVALUE('Familia',$,IFCLABEL('Trabes seccion variable'),$);
#1853=IFCPROPERTYSINGLEVALUE('Perfil',$,IFCLABEL('IR VAR 3PL 400x400-900'),$);
#1854=IFCPROPERTYSINGLEVALUE('Marca',$,IFCLABEL('TM-1/TM-2'),$);
#1855=IFCPROPERTYSINGLEVALUE('HH_ton_taller',$,IFCREAL(35.),$);
#1856=IFCPROPERTYSINGLEVALUE('Longitud_m',$,IFCREAL(12.976000000000001),$);
#1857=IFCPROPERTYSET('2q4CSJ7QLBWu_gD209YhXi',#19,'Pset_METALITEC',$,(#1852,#1853,#1854,#1855,#1856));
#1858=IFCRELDEFINESBYPROPERTIES('2LRHvMPA5Cbeh0OF8URDss',#19,$,$,(#1850),#1857);
#1859=IFCCARTESIANPOINT((25600.,10000.,11870.));
#1860=IFCDIRECTION((0.9864355490725617,0.,0.16414904058785598));
#1861=IFCDIRECTION((0.16414904058785601,0.,-0.98643554907256181));
#1862=IFCAXIS2PLACEMENT3D(#1859,#1860,#1861);
#1863=IFCLOCALPLACEMENT(#25,#1862);
#1864=IFCDIRECTION((0.,0.,1.));
#1865=IFCDIRECTION((1.,0.,0.));
#1866=IFCAXIS2PLACEMENT3D(#7,#1864,#1865);
#1867=IFCDIRECTION((0.,0.,1.));
#1868=IFCEXTRUDEDAREASOLID(#37,#1866,#1867,12976.012484580924);
#1869=IFCSHAPEREPRESENTATION(#13,'Body','SweptSolid',(#1868));
#1870=IFCCARTESIANPOINT((0.,0.,0.));
#1871=IFCCARTESIANPOINT((0.,0.,12976.012484580924));
#1872=IFCPOLYLINE((#1870,#1871));
#1873=IFCSHAPEREPRESENTATION(#14,'Axis','Curve3D',(#1872));
#1874=IFCPRODUCTDEFINITIONSHAPE($,$,(#1873,#1869));
#1875=IFCBEAM('2yVjmdHCXCJgXSK7ao9nE5',#19,'TM-1/TM-2','IR VAR 3PL 400x400-900',$,#1863,#1874,$,$);
#1876=IFCRELASSOCIATESMATERIAL('3OVA0nOGX9KeUQ6mIBkquA',#19,$,$,(#1875),#30);
#1877=IFCPROPERTYSINGLEVALUE('Familia',$,IFCLABEL('Trabes seccion variable'),$);
#1878=IFCPROPERTYSINGLEVALUE('Perfil',$,IFCLABEL('IR VAR 3PL 400x400-900'),$);
#1879=IFCPROPERTYSINGLEVALUE('Marca',$,IFCLABEL('TM-1/TM-2'),$);
#1880=IFCPROPERTYSINGLEVALUE('HH_ton_taller',$,IFCREAL(35.),$);
#1881=IFCPROPERTYSINGLEVALUE('Longitud_m',$,IFCREAL(12.976000000000001),$);
#1882=IFCPROPERTYSET('1xMIZnB1PERAjfrHBALgcI',#19,'Pset_METALITEC',$,(#1877,#1878,#1879,#1880,#1881));
#1883=IFCRELDEFINESBYPROPERTIES('2D27Ra6t9BOR80WrFTlERK',#19,$,$,(#1875),#1882);
#1884=IFCCARTESIANPOINT((38400.,10000.,14000.));
#1885=IFCDIRECTION((0.9864355490725617,0.,-0.16414904058785598));
#1886=IFCDIRECTION((-0.16414904058785601,0.,-0.98643554907256181));
#1887=IFCAXIS2PLACEMENT3D(#1884,#1885,#1886);
#1888=IFCLOCALPLACEMENT(#25,#1887);
#1889=IFCDIRECTION((0.,0.,1.));
#1890=IFCDIRECTION((1.,0.,0.));
#1891=IFCAXIS2PLACEMENT3D(#7,#1889,#1890);
#1892=IFCDIRECTION((0.,0.,1.));
#1893=IFCEXTRUDEDAREASOLID(#37,#1891,#1892,12976.012484580924);
#1894=IFCSHAPEREPRESENTATION(#13,'Body','SweptSolid',(#1893));
#1895=IFCCARTESIANPOINT((0.,0.,0.));
#1896=IFCCARTESIANPOINT((0.,0.,12976.012484580924));
#1897=IFCPOLYLINE((#1895,#1896));
#1898=IFCSHAPEREPRESENTATION(#14,'Axis','Curve3D',(#1897));
#1899=IFCPRODUCTDEFINITIONSHAPE($,$,(#1898,#1894));
#1900=IFCBEAM('1zTq$8H_1E0QgFyNVkeiKu',#19,'TM-1/TM-2','IR VAR 3PL 400x400-900',$,#1888,#1899,$,$);
#1901=IFCRELASSOCIATESMATERIAL('37Uwe$id93MvdVbh1lhA1n',#19,$,$,(#1900),#30);
#1902=IFCPROPERTYSINGLEVALUE('Familia',$,IFCLABEL('Trabes seccion variable'),$);
#1903=IFCPROPERTYSINGLEVALUE('Perfil',$,IFCLABEL('IR VAR 3PL 400x400-900'),$);
#1904=IFCPROPERTYSINGLEVALUE('Marca',$,IFCLABEL('TM-1/TM-2'),$);
#1905=IFCPROPERTYSINGLEVALUE('HH_ton_taller',$,IFCREAL(35.),$);
#1906=IFCPROPERTYSINGLEVALUE('Longitud_m',$,IFCREAL(12.976000000000001),$);
#1907=IFCPROPERTYSET('1H6kQ1yiT5vQxrLBplqtvX',#19,'Pset_METALITEC',$,(#1902,#1903,#1904,#1905,#1906));
#1908=IFCRELDEFINESBYPROPERTIES('1QNOquG21BXAOlHjeTzA6X',#19,$,$,(#1900),#1907);
#1909=IFCCARTESIANPOINT((51200.,10000.,11870.));
#1910=IFCDIRECTION((0.9864355490725617,0.,0.16414904058785598));
#1911=IFCDIRECTION((0.16414904058785601,0.,-0.98643554907256181));
#1912=IFCAXIS2PLACEMENT3D(#1909,#1910,#1911);
#1913=IFCLOCALPLACEMENT(#25,#1912);
#1914=IFCDIRECTION((0.,0.,1.));
#1915=IFCDIRECTION((1.,0.,0.));
#1916=IFCAXIS2PLACEMENT3D(#7,#1914,#1915);
#1917=IFCDIRECTION((0.,0.,1.));
#1918=IFCEXTRUDEDAREASOLID(#37,#1916,#1917,12976.012484580924);
#1919=IFCSHAPEREPRESENTATION(#13,'Body','SweptSolid',(#1918));
#1920=IFCCARTESIANPOINT((0.,0.,0.));
#1921=IFCCARTESIANPOINT((0.,0.,12976.012484580924));
#1922=IFCPOLYLINE((#1920,#1921));
#1923=IFCSHAPEREPRESENTATION(#14,'Axis','Curve3D',(#1922));
#1924=IFCPRODUCTDEFINITIONSHAPE($,$,(#1923,#1919));
#1925=IFCBEAM('2ZKbnMvHHB7hymBUfPQpJk',#19,'TM-1/TM-2','IR VAR 3PL 400x400-900',$,#1913,#1924,$,$);
#1926=IFCRELASSOCIATESMATERIAL('0AaPIseOX0u9DS5ussmkfR',#19,$,$,(#1925),#30);
#1927=IFCPROPERTYSINGLEVALUE('Familia',$,IFCLABEL('Trabes seccion variable'),$);
#1928=IFCPROPERTYSINGLEVALUE('Perfil',$,IFCLABEL('IR VAR 3PL 400x400-900'),$);
#1929=IFCPROPERTYSINGLEVALUE('Marca',$,IFCLABEL('TM-1/TM-2'),$);
#1930=IFCPROPERTYSINGLEVALUE('HH_ton_taller',$,IFCREAL(35.),$);
#1931=IFCPROPERTYSINGLEVALUE('Longitud_m',$,IFCREAL(12.976000000000001),$);
#1932=IFCPROPERTYSET('0ctUEBb1TEh8Tq7Zb8fd5e',#19,'Pset_METALITEC',$,(#1927,#1928,#1929,#1930,#1931));
#1933=IFCRELDEFINESBYPROPERTIES('3Wqwpdog53ZOKxU0O$6qYW',#19,$,$,(#1925),#1932);
#1934=IFCCARTESIANPOINT((64000.,10000.,14000.));
#1935=IFCDIRECTION((0.9864355490725617,0.,-0.16414904058785598));
#1936=IFCDIRECTION((-0.16414904058785601,0.,-0.98643554907256181));
#1937=IFCAXIS2PLACEMENT3D(#1934,#1935,#1936);
#1938=IFCLOCALPLACEMENT(#25,#1937);
#1939=IFCDIRECTION((0.,0.,1.));
#1940=IFCDIRECTION((1.,0.,0.));
#1941=IFCAXIS2PLACEMENT3D(#7,#1939,#1940);
#1942=IFCDIRECTION((0.,0.,1.));
#1943=IFCEXTRUDEDAREASOLID(#37,#1941,#1942,12976.012484580924);
#1944=IFCSHAPEREPRESENTATION(#13,'Body','SweptSolid',(#1943));
#1945=IFCCARTESIANPOINT((0.,0.,0.));
#1946=IFCCARTESIANPOINT((0.,0.,12976.012484580924));
#1947=IFCPOLYLINE((#1945,#1946));
#1948=IFCSHAPEREPRESENTATION(#14,'Axis','Curve3D',(#1947));
#1949=IFCPRODUCTDEFINITIONSHAPE($,$,(#1948,#1944));
#1950=IFCBEAM('2lzpmtVA106O5pGIkrEBWh',#19,'TM-1/TM-2','IR VAR 3PL 400x400-900',$,#1938,#1949,$,$);
#1951=IFCRELASSOCIATESMATERIAL('2bdd2Rt1HCrgW$guHygX$9',#19,$,$,(#1950),#30);
#1952=IFCPROPERTYSINGLEVALUE('Familia',$,IFCLABEL('Trabes seccion variable'),$);
#1953=IFCPROPERTYSINGLEVALUE('Perfil',$,IFCLABEL('IR VAR 3PL 400x400-900'),$);
#1954=IFCPROPERTYSINGLEVALUE('Marca',$,IFCLABEL('TM-1/TM-2'),$);
#1955=IFCPROPERTYSINGLEVALUE('HH_ton_taller',$,IFCREAL(35.),$);
#1956=IFCPROPERTYSINGLEVALUE('Longitud_m',$,IFCREAL(12.976000000000001),$);
#1957=IFCPROPERTYSET('2vRx6D47PFV9Wydz8dfNO$',#19,'Pset_METALITEC',$,(#1952,#1953,#1954,#1955,#1956));
#1958=IFCRELDEFINESBYPROPERTIES('1$sGjmh0X6qP26zeTk5GvL',#19,$,$,(#1950),#1957);
#1959=IFCCARTESIANPOINT((0.,20000.,11870.));
#1960=IFCDIRECTION((0.9864355490725617,0.,0.16414904058785598));
#1961=IFCDIRECTION((0.16414904058785601,0.,-0.98643554907256181));
#1962=IFCAXIS2PLACEMENT3D(#1959,#1960,#1961);
#1963=IFCLOCALPLACEMENT(#25,#1962);
#1964=IFCDIRECTION((0.,0.,1.));
#1965=IFCDIRECTION((1.,0.,0.));
#1966=IFCAXIS2PLACEMENT3D(#7,#1964,#1965);
#1967=IFCDIRECTION((0.,0.,1.));
#1968=IFCEXTRUDEDAREASOLID(#37,#1966,#1967,12976.012484580924);
#1969=IFCSHAPEREPRESENTATION(#13,'Body','SweptSolid',(#1968));
#1970=IFCCARTESIANPOINT((0.,0.,0.));
#1971=IFCCARTESIANPOINT((0.,0.,12976.012484580924));
#1972=IFCPOLYLINE((#1970,#1971));
#1973=IFCSHAPEREPRESENTATION(#14,'Axis','Curve3D',(#1972));
#1974=IFCPRODUCTDEFINITIONSHAPE($,$,(#1973,#1969));
#1975=IFCBEAM('182iAz8sb0FhRxlUE3JJY5',#19,'TM-1/TM-2','IR VAR 3PL 400x400-900',$,#1963,#1974,$,$);
#1976=IFCRELASSOCIATESMATERIAL('3CeFcLNI96RuCRr7GaJC8a',#19,$,$,(#1975),#30);
#1977=IFCPROPERTYSINGLEVALUE('Familia',$,IFCLABEL('Trabes seccion variable'),$);
#1978=IFCPROPERTYSINGLEVALUE('Perfil',$,IFCLABEL('IR VAR 3PL 400x400-900'),$);
#1979=IFCPROPERTYSINGLEVALUE('Marca',$,IFCLABEL('TM-1/TM-2'),$);
#1980=IFCPROPERTYSINGLEVALUE('HH_ton_taller',$,IFCREAL(35.),$);
#1981=IFCPROPERTYSINGLEVALUE('Longitud_m',$,IFCREAL(12.976000000000001),$);
#1982=IFCPROPERTYSET('2Zx$ASVI11ceF40T1dqiUT',#19,'Pset_METALITEC',$,(#1977,#1978,#1979,#1980,#1981));
#1983=IFCRELDEFINESBYPROPERTIES('3ANjeE7ezAkAcP7ok6ra9J',#19,$,$,(#1975),#1982);
#1984=IFCCARTESIANPOINT((12800.,20000.,14000.));
#1985=IFCDIRECTION((0.9864355490725617,0.,-0.16414904058785598));
#1986=IFCDIRECTION((-0.16414904058785601,0.,-0.98643554907256181));
#1987=IFCAXIS2PLACEMENT3D(#1984,#1985,#1986);
#1988=IFCLOCALPLACEMENT(#25,#1987);
#1989=IFCDIRECTION((0.,0.,1.));
#1990=IFCDIRECTION((1.,0.,0.));
#1991=IFCAXIS2PLACEMENT3D(#7,#1989,#1990);
#1992=IFCDIRECTION((0.,0.,1.));
#1993=IFCEXTRUDEDAREASOLID(#37,#1991,#1992,12976.012484580924);
#1994=IFCSHAPEREPRESENTATION(#13,'Body','SweptSolid',(#1993));
#1995=IFCCARTESIANPOINT((0.,0.,0.));
#1996=IFCCARTESIANPOINT((0.,0.,12976.012484580924));
#1997=IFCPOLYLINE((#1995,#1996));
#1998=IFCSHAPEREPRESENTATION(#14,'Axis','Curve3D',(#1997));
#1999=IFCPRODUCTDEFINITIONSHAPE($,$,(#1998,#1994));
#2000=IFCBEAM('0aQbhs6$LEX9gSyzW_xaGI',#19,'TM-1/TM-2','IR VAR 3PL 400x400-900',$,#1988,#1999,$,$);
#2001=IFCRELASSOCIATESMATERIAL('3w8Qu1I0n2JOmb_3AoGYqk',#19,$,$,(#2000),#30);
#2002=IFCPROPERTYSINGLEVALUE('Familia',$,IFCLABEL('Trabes seccion variable'),$);
#2003=IFCPROPERTYSINGLEVALUE('Perfil',$,IFCLABEL('IR VAR 3PL 400x400-900'),$);
#2004=IFCPROPERTYSINGLEVALUE('Marca',$,IFCLABEL('TM-1/TM-2'),$);
#2005=IFCPROPERTYSINGLEVALUE('HH_ton_taller',$,IFCREAL(35.),$);
#2006=IFCPROPERTYSINGLEVALUE('Longitud_m',$,IFCREAL(12.976000000000001),$);
#2007=IFCPROPERTYSET('0Q_sW7oBD5Cfv9dsaDGcCD',#19,'Pset_METALITEC',$,(#2002,#2003,#2004,#2005,#2006));
#2008=IFCRELDEFINESBYPROPERTIES('0piTbZbKn5zBYaP3dT_qop',#19,$,$,(#2000),#2007);
#2009=IFCCARTESIANPOINT((25600.,20000.,11870.));
#2010=IFCDIRECTION((0.9864355490725617,0.,0.16414904058785598));
#2011=IFCDIRECTION((0.16414904058785601,0.,-0.98643554907256181));
#2012=IFCAXIS2PLACEMENT3D(#2009,#2010,#2011);
#2013=IFCLOCALPLACEMENT(#25,#2012);
#2014=IFCDIRECTION((0.,0.,1.));
#2015=IFCDIRECTION((1.,0.,0.));
#2016=IFCAXIS2PLACEMENT3D(#7,#2014,#2015);
#2017=IFCDIRECTION((0.,0.,1.));
#2018=IFCEXTRUDEDAREASOLID(#37,#2016,#2017,12976.012484580924);
#2019=IFCSHAPEREPRESENTATION(#13,'Body','SweptSolid',(#2018));
#2020=IFCCARTESIANPOINT((0.,0.,0.));
#2021=IFCCARTESIANPOINT((0.,0.,12976.012484580924));
#2022=IFCPOLYLINE((#2020,#2021));
#2023=IFCSHAPEREPRESENTATION(#14,'Axis','Curve3D',(#2022));
#2024=IFCPRODUCTDEFINITIONSHAPE($,$,(#2023,#2019));
#2025=IFCBEAM('15xG_dIxfEVOyFWnGFDgSm',#19,'TM-1/TM-2','IR VAR 3PL 400x400-900',$,#2013,#2024,$,$);
#2026=IFCRELASSOCIATESMATERIAL('3SZ7ko92TC8PxzAJSuyRwX',#19,$,$,(#2025),#30);
#2027=IFCPROPERTYSINGLEVALUE('Familia',$,IFCLABEL('Trabes seccion variable'),$);
#2028=IFCPROPERTYSINGLEVALUE('Perfil',$,IFCLABEL('IR VAR 3PL 400x400-900'),$);
#2029=IFCPROPERTYSINGLEVALUE('Marca',$,IFCLABEL('TM-1/TM-2'),$);
#2030=IFCPROPERTYSINGLEVALUE('HH_ton_taller',$,IFCREAL(35.),$);
#2031=IFCPROPERTYSINGLEVALUE('Longitud_m',$,IFCREAL(12.976000000000001),$);
#2032=IFCPROPERTYSET('2aE5hAubbDTfXhM1JbaECi',#19,'Pset_METALITEC',$,(#2027,#2028,#2029,#2030,#2031));
#2033=IFCRELDEFINESBYPROPERTIES('1dkFCV$Mf05QhUljJ7Xtw0',#19,$,$,(#2025),#2032);
#2034=IFCCARTESIANPOINT((38400.,20000.,14000.));
#2035=IFCDIRECTION((0.9864355490725617,0.,-0.16414904058785598));
#2036=IFCDIRECTION((-0.16414904058785601,0.,-0.98643554907256181));
#2037=IFCAXIS2PLACEMENT3D(#2034,#2035,#2036);
#2038=IFCLOCALPLACEMENT(#25,#2037);
#2039=IFCDIRECTION((0.,0.,1.));
#2040=IFCDIRECTION((1.,0.,0.));
#2041=IFCAXIS2PLACEMENT3D(#7,#2039,#2040);
#2042=IFCDIRECTION((0.,0.,1.));
#2043=IFCEXTRUDEDAREASOLID(#37,#2041,#2042,12976.012484580924);
#2044=IFCSHAPEREPRESENTATION(#13,'Body','SweptSolid',(#2043));
#2045=IFCCARTESIANPOINT((0.,0.,0.));
#2046=IFCCARTESIANPOINT((0.,0.,12976.012484580924));
#2047=IFCPOLYLINE((#2045,#2046));
#2048=IFCSHAPEREPRESENTATION(#14,'Axis','Curve3D',(#2047));
#2049=IFCPRODUCTDEFINITIONSHAPE($,$,(#2048,#2044));
#2050=IFCBEAM('2JSB_RIyz37xKuPkAdlrEg',#19,'TM-1/TM-2','IR VAR 3PL 400x400-900',$,#2038,#2049,$,$);
#2051=IFCRELASSOCIATESMATERIAL('3yLZTH8Sv6cQ$N4WSfadrX',#19,$,$,(#2050),#30);
#2052=IFCPROPERTYSINGLEVALUE('Familia',$,IFCLABEL('Trabes seccion variable'),$);
#2053=IFCPROPERTYSINGLEVALUE('Perfil',$,IFCLABEL('IR VAR 3PL 400x400-900'),$);
#2054=IFCPROPERTYSINGLEVALUE('Marca',$,IFCLABEL('TM-1/TM-2'),$);
#2055=IFCPROPERTYSINGLEVALUE('HH_ton_taller',$,IFCREAL(35.),$);
#2056=IFCPROPERTYSINGLEVALUE('Longitud_m',$,IFCREAL(12.976000000000001),$);
#2057=IFCPROPERTYSET('2GrOYOYzvEhR_aZFyQVWB$',#19,'Pset_METALITEC',$,(#2052,#2053,#2054,#2055,#2056));
#2058=IFCRELDEFINESBYPROPERTIES('3lnQJ$xijDdx3y7gbBfCIX',#19,$,$,(#2050),#2057);
#2059=IFCCARTESIANPOINT((51200.,20000.,11870.));
#2060=IFCDIRECTION((0.9864355490725617,0.,0.16414904058785598));
#2061=IFCDIRECTION((0.16414904058785601,0.,-0.98643554907256181));
#2062=IFCAXIS2PLACEMENT3D(#2059,#2060,#2061);
#2063=IFCLOCALPLACEMENT(#25,#2062);
#2064=IFCDIRECTION((0.,0.,1.));
#2065=IFCDIRECTION((1.,0.,0.));
#2066=IFCAXIS2PLACEMENT3D(#7,#2064,#2065);
#2067=IFCDIRECTION((0.,0.,1.));
#2068=IFCEXTRUDEDAREASOLID(#37,#2066,#2067,12976.012484580924);
#2069=IFCSHAPEREPRESENTATION(#13,'Body','SweptSolid',(#2068));
#2070=IFCCARTESIANPOINT((0.,0.,0.));
#2071=IFCCARTESIANPOINT((0.,0.,12976.012484580924));
#2072=IFCPOLYLINE((#2070,#2071));
#2073=IFCSHAPEREPRESENTATION(#14,'Axis','Curve3D',(#2072));
#2074=IFCPRODUCTDEFINITIONSHAPE($,$,(#2073,#2069));
#2075=IFCBEAM('1F1bFNN2DB39W6WN8SpRjV',#19,'TM-1/TM-2','IR VAR 3PL 400x400-900',$,#2063,#2074,$,$);
#2076=IFCRELASSOCIATESMATERIAL('3spHV8P3b4ih9hHEkkKmhX',#19,$,$,(#2075),#30);
#2077=IFCPROPERTYSINGLEVALUE('Familia',$,IFCLABEL('Trabes seccion variable'),$);
#2078=IFCPROPERTYSINGLEVALUE('Perfil',$,IFCLABEL('IR VAR 3PL 400x400-900'),$);
#2079=IFCPROPERTYSINGLEVALUE('Marca',$,IFCLABEL('TM-1/TM-2'),$);
#2080=IFCPROPERTYSINGLEVALUE('HH_ton_taller',$,IFCREAL(35.),$);
#2081=IFCPROPERTYSINGLEVALUE('Longitud_m',$,IFCREAL(12.976000000000001),$);
#2082=IFCPROPERTYSET('2OKFlIB$96bvTaVEROikTC',#19,'Pset_METALITEC',$,(#2077,#2078,#2079,#2080,#2081));
#2083=IFCRELDEFINESBYPROPERTIES('0Ub$uHrcrAie3ze7A$gmhx',#19,$,$,(#2075),#2082);
#2084=IFCCARTESIANPOINT((64000.,20000.,14000.));
#2085=IFCDIRECTION((0.9864355490725617,0.,-0.16414904058785598));
#2086=IFCDIRECTION((-0.16414904058785601,0.,-0.98643554907256181));
#2087=IFCAXIS2PLACEMENT3D(#2084,#2085,#2086);
#2088=IFCLOCALPLACEMENT(#25,#2087);
#2089=IFCDIRECTION((0.,0.,1.));
#2090=IFCDIRECTION((1.,0.,0.));
#2091=IFCAXIS2PLACEMENT3D(#7,#2089,#2090);
#2092=IFCDIRECTION((0.,0.,1.));
#2093=IFCEXTRUDEDAREASOLID(#37,#2091,#2092,12976.012484580924);
#2094=IFCSHAPEREPRESENTATION(#13,'Body','SweptSolid',(#2093));
#2095=IFCCARTESIANPOINT((0.,0.,0.));
#2096=IFCCARTESIANPOINT((0.,0.,12976.012484580924));
#2097=IFCPOLYLINE((#2095,#2096));
#2098=IFCSHAPEREPRESENTATION(#14,'Axis','Curve3D',(#2097));
#2099=IFCPRODUCTDEFINITIONSHAPE($,$,(#2098,#2094));
#2100=IFCBEAM('28sP48JVH5ywTHHUNcYV4_',#19,'TM-1/TM-2','IR VAR 3PL 400x400-900',$,#2088,#2099,$,$);
#2101=IFCRELASSOCIATESMATERIAL('1Q0GRad998GBffalzhg3Ao',#19,$,$,(#2100),#30);
#2102=IFCPROPERTYSINGLEVALUE('Familia',$,IFCLABEL('Trabes seccion variable'),$);
#2103=IFCPROPERTYSINGLEVALUE('Perfil',$,IFCLABEL('IR VAR 3PL 400x400-900'),$);
#2104=IFCPROPERTYSINGLEVALUE('Marca',$,IFCLABEL('TM-1/TM-2'),$);
#2105=IFCPROPERTYSINGLEVALUE('HH_ton_taller',$,IFCREAL(35.),$);
#2106=IFCPROPERTYSINGLEVALUE('Longitud_m',$,IFCREAL(12.976000000000001),$);
#2107=IFCPROPERTYSET('3i6QhZIu55q9bonhiTi1bu',#19,'Pset_METALITEC',$,(#2102,#2103,#2104,#2105,#2106));
#2108=IFCRELDEFINESBYPROPERTIES('0MhK9QDEbE1fdEcArJsyKu',#19,$,$,(#2100),#2107);
#2109=IFCCARTESIANPOINT((0.,30000.,11870.));
#2110=IFCDIRECTION((0.9864355490725617,0.,0.16414904058785598));
#2111=IFCDIRECTION((0.16414904058785601,0.,-0.98643554907256181));
#2112=IFCAXIS2PLACEMENT3D(#2109,#2110,#2111);
#2113=IFCLOCALPLACEMENT(#25,#2112);
#2114=IFCDIRECTION((0.,0.,1.));
#2115=IFCDIRECTION((1.,0.,0.));
#2116=IFCAXIS2PLACEMENT3D(#7,#2114,#2115);
#2117=IFCDIRECTION((0.,0.,1.));
#2118=IFCEXTRUDEDAREASOLID(#37,#2116,#2117,12976.012484580924);
#2119=IFCSHAPEREPRESENTATION(#13,'Body','SweptSolid',(#2118));
#2120=IFCCARTESIANPOINT((0.,0.,0.));
#2121=IFCCARTESIANPOINT((0.,0.,12976.012484580924));
#2122=IFCPOLYLINE((#2120,#2121));
#2123=IFCSHAPEREPRESENTATION(#14,'Axis','Curve3D',(#2122));
#2124=IFCPRODUCTDEFINITIONSHAPE($,$,(#2123,#2119));
#2125=IFCBEAM('33Hi6QxiHE$fcE$wW5KRXc',#19,'TM-1/TM-2','IR VAR 3PL 400x400-900',$,#2113,#2124,$,$);
#2126=IFCRELASSOCIATESMATERIAL('1_mKw$lPP0vfGxyk_gVLIZ',#19,$,$,(#2125),#30);
#2127=IFCPROPERTYSINGLEVALUE('Familia',$,IFCLABEL('Trabes seccion variable'),$);
#2128=IFCPROPERTYSINGLEVALUE('Perfil',$,IFCLABEL('IR VAR 3PL 400x400-900'),$);
#2129=IFCPROPERTYSINGLEVALUE('Marca',$,IFCLABEL('TM-1/TM-2'),$);
#2130=IFCPROPERTYSINGLEVALUE('HH_ton_taller',$,IFCREAL(35.),$);
#2131=IFCPROPERTYSINGLEVALUE('Longitud_m',$,IFCREAL(12.976000000000001),$);
#2132=IFCPROPERTYSET('04YEuJmgnB0wIdWAZUe_1l',#19,'Pset_METALITEC',$,(#2127,#2128,#2129,#2130,#2131));
#2133=IFCRELDEFINESBYPROPERTIES('1FVT9iw7LCJg3iwcUybG3c',#19,$,$,(#2125),#2132);
#2134=IFCCARTESIANPOINT((12800.,30000.,14000.));
#2135=IFCDIRECTION((0.9864355490725617,0.,-0.16414904058785598));
#2136=IFCDIRECTION((-0.16414904058785601,0.,-0.98643554907256181));
#2137=IFCAXIS2PLACEMENT3D(#2134,#2135,#2136);
#2138=IFCLOCALPLACEMENT(#25,#2137);
#2139=IFCDIRECTION((0.,0.,1.));
#2140=IFCDIRECTION((1.,0.,0.));
#2141=IFCAXIS2PLACEMENT3D(#7,#2139,#2140);
#2142=IFCDIRECTION((0.,0.,1.));
#2143=IFCEXTRUDEDAREASOLID(#37,#2141,#2142,12976.012484580924);
#2144=IFCSHAPEREPRESENTATION(#13,'Body','SweptSolid',(#2143));
#2145=IFCCARTESIANPOINT((0.,0.,0.));
#2146=IFCCARTESIANPOINT((0.,0.,12976.012484580924));
#2147=IFCPOLYLINE((#2145,#2146));
#2148=IFCSHAPEREPRESENTATION(#14,'Axis','Curve3D',(#2147));
#2149=IFCPRODUCTDEFINITIONSHAPE($,$,(#2148,#2144));
#2150=IFCBEAM('2MN4$b6RPFSxXjhs5jfH$6',#19,'TM-1/TM-2','IR VAR 3PL 400x400-900',$,#2138,#2149,$,$);
#2151=IFCRELASSOCIATESMATERIAL('2JWQQigyPCgvpTtbfnArKo',#19,$,$,(#2150),#30);
#2152=IFCPROPERTYSINGLEVALUE('Familia',$,IFCLABEL('Trabes seccion variable'),$);
#2153=IFCPROPERTYSINGLEVALUE('Perfil',$,IFCLABEL('IR VAR 3PL 400x400-900'),$);
#2154=IFCPROPERTYSINGLEVALUE('Marca',$,IFCLABEL('TM-1/TM-2'),$);
#2155=IFCPROPERTYSINGLEVALUE('HH_ton_taller',$,IFCREAL(35.),$);
#2156=IFCPROPERTYSINGLEVALUE('Longitud_m',$,IFCREAL(12.976000000000001),$);
#2157=IFCPROPERTYSET('2HSXdISqDE7h9S7ff41RAr',#19,'Pset_METALITEC',$,(#2152,#2153,#2154,#2155,#2156));
#2158=IFCRELDEFINESBYPROPERTIES('32viHd6QT969UbggA20A4W',#19,$,$,(#2150),#2157);
#2159=IFCCARTESIANPOINT((25600.,30000.,11870.));
#2160=IFCDIRECTION((0.9864355490725617,0.,0.16414904058785598));
#2161=IFCDIRECTION((0.16414904058785601,0.,-0.98643554907256181));
#2162=IFCAXIS2PLACEMENT3D(#2159,#2160,#2161);
#2163=IFCLOCALPLACEMENT(#25,#2162);
#2164=IFCDIRECTION((0.,0.,1.));
#2165=IFCDIRECTION((1.,0.,0.));
#2166=IFCAXIS2PLACEMENT3D(#7,#2164,#2165);
#2167=IFCDIRECTION((0.,0.,1.));
#2168=IFCEXTRUDEDAREASOLID(#37,#2166,#2167,12976.012484580924);
#2169=IFCSHAPEREPRESENTATION(#13,'Body','SweptSolid',(#2168));
#2170=IFCCARTESIANPOINT((0.,0.,0.));
#2171=IFCCARTESIANPOINT((0.,0.,12976.012484580924));
#2172=IFCPOLYLINE((#2170,#2171));
#2173=IFCSHAPEREPRESENTATION(#14,'Axis','Curve3D',(#2172));
#2174=IFCPRODUCTDEFINITIONSHAPE($,$,(#2173,#2169));
#2175=IFCBEAM('0wWGqaA2j3mgYDOBU$NkjU',#19,'TM-1/TM-2','IR VAR 3PL 400x400-900',$,#2163,#2174,$,$);
#2176=IFCRELASSOCIATESMATERIAL('3Z6Tj0X9v2xeiuABca2ijE',#19,$,$,(#2175),#30);
#2177=IFCPROPERTYSINGLEVALUE('Familia',$,IFCLABEL('Trabes seccion variable'),$);
#2178=IFCPROPERTYSINGLEVALUE('Perfil',$,IFCLABEL('IR VAR 3PL 400x400-900'),$);
#2179=IFCPROPERTYSINGLEVALUE('Marca',$,IFCLABEL('TM-1/TM-2'),$);
#2180=IFCPROPERTYSINGLEVALUE('HH_ton_taller',$,IFCREAL(35.),$);
#2181=IFCPROPERTYSINGLEVALUE('Longitud_m',$,IFCREAL(12.976000000000001),$);
#2182=IFCPROPERTYSET('1gsSIg$SHD5wHN1rtQqDhU',#19,'Pset_METALITEC',$,(#2177,#2178,#2179,#2180,#2181));
#2183=IFCRELDEFINESBYPROPERTIES('0_5naUNUv1ZRcFrPOdSwzt',#19,$,$,(#2175),#2182);
#2184=IFCCARTESIANPOINT((38400.,30000.,14000.));
#2185=IFCDIRECTION((0.9864355490725617,0.,-0.16414904058785598));
#2186=IFCDIRECTION((-0.16414904058785601,0.,-0.98643554907256181));
#2187=IFCAXIS2PLACEMENT3D(#2184,#2185,#2186);
#2188=IFCLOCALPLACEMENT(#25,#2187);
#2189=IFCDIRECTION((0.,0.,1.));
#2190=IFCDIRECTION((1.,0.,0.));
#2191=IFCAXIS2PLACEMENT3D(#7,#2189,#2190);
#2192=IFCDIRECTION((0.,0.,1.));
#2193=IFCEXTRUDEDAREASOLID(#37,#2191,#2192,12976.012484580924);
#2194=IFCSHAPEREPRESENTATION(#13,'Body','SweptSolid',(#2193));
#2195=IFCCARTESIANPOINT((0.,0.,0.));
#2196=IFCCARTESIANPOINT((0.,0.,12976.012484580924));
#2197=IFCPOLYLINE((#2195,#2196));
#2198=IFCSHAPEREPRESENTATION(#14,'Axis','Curve3D',(#2197));
#2199=IFCPRODUCTDEFINITIONSHAPE($,$,(#2198,#2194));
#2200=IFCBEAM('3__oW0exH9IwfbKSGO4d7i',#19,'TM-1/TM-2','IR VAR 3PL 400x400-900',$,#2188,#2199,$,$);
#2201=IFCRELASSOCIATESMATERIAL('2l7xXmMpjAhPOusjaJv_Hg',#19,$,$,(#2200),#30);
#2202=IFCPROPERTYSINGLEVALUE('Familia',$,IFCLABEL('Trabes seccion variable'),$);
#2203=IFCPROPERTYSINGLEVALUE('Perfil',$,IFCLABEL('IR VAR 3PL 400x400-900'),$);
#2204=IFCPROPERTYSINGLEVALUE('Marca',$,IFCLABEL('TM-1/TM-2'),$);
#2205=IFCPROPERTYSINGLEVALUE('HH_ton_taller',$,IFCREAL(35.),$);
#2206=IFCPROPERTYSINGLEVALUE('Longitud_m',$,IFCREAL(12.976000000000001),$);
#2207=IFCPROPERTYSET('3F9R0MUs14XPA4X1J2zlvt',#19,'Pset_METALITEC',$,(#2202,#2203,#2204,#2205,#2206));
#2208=IFCRELDEFINESBYPROPERTIES('0cUgmZQED2tQEoBUNmbTrE',#19,$,$,(#2200),#2207);
#2209=IFCCARTESIANPOINT((51200.,30000.,11870.));
#2210=IFCDIRECTION((0.9864355490725617,0.,0.16414904058785598));
#2211=IFCDIRECTION((0.16414904058785601,0.,-0.98643554907256181));
#2212=IFCAXIS2PLACEMENT3D(#2209,#2210,#2211);
#2213=IFCLOCALPLACEMENT(#25,#2212);
#2214=IFCDIRECTION((0.,0.,1.));
#2215=IFCDIRECTION((1.,0.,0.));
#2216=IFCAXIS2PLACEMENT3D(#7,#2214,#2215);
#2217=IFCDIRECTION((0.,0.,1.));
#2218=IFCEXTRUDEDAREASOLID(#37,#2216,#2217,12976.012484580924);
#2219=IFCSHAPEREPRESENTATION(#13,'Body','SweptSolid',(#2218));
#2220=IFCCARTESIANPOINT((0.,0.,0.));
#2221=IFCCARTESIANPOINT((0.,0.,12976.012484580924));
#2222=IFCPOLYLINE((#2220,#2221));
#2223=IFCSHAPEREPRESENTATION(#14,'Axis','Curve3D',(#2222));
#2224=IFCPRODUCTDEFINITIONSHAPE($,$,(#2223,#2219));
#2225=IFCBEAM('1WmUrMZRfEGggEaYBUOYpL',#19,'TM-1/TM-2','IR VAR 3PL 400x400-900',$,#2213,#2224,$,$);
#2226=IFCRELASSOCIATESMATERIAL('0s5Da62E90JQll5uE0tycY',#19,$,$,(#2225),#30);
#2227=IFCPROPERTYSINGLEVALUE('Familia',$,IFCLABEL('Trabes seccion variable'),$);
#2228=IFCPROPERTYSINGLEVALUE('Perfil',$,IFCLABEL('IR VAR 3PL 400x400-900'),$);
#2229=IFCPROPERTYSINGLEVALUE('Marca',$,IFCLABEL('TM-1/TM-2'),$);
#2230=IFCPROPERTYSINGLEVALUE('HH_ton_taller',$,IFCREAL(35.),$);
#2231=IFCPROPERTYSINGLEVALUE('Longitud_m',$,IFCREAL(12.976000000000001),$);
#2232=IFCPROPERTYSET('2BG9$GZ5PCP9HpsYkZzR4U',#19,'Pset_METALITEC',$,(#2227,#2228,#2229,#2230,#2231));
#2233=IFCRELDEFINESBYPROPERTIES('2R$BeewOfBXOEd0BC5uO1Y',#19,$,$,(#2225),#2232);
#2234=IFCCARTESIANPOINT((64000.,30000.,14000.));
#2235=IFCDIRECTION((0.9864355490725617,0.,-0.16414904058785598));
#2236=IFCDIRECTION((-0.16414904058785601,0.,-0.98643554907256181));
#2237=IFCAXIS2PLACEMENT3D(#2234,#2235,#2236);
#2238=IFCLOCALPLACEMENT(#25,#2237);
#2239=IFCDIRECTION((0.,0.,1.));
#2240=IFCDIRECTION((1.,0.,0.));
#2241=IFCAXIS2PLACEMENT3D(#7,#2239,#2240);
#2242=IFCDIRECTION((0.,0.,1.));
#2243=IFCEXTRUDEDAREASOLID(#37,#2241,#2242,12976.012484580924);
#2244=IFCSHAPEREPRESENTATION(#13,'Body','SweptSolid',(#2243));
#2245=IFCCARTESIANPOINT((0.,0.,0.));
#2246=IFCCARTESIANPOINT((0.,0.,12976.012484580924));
#2247=IFCPOLYLINE((#2245,#2246));
#2248=IFCSHAPEREPRESENTATION(#14,'Axis','Curve3D',(#2247));
#2249=IFCPRODUCTDEFINITIONSHAPE($,$,(#2248,#2244));
#2250=IFCBEAM('2nrAglPrPF3wFJOuIyMTjM',#19,'TM-1/TM-2','IR VAR 3PL 400x400-900',$,#2238,#2249,$,$);
#2251=IFCRELASSOCIATESMATERIAL('08So3rtqXAMhLOYC0gan8r',#19,$,$,(#2250),#30);
#2252=IFCPROPERTYSINGLEVALUE('Familia',$,IFCLABEL('Trabes seccion variable'),$);
#2253=IFCPROPERTYSINGLEVALUE('Perfil',$,IFCLABEL('IR VAR 3PL 400x400-900'),$);
#2254=IFCPROPERTYSINGLEVALUE('Marca',$,IFCLABEL('TM-1/TM-2'),$);
#2255=IFCPROPERTYSINGLEVALUE('HH_ton_taller',$,IFCREAL(35.),$);
#2256=IFCPROPERTYSINGLEVALUE('Longitud_m',$,IFCREAL(12.976000000000001),$);
#2257=IFCPROPERTYSET('02LwNuh4n1URGLpJ6Ha3zc',#19,'Pset_METALITEC',$,(#2252,#2253,#2254,#2255,#2256));
#2258=IFCRELDEFINESBYPROPERTIES('3YSebLZ252WQlwdMM5cjf0',#19,$,$,(#2250),#2257);
#2259=IFCCARTESIANPOINT((0.,40000.,11870.));
#2260=IFCDIRECTION((0.9864355490725617,0.,0.16414904058785598));
#2261=IFCDIRECTION((0.16414904058785601,0.,-0.98643554907256181));
#2262=IFCAXIS2PLACEMENT3D(#2259,#2260,#2261);
#2263=IFCLOCALPLACEMENT(#25,#2262);
#2264=IFCDIRECTION((0.,0.,1.));
#2265=IFCDIRECTION((1.,0.,0.));
#2266=IFCAXIS2PLACEMENT3D(#7,#2264,#2265);
#2267=IFCDIRECTION((0.,0.,1.));
#2268=IFCEXTRUDEDAREASOLID(#37,#2266,#2267,12976.012484580924);
#2269=IFCSHAPEREPRESENTATION(#13,'Body','SweptSolid',(#2268));
#2270=IFCCARTESIANPOINT((0.,0.,0.));
#2271=IFCCARTESIANPOINT((0.,0.,12976.012484580924));
#2272=IFCPOLYLINE((#2270,#2271));
#2273=IFCSHAPEREPRESENTATION(#14,'Axis','Curve3D',(#2272));
#2274=IFCPRODUCTDEFINITIONSHAPE($,$,(#2273,#2269));
#2275=IFCBEAM('3lVn6LF0DFSumie7JCF3OD',#19,'TM-1/TM-2','IR VAR 3PL 400x400-900',$,#2263,#2274,$,$);
#2276=IFCRELASSOCIATESMATERIAL('3zF$JX6HvA_QVyCnKVNuIy',#19,$,$,(#2275),#30);
#2277=IFCPROPERTYSINGLEVALUE('Familia',$,IFCLABEL('Trabes seccion variable'),$);
#2278=IFCPROPERTYSINGLEVALUE('Perfil',$,IFCLABEL('IR VAR 3PL 400x400-900'),$);
#2279=IFCPROPERTYSINGLEVALUE('Marca',$,IFCLABEL('TM-1/TM-2'),$);
#2280=IFCPROPERTYSINGLEVALUE('HH_ton_taller',$,IFCREAL(35.),$);
#2281=IFCPROPERTYSINGLEVALUE('Longitud_m',$,IFCREAL(12.976000000000001),$);
#2282=IFCPROPERTYSET('1aS$zpS8PEUQq6ubD2OQDm',#19,'Pset_METALITEC',$,(#2277,#2278,#2279,#2280,#2281));
#2283=IFCRELDEFINESBYPROPERTIES('0_RR$96WrCYf6dnGS7aIgZ',#19,$,$,(#2275),#2282);
#2284=IFCCARTESIANPOINT((12800.,40000.,14000.));
#2285=IFCDIRECTION((0.9864355490725617,0.,-0.16414904058785598));
#2286=IFCDIRECTION((-0.16414904058785601,0.,-0.98643554907256181));
#2287=IFCAXIS2PLACEMENT3D(#2284,#2285,#2286);
#2288=IFCLOCALPLACEMENT(#25,#2287);
#2289=IFCDIRECTION((0.,0.,1.));
#2290=IFCDIRECTION((1.,0.,0.));
#2291=IFCAXIS2PLACEMENT3D(#7,#2289,#2290);
#2292=IFCDIRECTION((0.,0.,1.));
#2293=IFCEXTRUDEDAREASOLID(#37,#2291,#2292,12976.012484580924);
#2294=IFCSHAPEREPRESENTATION(#13,'Body','SweptSolid',(#2293));
#2295=IFCCARTESIANPOINT((0.,0.,0.));
#2296=IFCCARTESIANPOINT((0.,0.,12976.012484580924));
#2297=IFCPOLYLINE((#2295,#2296));
#2298=IFCSHAPEREPRESENTATION(#14,'Axis','Curve3D',(#2297));
#2299=IFCPRODUCTDEFINITIONSHAPE($,$,(#2298,#2294));
#2300=IFCBEAM('33oO7AT3vAaRlHwRfERNCP',#19,'TM-1/TM-2','IR VAR 3PL 400x400-900',$,#2288,#2299,$,$);
#2301=IFCRELASSOCIATESMATERIAL('3HbWCQRaP8hRTAwrVKz6ms',#19,$,$,(#2300),#30);
#2302=IFCPROPERTYSINGLEVALUE('Familia',$,IFCLABEL('Trabes seccion variable'),$);
#2303=IFCPROPERTYSINGLEVALUE('Perfil',$,IFCLABEL('IR VAR 3PL 400x400-900'),$);
#2304=IFCPROPERTYSINGLEVALUE('Marca',$,IFCLABEL('TM-1/TM-2'),$);
#2305=IFCPROPERTYSINGLEVALUE('HH_ton_taller',$,IFCREAL(35.),$);
#2306=IFCPROPERTYSINGLEVALUE('Longitud_m',$,IFCREAL(12.976000000000001),$);
#2307=IFCPROPERTYSET('0$QdEqMHn3vgfMT5zfhGPP',#19,'Pset_METALITEC',$,(#2302,#2303,#2304,#2305,#2306));
#2308=IFCRELDEFINESBYPROPERTIES('3qxcKYoALAYuTuqow9BYu$',#19,$,$,(#2300),#2307);
#2309=IFCCARTESIANPOINT((25600.,40000.,11870.));
#2310=IFCDIRECTION((0.9864355490725617,0.,0.16414904058785598));
#2311=IFCDIRECTION((0.16414904058785601,0.,-0.98643554907256181));
#2312=IFCAXIS2PLACEMENT3D(#2309,#2310,#2311);
#2313=IFCLOCALPLACEMENT(#25,#2312);
#2314=IFCDIRECTION((0.,0.,1.));
#2315=IFCDIRECTION((1.,0.,0.));
#2316=IFCAXIS2PLACEMENT3D(#7,#2314,#2315);
#2317=IFCDIRECTION((0.,0.,1.));
#2318=IFCEXTRUDEDAREASOLID(#37,#2316,#2317,12976.012484580924);
#2319=IFCSHAPEREPRESENTATION(#13,'Body','SweptSolid',(#2318));
#2320=IFCCARTESIANPOINT((0.,0.,0.));
#2321=IFCCARTESIANPOINT((0.,0.,12976.012484580924));
#2322=IFCPOLYLINE((#2320,#2321));
#2323=IFCSHAPEREPRESENTATION(#14,'Axis','Curve3D',(#2322));
#2324=IFCPRODUCTDEFINITIONSHAPE($,$,(#2323,#2319));
#2325=IFCBEAM('3XTo51SSXB6gzxI9tlr0LC',#19,'TM-1/TM-2','IR VAR 3PL 400x400-900',$,#2313,#2324,$,$);
#2326=IFCRELASSOCIATESMATERIAL('29hbb4wAn3xAZMQ$t0WYSk',#19,$,$,(#2325),#30);
#2327=IFCPROPERTYSINGLEVALUE('Familia',$,IFCLABEL('Trabes seccion variable'),$);
#2328=IFCPROPERTYSINGLEVALUE('Perfil',$,IFCLABEL('IR VAR 3PL 400x400-900'),$);
#2329=IFCPROPERTYSINGLEVALUE('Marca',$,IFCLABEL('TM-1/TM-2'),$);
#2330=IFCPROPERTYSINGLEVALUE('HH_ton_taller',$,IFCREAL(35.),$);
#2331=IFCPROPERTYSINGLEVALUE('Longitud_m',$,IFCREAL(12.976000000000001),$);
#2332=IFCPROPERTYSET('39g1VQFDnFtOAKMo$uXLeK',#19,'Pset_METALITEC',$,(#2327,#2328,#2329,#2330,#2331));
#2333=IFCRELDEFINESBYPROPERTIES('1kDJDB43XEuPwK3F9pNp_3',#19,$,$,(#2325),#2332);
#2334=IFCCARTESIANPOINT((38400.,40000.,14000.));
#2335=IFCDIRECTION((0.9864355490725617,0.,-0.16414904058785598));
#2336=IFCDIRECTION((-0.16414904058785601,0.,-0.98643554907256181));
#2337=IFCAXIS2PLACEMENT3D(#2334,#2335,#2336);
#2338=IFCLOCALPLACEMENT(#25,#2337);
#2339=IFCDIRECTION((0.,0.,1.));
#2340=IFCDIRECTION((1.,0.,0.));
#2341=IFCAXIS2PLACEMENT3D(#7,#2339,#2340);
#2342=IFCDIRECTION((0.,0.,1.));
#2343=IFCEXTRUDEDAREASOLID(#37,#2341,#2342,12976.012484580924);
#2344=IFCSHAPEREPRESENTATION(#13,'Body','SweptSolid',(#2343));
#2345=IFCCARTESIANPOINT((0.,0.,0.));
#2346=IFCCARTESIANPOINT((0.,0.,12976.012484580924));
#2347=IFCPOLYLINE((#2345,#2346));
#2348=IFCSHAPEREPRESENTATION(#14,'Axis','Curve3D',(#2347));
#2349=IFCPRODUCTDEFINITIONSHAPE($,$,(#2348,#2344));
#2350=IFCBEAM('2bP3CGkFX3Uget3X0XhLmW',#19,'TM-1/TM-2','IR VAR 3PL 400x400-900',$,#2338,#2349,$,$);
#2351=IFCRELASSOCIATESMATERIAL('3N$Afn2jzBnO27EppaQW56',#19,$,$,(#2350),#30);
#2352=IFCPROPERTYSINGLEVALUE('Familia',$,IFCLABEL('Trabes seccion variable'),$);
#2353=IFCPROPERTYSINGLEVALUE('Perfil',$,IFCLABEL('IR VAR 3PL 400x400-900'),$);
#2354=IFCPROPERTYSINGLEVALUE('Marca',$,IFCLABEL('TM-1/TM-2'),$);
#2355=IFCPROPERTYSINGLEVALUE('HH_ton_taller',$,IFCREAL(35.),$);
#2356=IFCPROPERTYSINGLEVALUE('Longitud_m',$,IFCREAL(12.976000000000001),$);
#2357=IFCPROPERTYSET('258$WprVv4RxbJ$dtvZNsv',#19,'Pset_METALITEC',$,(#2352,#2353,#2354,#2355,#2356));
#2358=IFCRELDEFINESBYPROPERTIES('1013gC16jFEAsmo$$EBuXq',#19,$,$,(#2350),#2357);
#2359=IFCCARTESIANPOINT((51200.,40000.,11870.));
#2360=IFCDIRECTION((0.9864355490725617,0.,0.16414904058785598));
#2361=IFCDIRECTION((0.16414904058785601,0.,-0.98643554907256181));
#2362=IFCAXIS2PLACEMENT3D(#2359,#2360,#2361);
#2363=IFCLOCALPLACEMENT(#25,#2362);
#2364=IFCDIRECTION((0.,0.,1.));
#2365=IFCDIRECTION((1.,0.,0.));
#2366=IFCAXIS2PLACEMENT3D(#7,#2364,#2365);
#2367=IFCDIRECTION((0.,0.,1.));
#2368=IFCEXTRUDEDAREASOLID(#37,#2366,#2367,12976.012484580924);
#2369=IFCSHAPEREPRESENTATION(#13,'Body','SweptSolid',(#2368));
#2370=IFCCARTESIANPOINT((0.,0.,0.));
#2371=IFCCARTESIANPOINT((0.,0.,12976.012484580924));
#2372=IFCPOLYLINE((#2370,#2371));
#2373=IFCSHAPEREPRESENTATION(#14,'Axis','Curve3D',(#2372));
#2374=IFCPRODUCTDEFINITIONSHAPE($,$,(#2373,#2369));
#2375=IFCBEAM('1_Baa7flXEOeZZW7udxRmu',#19,'TM-1/TM-2','IR VAR 3PL 400x400-900',$,#2363,#2374,$,$);
#2376=IFCRELASSOCIATESMATERIAL('3KfmnEAwr3WOsFxZuROx5x',#19,$,$,(#2375),#30);
#2377=IFCPROPERTYSINGLEVALUE('Familia',$,IFCLABEL('Trabes seccion variable'),$);
#2378=IFCPROPERTYSINGLEVALUE('Perfil',$,IFCLABEL('IR VAR 3PL 400x400-900'),$);
#2379=IFCPROPERTYSINGLEVALUE('Marca',$,IFCLABEL('TM-1/TM-2'),$);
#2380=IFCPROPERTYSINGLEVALUE('HH_ton_taller',$,IFCREAL(35.),$);
#2381=IFCPROPERTYSINGLEVALUE('Longitud_m',$,IFCREAL(12.976000000000001),$);
#2382=IFCPROPERTYSET('3KgXX4Rt9BQv733ckE0wbW',#19,'Pset_METALITEC',$,(#2377,#2378,#2379,#2380,#2381));
#2383=IFCRELDEFINESBYPROPERTIES('3HhhO$ziLFpQuLV5vb$CGf',#19,$,$,(#2375),#2382);
#2384=IFCCARTESIANPOINT((64000.,40000.,14000.));
#2385=IFCDIRECTION((0.9864355490725617,0.,-0.16414904058785598));
#2386=IFCDIRECTION((-0.16414904058785601,0.,-0.98643554907256181));
#2387=IFCAXIS2PLACEMENT3D(#2384,#2385,#2386);
#2388=IFCLOCALPLACEMENT(#25,#2387);
#2389=IFCDIRECTION((0.,0.,1.));
#2390=IFCDIRECTION((1.,0.,0.));
#2391=IFCAXIS2PLACEMENT3D(#7,#2389,#2390);
#2392=IFCDIRECTION((0.,0.,1.));
#2393=IFCEXTRUDEDAREASOLID(#37,#2391,#2392,12976.012484580924);
#2394=IFCSHAPEREPRESENTATION(#13,'Body','SweptSolid',(#2393));
#2395=IFCCARTESIANPOINT((0.,0.,0.));
#2396=IFCCARTESIANPOINT((0.,0.,12976.012484580924));
#2397=IFCPOLYLINE((#2395,#2396));
#2398=IFCSHAPEREPRESENTATION(#14,'Axis','Curve3D',(#2397));
#2399=IFCPRODUCTDEFINITIONSHAPE($,$,(#2398,#2394));
#2400=IFCBEAM('3ngjg75HT1fPihXXCtAWBj',#19,'TM-1/TM-2','IR VAR 3PL 400x400-900',$,#2388,#2399,$,$);
#2401=IFCRELASSOCIATESMATERIAL('2dSfY8P0f4lArrrtOOIZnK',#19,$,$,(#2400),#30);
#2402=IFCPROPERTYSINGLEVALUE('Familia',$,IFCLABEL('Trabes seccion variable'),$);
#2403=IFCPROPERTYSINGLEVALUE('Perfil',$,IFCLABEL('IR VAR 3PL 400x400-900'),$);
#2404=IFCPROPERTYSINGLEVALUE('Marca',$,IFCLABEL('TM-1/TM-2'),$);
#2405=IFCPROPERTYSINGLEVALUE('HH_ton_taller',$,IFCREAL(35.),$);
#2406=IFCPROPERTYSINGLEVALUE('Longitud_m',$,IFCREAL(12.976000000000001),$);
#2407=IFCPROPERTYSET('2SRqzaIJL3oQ3q6gwc3iaO',#19,'Pset_METALITEC',$,(#2402,#2403,#2404,#2405,#2406));
#2408=IFCRELDEFINESBYPROPERTIES('3Rqcx$$j995R1Q47M_rN7J',#19,$,$,(#2400),#2407);
#2409=IFCCARTESIANPOINT((0.,50000.,11870.));
#2410=IFCDIRECTION((0.9864355490725617,0.,0.16414904058785598));
#2411=IFCDIRECTION((0.16414904058785601,0.,-0.98643554907256181));
#2412=IFCAXIS2PLACEMENT3D(#2409,#2410,#2411);
#2413=IFCLOCALPLACEMENT(#25,#2412);
#2414=IFCDIRECTION((0.,0.,1.));
#2415=IFCDIRECTION((1.,0.,0.));
#2416=IFCAXIS2PLACEMENT3D(#7,#2414,#2415);
#2417=IFCDIRECTION((0.,0.,1.));
#2418=IFCEXTRUDEDAREASOLID(#37,#2416,#2417,12976.012484580924);
#2419=IFCSHAPEREPRESENTATION(#13,'Body','SweptSolid',(#2418));
#2420=IFCCARTESIANPOINT((0.,0.,0.));
#2421=IFCCARTESIANPOINT((0.,0.,12976.012484580924));
#2422=IFCPOLYLINE((#2420,#2421));
#2423=IFCSHAPEREPRESENTATION(#14,'Axis','Curve3D',(#2422));
#2424=IFCPRODUCTDEFINITIONSHAPE($,$,(#2423,#2419));
#2425=IFCBEAM('3jPprA7yr0CuzNweMUx5Se',#19,'TM-1/TM-2','IR VAR 3PL 400x400-900',$,#2413,#2424,$,$);
#2426=IFCRELASSOCIATESMATERIAL('2jiSHWT_zETRWqTxdXAo38',#19,$,$,(#2425),#30);
#2427=IFCPROPERTYSINGLEVALUE('Familia',$,IFCLABEL('Trabes seccion variable'),$);
#2428=IFCPROPERTYSINGLEVALUE('Perfil',$,IFCLABEL('IR VAR 3PL 400x400-900'),$);
#2429=IFCPROPERTYSINGLEVALUE('Marca',$,IFCLABEL('TM-1/TM-2'),$);
#2430=IFCPROPERTYSINGLEVALUE('HH_ton_taller',$,IFCREAL(35.),$);
#2431=IFCPROPERTYSINGLEVALUE('Longitud_m',$,IFCREAL(12.976000000000001),$);
#2432=IFCPROPERTYSET('3fVNV8utT7a85Q8bGXS7sH',#19,'Pset_METALITEC',$,(#2427,#2428,#2429,#2430,#2431));
#2433=IFCRELDEFINESBYPROPERTIES('04s0iBUTjBdwCp2p6_SZ8f',#19,$,$,(#2425),#2432);
#2434=IFCCARTESIANPOINT((12800.,50000.,14000.));
#2435=IFCDIRECTION((0.9864355490725617,0.,-0.16414904058785598));
#2436=IFCDIRECTION((-0.16414904058785601,0.,-0.98643554907256181));
#2437=IFCAXIS2PLACEMENT3D(#2434,#2435,#2436);
#2438=IFCLOCALPLACEMENT(#25,#2437);
#2439=IFCDIRECTION((0.,0.,1.));
#2440=IFCDIRECTION((1.,0.,0.));
#2441=IFCAXIS2PLACEMENT3D(#7,#2439,#2440);
#2442=IFCDIRECTION((0.,0.,1.));
#2443=IFCEXTRUDEDAREASOLID(#37,#2441,#2442,12976.012484580924);
#2444=IFCSHAPEREPRESENTATION(#13,'Body','SweptSolid',(#2443));
#2445=IFCCARTESIANPOINT((0.,0.,0.));
#2446=IFCCARTESIANPOINT((0.,0.,12976.012484580924));
#2447=IFCPOLYLINE((#2445,#2446));
#2448=IFCSHAPEREPRESENTATION(#14,'Axis','Curve3D',(#2447));
#2449=IFCPRODUCTDEFINITIONSHAPE($,$,(#2448,#2444));
#2450=IFCBEAM('0NqcUWUcn6LfcVP2C1aC8i',#19,'TM-1/TM-2','IR VAR 3PL 400x400-900',$,#2438,#2449,$,$);
#2451=IFCRELASSOCIATESMATERIAL('2mqchHlGX7hv6c3En71qIY',#19,$,$,(#2450),#30);
#2452=IFCPROPERTYSINGLEVALUE('Familia',$,IFCLABEL('Trabes seccion variable'),$);
#2453=IFCPROPERTYSINGLEVALUE('Perfil',$,IFCLABEL('IR VAR 3PL 400x400-900'),$);
#2454=IFCPROPERTYSINGLEVALUE('Marca',$,IFCLABEL('TM-1/TM-2'),$);
#2455=IFCPROPERTYSINGLEVALUE('HH_ton_taller',$,IFCREAL(35.),$);
#2456=IFCPROPERTYSINGLEVALUE('Longitud_m',$,IFCREAL(12.976000000000001),$);
#2457=IFCPROPERTYSET('2jzHqvfar9vuOG4yKxgXgK',#19,'Pset_METALITEC',$,(#2452,#2453,#2454,#2455,#2456));
#2458=IFCRELDEFINESBYPROPERTIES('2VPLWjVATC$BxIROm4kB4W',#19,$,$,(#2450),#2457);
#2459=IFCCARTESIANPOINT((25600.,50000.,11870.));
#2460=IFCDIRECTION((0.9864355490725617,0.,0.16414904058785598));
#2461=IFCDIRECTION((0.16414904058785601,0.,-0.98643554907256181));
#2462=IFCAXIS2PLACEMENT3D(#2459,#2460,#2461);
#2463=IFCLOCALPLACEMENT(#25,#2462);
#2464=IFCDIRECTION((0.,0.,1.));
#2465=IFCDIRECTION((1.,0.,0.));
#2466=IFCAXIS2PLACEMENT3D(#7,#2464,#2465);
#2467=IFCDIRECTION((0.,0.,1.));
#2468=IFCEXTRUDEDAREASOLID(#37,#2466,#2467,12976.012484580924);
#2469=IFCSHAPEREPRESENTATION(#13,'Body','SweptSolid',(#2468));
#2470=IFCCARTESIANPOINT((0.,0.,0.));
#2471=IFCCARTESIANPOINT((0.,0.,12976.012484580924));
#2472=IFCPOLYLINE((#2470,#2471));
#2473=IFCSHAPEREPRESENTATION(#14,'Axis','Curve3D',(#2472));
#2474=IFCPRODUCTDEFINITIONSHAPE($,$,(#2473,#2469));
#2475=IFCBEAM('1tFzTJw2v2k8i$ne2Re7jz',#19,'TM-1/TM-2','IR VAR 3PL 400x400-900',$,#2463,#2474,$,$);
#2476=IFCRELASSOCIATESMATERIAL('0kpCpcMyj6BBCHS3IJ$_Dr',#19,$,$,(#2475),#30);
#2477=IFCPROPERTYSINGLEVALUE('Familia',$,IFCLABEL('Trabes seccion variable'),$);
#2478=IFCPROPERTYSINGLEVALUE('Perfil',$,IFCLABEL('IR VAR 3PL 400x400-900'),$);
#2479=IFCPROPERTYSINGLEVALUE('Marca',$,IFCLABEL('TM-1/TM-2'),$);
#2480=IFCPROPERTYSINGLEVALUE('HH_ton_taller',$,IFCREAL(35.),$);
#2481=IFCPROPERTYSINGLEVALUE('Longitud_m',$,IFCREAL(12.976000000000001),$);
#2482=IFCPROPERTYSET('0w_qojhDz2OfkKb1t7XI5y',#19,'Pset_METALITEC',$,(#2477,#2478,#2479,#2480,#2481));
#2483=IFCRELDEFINESBYPROPERTIES('3cFdsUah15sxVrWBKk8hXR',#19,$,$,(#2475),#2482);
#2484=IFCCARTESIANPOINT((38400.,50000.,14000.));
#2485=IFCDIRECTION((0.9864355490725617,0.,-0.16414904058785598));
#2486=IFCDIRECTION((-0.16414904058785601,0.,-0.98643554907256181));
#2487=IFCAXIS2PLACEMENT3D(#2484,#2485,#2486);
#2488=IFCLOCALPLACEMENT(#25,#2487);
#2489=IFCDIRECTION((0.,0.,1.));
#2490=IFCDIRECTION((1.,0.,0.));
#2491=IFCAXIS2PLACEMENT3D(#7,#2489,#2490);
#2492=IFCDIRECTION((0.,0.,1.));
#2493=IFCEXTRUDEDAREASOLID(#37,#2491,#2492,12976.012484580924);
#2494=IFCSHAPEREPRESENTATION(#13,'Body','SweptSolid',(#2493));
#2495=IFCCARTESIANPOINT((0.,0.,0.));
#2496=IFCCARTESIANPOINT((0.,0.,12976.012484580924));
#2497=IFCPOLYLINE((#2495,#2496));
#2498=IFCSHAPEREPRESENTATION(#14,'Axis','Curve3D',(#2497));
#2499=IFCPRODUCTDEFINITIONSHAPE($,$,(#2498,#2494));
#2500=IFCBEAM('3e9f_hKjv1hB3uuWdFVM58',#19,'TM-1/TM-2','IR VAR 3PL 400x400-900',$,#2488,#2499,$,$);
#2501=IFCRELASSOCIATESMATERIAL('2lZhUe$v571PQM1zNmWORS',#19,$,$,(#2500),#30);
#2502=IFCPROPERTYSINGLEVALUE('Familia',$,IFCLABEL('Trabes seccion variable'),$);
#2503=IFCPROPERTYSINGLEVALUE('Perfil',$,IFCLABEL('IR VAR 3PL 400x400-900'),$);
#2504=IFCPROPERTYSINGLEVALUE('Marca',$,IFCLABEL('TM-1/TM-2'),$);
#2505=IFCPROPERTYSINGLEVALUE('HH_ton_taller',$,IFCREAL(35.),$);
#2506=IFCPROPERTYSINGLEVALUE('Longitud_m',$,IFCREAL(12.976000000000001),$);
#2507=IFCPROPERTYSET('1Y2i67MDz4XfVi2ECInZtw',#19,'Pset_METALITEC',$,(#2502,#2503,#2504,#2505,#2506));
#2508=IFCRELDEFINESBYPROPERTIES('3O73Yq8Pv9jBm3INZHtXD_',#19,$,$,(#2500),#2507);
#2509=IFCCARTESIANPOINT((51200.,50000.,11870.));
#2510=IFCDIRECTION((0.9864355490725617,0.,0.16414904058785598));
#2511=IFCDIRECTION((0.16414904058785601,0.,-0.98643554907256181));
#2512=IFCAXIS2PLACEMENT3D(#2509,#2510,#2511);
#2513=IFCLOCALPLACEMENT(#25,#2512);
#2514=IFCDIRECTION((0.,0.,1.));
#2515=IFCDIRECTION((1.,0.,0.));
#2516=IFCAXIS2PLACEMENT3D(#7,#2514,#2515);
#2517=IFCDIRECTION((0.,0.,1.));
#2518=IFCEXTRUDEDAREASOLID(#37,#2516,#2517,12976.012484580924);
#2519=IFCSHAPEREPRESENTATION(#13,'Body','SweptSolid',(#2518));
#2520=IFCCARTESIANPOINT((0.,0.,0.));
#2521=IFCCARTESIANPOINT((0.,0.,12976.012484580924));
#2522=IFCPOLYLINE((#2520,#2521));
#2523=IFCSHAPEREPRESENTATION(#14,'Axis','Curve3D',(#2522));
#2524=IFCPRODUCTDEFINITIONSHAPE($,$,(#2523,#2519));
#2525=IFCBEAM('3Uj0somknFcxH9SkjjwfeB',#19,'TM-1/TM-2','IR VAR 3PL 400x400-900',$,#2513,#2524,$,$);
#2526=IFCRELASSOCIATESMATERIAL('2OWnSia2P2hxR4ZLgia$Fo',#19,$,$,(#2525),#30);
#2527=IFCPROPERTYSINGLEVALUE('Familia',$,IFCLABEL('Trabes seccion variable'),$);
#2528=IFCPROPERTYSINGLEVALUE('Perfil',$,IFCLABEL('IR VAR 3PL 400x400-900'),$);
#2529=IFCPROPERTYSINGLEVALUE('Marca',$,IFCLABEL('TM-1/TM-2'),$);
#2530=IFCPROPERTYSINGLEVALUE('HH_ton_taller',$,IFCREAL(35.),$);
#2531=IFCPROPERTYSINGLEVALUE('Longitud_m',$,IFCREAL(12.976000000000001),$);
#2532=IFCPROPERTYSET('1fu3PmzMn1jOzPaOmV_Lf1',#19,'Pset_METALITEC',$,(#2527,#2528,#2529,#2530,#2531));
#2533=IFCRELDEFINESBYPROPERTIES('3SALgB$jj2R8$dAjRXAvTj',#19,$,$,(#2525),#2532);
#2534=IFCCARTESIANPOINT((64000.,50000.,14000.));
#2535=IFCDIRECTION((0.9864355490725617,0.,-0.16414904058785598));
#2536=IFCDIRECTION((-0.16414904058785601,0.,-0.98643554907256181));
#2537=IFCAXIS2PLACEMENT3D(#2534,#2535,#2536);
#2538=IFCLOCALPLACEMENT(#25,#2537);
#2539=IFCDIRECTION((0.,0.,1.));
#2540=IFCDIRECTION((1.,0.,0.));
#2541=IFCAXIS2PLACEMENT3D(#7,#2539,#2540);
#2542=IFCDIRECTION((0.,0.,1.));
#2543=IFCEXTRUDEDAREASOLID(#37,#2541,#2542,12976.012484580924);
#2544=IFCSHAPEREPRESENTATION(#13,'Body','SweptSolid',(#2543));
#2545=IFCCARTESIANPOINT((0.,0.,0.));
#2546=IFCCARTESIANPOINT((0.,0.,12976.012484580924));
#2547=IFCPOLYLINE((#2545,#2546));
#2548=IFCSHAPEREPRESENTATION(#14,'Axis','Curve3D',(#2547));
#2549=IFCPRODUCTDEFINITIONSHAPE($,$,(#2548,#2544));
#2550=IFCBEAM('3rjzzdj9LCThEKgiXtmb0E',#19,'TM-1/TM-2','IR VAR 3PL 400x400-900',$,#2538,#2549,$,$);
#2551=IFCRELASSOCIATESMATERIAL('2jXR0QKAH7au2aJy6ojIBY',#19,$,$,(#2550),#30);
#2552=IFCPROPERTYSINGLEVALUE('Familia',$,IFCLABEL('Trabes seccion variable'),$);
#2553=IFCPROPERTYSINGLEVALUE('Perfil',$,IFCLABEL('IR VAR 3PL 400x400-900'),$);
#2554=IFCPROPERTYSINGLEVALUE('Marca',$,IFCLABEL('TM-1/TM-2'),$);
#2555=IFCPROPERTYSINGLEVALUE('HH_ton_taller',$,IFCREAL(35.),$);
#2556=IFCPROPERTYSINGLEVALUE('Longitud_m',$,IFCREAL(12.976000000000001),$);
#2557=IFCPROPERTYSET('3oThyv20970wv3P5ranhVg',#19,'Pset_METALITEC',$,(#2552,#2553,#2554,#2555,#2556));
#2558=IFCRELDEFINESBYPROPERTIES('2fSQaDlzDCffozeRc7Hx0i',#19,$,$,(#2550),#2557);
#2559=IFCCARTESIANPOINT((0.,60000.,11870.));
#2560=IFCDIRECTION((0.9864355490725617,0.,0.16414904058785598));
#2561=IFCDIRECTION((0.16414904058785601,0.,-0.98643554907256181));
#2562=IFCAXIS2PLACEMENT3D(#2559,#2560,#2561);
#2563=IFCLOCALPLACEMENT(#25,#2562);
#2564=IFCDIRECTION((0.,0.,1.));
#2565=IFCDIRECTION((1.,0.,0.));
#2566=IFCAXIS2PLACEMENT3D(#7,#2564,#2565);
#2567=IFCDIRECTION((0.,0.,1.));
#2568=IFCEXTRUDEDAREASOLID(#37,#2566,#2567,12976.012484580924);
#2569=IFCSHAPEREPRESENTATION(#13,'Body','SweptSolid',(#2568));
#2570=IFCCARTESIANPOINT((0.,0.,0.));
#2571=IFCCARTESIANPOINT((0.,0.,12976.012484580924));
#2572=IFCPOLYLINE((#2570,#2571));
#2573=IFCSHAPEREPRESENTATION(#14,'Axis','Curve3D',(#2572));
#2574=IFCPRODUCTDEFINITIONSHAPE($,$,(#2573,#2569));
#2575=IFCBEAM('2a3UdLirP8KQhrKW0isIi0',#19,'TM-1/TM-2','IR VAR 3PL 400x400-900',$,#2563,#2574,$,$);
#2576=IFCRELASSOCIATESMATERIAL('09poKiJtX048G_1KT8tQJE',#19,$,$,(#2575),#30);
#2577=IFCPROPERTYSINGLEVALUE('Familia',$,IFCLABEL('Trabes seccion variable'),$);
#2578=IFCPROPERTYSINGLEVALUE('Perfil',$,IFCLABEL('IR VAR 3PL 400x400-900'),$);
#2579=IFCPROPERTYSINGLEVALUE('Marca',$,IFCLABEL('TM-1/TM-2'),$);
#2580=IFCPROPERTYSINGLEVALUE('HH_ton_taller',$,IFCREAL(35.),$);
#2581=IFCPROPERTYSINGLEVALUE('Longitud_m',$,IFCREAL(12.976000000000001),$);
#2582=IFCPROPERTYSET('1QDrGScg1A8Aur8dgv54AV',#19,'Pset_METALITEC',$,(#2577,#2578,#2579,#2580,#2581));
#2583=IFCRELDEFINESBYPROPERTIES('3_RsRfSHD9TPwPzxrp8H7B',#19,$,$,(#2575),#2582);
#2584=IFCCARTESIANPOINT((12800.,60000.,14000.));
#2585=IFCDIRECTION((0.9864355490725617,0.,-0.16414904058785598));
#2586=IFCDIRECTION((-0.16414904058785601,0.,-0.98643554907256181));
#2587=IFCAXIS2PLACEMENT3D(#2584,#2585,#2586);
#2588=IFCLOCALPLACEMENT(#25,#2587);
#2589=IFCDIRECTION((0.,0.,1.));
#2590=IFCDIRECTION((1.,0.,0.));
#2591=IFCAXIS2PLACEMENT3D(#7,#2589,#2590);
#2592=IFCDIRECTION((0.,0.,1.));
#2593=IFCEXTRUDEDAREASOLID(#37,#2591,#2592,12976.012484580924);
#2594=IFCSHAPEREPRESENTATION(#13,'Body','SweptSolid',(#2593));
#2595=IFCCARTESIANPOINT((0.,0.,0.));
#2596=IFCCARTESIANPOINT((0.,0.,12976.012484580924));
#2597=IFCPOLYLINE((#2595,#2596));
#2598=IFCSHAPEREPRESENTATION(#14,'Axis','Curve3D',(#2597));
#2599=IFCPRODUCTDEFINITIONSHAPE($,$,(#2598,#2594));
#2600=IFCBEAM('0rRw8GkazDRf5N3fuUGR4W',#19,'TM-1/TM-2','IR VAR 3PL 400x400-900',$,#2588,#2599,$,$);
#2601=IFCRELASSOCIATESMATERIAL('2mty8MCzD2juwcq3MUVsKZ',#19,$,$,(#2600),#30);
#2602=IFCPROPERTYSINGLEVALUE('Familia',$,IFCLABEL('Trabes seccion variable'),$);
#2603=IFCPROPERTYSINGLEVALUE('Perfil',$,IFCLABEL('IR VAR 3PL 400x400-900'),$);
#2604=IFCPROPERTYSINGLEVALUE('Marca',$,IFCLABEL('TM-1/TM-2'),$);
#2605=IFCPROPERTYSINGLEVALUE('HH_ton_taller',$,IFCREAL(35.),$);
#2606=IFCPROPERTYSINGLEVALUE('Longitud_m',$,IFCREAL(12.976000000000001),$);
#2607=IFCPROPERTYSET('2O7Wu8rwH99vuwVdRhGvi8',#19,'Pset_METALITEC',$,(#2602,#2603,#2604,#2605,#2606));
#2608=IFCRELDEFINESBYPROPERTIES('3vGDAsHbn5dBcCd_Q723lR',#19,$,$,(#2600),#2607);
#2609=IFCCARTESIANPOINT((25600.,60000.,11870.));
#2610=IFCDIRECTION((0.9864355490725617,0.,0.16414904058785598));
#2611=IFCDIRECTION((0.16414904058785601,0.,-0.98643554907256181));
#2612=IFCAXIS2PLACEMENT3D(#2609,#2610,#2611);
#2613=IFCLOCALPLACEMENT(#25,#2612);
#2614=IFCDIRECTION((0.,0.,1.));
#2615=IFCDIRECTION((1.,0.,0.));
#2616=IFCAXIS2PLACEMENT3D(#7,#2614,#2615);
#2617=IFCDIRECTION((0.,0.,1.));
#2618=IFCEXTRUDEDAREASOLID(#37,#2616,#2617,12976.012484580924);
#2619=IFCSHAPEREPRESENTATION(#13,'Body','SweptSolid',(#2618));
#2620=IFCCARTESIANPOINT((0.,0.,0.));
#2621=IFCCARTESIANPOINT((0.,0.,12976.012484580924));
#2622=IFCPOLYLINE((#2620,#2621));
#2623=IFCSHAPEREPRESENTATION(#14,'Axis','Curve3D',(#2622));
#2624=IFCPRODUCTDEFINITIONSHAPE($,$,(#2623,#2619));
#2625=IFCBEAM('06dn8mYMvFMBwQRX21PX9Q',#19,'TM-1/TM-2','IR VAR 3PL 400x400-900',$,#2613,#2624,$,$);
#2626=IFCRELASSOCIATESMATERIAL('2bAlybbvv6phIPApJLxDgH',#19,$,$,(#2625),#30);
#2627=IFCPROPERTYSINGLEVALUE('Familia',$,IFCLABEL('Trabes seccion variable'),$);
#2628=IFCPROPERTYSINGLEVALUE('Perfil',$,IFCLABEL('IR VAR 3PL 400x400-900'),$);
#2629=IFCPROPERTYSINGLEVALUE('Marca',$,IFCLABEL('TM-1/TM-2'),$);
#2630=IFCPROPERTYSINGLEVALUE('HH_ton_taller',$,IFCREAL(35.),$);
#2631=IFCPROPERTYSINGLEVALUE('Longitud_m',$,IFCREAL(12.976000000000001),$);
#2632=IFCPROPERTYSET('1UxiyiuYL1aw08pQhB4pgH',#19,'Pset_METALITEC',$,(#2627,#2628,#2629,#2630,#2631));
#2633=IFCRELDEFINESBYPROPERTIES('1KqrHpmjT7jh7zVVcS9Voz',#19,$,$,(#2625),#2632);
#2634=IFCCARTESIANPOINT((38400.,60000.,14000.));
#2635=IFCDIRECTION((0.9864355490725617,0.,-0.16414904058785598));
#2636=IFCDIRECTION((-0.16414904058785601,0.,-0.98643554907256181));
#2637=IFCAXIS2PLACEMENT3D(#2634,#2635,#2636);
#2638=IFCLOCALPLACEMENT(#25,#2637);
#2639=IFCDIRECTION((0.,0.,1.));
#2640=IFCDIRECTION((1.,0.,0.));
#2641=IFCAXIS2PLACEMENT3D(#7,#2639,#2640);
#2642=IFCDIRECTION((0.,0.,1.));
#2643=IFCEXTRUDEDAREASOLID(#37,#2641,#2642,12976.012484580924);
#2644=IFCSHAPEREPRESENTATION(#13,'Body','SweptSolid',(#2643));
#2645=IFCCARTESIANPOINT((0.,0.,0.));
#2646=IFCCARTESIANPOINT((0.,0.,12976.012484580924));
#2647=IFCPOLYLINE((#2645,#2646));
#2648=IFCSHAPEREPRESENTATION(#14,'Axis','Curve3D',(#2647));
#2649=IFCPRODUCTDEFINITIONSHAPE($,$,(#2648,#2644));
#2650=IFCBEAM('1Q9lUmg_z57hU3DrhVgUkL',#19,'TM-1/TM-2','IR VAR 3PL 400x400-900',$,#2638,#2649,$,$);
#2651=IFCRELASSOCIATESMATERIAL('37L0UGDzrEoh6D4jsqlhaL',#19,$,$,(#2650),#30);
#2652=IFCPROPERTYSINGLEVALUE('Familia',$,IFCLABEL('Trabes seccion variable'),$);
#2653=IFCPROPERTYSINGLEVALUE('Perfil',$,IFCLABEL('IR VAR 3PL 400x400-900'),$);
#2654=IFCPROPERTYSINGLEVALUE('Marca',$,IFCLABEL('TM-1/TM-2'),$);
#2655=IFCPROPERTYSINGLEVALUE('HH_ton_taller',$,IFCREAL(35.),$);
#2656=IFCPROPERTYSINGLEVALUE('Longitud_m',$,IFCREAL(12.976000000000001),$);
#2657=IFCPROPERTYSET('3o0gA0WwvFjQCi0N91Cdx0',#19,'Pset_METALITEC',$,(#2652,#2653,#2654,#2655,#2656));
#2658=IFCRELDEFINESBYPROPERTIES('0xE3JAuJ932BuFuKUY0DEQ',#19,$,$,(#2650),#2657);
#2659=IFCCARTESIANPOINT((51200.,60000.,11870.));
#2660=IFCDIRECTION((0.9864355490725617,0.,0.16414904058785598));
#2661=IFCDIRECTION((0.16414904058785601,0.,-0.98643554907256181));
#2662=IFCAXIS2PLACEMENT3D(#2659,#2660,#2661);
#2663=IFCLOCALPLACEMENT(#25,#2662);
#2664=IFCDIRECTION((0.,0.,1.));
#2665=IFCDIRECTION((1.,0.,0.));
#2666=IFCAXIS2PLACEMENT3D(#7,#2664,#2665);
#2667=IFCDIRECTION((0.,0.,1.));
#2668=IFCEXTRUDEDAREASOLID(#37,#2666,#2667,12976.012484580924);
#2669=IFCSHAPEREPRESENTATION(#13,'Body','SweptSolid',(#2668));
#2670=IFCCARTESIANPOINT((0.,0.,0.));
#2671=IFCCARTESIANPOINT((0.,0.,12976.012484580924));
#2672=IFCPOLYLINE((#2670,#2671));
#2673=IFCSHAPEREPRESENTATION(#14,'Axis','Curve3D',(#2672));
#2674=IFCPRODUCTDEFINITIONSHAPE($,$,(#2673,#2669));
#2675=IFCBEAM('1vFIwTJN95DA1y9$sBldSQ',#19,'TM-1/TM-2','IR VAR 3PL 400x400-900',$,#2663,#2674,$,$);
#2676=IFCRELASSOCIATESMATERIAL('3KhfEunqn2shFD5rUGDTZb',#19,$,$,(#2675),#30);
#2677=IFCPROPERTYSINGLEVALUE('Familia',$,IFCLABEL('Trabes seccion variable'),$);
#2678=IFCPROPERTYSINGLEVALUE('Perfil',$,IFCLABEL('IR VAR 3PL 400x400-900'),$);
#2679=IFCPROPERTYSINGLEVALUE('Marca',$,IFCLABEL('TM-1/TM-2'),$);
#2680=IFCPROPERTYSINGLEVALUE('HH_ton_taller',$,IFCREAL(35.),$);
#2681=IFCPROPERTYSINGLEVALUE('Longitud_m',$,IFCREAL(12.976000000000001),$);
#2682=IFCPROPERTYSET('3D8Os3Apv1IhupyA0aObAJ',#19,'Pset_METALITEC',$,(#2677,#2678,#2679,#2680,#2681));
#2683=IFCRELDEFINESBYPROPERTIES('2uU_ibG895GvqKSkjC73K1',#19,$,$,(#2675),#2682);
#2684=IFCCARTESIANPOINT((64000.,60000.,14000.));
#2685=IFCDIRECTION((0.9864355490725617,0.,-0.16414904058785598));
#2686=IFCDIRECTION((-0.16414904058785601,0.,-0.98643554907256181));
#2687=IFCAXIS2PLACEMENT3D(#2684,#2685,#2686);
#2688=IFCLOCALPLACEMENT(#25,#2687);
#2689=IFCDIRECTION((0.,0.,1.));
#2690=IFCDIRECTION((1.,0.,0.));
#2691=IFCAXIS2PLACEMENT3D(#7,#2689,#2690);
#2692=IFCDIRECTION((0.,0.,1.));
#2693=IFCEXTRUDEDAREASOLID(#37,#2691,#2692,12976.012484580924);
#2694=IFCSHAPEREPRESENTATION(#13,'Body','SweptSolid',(#2693));
#2695=IFCCARTESIANPOINT((0.,0.,0.));
#2696=IFCCARTESIANPOINT((0.,0.,12976.012484580924));
#2697=IFCPOLYLINE((#2695,#2696));
#2698=IFCSHAPEREPRESENTATION(#14,'Axis','Curve3D',(#2697));
#2699=IFCPRODUCTDEFINITIONSHAPE($,$,(#2698,#2694));
#2700=IFCBEAM('2K0TU4Y0H9OxN7gJH1$Fhw',#19,'TM-1/TM-2','IR VAR 3PL 400x400-900',$,#2688,#2699,$,$);
#2701=IFCRELASSOCIATESMATERIAL('1hM$LUxlH6wvNxRA3xJzXD',#19,$,$,(#2700),#30);
#2702=IFCPROPERTYSINGLEVALUE('Familia',$,IFCLABEL('Trabes seccion variable'),$);
#2703=IFCPROPERTYSINGLEVALUE('Perfil',$,IFCLABEL('IR VAR 3PL 400x400-900'),$);
#2704=IFCPROPERTYSINGLEVALUE('Marca',$,IFCLABEL('TM-1/TM-2'),$);
#2705=IFCPROPERTYSINGLEVALUE('HH_ton_taller',$,IFCREAL(35.),$);
#2706=IFCPROPERTYSINGLEVALUE('Longitud_m',$,IFCREAL(12.976000000000001),$);
#2707=IFCPROPERTYSET('2924W_NCbD6QG36kM9UdRB',#19,'Pset_METALITEC',$,(#2702,#2703,#2704,#2705,#2706));
#2708=IFCRELDEFINESBYPROPERTIES('2ZtVWN9QbF2AGzhI1Wvx1e',#19,$,$,(#2700),#2707);
#2709=IFCCARTESIANPOINT((0.,70000.,11870.));
#2710=IFCDIRECTION((0.9864355490725617,0.,0.16414904058785598));
#2711=IFCDIRECTION((0.16414904058785601,0.,-0.98643554907256181));
#2712=IFCAXIS2PLACEMENT3D(#2709,#2710,#2711);
#2713=IFCLOCALPLACEMENT(#25,#2712);
#2714=IFCDIRECTION((0.,0.,1.));
#2715=IFCDIRECTION((1.,0.,0.));
#2716=IFCAXIS2PLACEMENT3D(#7,#2714,#2715);
#2717=IFCDIRECTION((0.,0.,1.));
#2718=IFCEXTRUDEDAREASOLID(#37,#2716,#2717,12976.012484580924);
#2719=IFCSHAPEREPRESENTATION(#13,'Body','SweptSolid',(#2718));
#2720=IFCCARTESIANPOINT((0.,0.,0.));
#2721=IFCCARTESIANPOINT((0.,0.,12976.012484580924));
#2722=IFCPOLYLINE((#2720,#2721));
#2723=IFCSHAPEREPRESENTATION(#14,'Axis','Curve3D',(#2722));
#2724=IFCPRODUCTDEFINITIONSHAPE($,$,(#2723,#2719));
#2725=IFCBEAM('07LXcLj_L2ExtHMoKZ7V1J',#19,'TM-1/TM-2','IR VAR 3PL 400x400-900',$,#2713,#2724,$,$);
#2726=IFCRELASSOCIATESMATERIAL('1I3ewurTfDTey5ash4eOE6',#19,$,$,(#2725),#30);
#2727=IFCPROPERTYSINGLEVALUE('Familia',$,IFCLABEL('Trabes seccion variable'),$);
#2728=IFCPROPERTYSINGLEVALUE('Perfil',$,IFCLABEL('IR VAR 3PL 400x400-900'),$);
#2729=IFCPROPERTYSINGLEVALUE('Marca',$,IFCLABEL('TM-1/TM-2'),$);
#2730=IFCPROPERTYSINGLEVALUE('HH_ton_taller',$,IFCREAL(35.),$);
#2731=IFCPROPERTYSINGLEVALUE('Longitud_m',$,IFCREAL(12.976000000000001),$);
#2732=IFCPROPERTYSET('0xvuQEemLDD9jR_ZdNUCYc',#19,'Pset_METALITEC',$,(#2727,#2728,#2729,#2730,#2731));
#2733=IFCRELDEFINESBYPROPERTIES('1X3NTc_615cRKnMtEDxfFl',#19,$,$,(#2725),#2732);
#2734=IFCCARTESIANPOINT((12800.,70000.,14000.));
#2735=IFCDIRECTION((0.9864355490725617,0.,-0.16414904058785598));
#2736=IFCDIRECTION((-0.16414904058785601,0.,-0.98643554907256181));
#2737=IFCAXIS2PLACEMENT3D(#2734,#2735,#2736);
#2738=IFCLOCALPLACEMENT(#25,#2737);
#2739=IFCDIRECTION((0.,0.,1.));
#2740=IFCDIRECTION((1.,0.,0.));
#2741=IFCAXIS2PLACEMENT3D(#7,#2739,#2740);
#2742=IFCDIRECTION((0.,0.,1.));
#2743=IFCEXTRUDEDAREASOLID(#37,#2741,#2742,12976.012484580924);
#2744=IFCSHAPEREPRESENTATION(#13,'Body','SweptSolid',(#2743));
#2745=IFCCARTESIANPOINT((0.,0.,0.));
#2746=IFCCARTESIANPOINT((0.,0.,12976.012484580924));
#2747=IFCPOLYLINE((#2745,#2746));
#2748=IFCSHAPEREPRESENTATION(#14,'Axis','Curve3D',(#2747));
#2749=IFCPRODUCTDEFINITIONSHAPE($,$,(#2748,#2744));
#2750=IFCBEAM('1sGavGWPP6keTrkxFxV7gU',#19,'TM-1/TM-2','IR VAR 3PL 400x400-900',$,#2738,#2749,$,$);
#2751=IFCRELASSOCIATESMATERIAL('13bUEsDl9ETO9zAwvxfbrZ',#19,$,$,(#2750),#30);
#2752=IFCPROPERTYSINGLEVALUE('Familia',$,IFCLABEL('Trabes seccion variable'),$);
#2753=IFCPROPERTYSINGLEVALUE('Perfil',$,IFCLABEL('IR VAR 3PL 400x400-900'),$);
#2754=IFCPROPERTYSINGLEVALUE('Marca',$,IFCLABEL('TM-1/TM-2'),$);
#2755=IFCPROPERTYSINGLEVALUE('HH_ton_taller',$,IFCREAL(35.),$);
#2756=IFCPROPERTYSINGLEVALUE('Longitud_m',$,IFCREAL(12.976000000000001),$);
#2757=IFCPROPERTYSET('27V0xYuhH05uKfO_UPKiWa',#19,'Pset_METALITEC',$,(#2752,#2753,#2754,#2755,#2756));
#2758=IFCRELDEFINESBYPROPERTIES('1vCouRGtf9KAwVFQMh2taI',#19,$,$,(#2750),#2757);
#2759=IFCCARTESIANPOINT((25600.,70000.,11870.));
#2760=IFCDIRECTION((0.9864355490725617,0.,0.16414904058785598));
#2761=IFCDIRECTION((0.16414904058785601,0.,-0.98643554907256181));
#2762=IFCAXIS2PLACEMENT3D(#2759,#2760,#2761);
#2763=IFCLOCALPLACEMENT(#25,#2762);
#2764=IFCDIRECTION((0.,0.,1.));
#2765=IFCDIRECTION((1.,0.,0.));
#2766=IFCAXIS2PLACEMENT3D(#7,#2764,#2765);
#2767=IFCDIRECTION((0.,0.,1.));
#2768=IFCEXTRUDEDAREASOLID(#37,#2766,#2767,12976.012484580924);
#2769=IFCSHAPEREPRESENTATION(#13,'Body','SweptSolid',(#2768));
#2770=IFCCARTESIANPOINT((0.,0.,0.));
#2771=IFCCARTESIANPOINT((0.,0.,12976.012484580924));
#2772=IFCPOLYLINE((#2770,#2771));
#2773=IFCSHAPEREPRESENTATION(#14,'Axis','Curve3D',(#2772));
#2774=IFCPRODUCTDEFINITIONSHAPE($,$,(#2773,#2769));
#2775=IFCBEAM('226jHcQHDBW8Nj7DwURQzF',#19,'TM-1/TM-2','IR VAR 3PL 400x400-900',$,#2763,#2774,$,$);
#2776=IFCRELASSOCIATESMATERIAL('1Y2hE3X1jE6B2i01_q0b_y',#19,$,$,(#2775),#30);
#2777=IFCPROPERTYSINGLEVALUE('Familia',$,IFCLABEL('Trabes seccion variable'),$);
#2778=IFCPROPERTYSINGLEVALUE('Perfil',$,IFCLABEL('IR VAR 3PL 400x400-900'),$);
#2779=IFCPROPERTYSINGLEVALUE('Marca',$,IFCLABEL('TM-1/TM-2'),$);
#2780=IFCPROPERTYSINGLEVALUE('HH_ton_taller',$,IFCREAL(35.),$);
#2781=IFCPROPERTYSINGLEVALUE('Longitud_m',$,IFCREAL(12.976000000000001),$);
#2782=IFCPROPERTYSET('2graNgmuLD5PV4FGbQNH7z',#19,'Pset_METALITEC',$,(#2777,#2778,#2779,#2780,#2781));
#2783=IFCRELDEFINESBYPROPERTIES('0rsKVD3dP1ZuXYJaY7GyY5',#19,$,$,(#2775),#2782);
#2784=IFCCARTESIANPOINT((38400.,70000.,14000.));
#2785=IFCDIRECTION((0.9864355490725617,0.,-0.16414904058785598));
#2786=IFCDIRECTION((-0.16414904058785601,0.,-0.98643554907256181));
#2787=IFCAXIS2PLACEMENT3D(#2784,#2785,#2786);
#2788=IFCLOCALPLACEMENT(#25,#2787);
#2789=IFCDIRECTION((0.,0.,1.));
#2790=IFCDIRECTION((1.,0.,0.));
#2791=IFCAXIS2PLACEMENT3D(#7,#2789,#2790);
#2792=IFCDIRECTION((0.,0.,1.));
#2793=IFCEXTRUDEDAREASOLID(#37,#2791,#2792,12976.012484580924);
#2794=IFCSHAPEREPRESENTATION(#13,'Body','SweptSolid',(#2793));
#2795=IFCCARTESIANPOINT((0.,0.,0.));
#2796=IFCCARTESIANPOINT((0.,0.,12976.012484580924));
#2797=IFCPOLYLINE((#2795,#2796));
#2798=IFCSHAPEREPRESENTATION(#14,'Axis','Curve3D',(#2797));
#2799=IFCPRODUCTDEFINITIONSHAPE($,$,(#2798,#2794));
#2800=IFCBEAM('1nRozaGA92hP1mimrKsz5k',#19,'TM-1/TM-2','IR VAR 3PL 400x400-900',$,#2788,#2799,$,$);
#2801=IFCRELASSOCIATESMATERIAL('2kK211bzvEMvYpbJLJbRV4',#19,$,$,(#2800),#30);
#2802=IFCPROPERTYSINGLEVALUE('Familia',$,IFCLABEL('Trabes seccion variable'),$);
#2803=IFCPROPERTYSINGLEVALUE('Perfil',$,IFCLABEL('IR VAR 3PL 400x400-900'),$);
#2804=IFCPROPERTYSINGLEVALUE('Marca',$,IFCLABEL('TM-1/TM-2'),$);
#2805=IFCPROPERTYSINGLEVALUE('HH_ton_taller',$,IFCREAL(35.),$);
#2806=IFCPROPERTYSINGLEVALUE('Longitud_m',$,IFCREAL(12.976000000000001),$);
#2807=IFCPROPERTYSET('3LnqeLiyvAVPUvAnbX0b00',#19,'Pset_METALITEC',$,(#2802,#2803,#2804,#2805,#2806));
#2808=IFCRELDEFINESBYPROPERTIES('3PhnF3H8HDmOpdCDfrKlh8',#19,$,$,(#2800),#2807);
#2809=IFCCARTESIANPOINT((51200.,70000.,11870.));
#2810=IFCDIRECTION((0.9864355490725617,0.,0.16414904058785598));
#2811=IFCDIRECTION((0.16414904058785601,0.,-0.98643554907256181));
#2812=IFCAXIS2PLACEMENT3D(#2809,#2810,#2811);
#2813=IFCLOCALPLACEMENT(#25,#2812);
#2814=IFCDIRECTION((0.,0.,1.));
#2815=IFCDIRECTION((1.,0.,0.));
#2816=IFCAXIS2PLACEMENT3D(#7,#2814,#2815);
#2817=IFCDIRECTION((0.,0.,1.));
#2818=IFCEXTRUDEDAREASOLID(#37,#2816,#2817,12976.012484580924);
#2819=IFCSHAPEREPRESENTATION(#13,'Body','SweptSolid',(#2818));
#2820=IFCCARTESIANPOINT((0.,0.,0.));
#2821=IFCCARTESIANPOINT((0.,0.,12976.012484580924));
#2822=IFCPOLYLINE((#2820,#2821));
#2823=IFCSHAPEREPRESENTATION(#14,'Axis','Curve3D',(#2822));
#2824=IFCPRODUCTDEFINITIONSHAPE($,$,(#2823,#2819));
#2825=IFCBEAM('1Fyjt7GujDPw$ms8fG_H_o',#19,'TM-1/TM-2','IR VAR 3PL 400x400-900',$,#2813,#2824,$,$);
#2826=IFCRELASSOCIATESMATERIAL('31SU2EMbH6vwSGSyxLGtGc',#19,$,$,(#2825),#30);
#2827=IFCPROPERTYSINGLEVALUE('Familia',$,IFCLABEL('Trabes seccion variable'),$);
#2828=IFCPROPERTYSINGLEVALUE('Perfil',$,IFCLABEL('IR VAR 3PL 400x400-900'),$);
#2829=IFCPROPERTYSINGLEVALUE('Marca',$,IFCLABEL('TM-1/TM-2'),$);
#2830=IFCPROPERTYSINGLEVALUE('HH_ton_taller',$,IFCREAL(35.),$);
#2831=IFCPROPERTYSINGLEVALUE('Longitud_m',$,IFCREAL(12.976000000000001),$);
#2832=IFCPROPERTYSET('3lI9KkmGv4COYuWnhY$xzN',#19,'Pset_METALITEC',$,(#2827,#2828,#2829,#2830,#2831));
#2833=IFCRELDEFINESBYPROPERTIES('0PNtvgvMzEKe$XJHSgS3KF',#19,$,$,(#2825),#2832);
#2834=IFCCARTESIANPOINT((64000.,70000.,14000.));
#2835=IFCDIRECTION((0.9864355490725617,0.,-0.16414904058785598));
#2836=IFCDIRECTION((-0.16414904058785601,0.,-0.98643554907256181));
#2837=IFCAXIS2PLACEMENT3D(#2834,#2835,#2836);
#2838=IFCLOCALPLACEMENT(#25,#2837);
#2839=IFCDIRECTION((0.,0.,1.));
#2840=IFCDIRECTION((1.,0.,0.));
#2841=IFCAXIS2PLACEMENT3D(#7,#2839,#2840);
#2842=IFCDIRECTION((0.,0.,1.));
#2843=IFCEXTRUDEDAREASOLID(#37,#2841,#2842,12976.012484580924);
#2844=IFCSHAPEREPRESENTATION(#13,'Body','SweptSolid',(#2843));
#2845=IFCCARTESIANPOINT((0.,0.,0.));
#2846=IFCCARTESIANPOINT((0.,0.,12976.012484580924));
#2847=IFCPOLYLINE((#2845,#2846));
#2848=IFCSHAPEREPRESENTATION(#14,'Axis','Curve3D',(#2847));
#2849=IFCPRODUCTDEFINITIONSHAPE($,$,(#2848,#2844));
#2850=IFCBEAM('2RfiZqi_XC9QgxT2YpFAQf',#19,'TM-1/TM-2','IR VAR 3PL 400x400-900',$,#2838,#2849,$,$);
#2851=IFCRELASSOCIATESMATERIAL('0OW8YXMKD15eGnEiqlgWwK',#19,$,$,(#2850),#30);
#2852=IFCPROPERTYSINGLEVALUE('Familia',$,IFCLABEL('Trabes seccion variable'),$);
#2853=IFCPROPERTYSINGLEVALUE('Perfil',$,IFCLABEL('IR VAR 3PL 400x400-900'),$);
#2854=IFCPROPERTYSINGLEVALUE('Marca',$,IFCLABEL('TM-1/TM-2'),$);
#2855=IFCPROPERTYSINGLEVALUE('HH_ton_taller',$,IFCREAL(35.),$);
#2856=IFCPROPERTYSINGLEVALUE('Longitud_m',$,IFCREAL(12.976000000000001),$);
#2857=IFCPROPERTYSET('2zBorjC5PF196mq6UN4a3j',#19,'Pset_METALITEC',$,(#2852,#2853,#2854,#2855,#2856));
#2858=IFCRELDEFINESBYPROPERTIES('3c5aCqmO953xdD2q8KAHGw',#19,$,$,(#2850),#2857);
#2859=IFCCARTESIANPOINT((0.,80000.,11870.));
#2860=IFCDIRECTION((0.9864355490725617,0.,0.16414904058785598));
#2861=IFCDIRECTION((0.16414904058785601,0.,-0.98643554907256181));
#2862=IFCAXIS2PLACEMENT3D(#2859,#2860,#2861);
#2863=IFCLOCALPLACEMENT(#25,#2862);
#2864=IFCDIRECTION((0.,0.,1.));
#2865=IFCDIRECTION((1.,0.,0.));
#2866=IFCAXIS2PLACEMENT3D(#7,#2864,#2865);
#2867=IFCDIRECTION((0.,0.,1.));
#2868=IFCEXTRUDEDAREASOLID(#37,#2866,#2867,12976.012484580924);
#2869=IFCSHAPEREPRESENTATION(#13,'Body','SweptSolid',(#2868));
#2870=IFCCARTESIANPOINT((0.,0.,0.));
#2871=IFCCARTESIANPOINT((0.,0.,12976.012484580924));
#2872=IFCPOLYLINE((#2870,#2871));
#2873=IFCSHAPEREPRESENTATION(#14,'Axis','Curve3D',(#2872));
#2874=IFCPRODUCTDEFINITIONSHAPE($,$,(#2873,#2869));
#2875=IFCBEAM('0gQZ4RkQn9LwCmVjeQqD0o',#19,'TM-1/TM-2','IR VAR 3PL 400x400-900',$,#2863,#2874,$,$);
#2876=IFCRELASSOCIATESMATERIAL('0_IOrvsPf1rARo0balvt3p',#19,$,$,(#2875),#30);
#2877=IFCPROPERTYSINGLEVALUE('Familia',$,IFCLABEL('Trabes seccion variable'),$);
#2878=IFCPROPERTYSINGLEVALUE('Perfil',$,IFCLABEL('IR VAR 3PL 400x400-900'),$);
#2879=IFCPROPERTYSINGLEVALUE('Marca',$,IFCLABEL('TM-1/TM-2'),$);
#2880=IFCPROPERTYSINGLEVALUE('HH_ton_taller',$,IFCREAL(35.),$);
#2881=IFCPROPERTYSINGLEVALUE('Longitud_m',$,IFCREAL(12.976000000000001),$);
#2882=IFCPROPERTYSET('0tYzvh1vnC6QC46VDXg1vS',#19,'Pset_METALITEC',$,(#2877,#2878,#2879,#2880,#2881));
#2883=IFCRELDEFINESBYPROPERTIES('2kUNcXkUnD1Bp7VCIqa_GT',#19,$,$,(#2875),#2882);
#2884=IFCCARTESIANPOINT((12800.,80000.,14000.));
#2885=IFCDIRECTION((0.9864355490725617,0.,-0.16414904058785598));
#2886=IFCDIRECTION((-0.16414904058785601,0.,-0.98643554907256181));
#2887=IFCAXIS2PLACEMENT3D(#2884,#2885,#2886);
#2888=IFCLOCALPLACEMENT(#25,#2887);
#2889=IFCDIRECTION((0.,0.,1.));
#2890=IFCDIRECTION((1.,0.,0.));
#2891=IFCAXIS2PLACEMENT3D(#7,#2889,#2890);
#2892=IFCDIRECTION((0.,0.,1.));
#2893=IFCEXTRUDEDAREASOLID(#37,#2891,#2892,12976.012484580924);
#2894=IFCSHAPEREPRESENTATION(#13,'Body','SweptSolid',(#2893));
#2895=IFCCARTESIANPOINT((0.,0.,0.));
#2896=IFCCARTESIANPOINT((0.,0.,12976.012484580924));
#2897=IFCPOLYLINE((#2895,#2896));
#2898=IFCSHAPEREPRESENTATION(#14,'Axis','Curve3D',(#2897));
#2899=IFCPRODUCTDEFINITIONSHAPE($,$,(#2898,#2894));
#2900=IFCBEAM('2zi3H2j55EA8AWSpjPlMMR',#19,'TM-1/TM-2','IR VAR 3PL 400x400-900',$,#2888,#2899,$,$);
#2901=IFCRELASSOCIATESMATERIAL('3ud9FKuA93PQocP8kwf6pN',#19,$,$,(#2900),#30);
#2902=IFCPROPERTYSINGLEVALUE('Familia',$,IFCLABEL('Trabes seccion variable'),$);
#2903=IFCPROPERTYSINGLEVALUE('Perfil',$,IFCLABEL('IR VAR 3PL 400x400-900'),$);
#2904=IFCPROPERTYSINGLEVALUE('Marca',$,IFCLABEL('TM-1/TM-2'),$);
#2905=IFCPROPERTYSINGLEVALUE('HH_ton_taller',$,IFCREAL(35.),$);
#2906=IFCPROPERTYSINGLEVALUE('Longitud_m',$,IFCREAL(12.976000000000001),$);
#2907=IFCPROPERTYSET('0NcUWudjrErw_RGwkkTMaC',#19,'Pset_METALITEC',$,(#2902,#2903,#2904,#2905,#2906));
#2908=IFCRELDEFINESBYPROPERTIES('1F4PvLqzfF_QNgbYj6U7Og',#19,$,$,(#2900),#2907);
#2909=IFCCARTESIANPOINT((25600.,80000.,11870.));
#2910=IFCDIRECTION((0.9864355490725617,0.,0.16414904058785598));
#2911=IFCDIRECTION((0.16414904058785601,0.,-0.98643554907256181));
#2912=IFCAXIS2PLACEMENT3D(#2909,#2910,#2911);
#2913=IFCLOCALPLACEMENT(#25,#2912);
#2914=IFCDIRECTION((0.,0.,1.));
#2915=IFCDIRECTION((1.,0.,0.));
#2916=IFCAXIS2PLACEMENT3D(#7,#2914,#2915);
#2917=IFCDIRECTION((0.,0.,1.));
#2918=IFCEXTRUDEDAREASOLID(#37,#2916,#2917,12976.012484580924);
#2919=IFCSHAPEREPRESENTATION(#13,'Body','SweptSolid',(#2918));
#2920=IFCCARTESIANPOINT((0.,0.,0.));
#2921=IFCCARTESIANPOINT((0.,0.,12976.012484580924));
#2922=IFCPOLYLINE((#2920,#2921));
#2923=IFCSHAPEREPRESENTATION(#14,'Axis','Curve3D',(#2922));
#2924=IFCPRODUCTDEFINITIONSHAPE($,$,(#2923,#2919));
#2925=IFCBEAM('0DFoC9e6HDze$2A_mkON07',#19,'TM-1/TM-2','IR VAR 3PL 400x400-900',$,#2913,#2924,$,$);
#2926=IFCRELASSOCIATESMATERIAL('2NzjTAo61BTgW1GAiVUJDF',#19,$,$,(#2925),#30);
#2927=IFCPROPERTYSINGLEVALUE('Familia',$,IFCLABEL('Trabes seccion variable'),$);
#2928=IFCPROPERTYSINGLEVALUE('Perfil',$,IFCLABEL('IR VAR 3PL 400x400-900'),$);
#2929=IFCPROPERTYSINGLEVALUE('Marca',$,IFCLABEL('TM-1/TM-2'),$);
#2930=IFCPROPERTYSINGLEVALUE('HH_ton_taller',$,IFCREAL(35.),$);
#2931=IFCPROPERTYSINGLEVALUE('Longitud_m',$,IFCREAL(12.976000000000001),$);
#2932=IFCPROPERTYSET('33k8K7Lh51keK2fffN7NqM',#19,'Pset_METALITEC',$,(#2927,#2928,#2929,#2930,#2931));
#2933=IFCRELDEFINESBYPROPERTIES('32b0nYVBL4sxyh0zF$ICQ6',#19,$,$,(#2925),#2932);
#2934=IFCCARTESIANPOINT((38400.,80000.,14000.));
#2935=IFCDIRECTION((0.9864355490725617,0.,-0.16414904058785598));
#2936=IFCDIRECTION((-0.16414904058785601,0.,-0.98643554907256181));
#2937=IFCAXIS2PLACEMENT3D(#2934,#2935,#2936);
#2938=IFCLOCALPLACEMENT(#25,#2937);
#2939=IFCDIRECTION((0.,0.,1.));
#2940=IFCDIRECTION((1.,0.,0.));
#2941=IFCAXIS2PLACEMENT3D(#7,#2939,#2940);
#2942=IFCDIRECTION((0.,0.,1.));
#2943=IFCEXTRUDEDAREASOLID(#37,#2941,#2942,12976.012484580924);
#2944=IFCSHAPEREPRESENTATION(#13,'Body','SweptSolid',(#2943));
#2945=IFCCARTESIANPOINT((0.,0.,0.));
#2946=IFCCARTESIANPOINT((0.,0.,12976.012484580924));
#2947=IFCPOLYLINE((#2945,#2946));
#2948=IFCSHAPEREPRESENTATION(#14,'Axis','Curve3D',(#2947));
#2949=IFCPRODUCTDEFINITIONSHAPE($,$,(#2948,#2944));
#2950=IFCBEAM('3sSTN24avAYwIFU4N_mAmW',#19,'TM-1/TM-2','IR VAR 3PL 400x400-900',$,#2938,#2949,$,$);
#2951=IFCRELASSOCIATESMATERIAL('1UK22R9MrCC88T9ZIPHx4K',#19,$,$,(#2950),#30);
#2952=IFCPROPERTYSINGLEVALUE('Familia',$,IFCLABEL('Trabes seccion variable'),$);
#2953=IFCPROPERTYSINGLEVALUE('Perfil',$,IFCLABEL('IR VAR 3PL 400x400-900'),$);
#2954=IFCPROPERTYSINGLEVALUE('Marca',$,IFCLABEL('TM-1/TM-2'),$);
#2955=IFCPROPERTYSINGLEVALUE('HH_ton_taller',$,IFCREAL(35.),$);
#2956=IFCPROPERTYSINGLEVALUE('Longitud_m',$,IFCREAL(12.976000000000001),$);
#2957=IFCPROPERTYSET('0JF$wwghv7nRQ90SREoJb4',#19,'Pset_METALITEC',$,(#2952,#2953,#2954,#2955,#2956));
#2958=IFCRELDEFINESBYPROPERTIES('15ohoikE12mxGjN8yfGqVN',#19,$,$,(#2950),#2957);
#2959=IFCCARTESIANPOINT((51200.,80000.,11870.));
#2960=IFCDIRECTION((0.9864355490725617,0.,0.16414904058785598));
#2961=IFCDIRECTION((0.16414904058785601,0.,-0.98643554907256181));
#2962=IFCAXIS2PLACEMENT3D(#2959,#2960,#2961);
#2963=IFCLOCALPLACEMENT(#25,#2962);
#2964=IFCDIRECTION((0.,0.,1.));
#2965=IFCDIRECTION((1.,0.,0.));
#2966=IFCAXIS2PLACEMENT3D(#7,#2964,#2965);
#2967=IFCDIRECTION((0.,0.,1.));
#2968=IFCEXTRUDEDAREASOLID(#37,#2966,#2967,12976.012484580924);
#2969=IFCSHAPEREPRESENTATION(#13,'Body','SweptSolid',(#2968));
#2970=IFCCARTESIANPOINT((0.,0.,0.));
#2971=IFCCARTESIANPOINT((0.,0.,12976.012484580924));
#2972=IFCPOLYLINE((#2970,#2971));
#2973=IFCSHAPEREPRESENTATION(#14,'Axis','Curve3D',(#2972));
#2974=IFCPRODUCTDEFINITIONSHAPE($,$,(#2973,#2969));
#2975=IFCBEAM('04u$Y9Gjr7k8L1RoiQBIvO',#19,'TM-1/TM-2','IR VAR 3PL 400x400-900',$,#2963,#2974,$,$);
#2976=IFCRELASSOCIATESMATERIAL('2VzxYYB3H3iAbX222NrcVP',#19,$,$,(#2975),#30);
#2977=IFCPROPERTYSINGLEVALUE('Familia',$,IFCLABEL('Trabes seccion variable'),$);
#2978=IFCPROPERTYSINGLEVALUE('Perfil',$,IFCLABEL('IR VAR 3PL 400x400-900'),$);
#2979=IFCPROPERTYSINGLEVALUE('Marca',$,IFCLABEL('TM-1/TM-2'),$);
#2980=IFCPROPERTYSINGLEVALUE('HH_ton_taller',$,IFCREAL(35.),$);
#2981=IFCPROPERTYSINGLEVALUE('Longitud_m',$,IFCREAL(12.976000000000001),$);
#2982=IFCPROPERTYSET('2f4Q935PfFnxoD5$rD3qGV',#19,'Pset_METALITEC',$,(#2977,#2978,#2979,#2980,#2981));
#2983=IFCRELDEFINESBYPROPERTIES('1GyzENtq913hqiSHSopyVr',#19,$,$,(#2975),#2982);
#2984=IFCCARTESIANPOINT((64000.,80000.,14000.));
#2985=IFCDIRECTION((0.9864355490725617,0.,-0.16414904058785598));
#2986=IFCDIRECTION((-0.16414904058785601,0.,-0.98643554907256181));
#2987=IFCAXIS2PLACEMENT3D(#2984,#2985,#2986);
#2988=IFCLOCALPLACEMENT(#25,#2987);
#2989=IFCDIRECTION((0.,0.,1.));
#2990=IFCDIRECTION((1.,0.,0.));
#2991=IFCAXIS2PLACEMENT3D(#7,#2989,#2990);
#2992=IFCDIRECTION((0.,0.,1.));
#2993=IFCEXTRUDEDAREASOLID(#37,#2991,#2992,12976.012484580924);
#2994=IFCSHAPEREPRESENTATION(#13,'Body','SweptSolid',(#2993));
#2995=IFCCARTESIANPOINT((0.,0.,0.));
#2996=IFCCARTESIANPOINT((0.,0.,12976.012484580924));
#2997=IFCPOLYLINE((#2995,#2996));
#2998=IFCSHAPEREPRESENTATION(#14,'Axis','Curve3D',(#2997));
#2999=IFCPRODUCTDEFINITIONSHAPE($,$,(#2998,#2994));
#3000=IFCBEAM('1nCbA9qYX10Rpg7V2YFUSx',#19,'TM-1/TM-2','IR VAR 3PL 400x400-900',$,#2988,#2999,$,$);
#3001=IFCRELASSOCIATESMATERIAL('3l1qgM3fDFTf3Z0i1MVx1z',#19,$,$,(#3000),#30);
#3002=IFCPROPERTYSINGLEVALUE('Familia',$,IFCLABEL('Trabes seccion variable'),$);
#3003=IFCPROPERTYSINGLEVALUE('Perfil',$,IFCLABEL('IR VAR 3PL 400x400-900'),$);
#3004=IFCPROPERTYSINGLEVALUE('Marca',$,IFCLABEL('TM-1/TM-2'),$);
#3005=IFCPROPERTYSINGLEVALUE('HH_ton_taller',$,IFCREAL(35.),$);
#3006=IFCPROPERTYSINGLEVALUE('Longitud_m',$,IFCREAL(12.976000000000001),$);
#3007=IFCPROPERTYSET('0h1Tu5bx139g0g0JN$WkMx',#19,'Pset_METALITEC',$,(#3002,#3003,#3004,#3005,#3006));
#3008=IFCRELDEFINESBYPROPERTIES('0AbgMT4H15ux3KmHxHKrf8',#19,$,$,(#3000),#3007);
#3009=IFCCARTESIANPOINT((0.,90000.,11870.));
#3010=IFCDIRECTION((0.9864355490725617,0.,0.16414904058785598));
#3011=IFCDIRECTION((0.16414904058785601,0.,-0.98643554907256181));
#3012=IFCAXIS2PLACEMENT3D(#3009,#3010,#3011);
#3013=IFCLOCALPLACEMENT(#25,#3012);
#3014=IFCDIRECTION((0.,0.,1.));
#3015=IFCDIRECTION((1.,0.,0.));
#3016=IFCAXIS2PLACEMENT3D(#7,#3014,#3015);
#3017=IFCDIRECTION((0.,0.,1.));
#3018=IFCEXTRUDEDAREASOLID(#37,#3016,#3017,12976.012484580924);
#3019=IFCSHAPEREPRESENTATION(#13,'Body','SweptSolid',(#3018));
#3020=IFCCARTESIANPOINT((0.,0.,0.));
#3021=IFCCARTESIANPOINT((0.,0.,12976.012484580924));
#3022=IFCPOLYLINE((#3020,#3021));
#3023=IFCSHAPEREPRESENTATION(#14,'Axis','Curve3D',(#3022));
#3024=IFCPRODUCTDEFINITIONSHAPE($,$,(#3023,#3019));
#3025=IFCBEAM('1FoBQQihDE38mPuI$t3tMF',#19,'TM-1/TM-2','IR VAR 3PL 400x400-900',$,#3013,#3024,$,$);
#3026=IFCRELASSOCIATESMATERIAL('2vnEWoIU51KwB7CQ$p1DnH',#19,$,$,(#3025),#30);
#3027=IFCPROPERTYSINGLEVALUE('Familia',$,IFCLABEL('Trabes seccion variable'),$);
#3028=IFCPROPERTYSINGLEVALUE('Perfil',$,IFCLABEL('IR VAR 3PL 400x400-900'),$);
#3029=IFCPROPERTYSINGLEVALUE('Marca',$,IFCLABEL('TM-1/TM-2'),$);
#3030=IFCPROPERTYSINGLEVALUE('HH_ton_taller',$,IFCREAL(35.),$);
#3031=IFCPROPERTYSINGLEVALUE('Longitud_m',$,IFCREAL(12.976000000000001),$);
#3032=IFCPROPERTYSET('0SKJRjkc17fwfw9gzNjpPc',#19,'Pset_METALITEC',$,(#3027,#3028,#3029,#3030,#3031));
#3033=IFCRELDEFINESBYPROPERTIES('1byG_ZqmD5mglH5s8kDTaj',#19,$,$,(#3025),#3032);
#3034=IFCCARTESIANPOINT((12800.,90000.,14000.));
#3035=IFCDIRECTION((0.9864355490725617,0.,-0.16414904058785598));
#3036=IFCDIRECTION((-0.16414904058785601,0.,-0.98643554907256181));
#3037=IFCAXIS2PLACEMENT3D(#3034,#3035,#3036);
#3038=IFCLOCALPLACEMENT(#25,#3037);
#3039=IFCDIRECTION((0.,0.,1.));
#3040=IFCDIRECTION((1.,0.,0.));
#3041=IFCAXIS2PLACEMENT3D(#7,#3039,#3040);
#3042=IFCDIRECTION((0.,0.,1.));
#3043=IFCEXTRUDEDAREASOLID(#37,#3041,#3042,12976.012484580924);
#3044=IFCSHAPEREPRESENTATION(#13,'Body','SweptSolid',(#3043));
#3045=IFCCARTESIANPOINT((0.,0.,0.));
#3046=IFCCARTESIANPOINT((0.,0.,12976.012484580924));
#3047=IFCPOLYLINE((#3045,#3046));
#3048=IFCSHAPEREPRESENTATION(#14,'Axis','Curve3D',(#3047));
#3049=IFCPRODUCTDEFINITIONSHAPE($,$,(#3048,#3044));
#3050=IFCBEAM('3xU4l14Mz1whO9cdMXWLLF',#19,'TM-1/TM-2','IR VAR 3PL 400x400-900',$,#3038,#3049,$,$);
#3051=IFCRELASSOCIATESMATERIAL('3CREEMkm58WvTAHD_vGy1V',#19,$,$,(#3050),#30);
#3052=IFCPROPERTYSINGLEVALUE('Familia',$,IFCLABEL('Trabes seccion variable'),$);
#3053=IFCPROPERTYSINGLEVALUE('Perfil',$,IFCLABEL('IR VAR 3PL 400x400-900'),$);
#3054=IFCPROPERTYSINGLEVALUE('Marca',$,IFCLABEL('TM-1/TM-2'),$);
#3055=IFCPROPERTYSINGLEVALUE('HH_ton_taller',$,IFCREAL(35.),$);
#3056=IFCPROPERTYSINGLEVALUE('Longitud_m',$,IFCREAL(12.976000000000001),$);
#3057=IFCPROPERTYSET('0WoGmcoSbDL8IPQ43FhUic',#19,'Pset_METALITEC',$,(#3052,#3053,#3054,#3055,#3056));
#3058=IFCRELDEFINESBYPROPERTIES('0WIa_vOIL5gOFSP9DP56na',#19,$,$,(#3050),#3057);
#3059=IFCCARTESIANPOINT((25600.,90000.,11870.));
#3060=IFCDIRECTION((0.9864355490725617,0.,0.16414904058785598));
#3061=IFCDIRECTION((0.16414904058785601,0.,-0.98643554907256181));
#3062=IFCAXIS2PLACEMENT3D(#3059,#3060,#3061);
#3063=IFCLOCALPLACEMENT(#25,#3062);
#3064=IFCDIRECTION((0.,0.,1.));
#3065=IFCDIRECTION((1.,0.,0.));
#3066=IFCAXIS2PLACEMENT3D(#7,#3064,#3065);
#3067=IFCDIRECTION((0.,0.,1.));
#3068=IFCEXTRUDEDAREASOLID(#37,#3066,#3067,12976.012484580924);
#3069=IFCSHAPEREPRESENTATION(#13,'Body','SweptSolid',(#3068));
#3070=IFCCARTESIANPOINT((0.,0.,0.));
#3071=IFCCARTESIANPOINT((0.,0.,12976.012484580924));
#3072=IFCPOLYLINE((#3070,#3071));
#3073=IFCSHAPEREPRESENTATION(#14,'Axis','Curve3D',(#3072));
#3074=IFCPRODUCTDEFINITIONSHAPE($,$,(#3073,#3069));
#3075=IFCBEAM('05dN3oe3H4xRYPyZLDr52f',#19,'TM-1/TM-2','IR VAR 3PL 400x400-900',$,#3063,#3074,$,$);
#3076=IFCRELASSOCIATESMATERIAL('1_mcfr2jL2uwrSJ54$WuXR',#19,$,$,(#3075),#30);
#3077=IFCPROPERTYSINGLEVALUE('Familia',$,IFCLABEL('Trabes seccion variable'),$);
#3078=IFCPROPERTYSINGLEVALUE('Perfil',$,IFCLABEL('IR VAR 3PL 400x400-900'),$);
#3079=IFCPROPERTYSINGLEVALUE('Marca',$,IFCLABEL('TM-1/TM-2'),$);
#3080=IFCPROPERTYSINGLEVALUE('HH_ton_taller',$,IFCREAL(35.),$);
#3081=IFCPROPERTYSINGLEVALUE('Longitud_m',$,IFCREAL(12.976000000000001),$);
#3082=IFCPROPERTYSET('1w9NDkS9j53AkqFsmUzcE_',#19,'Pset_METALITEC',$,(#3077,#3078,#3079,#3080,#3081));
#3083=IFCRELDEFINESBYPROPERTIES('2ue8iHa7X6xAzLKLON5PsP',#19,$,$,(#3075),#3082);
#3084=IFCCARTESIANPOINT((38400.,90000.,14000.));
#3085=IFCDIRECTION((0.9864355490725617,0.,-0.16414904058785598));
#3086=IFCDIRECTION((-0.16414904058785601,0.,-0.98643554907256181));
#3087=IFCAXIS2PLACEMENT3D(#3084,#3085,#3086);
#3088=IFCLOCALPLACEMENT(#25,#3087);
#3089=IFCDIRECTION((0.,0.,1.));
#3090=IFCDIRECTION((1.,0.,0.));
#3091=IFCAXIS2PLACEMENT3D(#7,#3089,#3090);
#3092=IFCDIRECTION((0.,0.,1.));
#3093=IFCEXTRUDEDAREASOLID(#37,#3091,#3092,12976.012484580924);
#3094=IFCSHAPEREPRESENTATION(#13,'Body','SweptSolid',(#3093));
#3095=IFCCARTESIANPOINT((0.,0.,0.));
#3096=IFCCARTESIANPOINT((0.,0.,12976.012484580924));
#3097=IFCPOLYLINE((#3095,#3096));
#3098=IFCSHAPEREPRESENTATION(#14,'Axis','Curve3D',(#3097));
#3099=IFCPRODUCTDEFINITIONSHAPE($,$,(#3098,#3094));
#3100=IFCBEAM('3Hevzehw13euJKvuqiuzH3',#19,'TM-1/TM-2','IR VAR 3PL 400x400-900',$,#3088,#3099,$,$);
#3101=IFCRELASSOCIATESMATERIAL('1h9iSm8hj47RnvD9CPoLeV',#19,$,$,(#3100),#30);
#3102=IFCPROPERTYSINGLEVALUE('Familia',$,IFCLABEL('Trabes seccion variable'),$);
#3103=IFCPROPERTYSINGLEVALUE('Perfil',$,IFCLABEL('IR VAR 3PL 400x400-900'),$);
#3104=IFCPROPERTYSINGLEVALUE('Marca',$,IFCLABEL('TM-1/TM-2'),$);
#3105=IFCPROPERTYSINGLEVALUE('HH_ton_taller',$,IFCREAL(35.),$);
#3106=IFCPROPERTYSINGLEVALUE('Longitud_m',$,IFCREAL(12.976000000000001),$);
#3107=IFCPROPERTYSET('2H5uK_c$19s9hoOHwFmZpN',#19,'Pset_METALITEC',$,(#3102,#3103,#3104,#3105,#3106));
#3108=IFCRELDEFINESBYPROPERTIES('3Qp$D8GT92DRsHJFUDL2gO',#19,$,$,(#3100),#3107);
#3109=IFCCARTESIANPOINT((51200.,90000.,11870.));
#3110=IFCDIRECTION((0.9864355490725617,0.,0.16414904058785598));
#3111=IFCDIRECTION((0.16414904058785601,0.,-0.98643554907256181));
#3112=IFCAXIS2PLACEMENT3D(#3109,#3110,#3111);
#3113=IFCLOCALPLACEMENT(#25,#3112);
#3114=IFCDIRECTION((0.,0.,1.));
#3115=IFCDIRECTION((1.,0.,0.));
#3116=IFCAXIS2PLACEMENT3D(#7,#3114,#3115);
#3117=IFCDIRECTION((0.,0.,1.));
#3118=IFCEXTRUDEDAREASOLID(#37,#3116,#3117,12976.012484580924);
#3119=IFCSHAPEREPRESENTATION(#13,'Body','SweptSolid',(#3118));
#3120=IFCCARTESIANPOINT((0.,0.,0.));
#3121=IFCCARTESIANPOINT((0.,0.,12976.012484580924));
#3122=IFCPOLYLINE((#3120,#3121));
#3123=IFCSHAPEREPRESENTATION(#14,'Axis','Curve3D',(#3122));
#3124=IFCPRODUCTDEFINITIONSHAPE($,$,(#3123,#3119));
#3125=IFCBEAM('0OLnreeZD1DepNnlYDXeHz',#19,'TM-1/TM-2','IR VAR 3PL 400x400-900',$,#3113,#3124,$,$);
#3126=IFCRELASSOCIATESMATERIAL('12sJ0pQMz0Yu6YzxpLwxpT',#19,$,$,(#3125),#30);
#3127=IFCPROPERTYSINGLEVALUE('Familia',$,IFCLABEL('Trabes seccion variable'),$);
#3128=IFCPROPERTYSINGLEVALUE('Perfil',$,IFCLABEL('IR VAR 3PL 400x400-900'),$);
#3129=IFCPROPERTYSINGLEVALUE('Marca',$,IFCLABEL('TM-1/TM-2'),$);
#3130=IFCPROPERTYSINGLEVALUE('HH_ton_taller',$,IFCREAL(35.),$);
#3131=IFCPROPERTYSINGLEVALUE('Longitud_m',$,IFCREAL(12.976000000000001),$);
#3132=IFCPROPERTYSET('09E6XO7B1EVQgAM8CxqMsS',#19,'Pset_METALITEC',$,(#3127,#3128,#3129,#3130,#3131));
#3133=IFCRELDEFINESBYPROPERTIES('2yXJadJj9D4Otjvds_wW1L',#19,$,$,(#3125),#3132);
#3134=IFCCARTESIANPOINT((64000.,90000.,14000.));
#3135=IFCDIRECTION((0.9864355490725617,0.,-0.16414904058785598));
#3136=IFCDIRECTION((-0.16414904058785601,0.,-0.98643554907256181));
#3137=IFCAXIS2PLACEMENT3D(#3134,#3135,#3136);
#3138=IFCLOCALPLACEMENT(#25,#3137);
#3139=IFCDIRECTION((0.,0.,1.));
#3140=IFCDIRECTION((1.,0.,0.));
#3141=IFCAXIS2PLACEMENT3D(#7,#3139,#3140);
#3142=IFCDIRECTION((0.,0.,1.));
#3143=IFCEXTRUDEDAREASOLID(#37,#3141,#3142,12976.012484580924);
#3144=IFCSHAPEREPRESENTATION(#13,'Body','SweptSolid',(#3143));
#3145=IFCCARTESIANPOINT((0.,0.,0.));
#3146=IFCCARTESIANPOINT((0.,0.,12976.012484580924));
#3147=IFCPOLYLINE((#3145,#3146));
#3148=IFCSHAPEREPRESENTATION(#14,'Axis','Curve3D',(#3147));
#3149=IFCPRODUCTDEFINITIONSHAPE($,$,(#3148,#3144));
#3150=IFCBEAM('2kkY_SnEL92hxj9_nhuk2N',#19,'TM-1/TM-2','IR VAR 3PL 400x400-900',$,#3138,#3149,$,$);
#3151=IFCRELASSOCIATESMATERIAL('0TrhZHxiv50QhQ3_Tn2tfq',#19,$,$,(#3150),#30);
#3152=IFCPROPERTYSINGLEVALUE('Familia',$,IFCLABEL('Trabes seccion variable'),$);
#3153=IFCPROPERTYSINGLEVALUE('Perfil',$,IFCLABEL('IR VAR 3PL 400x400-900'),$);
#3154=IFCPROPERTYSINGLEVALUE('Marca',$,IFCLABEL('TM-1/TM-2'),$);
#3155=IFCPROPERTYSINGLEVALUE('HH_ton_taller',$,IFCREAL(35.),$);
#3156=IFCPROPERTYSINGLEVALUE('Longitud_m',$,IFCREAL(12.976000000000001),$);
#3157=IFCPROPERTYSET('07x1OJRpPETu9n9RuP4sSn',#19,'Pset_METALITEC',$,(#3152,#3153,#3154,#3155,#3156));
#3158=IFCRELDEFINESBYPROPERTIES('2VNLqknTvA0hyGY7YKCB90',#19,$,$,(#3150),#3157);
#3159=IFCCARTESIANPOINT((0.,100000.,11870.));
#3160=IFCDIRECTION((0.9864355490725617,0.,0.16414904058785598));
#3161=IFCDIRECTION((0.16414904058785601,0.,-0.98643554907256181));
#3162=IFCAXIS2PLACEMENT3D(#3159,#3160,#3161);
#3163=IFCLOCALPLACEMENT(#25,#3162);
#3164=IFCDIRECTION((0.,0.,1.));
#3165=IFCDIRECTION((1.,0.,0.));
#3166=IFCAXIS2PLACEMENT3D(#7,#3164,#3165);
#3167=IFCDIRECTION((0.,0.,1.));
#3168=IFCEXTRUDEDAREASOLID(#37,#3166,#3167,12976.012484580924);
#3169=IFCSHAPEREPRESENTATION(#13,'Body','SweptSolid',(#3168));
#3170=IFCCARTESIANPOINT((0.,0.,0.));
#3171=IFCCARTESIANPOINT((0.,0.,12976.012484580924));
#3172=IFCPOLYLINE((#3170,#3171));
#3173=IFCSHAPEREPRESENTATION(#14,'Axis','Curve3D',(#3172));
#3174=IFCPRODUCTDEFINITIONSHAPE($,$,(#3173,#3169));
#3175=IFCBEAM('2tyRdGKKD5YPmJTvk4HGmC',#19,'TM-1/TM-2','IR VAR 3PL 400x400-900',$,#3163,#3174,$,$);
#3176=IFCRELASSOCIATESMATERIAL('3S1smyzkb3FwEbyhpX_kVd',#19,$,$,(#3175),#30);
#3177=IFCPROPERTYSINGLEVALUE('Familia',$,IFCLABEL('Trabes seccion variable'),$);
#3178=IFCPROPERTYSINGLEVALUE('Perfil',$,IFCLABEL('IR VAR 3PL 400x400-900'),$);
#3179=IFCPROPERTYSINGLEVALUE('Marca',$,IFCLABEL('TM-1/TM-2'),$);
#3180=IFCPROPERTYSINGLEVALUE('HH_ton_taller',$,IFCREAL(35.),$);
#3181=IFCPROPERTYSINGLEVALUE('Longitud_m',$,IFCREAL(12.976000000000001),$);
#3182=IFCPROPERTYSET('0yTq3Am2X4SQfo_7TXxmSu',#19,'Pset_METALITEC',$,(#3177,#3178,#3179,#3180,#3181));
#3183=IFCRELDEFINESBYPROPERTIES('3UoptOyEH0oOdAsGSfR$_z',#19,$,$,(#3175),#3182);
#3184=IFCCARTESIANPOINT((12800.,100000.,14000.));
#3185=IFCDIRECTION((0.9864355490725617,0.,-0.16414904058785598));
#3186=IFCDIRECTION((-0.16414904058785601,0.,-0.98643554907256181));
#3187=IFCAXIS2PLACEMENT3D(#3184,#3185,#3186);
#3188=IFCLOCALPLACEMENT(#25,#3187);
#3189=IFCDIRECTION((0.,0.,1.));
#3190=IFCDIRECTION((1.,0.,0.));
#3191=IFCAXIS2PLACEMENT3D(#7,#3189,#3190);
#3192=IFCDIRECTION((0.,0.,1.));
#3193=IFCEXTRUDEDAREASOLID(#37,#3191,#3192,12976.012484580924);
#3194=IFCSHAPEREPRESENTATION(#13,'Body','SweptSolid',(#3193));
#3195=IFCCARTESIANPOINT((0.,0.,0.));
#3196=IFCCARTESIANPOINT((0.,0.,12976.012484580924));
#3197=IFCPOLYLINE((#3195,#3196));
#3198=IFCSHAPEREPRESENTATION(#14,'Axis','Curve3D',(#3197));
#3199=IFCPRODUCTDEFINITIONSHAPE($,$,(#3198,#3194));
#3200=IFCBEAM('2IaOCBjnH1w8AtIeD11z0g',#19,'TM-1/TM-2','IR VAR 3PL 400x400-900',$,#3188,#3199,$,$);
#3201=IFCRELASSOCIATESMATERIAL('1ebEzdI2LCbPs4L6QsJaWQ',#19,$,$,(#3200),#30);
#3202=IFCPROPERTYSINGLEVALUE('Familia',$,IFCLABEL('Trabes seccion variable'),$);
#3203=IFCPROPERTYSINGLEVALUE('Perfil',$,IFCLABEL('IR VAR 3PL 400x400-900'),$);
#3204=IFCPROPERTYSINGLEVALUE('Marca',$,IFCLABEL('TM-1/TM-2'),$);
#3205=IFCPROPERTYSINGLEVALUE('HH_ton_taller',$,IFCREAL(35.),$);
#3206=IFCPROPERTYSINGLEVALUE('Longitud_m',$,IFCREAL(12.976000000000001),$);
#3207=IFCPROPERTYSET('3593Ipcb17cBNTIH8SSa6O',#19,'Pset_METALITEC',$,(#3202,#3203,#3204,#3205,#3206));
#3208=IFCRELDEFINESBYPROPERTIES('3GiSkGbuvDYg4CiVt6M1CI',#19,$,$,(#3200),#3207);
#3209=IFCCARTESIANPOINT((25600.,100000.,11870.));
#3210=IFCDIRECTION((0.9864355490725617,0.,0.16414904058785598));
#3211=IFCDIRECTION((0.16414904058785601,0.,-0.98643554907256181));
#3212=IFCAXIS2PLACEMENT3D(#3209,#3210,#3211);
#3213=IFCLOCALPLACEMENT(#25,#3212);
#3214=IFCDIRECTION((0.,0.,1.));
#3215=IFCDIRECTION((1.,0.,0.));
#3216=IFCAXIS2PLACEMENT3D(#7,#3214,#3215);
#3217=IFCDIRECTION((0.,0.,1.));
#3218=IFCEXTRUDEDAREASOLID(#37,#3216,#3217,12976.012484580924);
#3219=IFCSHAPEREPRESENTATION(#13,'Body','SweptSolid',(#3218));
#3220=IFCCARTESIANPOINT((0.,0.,0.));
#3221=IFCCARTESIANPOINT((0.,0.,12976.012484580924));
#3222=IFCPOLYLINE((#3220,#3221));
#3223=IFCSHAPEREPRESENTATION(#14,'Axis','Curve3D',(#3222));
#3224=IFCPRODUCTDEFINITIONSHAPE($,$,(#3223,#3219));
#3225=IFCBEAM('3nceNwIsX4C9iqbP4gRs0X',#19,'TM-1/TM-2','IR VAR 3PL 400x400-900',$,#3213,#3224,$,$);
#3226=IFCRELASSOCIATESMATERIAL('0dJ$TWz$952gITjXGO4Oqv',#19,$,$,(#3225),#30);
#3227=IFCPROPERTYSINGLEVALUE('Familia',$,IFCLABEL('Trabes seccion variable'),$);
#3228=IFCPROPERTYSINGLEVALUE('Perfil',$,IFCLABEL('IR VAR 3PL 400x400-900'),$);
#3229=IFCPROPERTYSINGLEVALUE('Marca',$,IFCLABEL('TM-1/TM-2'),$);
#3230=IFCPROPERTYSINGLEVALUE('HH_ton_taller',$,IFCREAL(35.),$);
#3231=IFCPROPERTYSINGLEVALUE('Longitud_m',$,IFCREAL(12.976000000000001),$);
#3232=IFCPROPERTYSET('0_E2OMjbbBP9u6UOHznoxw',#19,'Pset_METALITEC',$,(#3227,#3228,#3229,#3230,#3231));
#3233=IFCRELDEFINESBYPROPERTIES('2qIQb2Xxr8IBZ_g93axvP4',#19,$,$,(#3225),#3232);
#3234=IFCCARTESIANPOINT((38400.,100000.,14000.));
#3235=IFCDIRECTION((0.9864355490725617,0.,-0.16414904058785598));
#3236=IFCDIRECTION((-0.16414904058785601,0.,-0.98643554907256181));
#3237=IFCAXIS2PLACEMENT3D(#3234,#3235,#3236);
#3238=IFCLOCALPLACEMENT(#25,#3237);
#3239=IFCDIRECTION((0.,0.,1.));
#3240=IFCDIRECTION((1.,0.,0.));
#3241=IFCAXIS2PLACEMENT3D(#7,#3239,#3240);
#3242=IFCDIRECTION((0.,0.,1.));
#3243=IFCEXTRUDEDAREASOLID(#37,#3241,#3242,12976.012484580924);
#3244=IFCSHAPEREPRESENTATION(#13,'Body','SweptSolid',(#3243));
#3245=IFCCARTESIANPOINT((0.,0.,0.));
#3246=IFCCARTESIANPOINT((0.,0.,12976.012484580924));
#3247=IFCPOLYLINE((#3245,#3246));
#3248=IFCSHAPEREPRESENTATION(#14,'Axis','Curve3D',(#3247));
#3249=IFCPRODUCTDEFINITIONSHAPE($,$,(#3248,#3244));
#3250=IFCBEAM('0YJz2fcyL4De4r9ZgAUzI_',#19,'TM-1/TM-2','IR VAR 3PL 400x400-900',$,#3238,#3249,$,$);
#3251=IFCRELASSOCIATESMATERIAL('18E5BYHirDzAGjGNZcLOFj',#19,$,$,(#3250),#30);
#3252=IFCPROPERTYSINGLEVALUE('Familia',$,IFCLABEL('Trabes seccion variable'),$);
#3253=IFCPROPERTYSINGLEVALUE('Perfil',$,IFCLABEL('IR VAR 3PL 400x400-900'),$);
#3254=IFCPROPERTYSINGLEVALUE('Marca',$,IFCLABEL('TM-1/TM-2'),$);
#3255=IFCPROPERTYSINGLEVALUE('HH_ton_taller',$,IFCREAL(35.),$);
#3256=IFCPROPERTYSINGLEVALUE('Longitud_m',$,IFCREAL(12.976000000000001),$);
#3257=IFCPROPERTYSET('1H2DAhfWvEQBWUJXFn5ePu',#19,'Pset_METALITEC',$,(#3252,#3253,#3254,#3255,#3256));
#3258=IFCRELDEFINESBYPROPERTIES('2v3ih7rLj4t8kjIozfLvqo',#19,$,$,(#3250),#3257);
#3259=IFCCARTESIANPOINT((51200.,100000.,11870.));
#3260=IFCDIRECTION((0.9864355490725617,0.,0.16414904058785598));
#3261=IFCDIRECTION((0.16414904058785601,0.,-0.98643554907256181));
#3262=IFCAXIS2PLACEMENT3D(#3259,#3260,#3261);
#3263=IFCLOCALPLACEMENT(#25,#3262);
#3264=IFCDIRECTION((0.,0.,1.));
#3265=IFCDIRECTION((1.,0.,0.));
#3266=IFCAXIS2PLACEMENT3D(#7,#3264,#3265);
#3267=IFCDIRECTION((0.,0.,1.));
#3268=IFCEXTRUDEDAREASOLID(#37,#3266,#3267,12976.012484580924);
#3269=IFCSHAPEREPRESENTATION(#13,'Body','SweptSolid',(#3268));
#3270=IFCCARTESIANPOINT((0.,0.,0.));
#3271=IFCCARTESIANPOINT((0.,0.,12976.012484580924));
#3272=IFCPOLYLINE((#3270,#3271));
#3273=IFCSHAPEREPRESENTATION(#14,'Axis','Curve3D',(#3272));
#3274=IFCPRODUCTDEFINITIONSHAPE($,$,(#3273,#3269));
#3275=IFCBEAM('2gre4VTz12mQhocUPTLYDP',#19,'TM-1/TM-2','IR VAR 3PL 400x400-900',$,#3263,#3274,$,$);
#3276=IFCRELASSOCIATESMATERIAL('2QNIEW1ij23v5vMgYqK8k0',#19,$,$,(#3275),#30);
#3277=IFCPROPERTYSINGLEVALUE('Familia',$,IFCLABEL('Trabes seccion variable'),$);
#3278=IFCPROPERTYSINGLEVALUE('Perfil',$,IFCLABEL('IR VAR 3PL 400x400-900'),$);
#3279=IFCPROPERTYSINGLEVALUE('Marca',$,IFCLABEL('TM-1/TM-2'),$);
#3280=IFCPROPERTYSINGLEVALUE('HH_ton_taller',$,IFCREAL(35.),$);
#3281=IFCPROPERTYSINGLEVALUE('Longitud_m',$,IFCREAL(12.976000000000001),$);
#3282=IFCPROPERTYSET('2kL7dT08j1COJ76OX6n$oD',#19,'Pset_METALITEC',$,(#3277,#3278,#3279,#3280,#3281));
#3283=IFCRELDEFINESBYPROPERTIES('0xVX1e0in6RxhOb37_bhCk',#19,$,$,(#3275),#3282);
#3284=IFCCARTESIANPOINT((64000.,100000.,14000.));
#3285=IFCDIRECTION((0.9864355490725617,0.,-0.16414904058785598));
#3286=IFCDIRECTION((-0.16414904058785601,0.,-0.98643554907256181));
#3287=IFCAXIS2PLACEMENT3D(#3284,#3285,#3286);
#3288=IFCLOCALPLACEMENT(#25,#3287);
#3289=IFCDIRECTION((0.,0.,1.));
#3290=IFCDIRECTION((1.,0.,0.));
#3291=IFCAXIS2PLACEMENT3D(#7,#3289,#3290);
#3292=IFCDIRECTION((0.,0.,1.));
#3293=IFCEXTRUDEDAREASOLID(#37,#3291,#3292,12976.012484580924);
#3294=IFCSHAPEREPRESENTATION(#13,'Body','SweptSolid',(#3293));
#3295=IFCCARTESIANPOINT((0.,0.,0.));
#3296=IFCCARTESIANPOINT((0.,0.,12976.012484580924));
#3297=IFCPOLYLINE((#3295,#3296));
#3298=IFCSHAPEREPRESENTATION(#14,'Axis','Curve3D',(#3297));
#3299=IFCPRODUCTDEFINITIONSHAPE($,$,(#3298,#3294));
#3300=IFCBEAM('0YfCp3PDP7eBTqYOkZcq9D',#19,'TM-1/TM-2','IR VAR 3PL 400x400-900',$,#3288,#3299,$,$);
#3301=IFCRELASSOCIATESMATERIAL('0LrWMJeJ15PuGCChImX3Bv',#19,$,$,(#3300),#30);
#3302=IFCPROPERTYSINGLEVALUE('Familia',$,IFCLABEL('Trabes seccion variable'),$);
#3303=IFCPROPERTYSINGLEVALUE('Perfil',$,IFCLABEL('IR VAR 3PL 400x400-900'),$);
#3304=IFCPROPERTYSINGLEVALUE('Marca',$,IFCLABEL('TM-1/TM-2'),$);
#3305=IFCPROPERTYSINGLEVALUE('HH_ton_taller',$,IFCREAL(35.),$);
#3306=IFCPROPERTYSINGLEVALUE('Longitud_m',$,IFCREAL(12.976000000000001),$);
#3307=IFCPROPERTYSET('08PHFmjDLBKh_ID3gyWVAU',#19,'Pset_METALITEC',$,(#3302,#3303,#3304,#3305,#3306));
#3308=IFCRELDEFINESBYPROPERTIES('2UIZEfPsr1X82VxkFlrMj2',#19,$,$,(#3300),#3307);
#3309=IFCCARTESIANPOINT((0.,110000.,11870.));
#3310=IFCDIRECTION((0.9864355490725617,0.,0.16414904058785598));
#3311=IFCDIRECTION((0.16414904058785601,0.,-0.98643554907256181));
#3312=IFCAXIS2PLACEMENT3D(#3309,#3310,#3311);
#3313=IFCLOCALPLACEMENT(#25,#3312);
#3314=IFCDIRECTION((0.,0.,1.));
#3315=IFCDIRECTION((1.,0.,0.));
#3316=IFCAXIS2PLACEMENT3D(#7,#3314,#3315);
#3317=IFCDIRECTION((0.,0.,1.));
#3318=IFCEXTRUDEDAREASOLID(#37,#3316,#3317,12976.012484580924);
#3319=IFCSHAPEREPRESENTATION(#13,'Body','SweptSolid',(#3318));
#3320=IFCCARTESIANPOINT((0.,0.,0.));
#3321=IFCCARTESIANPOINT((0.,0.,12976.012484580924));
#3322=IFCPOLYLINE((#3320,#3321));
#3323=IFCSHAPEREPRESENTATION(#14,'Axis','Curve3D',(#3322));
#3324=IFCPRODUCTDEFINITIONSHAPE($,$,(#3323,#3319));
#3325=IFCBEAM('1wrjGoZQT8TfAXd59GqfIN',#19,'TM-1/TM-2','IR VAR 3PL 400x400-900',$,#3313,#3324,$,$);
#3326=IFCRELASSOCIATESMATERIAL('2MMGkjYOz8GR20PqDYy9lV',#19,$,$,(#3325),#30);
#3327=IFCPROPERTYSINGLEVALUE('Familia',$,IFCLABEL('Trabes seccion variable'),$);
#3328=IFCPROPERTYSINGLEVALUE('Perfil',$,IFCLABEL('IR VAR 3PL 400x400-900'),$);
#3329=IFCPROPERTYSINGLEVALUE('Marca',$,IFCLABEL('TM-1/TM-2'),$);
#3330=IFCPROPERTYSINGLEVALUE('HH_ton_taller',$,IFCREAL(35.),$);
#3331=IFCPROPERTYSINGLEVALUE('Longitud_m',$,IFCREAL(12.976000000000001),$);
#3332=IFCPROPERTYSET('2efnAaedL9wPcYmsUoSEuZ',#19,'Pset_METALITEC',$,(#3327,#3328,#3329,#3330,#3331));
#3333=IFCRELDEFINESBYPROPERTIES('2Dy2wgwIP5KfjoVA_b9pn5',#19,$,$,(#3325),#3332);
#3334=IFCCARTESIANPOINT((12800.,110000.,14000.));
#3335=IFCDIRECTION((0.9864355490725617,0.,-0.16414904058785598));
#3336=IFCDIRECTION((-0.16414904058785601,0.,-0.98643554907256181));
#3337=IFCAXIS2PLACEMENT3D(#3334,#3335,#3336);
#3338=IFCLOCALPLACEMENT(#25,#3337);
#3339=IFCDIRECTION((0.,0.,1.));
#3340=IFCDIRECTION((1.,0.,0.));
#3341=IFCAXIS2PLACEMENT3D(#7,#3339,#3340);
#3342=IFCDIRECTION((0.,0.,1.));
#3343=IFCEXTRUDEDAREASOLID(#37,#3341,#3342,12976.012484580924);
#3344=IFCSHAPEREPRESENTATION(#13,'Body','SweptSolid',(#3343));
#3345=IFCCARTESIANPOINT((0.,0.,0.));
#3346=IFCCARTESIANPOINT((0.,0.,12976.012484580924));
#3347=IFCPOLYLINE((#3345,#3346));
#3348=IFCSHAPEREPRESENTATION(#14,'Axis','Curve3D',(#3347));
#3349=IFCPRODUCTDEFINITIONSHAPE($,$,(#3348,#3344));
#3350=IFCBEAM('0QX4jRwTzAqf71FgMuyRaC',#19,'TM-1/TM-2','IR VAR 3PL 400x400-900',$,#3338,#3349,$,$);
#3351=IFCRELASSOCIATESMATERIAL('13ECcEdUHA6Ro7ARgwqJ3v',#19,$,$,(#3350),#30);
#3352=IFCPROPERTYSINGLEVALUE('Familia',$,IFCLABEL('Trabes seccion variable'),$);
#3353=IFCPROPERTYSINGLEVALUE('Perfil',$,IFCLABEL('IR VAR 3PL 400x400-900'),$);
#3354=IFCPROPERTYSINGLEVALUE('Marca',$,IFCLABEL('TM-1/TM-2'),$);
#3355=IFCPROPERTYSINGLEVALUE('HH_ton_taller',$,IFCREAL(35.),$);
#3356=IFCPROPERTYSINGLEVALUE('Longitud_m',$,IFCREAL(12.976000000000001),$);
#3357=IFCPROPERTYSET('2$mltLwtL0ZwpDNluhDAwj',#19,'Pset_METALITEC',$,(#3352,#3353,#3354,#3355,#3356));
#3358=IFCRELDEFINESBYPROPERTIES('3ZHGsz8Tn6nulP$xdNashr',#19,$,$,(#3350),#3357);
#3359=IFCCARTESIANPOINT((25600.,110000.,11870.));
#3360=IFCDIRECTION((0.9864355490725617,0.,0.16414904058785598));
#3361=IFCDIRECTION((0.16414904058785601,0.,-0.98643554907256181));
#3362=IFCAXIS2PLACEMENT3D(#3359,#3360,#3361);
#3363=IFCLOCALPLACEMENT(#25,#3362);
#3364=IFCDIRECTION((0.,0.,1.));
#3365=IFCDIRECTION((1.,0.,0.));
#3366=IFCAXIS2PLACEMENT3D(#7,#3364,#3365);
#3367=IFCDIRECTION((0.,0.,1.));
#3368=IFCEXTRUDEDAREASOLID(#37,#3366,#3367,12976.012484580924);
#3369=IFCSHAPEREPRESENTATION(#13,'Body','SweptSolid',(#3368));
#3370=IFCCARTESIANPOINT((0.,0.,0.));
#3371=IFCCARTESIANPOINT((0.,0.,12976.012484580924));
#3372=IFCPOLYLINE((#3370,#3371));
#3373=IFCSHAPEREPRESENTATION(#14,'Axis','Curve3D',(#3372));
#3374=IFCPRODUCTDEFINITIONSHAPE($,$,(#3373,#3369));
#3375=IFCBEAM('0SZIw8fozBy9lMFCvbcsOy',#19,'TM-1/TM-2','IR VAR 3PL 400x400-900',$,#3363,#3374,$,$);
#3376=IFCRELASSOCIATESMATERIAL('3vTgAHa2DBcB1wFA$K8ISr',#19,$,$,(#3375),#30);
#3377=IFCPROPERTYSINGLEVALUE('Familia',$,IFCLABEL('Trabes seccion variable'),$);
#3378=IFCPROPERTYSINGLEVALUE('Perfil',$,IFCLABEL('IR VAR 3PL 400x400-900'),$);
#3379=IFCPROPERTYSINGLEVALUE('Marca',$,IFCLABEL('TM-1/TM-2'),$);
#3380=IFCPROPERTYSINGLEVALUE('HH_ton_taller',$,IFCREAL(35.),$);
#3381=IFCPROPERTYSINGLEVALUE('Longitud_m',$,IFCREAL(12.976000000000001),$);
#3382=IFCPROPERTYSET('2VcIyPDW1Fuugyvu3bxsfc',#19,'Pset_METALITEC',$,(#3377,#3378,#3379,#3380,#3381));
#3383=IFCRELDEFINESBYPROPERTIES('1hJqVtnfD0ogiZthYRraM1',#19,$,$,(#3375),#3382);
#3384=IFCCARTESIANPOINT((38400.,110000.,14000.));
#3385=IFCDIRECTION((0.9864355490725617,0.,-0.16414904058785598));
#3386=IFCDIRECTION((-0.16414904058785601,0.,-0.98643554907256181));
#3387=IFCAXIS2PLACEMENT3D(#3384,#3385,#3386);
#3388=IFCLOCALPLACEMENT(#25,#3387);
#3389=IFCDIRECTION((0.,0.,1.));
#3390=IFCDIRECTION((1.,0.,0.));
#3391=IFCAXIS2PLACEMENT3D(#7,#3389,#3390);
#3392=IFCDIRECTION((0.,0.,1.));
#3393=IFCEXTRUDEDAREASOLID(#37,#3391,#3392,12976.012484580924);
#3394=IFCSHAPEREPRESENTATION(#13,'Body','SweptSolid',(#3393));
#3395=IFCCARTESIANPOINT((0.,0.,0.));
#3396=IFCCARTESIANPOINT((0.,0.,12976.012484580924));
#3397=IFCPOLYLINE((#3395,#3396));
#3398=IFCSHAPEREPRESENTATION(#14,'Axis','Curve3D',(#3397));
#3399=IFCPRODUCTDEFINITIONSHAPE($,$,(#3398,#3394));
#3400=IFCBEAM('1O_4JAYSbD8B_F1QQhEVrw',#19,'TM-1/TM-2','IR VAR 3PL 400x400-900',$,#3388,#3399,$,$);
#3401=IFCRELASSOCIATESMATERIAL('0gFpZtURDFMONm5xnTmBkq',#19,$,$,(#3400),#30);
#3402=IFCPROPERTYSINGLEVALUE('Familia',$,IFCLABEL('Trabes seccion variable'),$);
#3403=IFCPROPERTYSINGLEVALUE('Perfil',$,IFCLABEL('IR VAR 3PL 400x400-900'),$);
#3404=IFCPROPERTYSINGLEVALUE('Marca',$,IFCLABEL('TM-1/TM-2'),$);
#3405=IFCPROPERTYSINGLEVALUE('HH_ton_taller',$,IFCREAL(35.),$);
#3406=IFCPROPERTYSINGLEVALUE('Longitud_m',$,IFCREAL(12.976000000000001),$);
#3407=IFCPROPERTYSET('1W6e_psMX0IR0w2yBObrKD',#19,'Pset_METALITEC',$,(#3402,#3403,#3404,#3405,#3406));
#3408=IFCRELDEFINESBYPROPERTIES('2OG5bxUaTEfRSHnqRJNnjH',#19,$,$,(#3400),#3407);
#3409=IFCCARTESIANPOINT((51200.,110000.,11870.));
#3410=IFCDIRECTION((0.9864355490725617,0.,0.16414904058785598));
#3411=IFCDIRECTION((0.16414904058785601,0.,-0.98643554907256181));
#3412=IFCAXIS2PLACEMENT3D(#3409,#3410,#3411);
#3413=IFCLOCALPLACEMENT(#25,#3412);
#3414=IFCDIRECTION((0.,0.,1.));
#3415=IFCDIRECTION((1.,0.,0.));
#3416=IFCAXIS2PLACEMENT3D(#7,#3414,#3415);
#3417=IFCDIRECTION((0.,0.,1.));
#3418=IFCEXTRUDEDAREASOLID(#37,#3416,#3417,12976.012484580924);
#3419=IFCSHAPEREPRESENTATION(#13,'Body','SweptSolid',(#3418));
#3420=IFCCARTESIANPOINT((0.,0.,0.));
#3421=IFCCARTESIANPOINT((0.,0.,12976.012484580924));
#3422=IFCPOLYLINE((#3420,#3421));
#3423=IFCSHAPEREPRESENTATION(#14,'Axis','Curve3D',(#3422));
#3424=IFCPRODUCTDEFINITIONSHAPE($,$,(#3423,#3419));
#3425=IFCBEAM('37VJmBseXA1x_DXWLhSEA5',#19,'TM-1/TM-2','IR VAR 3PL 400x400-900',$,#3413,#3424,$,$);
#3426=IFCRELASSOCIATESMATERIAL('0hoz6dOFX5hA49SpzrEpeU',#19,$,$,(#3425),#30);
#3427=IFCPROPERTYSINGLEVALUE('Familia',$,IFCLABEL('Trabes seccion variable'),$);
#3428=IFCPROPERTYSINGLEVALUE('Perfil',$,IFCLABEL('IR VAR 3PL 400x400-900'),$);
#3429=IFCPROPERTYSINGLEVALUE('Marca',$,IFCLABEL('TM-1/TM-2'),$);
#3430=IFCPROPERTYSINGLEVALUE('HH_ton_taller',$,IFCREAL(35.),$);
#3431=IFCPROPERTYSINGLEVALUE('Longitud_m',$,IFCREAL(12.976000000000001),$);
#3432=IFCPROPERTYSET('1fi4qwglzFH80FZl6YKeDA',#19,'Pset_METALITEC',$,(#3427,#3428,#3429,#3430,#3431));
#3433=IFCRELDEFINESBYPROPERTIES('2JpZ6G0FTFMvJz5qJtTq0R',#19,$,$,(#3425),#3432);
#3434=IFCCARTESIANPOINT((64000.,110000.,14000.));
#3435=IFCDIRECTION((0.9864355490725617,0.,-0.16414904058785598));
#3436=IFCDIRECTION((-0.16414904058785601,0.,-0.98643554907256181));
#3437=IFCAXIS2PLACEMENT3D(#3434,#3435,#3436);
#3438=IFCLOCALPLACEMENT(#25,#3437);
#3439=IFCDIRECTION((0.,0.,1.));
#3440=IFCDIRECTION((1.,0.,0.));
#3441=IFCAXIS2PLACEMENT3D(#7,#3439,#3440);
#3442=IFCDIRECTION((0.,0.,1.));
#3443=IFCEXTRUDEDAREASOLID(#37,#3441,#3442,12976.012484580924);
#3444=IFCSHAPEREPRESENTATION(#13,'Body','SweptSolid',(#3443));
#3445=IFCCARTESIANPOINT((0.,0.,0.));
#3446=IFCCARTESIANPOINT((0.,0.,12976.012484580924));
#3447=IFCPOLYLINE((#3445,#3446));
#3448=IFCSHAPEREPRESENTATION(#14,'Axis','Curve3D',(#3447));
#3449=IFCPRODUCTDEFINITIONSHAPE($,$,(#3448,#3444));
#3450=IFCBEAM('0GHCxjwzv9aheL8IIFA8C8',#19,'TM-1/TM-2','IR VAR 3PL 400x400-900',$,#3438,#3449,$,$);
#3451=IFCRELASSOCIATESMATERIAL('0MgPCJi6b0gAVTAqZzQ8HM',#19,$,$,(#3450),#30);
#3452=IFCPROPERTYSINGLEVALUE('Familia',$,IFCLABEL('Trabes seccion variable'),$);
#3453=IFCPROPERTYSINGLEVALUE('Perfil',$,IFCLABEL('IR VAR 3PL 400x400-900'),$);
#3454=IFCPROPERTYSINGLEVALUE('Marca',$,IFCLABEL('TM-1/TM-2'),$);
#3455=IFCPROPERTYSINGLEVALUE('HH_ton_taller',$,IFCREAL(35.),$);
#3456=IFCPROPERTYSINGLEVALUE('Longitud_m',$,IFCREAL(12.976000000000001),$);
#3457=IFCPROPERTYSET('0b_5jPD4TF29sIbr5Zuxqc',#19,'Pset_METALITEC',$,(#3452,#3453,#3454,#3455,#3456));
#3458=IFCRELDEFINESBYPROPERTIES('0HBYMWZaL9RgelYVdsd_Mh',#19,$,$,(#3450),#3457);
#3459=IFCCARTESIANPOINT((0.,120000.,11870.));
#3460=IFCDIRECTION((0.9864355490725617,0.,0.16414904058785598));
#3461=IFCDIRECTION((0.16414904058785601,0.,-0.98643554907256181));
#3462=IFCAXIS2PLACEMENT3D(#3459,#3460,#3461);
#3463=IFCLOCALPLACEMENT(#25,#3462);
#3464=IFCDIRECTION((0.,0.,1.));
#3465=IFCDIRECTION((1.,0.,0.));
#3466=IFCAXIS2PLACEMENT3D(#7,#3464,#3465);
#3467=IFCDIRECTION((0.,0.,1.));
#3468=IFCEXTRUDEDAREASOLID(#37,#3466,#3467,12976.012484580924);
#3469=IFCSHAPEREPRESENTATION(#13,'Body','SweptSolid',(#3468));
#3470=IFCCARTESIANPOINT((0.,0.,0.));
#3471=IFCCARTESIANPOINT((0.,0.,12976.012484580924));
#3472=IFCPOLYLINE((#3470,#3471));
#3473=IFCSHAPEREPRESENTATION(#14,'Axis','Curve3D',(#3472));
#3474=IFCPRODUCTDEFINITIONSHAPE($,$,(#3473,#3469));
#3475=IFCBEAM('2d4yBdX4rC3R4iGWvhOMtg',#19,'TM-1/TM-2','IR VAR 3PL 400x400-900',$,#3463,#3474,$,$);
#3476=IFCRELASSOCIATESMATERIAL('0BTjrUsPT1aArEAR6CDx96',#19,$,$,(#3475),#30);
#3477=IFCPROPERTYSINGLEVALUE('Familia',$,IFCLABEL('Trabes seccion variable'),$);
#3478=IFCPROPERTYSINGLEVALUE('Perfil',$,IFCLABEL('IR VAR 3PL 400x400-900'),$);
#3479=IFCPROPERTYSINGLEVALUE('Marca',$,IFCLABEL('TM-1/TM-2'),$);
#3480=IFCPROPERTYSINGLEVALUE('HH_ton_taller',$,IFCREAL(35.),$);
#3481=IFCPROPERTYSINGLEVALUE('Longitud_m',$,IFCREAL(12.976000000000001),$);
#3482=IFCPROPERTYSET('2o53IPFUP58OHYnhj7pPCF',#19,'Pset_METALITEC',$,(#3477,#3478,#3479,#3480,#3481));
#3483=IFCRELDEFINESBYPROPERTIES('1GgnJ8Q1L5I8bqXmdHJ4pD',#19,$,$,(#3475),#3482);
#3484=IFCCARTESIANPOINT((12800.,120000.,14000.));
#3485=IFCDIRECTION((0.9864355490725617,0.,-0.16414904058785598));
#3486=IFCDIRECTION((-0.16414904058785601,0.,-0.98643554907256181));
#3487=IFCAXIS2PLACEMENT3D(#3484,#3485,#3486);
#3488=IFCLOCALPLACEMENT(#25,#3487);
#3489=IFCDIRECTION((0.,0.,1.));
#3490=IFCDIRECTION((1.,0.,0.));
#3491=IFCAXIS2PLACEMENT3D(#7,#3489,#3490);
#3492=IFCDIRECTION((0.,0.,1.));
#3493=IFCEXTRUDEDAREASOLID(#37,#3491,#3492,12976.012484580924);
#3494=IFCSHAPEREPRESENTATION(#13,'Body','SweptSolid',(#3493));
#3495=IFCCARTESIANPOINT((0.,0.,0.));
#3496=IFCCARTESIANPOINT((0.,0.,12976.012484580924));
#3497=IFCPOLYLINE((#3495,#3496));
#3498=IFCSHAPEREPRESENTATION(#14,'Axis','Curve3D',(#3497));
#3499=IFCPRODUCTDEFINITIONSHAPE($,$,(#3498,#3494));
#3500=IFCBEAM('2V$V0aiZP1dAXW9HBfvesJ',#19,'TM-1/TM-2','IR VAR 3PL 400x400-900',$,#3488,#3499,$,$);
#3501=IFCRELASSOCIATESMATERIAL('1FmYV8v396q9n_zeorQj13',#19,$,$,(#3500),#30);
#3502=IFCPROPERTYSINGLEVALUE('Familia',$,IFCLABEL('Trabes seccion variable'),$);
#3503=IFCPROPERTYSINGLEVALUE('Perfil',$,IFCLABEL('IR VAR 3PL 400x400-900'),$);
#3504=IFCPROPERTYSINGLEVALUE('Marca',$,IFCLABEL('TM-1/TM-2'),$);
#3505=IFCPROPERTYSINGLEVALUE('HH_ton_taller',$,IFCREAL(35.),$);
#3506=IFCPROPERTYSINGLEVALUE('Longitud_m',$,IFCREAL(12.976000000000001),$);
#3507=IFCPROPERTYSET('3YQtWvN$52zO0MraNIzNhl',#19,'Pset_METALITEC',$,(#3502,#3503,#3504,#3505,#3506));
#3508=IFCRELDEFINESBYPROPERTIES('131hT4iPT0iPS2Jgmo36Vh',#19,$,$,(#3500),#3507);
#3509=IFCCARTESIANPOINT((25600.,120000.,11870.));
#3510=IFCDIRECTION((0.9864355490725617,0.,0.16414904058785598));
#3511=IFCDIRECTION((0.16414904058785601,0.,-0.98643554907256181));
#3512=IFCAXIS2PLACEMENT3D(#3509,#3510,#3511);
#3513=IFCLOCALPLACEMENT(#25,#3512);
#3514=IFCDIRECTION((0.,0.,1.));
#3515=IFCDIRECTION((1.,0.,0.));
#3516=IFCAXIS2PLACEMENT3D(#7,#3514,#3515);
#3517=IFCDIRECTION((0.,0.,1.));
#3518=IFCEXTRUDEDAREASOLID(#37,#3516,#3517,12976.012484580924);
#3519=IFCSHAPEREPRESENTATION(#13,'Body','SweptSolid',(#3518));
#3520=IFCCARTESIANPOINT((0.,0.,0.));
#3521=IFCCARTESIANPOINT((0.,0.,12976.012484580924));
#3522=IFCPOLYLINE((#3520,#3521));
#3523=IFCSHAPEREPRESENTATION(#14,'Axis','Curve3D',(#3522));
#3524=IFCPRODUCTDEFINITIONSHAPE($,$,(#3523,#3519));
#3525=IFCBEAM('3lLmirdvX2ERbS7_9GsuY3',#19,'TM-1/TM-2','IR VAR 3PL 400x400-900',$,#3513,#3524,$,$);
#3526=IFCRELASSOCIATESMATERIAL('0lPbq1iWPAWBM_0alEbnNp',#19,$,$,(#3525),#30);
#3527=IFCPROPERTYSINGLEVALUE('Familia',$,IFCLABEL('Trabes seccion variable'),$);
#3528=IFCPROPERTYSINGLEVALUE('Perfil',$,IFCLABEL('IR VAR 3PL 400x400-900'),$);
#3529=IFCPROPERTYSINGLEVALUE('Marca',$,IFCLABEL('TM-1/TM-2'),$);
#3530=IFCPROPERTYSINGLEVALUE('HH_ton_taller',$,IFCREAL(35.),$);
#3531=IFCPROPERTYSINGLEVALUE('Longitud_m',$,IFCREAL(12.976000000000001),$);
#3532=IFCPROPERTYSET('0OJ1OIeXj18w$QOEsgm8EQ',#19,'Pset_METALITEC',$,(#3527,#3528,#3529,#3530,#3531));
#3533=IFCRELDEFINESBYPROPERTIES('1I7Oy5BwH17xhMQohqjxBm',#19,$,$,(#3525),#3532);
#3534=IFCCARTESIANPOINT((38400.,120000.,14000.));
#3535=IFCDIRECTION((0.9864355490725617,0.,-0.16414904058785598));
#3536=IFCDIRECTION((-0.16414904058785601,0.,-0.98643554907256181));
#3537=IFCAXIS2PLACEMENT3D(#3534,#3535,#3536);
#3538=IFCLOCALPLACEMENT(#25,#3537);
#3539=IFCDIRECTION((0.,0.,1.));
#3540=IFCDIRECTION((1.,0.,0.));
#3541=IFCAXIS2PLACEMENT3D(#7,#3539,#3540);
#3542=IFCDIRECTION((0.,0.,1.));
#3543=IFCEXTRUDEDAREASOLID(#37,#3541,#3542,12976.012484580924);
#3544=IFCSHAPEREPRESENTATION(#13,'Body','SweptSolid',(#3543));
#3545=IFCCARTESIANPOINT((0.,0.,0.));
#3546=IFCCARTESIANPOINT((0.,0.,12976.012484580924));
#3547=IFCPOLYLINE((#3545,#3546));
#3548=IFCSHAPEREPRESENTATION(#14,'Axis','Curve3D',(#3547));
#3549=IFCPRODUCTDEFINITIONSHAPE($,$,(#3548,#3544));
#3550=IFCBEAM('1DJQeJbhz85Q_AMHtVk4yZ',#19,'TM-1/TM-2','IR VAR 3PL 400x400-900',$,#3538,#3549,$,$);
#3551=IFCRELASSOCIATESMATERIAL('2frAFp6ij3aAGunRiIdxwV',#19,$,$,(#3550),#30);
#3552=IFCPROPERTYSINGLEVALUE('Familia',$,IFCLABEL('Trabes seccion variable'),$);
#3553=IFCPROPERTYSINGLEVALUE('Perfil',$,IFCLABEL('IR VAR 3PL 400x400-900'),$);
#3554=IFCPROPERTYSINGLEVALUE('Marca',$,IFCLABEL('TM-1/TM-2'),$);
#3555=IFCPROPERTYSINGLEVALUE('HH_ton_taller',$,IFCREAL(35.),$);
#3556=IFCPROPERTYSINGLEVALUE('Longitud_m',$,IFCREAL(12.976000000000001),$);
#3557=IFCPROPERTYSET('1y5rMD3s16Y8WQWhq$9Bqv',#19,'Pset_METALITEC',$,(#3552,#3553,#3554,#3555,#3556));
#3558=IFCRELDEFINESBYPROPERTIES('0Bwx6WteP4$uc5z4MMecJf',#19,$,$,(#3550),#3557);
#3559=IFCCARTESIANPOINT((51200.,120000.,11870.));
#3560=IFCDIRECTION((0.9864355490725617,0.,0.16414904058785598));
#3561=IFCDIRECTION((0.16414904058785601,0.,-0.98643554907256181));
#3562=IFCAXIS2PLACEMENT3D(#3559,#3560,#3561);
#3563=IFCLOCALPLACEMENT(#25,#3562);
#3564=IFCDIRECTION((0.,0.,1.));
#3565=IFCDIRECTION((1.,0.,0.));
#3566=IFCAXIS2PLACEMENT3D(#7,#3564,#3565);
#3567=IFCDIRECTION((0.,0.,1.));
#3568=IFCEXTRUDEDAREASOLID(#37,#3566,#3567,12976.012484580924);
#3569=IFCSHAPEREPRESENTATION(#13,'Body','SweptSolid',(#3568));
#3570=IFCCARTESIANPOINT((0.,0.,0.));
#3571=IFCCARTESIANPOINT((0.,0.,12976.012484580924));
#3572=IFCPOLYLINE((#3570,#3571));
#3573=IFCSHAPEREPRESENTATION(#14,'Axis','Curve3D',(#3572));
#3574=IFCPRODUCTDEFINITIONSHAPE($,$,(#3573,#3569));
#3575=IFCBEAM('2blv3Erl91whhTKyhaYKpZ',#19,'TM-1/TM-2','IR VAR 3PL 400x400-900',$,#3563,#3574,$,$);
#3576=IFCRELASSOCIATESMATERIAL('0s4lEO1H565ffm$FpKpSt4',#19,$,$,(#3575),#30);
#3577=IFCPROPERTYSINGLEVALUE('Familia',$,IFCLABEL('Trabes seccion variable'),$);
#3578=IFCPROPERTYSINGLEVALUE('Perfil',$,IFCLABEL('IR VAR 3PL 400x400-900'),$);
#3579=IFCPROPERTYSINGLEVALUE('Marca',$,IFCLABEL('TM-1/TM-2'),$);
#3580=IFCPROPERTYSINGLEVALUE('HH_ton_taller',$,IFCREAL(35.),$);
#3581=IFCPROPERTYSINGLEVALUE('Longitud_m',$,IFCREAL(12.976000000000001),$);
#3582=IFCPROPERTYSET('2o3PKm8KT1FPdVsAXpC6pS',#19,'Pset_METALITEC',$,(#3577,#3578,#3579,#3580,#3581));
#3583=IFCRELDEFINESBYPROPERTIES('1l8WuSWz9FswXMmf5tsSA5',#19,$,$,(#3575),#3582);
#3584=IFCCARTESIANPOINT((64000.,120000.,14000.));
#3585=IFCDIRECTION((0.9864355490725617,0.,-0.16414904058785598));
#3586=IFCDIRECTION((-0.16414904058785601,0.,-0.98643554907256181));
#3587=IFCAXIS2PLACEMENT3D(#3584,#3585,#3586);
#3588=IFCLOCALPLACEMENT(#25,#3587);
#3589=IFCDIRECTION((0.,0.,1.));
#3590=IFCDIRECTION((1.,0.,0.));
#3591=IFCAXIS2PLACEMENT3D(#7,#3589,#3590);
#3592=IFCDIRECTION((0.,0.,1.));
#3593=IFCEXTRUDEDAREASOLID(#37,#3591,#3592,12976.012484580924);
#3594=IFCSHAPEREPRESENTATION(#13,'Body','SweptSolid',(#3593));
#3595=IFCCARTESIANPOINT((0.,0.,0.));
#3596=IFCCARTESIANPOINT((0.,0.,12976.012484580924));
#3597=IFCPOLYLINE((#3595,#3596));
#3598=IFCSHAPEREPRESENTATION(#14,'Axis','Curve3D',(#3597));
#3599=IFCPRODUCTDEFINITIONSHAPE($,$,(#3598,#3594));
#3600=IFCBEAM('0YqRSwX8L1A9vUdaVOdMnz',#19,'TM-1/TM-2','IR VAR 3PL 400x400-900',$,#3588,#3599,$,$);
#3601=IFCRELASSOCIATESMATERIAL('36PVmygk53XeeNmoqHrLlu',#19,$,$,(#3600),#30);
#3602=IFCPROPERTYSINGLEVALUE('Familia',$,IFCLABEL('Trabes seccion variable'),$);
#3603=IFCPROPERTYSINGLEVALUE('Perfil',$,IFCLABEL('IR VAR 3PL 400x400-900'),$);
#3604=IFCPROPERTYSINGLEVALUE('Marca',$,IFCLABEL('TM-1/TM-2'),$);
#3605=IFCPROPERTYSINGLEVALUE('HH_ton_taller',$,IFCREAL(35.),$);
#3606=IFCPROPERTYSINGLEVALUE('Longitud_m',$,IFCREAL(12.976000000000001),$);
#3607=IFCPROPERTYSET('3QBRrbdxv39ReywP9JA8ON',#19,'Pset_METALITEC',$,(#3602,#3603,#3604,#3605,#3606));
#3608=IFCRELDEFINESBYPROPERTIES('1U0b2nXefDX9vB35J4k0Mk',#19,$,$,(#3600),#3607);
#3609=IFCCARTESIANPOINT((0.,130000.,11870.));
#3610=IFCDIRECTION((0.9864355490725617,0.,0.16414904058785598));
#3611=IFCDIRECTION((0.16414904058785601,0.,-0.98643554907256181));
#3612=IFCAXIS2PLACEMENT3D(#3609,#3610,#3611);
#3613=IFCLOCALPLACEMENT(#25,#3612);
#3614=IFCDIRECTION((0.,0.,1.));
#3615=IFCDIRECTION((1.,0.,0.));
#3616=IFCAXIS2PLACEMENT3D(#7,#3614,#3615);
#3617=IFCDIRECTION((0.,0.,1.));
#3618=IFCEXTRUDEDAREASOLID(#37,#3616,#3617,12976.012484580924);
#3619=IFCSHAPEREPRESENTATION(#13,'Body','SweptSolid',(#3618));
#3620=IFCCARTESIANPOINT((0.,0.,0.));
#3621=IFCCARTESIANPOINT((0.,0.,12976.012484580924));
#3622=IFCPOLYLINE((#3620,#3621));
#3623=IFCSHAPEREPRESENTATION(#14,'Axis','Curve3D',(#3622));
#3624=IFCPRODUCTDEFINITIONSHAPE($,$,(#3623,#3619));
#3625=IFCBEAM('36P0k3uD56WPil7mjyoKWr',#19,'TM-1/TM-2','IR VAR 3PL 400x400-900',$,#3613,#3624,$,$);
#3626=IFCRELASSOCIATESMATERIAL('3w_dBc46D72htLEcNfxVYO',#19,$,$,(#3625),#30);
#3627=IFCPROPERTYSINGLEVALUE('Familia',$,IFCLABEL('Trabes seccion variable'),$);
#3628=IFCPROPERTYSINGLEVALUE('Perfil',$,IFCLABEL('IR VAR 3PL 400x400-900'),$);
#3629=IFCPROPERTYSINGLEVALUE('Marca',$,IFCLABEL('TM-1/TM-2'),$);
#3630=IFCPROPERTYSINGLEVALUE('HH_ton_taller',$,IFCREAL(35.),$);
#3631=IFCPROPERTYSINGLEVALUE('Longitud_m',$,IFCREAL(12.976000000000001),$);
#3632=IFCPROPERTYSET('0PNogIYqb8bhEObLtauTsD',#19,'Pset_METALITEC',$,(#3627,#3628,#3629,#3630,#3631));
#3633=IFCRELDEFINESBYPROPERTIES('33HB2Edir3vejAVuflyHMY',#19,$,$,(#3625),#3632);
#3634=IFCCARTESIANPOINT((12800.,130000.,14000.));
#3635=IFCDIRECTION((0.9864355490725617,0.,-0.16414904058785598));
#3636=IFCDIRECTION((-0.16414904058785601,0.,-0.98643554907256181));
#3637=IFCAXIS2PLACEMENT3D(#3634,#3635,#3636);
#3638=IFCLOCALPLACEMENT(#25,#3637);
#3639=IFCDIRECTION((0.,0.,1.));
#3640=IFCDIRECTION((1.,0.,0.));
#3641=IFCAXIS2PLACEMENT3D(#7,#3639,#3640);
#3642=IFCDIRECTION((0.,0.,1.));
#3643=IFCEXTRUDEDAREASOLID(#37,#3641,#3642,12976.012484580924);
#3644=IFCSHAPEREPRESENTATION(#13,'Body','SweptSolid',(#3643));
#3645=IFCCARTESIANPOINT((0.,0.,0.));
#3646=IFCCARTESIANPOINT((0.,0.,12976.012484580924));
#3647=IFCPOLYLINE((#3645,#3646));
#3648=IFCSHAPEREPRESENTATION(#14,'Axis','Curve3D',(#3647));
#3649=IFCPRODUCTDEFINITIONSHAPE($,$,(#3648,#3644));
#3650=IFCBEAM('2e5oI$pID3PQLom1UxNeVs',#19,'TM-1/TM-2','IR VAR 3PL 400x400-900',$,#3638,#3649,$,$);
#3651=IFCRELASSOCIATESMATERIAL('3lUVDfzFjBAR23WIyN86B4',#19,$,$,(#3650),#30);
#3652=IFCPROPERTYSINGLEVALUE('Familia',$,IFCLABEL('Trabes seccion variable'),$);
#3653=IFCPROPERTYSINGLEVALUE('Perfil',$,IFCLABEL('IR VAR 3PL 400x400-900'),$);
#3654=IFCPROPERTYSINGLEVALUE('Marca',$,IFCLABEL('TM-1/TM-2'),$);
#3655=IFCPROPERTYSINGLEVALUE('HH_ton_taller',$,IFCREAL(35.),$);
#3656=IFCPROPERTYSINGLEVALUE('Longitud_m',$,IFCREAL(12.976000000000001),$);
#3657=IFCPROPERTYSET('3WBfwbeXXFigRfCxw_Zjwk',#19,'Pset_METALITEC',$,(#3652,#3653,#3654,#3655,#3656));
#3658=IFCRELDEFINESBYPROPERTIES('2752QmrSbCH9NWlnIuZHZ8',#19,$,$,(#3650),#3657);
#3659=IFCCARTESIANPOINT((25600.,130000.,11870.));
#3660=IFCDIRECTION((0.9864355490725617,0.,0.16414904058785598));
#3661=IFCDIRECTION((0.16414904058785601,0.,-0.98643554907256181));
#3662=IFCAXIS2PLACEMENT3D(#3659,#3660,#3661);
#3663=IFCLOCALPLACEMENT(#25,#3662);
#3664=IFCDIRECTION((0.,0.,1.));
#3665=IFCDIRECTION((1.,0.,0.));
#3666=IFCAXIS2PLACEMENT3D(#7,#3664,#3665);
#3667=IFCDIRECTION((0.,0.,1.));
#3668=IFCEXTRUDEDAREASOLID(#37,#3666,#3667,12976.012484580924);
#3669=IFCSHAPEREPRESENTATION(#13,'Body','SweptSolid',(#3668));
#3670=IFCCARTESIANPOINT((0.,0.,0.));
#3671=IFCCARTESIANPOINT((0.,0.,12976.012484580924));
#3672=IFCPOLYLINE((#3670,#3671));
#3673=IFCSHAPEREPRESENTATION(#14,'Axis','Curve3D',(#3672));
#3674=IFCPRODUCTDEFINITIONSHAPE($,$,(#3673,#3669));
#3675=IFCBEAM('2jwZlToLvAa8153R05GEPR',#19,'TM-1/TM-2','IR VAR 3PL 400x400-900',$,#3663,#3674,$,$);
#3676=IFCRELASSOCIATESMATERIAL('0I4QRPf7nFWusbiKjxHtlM',#19,$,$,(#3675),#30);
#3677=IFCPROPERTYSINGLEVALUE('Familia',$,IFCLABEL('Trabes seccion variable'),$);
#3678=IFCPROPERTYSINGLEVALUE('Perfil',$,IFCLABEL('IR VAR 3PL 400x400-900'),$);
#3679=IFCPROPERTYSINGLEVALUE('Marca',$,IFCLABEL('TM-1/TM-2'),$);
#3680=IFCPROPERTYSINGLEVALUE('HH_ton_taller',$,IFCREAL(35.),$);
#3681=IFCPROPERTYSINGLEVALUE('Longitud_m',$,IFCREAL(12.976000000000001),$);
#3682=IFCPROPERTYSET('3pkOtMJXHDdwO2sacDx3nW',#19,'Pset_METALITEC',$,(#3677,#3678,#3679,#3680,#3681));
#3683=IFCRELDEFINESBYPROPERTIES('2Y4XVsyrD4b991tdT_IZy8',#19,$,$,(#3675),#3682);
#3684=IFCCARTESIANPOINT((38400.,130000.,14000.));
#3685=IFCDIRECTION((0.9864355490725617,0.,-0.16414904058785598));
#3686=IFCDIRECTION((-0.16414904058785601,0.,-0.98643554907256181));
#3687=IFCAXIS2PLACEMENT3D(#3684,#3685,#3686);
#3688=IFCLOCALPLACEMENT(#25,#3687);
#3689=IFCDIRECTION((0.,0.,1.));
#3690=IFCDIRECTION((1.,0.,0.));
#3691=IFCAXIS2PLACEMENT3D(#7,#3689,#3690);
#3692=IFCDIRECTION((0.,0.,1.));
#3693=IFCEXTRUDEDAREASOLID(#37,#3691,#3692,12976.012484580924);
#3694=IFCSHAPEREPRESENTATION(#13,'Body','SweptSolid',(#3693));
#3695=IFCCARTESIANPOINT((0.,0.,0.));
#3696=IFCCARTESIANPOINT((0.,0.,12976.012484580924));
#3697=IFCPOLYLINE((#3695,#3696));
#3698=IFCSHAPEREPRESENTATION(#14,'Axis','Curve3D',(#3697));
#3699=IFCPRODUCTDEFINITIONSHAPE($,$,(#3698,#3694));
#3700=IFCBEAM('0DRVE7ptXCv9CzlejeH$5E',#19,'TM-1/TM-2','IR VAR 3PL 400x400-900',$,#3688,#3699,$,$);
#3701=IFCRELASSOCIATESMATERIAL('3muvH$S4H5YOf0eXHop4nB',#19,$,$,(#3700),#30);
#3702=IFCPROPERTYSINGLEVALUE('Familia',$,IFCLABEL('Trabes seccion variable'),$);
#3703=IFCPROPERTYSINGLEVALUE('Perfil',$,IFCLABEL('IR VAR 3PL 400x400-900'),$);
#3704=IFCPROPERTYSINGLEVALUE('Marca',$,IFCLABEL('TM-1/TM-2'),$);
#3705=IFCPROPERTYSINGLEVALUE('HH_ton_taller',$,IFCREAL(35.),$);
#3706=IFCPROPERTYSINGLEVALUE('Longitud_m',$,IFCREAL(12.976000000000001),$);
#3707=IFCPROPERTYSET('0JR6c8Rf93ugVbWHL$2kF2',#19,'Pset_METALITEC',$,(#3702,#3703,#3704,#3705,#3706));
#3708=IFCRELDEFINESBYPROPERTIES('3oX6knDm15GfGlTHJafrAu',#19,$,$,(#3700),#3707);
#3709=IFCCARTESIANPOINT((51200.,130000.,11870.));
#3710=IFCDIRECTION((0.9864355490725617,0.,0.16414904058785598));
#3711=IFCDIRECTION((0.16414904058785601,0.,-0.98643554907256181));
#3712=IFCAXIS2PLACEMENT3D(#3709,#3710,#3711);
#3713=IFCLOCALPLACEMENT(#25,#3712);
#3714=IFCDIRECTION((0.,0.,1.));
#3715=IFCDIRECTION((1.,0.,0.));
#3716=IFCAXIS2PLACEMENT3D(#7,#3714,#3715);
#3717=IFCDIRECTION((0.,0.,1.));
#3718=IFCEXTRUDEDAREASOLID(#37,#3716,#3717,12976.012484580924);
#3719=IFCSHAPEREPRESENTATION(#13,'Body','SweptSolid',(#3718));
#3720=IFCCARTESIANPOINT((0.,0.,0.));
#3721=IFCCARTESIANPOINT((0.,0.,12976.012484580924));
#3722=IFCPOLYLINE((#3720,#3721));
#3723=IFCSHAPEREPRESENTATION(#14,'Axis','Curve3D',(#3722));
#3724=IFCPRODUCTDEFINITIONSHAPE($,$,(#3723,#3719));
#3725=IFCBEAM('1z2V52PIv18Oq6qmDa5Afv',#19,'TM-1/TM-2','IR VAR 3PL 400x400-900',$,#3713,#3724,$,$);
#3726=IFCRELASSOCIATESMATERIAL('3BcbkIqsj1fxxpoC3kVjrI',#19,$,$,(#3725),#30);
#3727=IFCPROPERTYSINGLEVALUE('Familia',$,IFCLABEL('Trabes seccion variable'),$);
#3728=IFCPROPERTYSINGLEVALUE('Perfil',$,IFCLABEL('IR VAR 3PL 400x400-900'),$);
#3729=IFCPROPERTYSINGLEVALUE('Marca',$,IFCLABEL('TM-1/TM-2'),$);
#3730=IFCPROPERTYSINGLEVALUE('HH_ton_taller',$,IFCREAL(35.),$);
#3731=IFCPROPERTYSINGLEVALUE('Longitud_m',$,IFCREAL(12.976000000000001),$);
#3732=IFCPROPERTYSET('0zHEDBXZX1hxSi8tZHRwsH',#19,'Pset_METALITEC',$,(#3727,#3728,#3729,#3730,#3731));
#3733=IFCRELDEFINESBYPROPERTIES('3SN0qmekzBuQ6v6sts8B9Y',#19,$,$,(#3725),#3732);
#3734=IFCCARTESIANPOINT((64000.,130000.,14000.));
#3735=IFCDIRECTION((0.9864355490725617,0.,-0.16414904058785598));
#3736=IFCDIRECTION((-0.16414904058785601,0.,-0.98643554907256181));
#3737=IFCAXIS2PLACEMENT3D(#3734,#3735,#3736);
#3738=IFCLOCALPLACEMENT(#25,#3737);
#3739=IFCDIRECTION((0.,0.,1.));
#3740=IFCDIRECTION((1.,0.,0.));
#3741=IFCAXIS2PLACEMENT3D(#7,#3739,#3740);
#3742=IFCDIRECTION((0.,0.,1.));
#3743=IFCEXTRUDEDAREASOLID(#37,#3741,#3742,12976.012484580924);
#3744=IFCSHAPEREPRESENTATION(#13,'Body','SweptSolid',(#3743));
#3745=IFCCARTESIANPOINT((0.,0.,0.));
#3746=IFCCARTESIANPOINT((0.,0.,12976.012484580924));
#3747=IFCPOLYLINE((#3745,#3746));
#3748=IFCSHAPEREPRESENTATION(#14,'Axis','Curve3D',(#3747));
#3749=IFCPRODUCTDEFINITIONSHAPE($,$,(#3748,#3744));
#3750=IFCBEAM('18Dt0mR9n90vsiSQ3XSEha',#19,'TM-1/TM-2','IR VAR 3PL 400x400-900',$,#3738,#3749,$,$);
#3751=IFCRELASSOCIATESMATERIAL('1EKKA4qJbDMR38ga$o6ogI',#19,$,$,(#3750),#30);
#3752=IFCPROPERTYSINGLEVALUE('Familia',$,IFCLABEL('Trabes seccion variable'),$);
#3753=IFCPROPERTYSINGLEVALUE('Perfil',$,IFCLABEL('IR VAR 3PL 400x400-900'),$);
#3754=IFCPROPERTYSINGLEVALUE('Marca',$,IFCLABEL('TM-1/TM-2'),$);
#3755=IFCPROPERTYSINGLEVALUE('HH_ton_taller',$,IFCREAL(35.),$);
#3756=IFCPROPERTYSINGLEVALUE('Longitud_m',$,IFCREAL(12.976000000000001),$);
#3757=IFCPROPERTYSET('0GOWZK_VnBvQdjQyB$$IoG',#19,'Pset_METALITEC',$,(#3752,#3753,#3754,#3755,#3756));
#3758=IFCRELDEFINESBYPROPERTIES('2Zpe5NnBj1dBIEf2Mr1ZBK',#19,$,$,(#3750),#3757);
#3759=IFCCARTESIANPOINT((0.,140000.,11870.));
#3760=IFCDIRECTION((0.9864355490725617,0.,0.16414904058785598));
#3761=IFCDIRECTION((0.16414904058785601,0.,-0.98643554907256181));
#3762=IFCAXIS2PLACEMENT3D(#3759,#3760,#3761);
#3763=IFCLOCALPLACEMENT(#25,#3762);
#3764=IFCDIRECTION((0.,0.,1.));
#3765=IFCDIRECTION((1.,0.,0.));
#3766=IFCAXIS2PLACEMENT3D(#7,#3764,#3765);
#3767=IFCDIRECTION((0.,0.,1.));
#3768=IFCEXTRUDEDAREASOLID(#37,#3766,#3767,12976.012484580924);
#3769=IFCSHAPEREPRESENTATION(#13,'Body','SweptSolid',(#3768));
#3770=IFCCARTESIANPOINT((0.,0.,0.));
#3771=IFCCARTESIANPOINT((0.,0.,12976.012484580924));
#3772=IFCPOLYLINE((#3770,#3771));
#3773=IFCSHAPEREPRESENTATION(#14,'Axis','Curve3D',(#3772));
#3774=IFCPRODUCTDEFINITIONSHAPE($,$,(#3773,#3769));
#3775=IFCBEAM('1Ae8k9msf3oQ8gugSj$Q51',#19,'TM-1/TM-2','IR VAR 3PL 400x400-900',$,#3763,#3774,$,$);
#3776=IFCRELASSOCIATESMATERIAL('2HuqeKoHb3NO0yABcerXqA',#19,$,$,(#3775),#30);
#3777=IFCPROPERTYSINGLEVALUE('Familia',$,IFCLABEL('Trabes seccion variable'),$);
#3778=IFCPROPERTYSINGLEVALUE('Perfil',$,IFCLABEL('IR VAR 3PL 400x400-900'),$);
#3779=IFCPROPERTYSINGLEVALUE('Marca',$,IFCLABEL('TM-1/TM-2'),$);
#3780=IFCPROPERTYSINGLEVALUE('HH_ton_taller',$,IFCREAL(35.),$);
#3781=IFCPROPERTYSINGLEVALUE('Longitud_m',$,IFCREAL(12.976000000000001),$);
#3782=IFCPROPERTYSET('1gM9n9Lrf1nPQru298LY_K',#19,'Pset_METALITEC',$,(#3777,#3778,#3779,#3780,#3781));
#3783=IFCRELDEFINESBYPROPERTIES('0QwnSOUmz8EgnqegR9Prsu',#19,$,$,(#3775),#3782);
#3784=IFCCARTESIANPOINT((12800.,140000.,14000.));
#3785=IFCDIRECTION((0.9864355490725617,0.,-0.16414904058785598));
#3786=IFCDIRECTION((-0.16414904058785601,0.,-0.98643554907256181));
#3787=IFCAXIS2PLACEMENT3D(#3784,#3785,#3786);
#3788=IFCLOCALPLACEMENT(#25,#3787);
#3789=IFCDIRECTION((0.,0.,1.));
#3790=IFCDIRECTION((1.,0.,0.));
#3791=IFCAXIS2PLACEMENT3D(#7,#3789,#3790);
#3792=IFCDIRECTION((0.,0.,1.));
#3793=IFCEXTRUDEDAREASOLID(#37,#3791,#3792,12976.012484580924);
#3794=IFCSHAPEREPRESENTATION(#13,'Body','SweptSolid',(#3793));
#3795=IFCCARTESIANPOINT((0.,0.,0.));
#3796=IFCCARTESIANPOINT((0.,0.,12976.012484580924));
#3797=IFCPOLYLINE((#3795,#3796));
#3798=IFCSHAPEREPRESENTATION(#14,'Axis','Curve3D',(#3797));
#3799=IFCPRODUCTDEFINITIONSHAPE($,$,(#3798,#3794));
#3800=IFCBEAM('3_3FlDoAj6buOUHqMCVyqP',#19,'TM-1/TM-2','IR VAR 3PL 400x400-900',$,#3788,#3799,$,$);
#3801=IFCRELASSOCIATESMATERIAL('3Vpa3M8uTArRrkiJt0zeeA',#19,$,$,(#3800),#30);
#3802=IFCPROPERTYSINGLEVALUE('Familia',$,IFCLABEL('Trabes seccion variable'),$);
#3803=IFCPROPERTYSINGLEVALUE('Perfil',$,IFCLABEL('IR VAR 3PL 400x400-900'),$);
#3804=IFCPROPERTYSINGLEVALUE('Marca',$,IFCLABEL('TM-1/TM-2'),$);
#3805=IFCPROPERTYSINGLEVALUE('HH_ton_taller',$,IFCREAL(35.),$);
#3806=IFCPROPERTYSINGLEVALUE('Longitud_m',$,IFCREAL(12.976000000000001),$);
#3807=IFCPROPERTYSET('2bNS3I4O54_OAefHE9hKbT',#19,'Pset_METALITEC',$,(#3802,#3803,#3804,#3805,#3806));
#3808=IFCRELDEFINESBYPROPERTIES('3wQDlL1uLFBfPtnkBT3Uz9',#19,$,$,(#3800),#3807);
#3809=IFCCARTESIANPOINT((25600.,140000.,11870.));
#3810=IFCDIRECTION((0.9864355490725617,0.,0.16414904058785598));
#3811=IFCDIRECTION((0.16414904058785601,0.,-0.98643554907256181));
#3812=IFCAXIS2PLACEMENT3D(#3809,#3810,#3811);
#3813=IFCLOCALPLACEMENT(#25,#3812);
#3814=IFCDIRECTION((0.,0.,1.));
#3815=IFCDIRECTION((1.,0.,0.));
#3816=IFCAXIS2PLACEMENT3D(#7,#3814,#3815);
#3817=IFCDIRECTION((0.,0.,1.));
#3818=IFCEXTRUDEDAREASOLID(#37,#3816,#3817,12976.012484580924);
#3819=IFCSHAPEREPRESENTATION(#13,'Body','SweptSolid',(#3818));
#3820=IFCCARTESIANPOINT((0.,0.,0.));
#3821=IFCCARTESIANPOINT((0.,0.,12976.012484580924));
#3822=IFCPOLYLINE((#3820,#3821));
#3823=IFCSHAPEREPRESENTATION(#14,'Axis','Curve3D',(#3822));
#3824=IFCPRODUCTDEFINITIONSHAPE($,$,(#3823,#3819));
#3825=IFCBEAM('2hRB4Uei53$O8dOCgIT0R2',#19,'TM-1/TM-2','IR VAR 3PL 400x400-900',$,#3813,#3824,$,$);
#3826=IFCRELASSOCIATESMATERIAL('1LIOfmXAz5HuNDND7r_VOX',#19,$,$,(#3825),#30);
#3827=IFCPROPERTYSINGLEVALUE('Familia',$,IFCLABEL('Trabes seccion variable'),$);
#3828=IFCPROPERTYSINGLEVALUE('Perfil',$,IFCLABEL('IR VAR 3PL 400x400-900'),$);
#3829=IFCPROPERTYSINGLEVALUE('Marca',$,IFCLABEL('TM-1/TM-2'),$);
#3830=IFCPROPERTYSINGLEVALUE('HH_ton_taller',$,IFCREAL(35.),$);
#3831=IFCPROPERTYSINGLEVALUE('Longitud_m',$,IFCREAL(12.976000000000001),$);
#3832=IFCPROPERTYSET('2PyWDlP_101RwWp2PcF69F',#19,'Pset_METALITEC',$,(#3827,#3828,#3829,#3830,#3831));
#3833=IFCRELDEFINESBYPROPERTIES('0aTQtJqCHCWPtJ0Y8is4wv',#19,$,$,(#3825),#3832);
#3834=IFCCARTESIANPOINT((38400.,140000.,14000.));
#3835=IFCDIRECTION((0.9864355490725617,0.,-0.16414904058785598));
#3836=IFCDIRECTION((-0.16414904058785601,0.,-0.98643554907256181));
#3837=IFCAXIS2PLACEMENT3D(#3834,#3835,#3836);
#3838=IFCLOCALPLACEMENT(#25,#3837);
#3839=IFCDIRECTION((0.,0.,1.));
#3840=IFCDIRECTION((1.,0.,0.));
#3841=IFCAXIS2PLACEMENT3D(#7,#3839,#3840);
#3842=IFCDIRECTION((0.,0.,1.));
#3843=IFCEXTRUDEDAREASOLID(#37,#3841,#3842,12976.012484580924);
#3844=IFCSHAPEREPRESENTATION(#13,'Body','SweptSolid',(#3843));
#3845=IFCCARTESIANPOINT((0.,0.,0.));
#3846=IFCCARTESIANPOINT((0.,0.,12976.012484580924));
#3847=IFCPOLYLINE((#3845,#3846));
#3848=IFCSHAPEREPRESENTATION(#14,'Axis','Curve3D',(#3847));
#3849=IFCPRODUCTDEFINITIONSHAPE($,$,(#3848,#3844));
#3850=IFCBEAM('3INqRo7CDEQxcjA2xe5WZa',#19,'TM-1/TM-2','IR VAR 3PL 400x400-900',$,#3838,#3849,$,$);
#3851=IFCRELASSOCIATESMATERIAL('0kU4nbpM5EF95tOuWwXnri',#19,$,$,(#3850),#30);
#3852=IFCPROPERTYSINGLEVALUE('Familia',$,IFCLABEL('Trabes seccion variable'),$);
#3853=IFCPROPERTYSINGLEVALUE('Perfil',$,IFCLABEL('IR VAR 3PL 400x400-900'),$);
#3854=IFCPROPERTYSINGLEVALUE('Marca',$,IFCLABEL('TM-1/TM-2'),$);
#3855=IFCPROPERTYSINGLEVALUE('HH_ton_taller',$,IFCREAL(35.),$);
#3856=IFCPROPERTYSINGLEVALUE('Longitud_m',$,IFCREAL(12.976000000000001),$);
#3857=IFCPROPERTYSET('2pclRZVrr1zx3VBTC$M3j3',#19,'Pset_METALITEC',$,(#3852,#3853,#3854,#3855,#3856));
#3858=IFCRELDEFINESBYPROPERTIES('0KmyrcWbz08hS3YXfJvwrU',#19,$,$,(#3850),#3857);
#3859=IFCCARTESIANPOINT((51200.,140000.,11870.));
#3860=IFCDIRECTION((0.9864355490725617,0.,0.16414904058785598));
#3861=IFCDIRECTION((0.16414904058785601,0.,-0.98643554907256181));
#3862=IFCAXIS2PLACEMENT3D(#3859,#3860,#3861);
#3863=IFCLOCALPLACEMENT(#25,#3862);
#3864=IFCDIRECTION((0.,0.,1.));
#3865=IFCDIRECTION((1.,0.,0.));
#3866=IFCAXIS2PLACEMENT3D(#7,#3864,#3865);
#3867=IFCDIRECTION((0.,0.,1.));
#3868=IFCEXTRUDEDAREASOLID(#37,#3866,#3867,12976.012484580924);
#3869=IFCSHAPEREPRESENTATION(#13,'Body','SweptSolid',(#3868));
#3870=IFCCARTESIANPOINT((0.,0.,0.));
#3871=IFCCARTESIANPOINT((0.,0.,12976.012484580924));
#3872=IFCPOLYLINE((#3870,#3871));
#3873=IFCSHAPEREPRESENTATION(#14,'Axis','Curve3D',(#3872));
#3874=IFCPRODUCTDEFINITIONSHAPE($,$,(#3873,#3869));
#3875=IFCBEAM('0QqkHbuKnDDuwh3qaycBs4',#19,'TM-1/TM-2','IR VAR 3PL 400x400-900',$,#3863,#3874,$,$);
#3876=IFCRELASSOCIATESMATERIAL('1OojT$4djE_gXpgb08Uafa',#19,$,$,(#3875),#30);
#3877=IFCPROPERTYSINGLEVALUE('Familia',$,IFCLABEL('Trabes seccion variable'),$);
#3878=IFCPROPERTYSINGLEVALUE('Perfil',$,IFCLABEL('IR VAR 3PL 400x400-900'),$);
#3879=IFCPROPERTYSINGLEVALUE('Marca',$,IFCLABEL('TM-1/TM-2'),$);
#3880=IFCPROPERTYSINGLEVALUE('HH_ton_taller',$,IFCREAL(35.),$);
#3881=IFCPROPERTYSINGLEVALUE('Longitud_m',$,IFCREAL(12.976000000000001),$);
#3882=IFCPROPERTYSET('07rtsdtcj0_PmbLXj9ky2B',#19,'Pset_METALITEC',$,(#3877,#3878,#3879,#3880,#3881));
#3883=IFCRELDEFINESBYPROPERTIES('1aksMltzj03OGN8CLFl2Qn',#19,$,$,(#3875),#3882);
#3884=IFCCARTESIANPOINT((64000.,140000.,14000.));
#3885=IFCDIRECTION((0.9864355490725617,0.,-0.16414904058785598));
#3886=IFCDIRECTION((-0.16414904058785601,0.,-0.98643554907256181));
#3887=IFCAXIS2PLACEMENT3D(#3884,#3885,#3886);
#3888=IFCLOCALPLACEMENT(#25,#3887);
#3889=IFCDIRECTION((0.,0.,1.));
#3890=IFCDIRECTION((1.,0.,0.));
#3891=IFCAXIS2PLACEMENT3D(#7,#3889,#3890);
#3892=IFCDIRECTION((0.,0.,1.));
#3893=IFCEXTRUDEDAREASOLID(#37,#3891,#3892,12976.012484580924);
#3894=IFCSHAPEREPRESENTATION(#13,'Body','SweptSolid',(#3893));
#3895=IFCCARTESIANPOINT((0.,0.,0.));
#3896=IFCCARTESIANPOINT((0.,0.,12976.012484580924));
#3897=IFCPOLYLINE((#3895,#3896));
#3898=IFCSHAPEREPRESENTATION(#14,'Axis','Curve3D',(#3897));
#3899=IFCPRODUCTDEFINITIONSHAPE($,$,(#3898,#3894));
#3900=IFCBEAM('1aDLm6Wlr3xwnp2dLc01EC',#19,'TM-1/TM-2','IR VAR 3PL 400x400-900',$,#3888,#3899,$,$);
#3901=IFCRELASSOCIATESMATERIAL('2X3dBA52b6x8UNdSHLTI7x',#19,$,$,(#3900),#30);
#3902=IFCPROPERTYSINGLEVALUE('Familia',$,IFCLABEL('Trabes seccion variable'),$);
#3903=IFCPROPERTYSINGLEVALUE('Perfil',$,IFCLABEL('IR VAR 3PL 400x400-900'),$);
#3904=IFCPROPERTYSINGLEVALUE('Marca',$,IFCLABEL('TM-1/TM-2'),$);
#3905=IFCPROPERTYSINGLEVALUE('HH_ton_taller',$,IFCREAL(35.),$);
#3906=IFCPROPERTYSINGLEVALUE('Longitud_m',$,IFCREAL(12.976000000000001),$);
#3907=IFCPROPERTYSET('3x3hqXGFH2mwzIulDN6BGk',#19,'Pset_METALITEC',$,(#3902,#3903,#3904,#3905,#3906));
#3908=IFCRELDEFINESBYPROPERTIES('2qlVvteb92pOORMt5i3rar',#19,$,$,(#3900),#3907);
#3909=IFCCARTESIANPOINT((0.,149500.,11870.));
#3910=IFCDIRECTION((0.9864355490725617,0.,0.16414904058785598));
#3911=IFCDIRECTION((0.16414904058785601,0.,-0.98643554907256181));
#3912=IFCAXIS2PLACEMENT3D(#3909,#3910,#3911);
#3913=IFCLOCALPLACEMENT(#25,#3912);
#3914=IFCDIRECTION((0.,0.,1.));
#3915=IFCDIRECTION((1.,0.,0.));
#3916=IFCAXIS2PLACEMENT3D(#7,#3914,#3915);
#3917=IFCDIRECTION((0.,0.,1.));
#3918=IFCEXTRUDEDAREASOLID(#37,#3916,#3917,12976.012484580924);
#3919=IFCSHAPEREPRESENTATION(#13,'Body','SweptSolid',(#3918));
#3920=IFCCARTESIANPOINT((0.,0.,0.));
#3921=IFCCARTESIANPOINT((0.,0.,12976.012484580924));
#3922=IFCPOLYLINE((#3920,#3921));
#3923=IFCSHAPEREPRESENTATION(#14,'Axis','Curve3D',(#3922));
#3924=IFCPRODUCTDEFINITIONSHAPE($,$,(#3923,#3919));
#3925=IFCBEAM('0QRUiseevEzgKPbGQRIQc8',#19,'TM-1/TM-2','IR VAR 3PL 400x400-900',$,#3913,#3924,$,$);
#3926=IFCRELASSOCIATESMATERIAL('1w1CjgX8fElOJHQODEx2op',#19,$,$,(#3925),#30);
#3927=IFCPROPERTYSINGLEVALUE('Familia',$,IFCLABEL('Trabes seccion variable'),$);
#3928=IFCPROPERTYSINGLEVALUE('Perfil',$,IFCLABEL('IR VAR 3PL 400x400-900'),$);
#3929=IFCPROPERTYSINGLEVALUE('Marca',$,IFCLABEL('TM-1/TM-2'),$);
#3930=IFCPROPERTYSINGLEVALUE('HH_ton_taller',$,IFCREAL(35.),$);
#3931=IFCPROPERTYSINGLEVALUE('Longitud_m',$,IFCREAL(12.976000000000001),$);
#3932=IFCPROPERTYSET('3WmEPAElL04xPsj7oK08e7',#19,'Pset_METALITEC',$,(#3927,#3928,#3929,#3930,#3931));
#3933=IFCRELDEFINESBYPROPERTIES('35EQTaLFf4fPMb4bDtTIW9',#19,$,$,(#3925),#3932);
#3934=IFCCARTESIANPOINT((12800.,149500.,14000.));
#3935=IFCDIRECTION((0.9864355490725617,0.,-0.16414904058785598));
#3936=IFCDIRECTION((-0.16414904058785601,0.,-0.98643554907256181));
#3937=IFCAXIS2PLACEMENT3D(#3934,#3935,#3936);
#3938=IFCLOCALPLACEMENT(#25,#3937);
#3939=IFCDIRECTION((0.,0.,1.));
#3940=IFCDIRECTION((1.,0.,0.));
#3941=IFCAXIS2PLACEMENT3D(#7,#3939,#3940);
#3942=IFCDIRECTION((0.,0.,1.));
#3943=IFCEXTRUDEDAREASOLID(#37,#3941,#3942,12976.012484580924);
#3944=IFCSHAPEREPRESENTATION(#13,'Body','SweptSolid',(#3943));
#3945=IFCCARTESIANPOINT((0.,0.,0.));
#3946=IFCCARTESIANPOINT((0.,0.,12976.012484580924));
#3947=IFCPOLYLINE((#3945,#3946));
#3948=IFCSHAPEREPRESENTATION(#14,'Axis','Curve3D',(#3947));
#3949=IFCPRODUCTDEFINITIONSHAPE($,$,(#3948,#3944));
#3950=IFCBEAM('3FTFg6eHTFmB0mqTueLrsw',#19,'TM-1/TM-2','IR VAR 3PL 400x400-900',$,#3938,#3949,$,$);
#3951=IFCRELASSOCIATESMATERIAL('2BuKf6icP1SOFHCiyS5XHp',#19,$,$,(#3950),#30);
#3952=IFCPROPERTYSINGLEVALUE('Familia',$,IFCLABEL('Trabes seccion variable'),$);
#3953=IFCPROPERTYSINGLEVALUE('Perfil',$,IFCLABEL('IR VAR 3PL 400x400-900'),$);
#3954=IFCPROPERTYSINGLEVALUE('Marca',$,IFCLABEL('TM-1/TM-2'),$);
#3955=IFCPROPERTYSINGLEVALUE('HH_ton_taller',$,IFCREAL(35.),$);
#3956=IFCPROPERTYSINGLEVALUE('Longitud_m',$,IFCREAL(12.976000000000001),$);
#3957=IFCPROPERTYSET('0oWLpiFMXB9gUmbjYgRUYr',#19,'Pset_METALITEC',$,(#3952,#3953,#3954,#3955,#3956));
#3958=IFCRELDEFINESBYPROPERTIES('1gvrZZoGr9$Qjdx714y93Y',#19,$,$,(#3950),#3957);
#3959=IFCCARTESIANPOINT((25600.,149500.,11870.));
#3960=IFCDIRECTION((0.9864355490725617,0.,0.16414904058785598));
#3961=IFCDIRECTION((0.16414904058785601,0.,-0.98643554907256181));
#3962=IFCAXIS2PLACEMENT3D(#3959,#3960,#3961);
#3963=IFCLOCALPLACEMENT(#25,#3962);
#3964=IFCDIRECTION((0.,0.,1.));
#3965=IFCDIRECTION((1.,0.,0.));
#3966=IFCAXIS2PLACEMENT3D(#7,#3964,#3965);
#3967=IFCDIRECTION((0.,0.,1.));
#3968=IFCEXTRUDEDAREASOLID(#37,#3966,#3967,12976.012484580924);
#3969=IFCSHAPEREPRESENTATION(#13,'Body','SweptSolid',(#3968));
#3970=IFCCARTESIANPOINT((0.,0.,0.));
#3971=IFCCARTESIANPOINT((0.,0.,12976.012484580924));
#3972=IFCPOLYLINE((#3970,#3971));
#3973=IFCSHAPEREPRESENTATION(#14,'Axis','Curve3D',(#3972));
#3974=IFCPRODUCTDEFINITIONSHAPE($,$,(#3973,#3969));
#3975=IFCBEAM('2b5VynjL97GRKctRieboDG',#19,'TM-1/TM-2','IR VAR 3PL 400x400-900',$,#3963,#3974,$,$);
#3976=IFCRELASSOCIATESMATERIAL('2Zsm2QjrH6VOKaa_2jrs1l',#19,$,$,(#3975),#30);
#3977=IFCPROPERTYSINGLEVALUE('Familia',$,IFCLABEL('Trabes seccion variable'),$);
#3978=IFCPROPERTYSINGLEVALUE('Perfil',$,IFCLABEL('IR VAR 3PL 400x400-900'),$);
#3979=IFCPROPERTYSINGLEVALUE('Marca',$,IFCLABEL('TM-1/TM-2'),$);
#3980=IFCPROPERTYSINGLEVALUE('HH_ton_taller',$,IFCREAL(35.),$);
#3981=IFCPROPERTYSINGLEVALUE('Longitud_m',$,IFCREAL(12.976000000000001),$);
#3982=IFCPROPERTYSET('2KpgSWuBvD$vYcxvMf9n7e',#19,'Pset_METALITEC',$,(#3977,#3978,#3979,#3980,#3981));
#3983=IFCRELDEFINESBYPROPERTIES('1FJyk_Wf146xkDArGTtspc',#19,$,$,(#3975),#3982);
#3984=IFCCARTESIANPOINT((38400.,149500.,14000.));
#3985=IFCDIRECTION((0.9864355490725617,0.,-0.16414904058785598));
#3986=IFCDIRECTION((-0.16414904058785601,0.,-0.98643554907256181));
#3987=IFCAXIS2PLACEMENT3D(#3984,#3985,#3986);
#3988=IFCLOCALPLACEMENT(#25,#3987);
#3989=IFCDIRECTION((0.,0.,1.));
#3990=IFCDIRECTION((1.,0.,0.));
#3991=IFCAXIS2PLACEMENT3D(#7,#3989,#3990);
#3992=IFCDIRECTION((0.,0.,1.));
#3993=IFCEXTRUDEDAREASOLID(#37,#3991,#3992,12976.012484580924);
#3994=IFCSHAPEREPRESENTATION(#13,'Body','SweptSolid',(#3993));
#3995=IFCCARTESIANPOINT((0.,0.,0.));
#3996=IFCCARTESIANPOINT((0.,0.,12976.012484580924));
#3997=IFCPOLYLINE((#3995,#3996));
#3998=IFCSHAPEREPRESENTATION(#14,'Axis','Curve3D',(#3997));
#3999=IFCPRODUCTDEFINITIONSHAPE($,$,(#3998,#3994));
#4000=IFCBEAM('160RTtIST2SvGXhBt0uQMG',#19,'TM-1/TM-2','IR VAR 3PL 400x400-900',$,#3988,#3999,$,$);
#4001=IFCRELASSOCIATESMATERIAL('30FN4qoU58PASaTNZSsvs1',#19,$,$,(#4000),#30);
#4002=IFCPROPERTYSINGLEVALUE('Familia',$,IFCLABEL('Trabes seccion variable'),$);
#4003=IFCPROPERTYSINGLEVALUE('Perfil',$,IFCLABEL('IR VAR 3PL 400x400-900'),$);
#4004=IFCPROPERTYSINGLEVALUE('Marca',$,IFCLABEL('TM-1/TM-2'),$);
#4005=IFCPROPERTYSINGLEVALUE('HH_ton_taller',$,IFCREAL(35.),$);
#4006=IFCPROPERTYSINGLEVALUE('Longitud_m',$,IFCREAL(12.976000000000001),$);
#4007=IFCPROPERTYSET('18VD6E9Xz5ReaW1kKBVdzm',#19,'Pset_METALITEC',$,(#4002,#4003,#4004,#4005,#4006));
#4008=IFCRELDEFINESBYPROPERTIES('0Qd8DgHVb3SPq4sKzFxOwp',#19,$,$,(#4000),#4007);
#4009=IFCCARTESIANPOINT((51200.,149500.,11870.));
#4010=IFCDIRECTION((0.9864355490725617,0.,0.16414904058785598));
#4011=IFCDIRECTION((0.16414904058785601,0.,-0.98643554907256181));
#4012=IFCAXIS2PLACEMENT3D(#4009,#4010,#4011);
#4013=IFCLOCALPLACEMENT(#25,#4012);
#4014=IFCDIRECTION((0.,0.,1.));
#4015=IFCDIRECTION((1.,0.,0.));
#4016=IFCAXIS2PLACEMENT3D(#7,#4014,#4015);
#4017=IFCDIRECTION((0.,0.,1.));
#4018=IFCEXTRUDEDAREASOLID(#37,#4016,#4017,12976.012484580924);
#4019=IFCSHAPEREPRESENTATION(#13,'Body','SweptSolid',(#4018));
#4020=IFCCARTESIANPOINT((0.,0.,0.));
#4021=IFCCARTESIANPOINT((0.,0.,12976.012484580924));
#4022=IFCPOLYLINE((#4020,#4021));
#4023=IFCSHAPEREPRESENTATION(#14,'Axis','Curve3D',(#4022));
#4024=IFCPRODUCTDEFINITIONSHAPE($,$,(#4023,#4019));
#4025=IFCBEAM('0yYfvyjavBOfb0SaU3_48a',#19,'TM-1/TM-2','IR VAR 3PL 400x400-900',$,#4013,#4024,$,$);
#4026=IFCRELASSOCIATESMATERIAL('0rcYakK_13EOXpra3T5ibZ',#19,$,$,(#4025),#30);
#4027=IFCPROPERTYSINGLEVALUE('Familia',$,IFCLABEL('Trabes seccion variable'),$);
#4028=IFCPROPERTYSINGLEVALUE('Perfil',$,IFCLABEL('IR VAR 3PL 400x400-900'),$);
#4029=IFCPROPERTYSINGLEVALUE('Marca',$,IFCLABEL('TM-1/TM-2'),$);
#4030=IFCPROPERTYSINGLEVALUE('HH_ton_taller',$,IFCREAL(35.),$);
#4031=IFCPROPERTYSINGLEVALUE('Longitud_m',$,IFCREAL(12.976000000000001),$);
#4032=IFCPROPERTYSET('217cjwA2DD3Rfi3LPqsRvN',#19,'Pset_METALITEC',$,(#4027,#4028,#4029,#4030,#4031));
#4033=IFCRELDEFINESBYPROPERTIES('2pE7sQtW9BZAo2n192Qru8',#19,$,$,(#4025),#4032);
#4034=IFCCARTESIANPOINT((64000.,149500.,14000.));
#4035=IFCDIRECTION((0.9864355490725617,0.,-0.16414904058785598));
#4036=IFCDIRECTION((-0.16414904058785601,0.,-0.98643554907256181));
#4037=IFCAXIS2PLACEMENT3D(#4034,#4035,#4036);
#4038=IFCLOCALPLACEMENT(#25,#4037);
#4039=IFCDIRECTION((0.,0.,1.));
#4040=IFCDIRECTION((1.,0.,0.));
#4041=IFCAXIS2PLACEMENT3D(#7,#4039,#4040);
#4042=IFCDIRECTION((0.,0.,1.));
#4043=IFCEXTRUDEDAREASOLID(#37,#4041,#4042,12976.012484580924);
#4044=IFCSHAPEREPRESENTATION(#13,'Body','SweptSolid',(#4043));
#4045=IFCCARTESIANPOINT((0.,0.,0.));
#4046=IFCCARTESIANPOINT((0.,0.,12976.012484580924));
#4047=IFCPOLYLINE((#4045,#4046));
#4048=IFCSHAPEREPRESENTATION(#14,'Axis','Curve3D',(#4047));
#4049=IFCPRODUCTDEFINITIONSHAPE($,$,(#4048,#4044));
#4050=IFCBEAM('0gTfO_Oi57CfbhL8QAVPtM',#19,'TM-1/TM-2','IR VAR 3PL 400x400-900',$,#4038,#4049,$,$);
#4051=IFCRELASSOCIATESMATERIAL('2OjyTAdKv1iAe0GTJJISnI',#19,$,$,(#4050),#30);
#4052=IFCPROPERTYSINGLEVALUE('Familia',$,IFCLABEL('Trabes seccion variable'),$);
#4053=IFCPROPERTYSINGLEVALUE('Perfil',$,IFCLABEL('IR VAR 3PL 400x400-900'),$);
#4054=IFCPROPERTYSINGLEVALUE('Marca',$,IFCLABEL('TM-1/TM-2'),$);
#4055=IFCPROPERTYSINGLEVALUE('HH_ton_taller',$,IFCREAL(35.),$);
#4056=IFCPROPERTYSINGLEVALUE('Longitud_m',$,IFCREAL(12.976000000000001),$);
#4057=IFCPROPERTYSET('26KYdVkFL9gfB11oNcZuu2',#19,'Pset_METALITEC',$,(#4052,#4053,#4054,#4055,#4056));
#4058=IFCRELDEFINESBYPROPERTIES('1qPqURV7z1Ex3dqfXsVNcU',#19,$,$,(#4050),#4057);
#4059=IFCCARTESIANPOINT((0.,0.,11870.));
#4060=IFCDIRECTION((0.,1.,0.));
#4061=IFCDIRECTION((0.,0.,1.));
#4062=IFCAXIS2PLACEMENT3D(#4059,#4060,#4061);
#4063=IFCLOCALPLACEMENT(#25,#4062);
#4064=IFCDIRECTION((0.,0.,1.));
#4065=IFCDIRECTION((1.,0.,0.));
#4066=IFCAXIS2PLACEMENT3D(#7,#4064,#4065);
#4067=IFCDIRECTION((0.,0.,1.));
#4068=IFCEXTRUDEDAREASOLID(#40,#4066,#4067,10000.);
#4069=IFCSHAPEREPRESENTATION(#13,'Body','SweptSolid',(#4068));
#4070=IFCCARTESIANPOINT((0.,0.,0.));
#4071=IFCCARTESIANPOINT((0.,0.,10000.));
#4072=IFCPOLYLINE((#4070,#4071));
#4073=IFCSHAPEREPRESENTATION(#14,'Axis','Curve3D',(#4072));
#4074=IFCPRODUCTDEFINITIONSHAPE($,$,(#4073,#4069));
#4075=IFCBEAM('3w3J8bIED9ogqEJYGmHYlV',#19,'TM-3','IPR 356x171',$,#4063,#4074,$,$);
#4076=IFCRELASSOCIATESMATERIAL('1cwBFHWqH6VRN01sPDc_CC',#19,$,$,(#4075),#30);
#4077=IFCPROPERTYSINGLEVALUE('Familia',$,IFCLABEL('Vigas/ties laminadas'),$);
#4078=IFCPROPERTYSINGLEVALUE('Perfil',$,IFCLABEL('IPR 356x171'),$);
#4079=IFCPROPERTYSINGLEVALUE('Marca',$,IFCLABEL('TM-3'),$);
#4080=IFCPROPERTYSINGLEVALUE('HH_ton_taller',$,IFCREAL(20.),$);
#4081=IFCPROPERTYSINGLEVALUE('Longitud_m',$,IFCREAL(10.),$);
#4082=IFCPROPERTYSET('05o5sJ0hfD8exfYpAa1QX8',#19,'Pset_METALITEC',$,(#4077,#4078,#4079,#4080,#4081));
#4083=IFCRELDEFINESBYPROPERTIES('2vzeTiH8n9aARpkkuKp3GJ',#19,$,$,(#4075),#4082);
#4084=IFCCARTESIANPOINT((0.,10000.,11870.));
#4085=IFCDIRECTION((0.,1.,0.));
#4086=IFCDIRECTION((0.,0.,1.));
#4087=IFCAXIS2PLACEMENT3D(#4084,#4085,#4086);
#4088=IFCLOCALPLACEMENT(#25,#4087);
#4089=IFCDIRECTION((0.,0.,1.));
#4090=IFCDIRECTION((1.,0.,0.));
#4091=IFCAXIS2PLACEMENT3D(#7,#4089,#4090);
#4092=IFCDIRECTION((0.,0.,1.));
#4093=IFCEXTRUDEDAREASOLID(#40,#4091,#4092,10000.);
#4094=IFCSHAPEREPRESENTATION(#13,'Body','SweptSolid',(#4093));
#4095=IFCCARTESIANPOINT((0.,0.,0.));
#4096=IFCCARTESIANPOINT((0.,0.,10000.));
#4097=IFCPOLYLINE((#4095,#4096));
#4098=IFCSHAPEREPRESENTATION(#14,'Axis','Curve3D',(#4097));
#4099=IFCPRODUCTDEFINITIONSHAPE($,$,(#4098,#4094));
#4100=IFCBEAM('21Gm1y4AT1rfemyDV0Zvxe',#19,'TM-3','IPR 356x171',$,#4088,#4099,$,$);
#4101=IFCRELASSOCIATESMATERIAL('0eT4mpI8L9YB3h7mZfciQD',#19,$,$,(#4100),#30);
#4102=IFCPROPERTYSINGLEVALUE('Familia',$,IFCLABEL('Vigas/ties laminadas'),$);
#4103=IFCPROPERTYSINGLEVALUE('Perfil',$,IFCLABEL('IPR 356x171'),$);
#4104=IFCPROPERTYSINGLEVALUE('Marca',$,IFCLABEL('TM-3'),$);
#4105=IFCPROPERTYSINGLEVALUE('HH_ton_taller',$,IFCREAL(20.),$);
#4106=IFCPROPERTYSINGLEVALUE('Longitud_m',$,IFCREAL(10.),$);
#4107=IFCPROPERTYSET('2_zhlbn71CTRaVX4OX49mW',#19,'Pset_METALITEC',$,(#4102,#4103,#4104,#4105,#4106));
#4108=IFCRELDEFINESBYPROPERTIES('1pG1yUPPn0jhmDTrNweqxt',#19,$,$,(#4100),#4107);
#4109=IFCCARTESIANPOINT((0.,20000.,11870.));
#4110=IFCDIRECTION((0.,1.,0.));
#4111=IFCDIRECTION((0.,0.,1.));
#4112=IFCAXIS2PLACEMENT3D(#4109,#4110,#4111);
#4113=IFCLOCALPLACEMENT(#25,#4112);
#4114=IFCDIRECTION((0.,0.,1.));
#4115=IFCDIRECTION((1.,0.,0.));
#4116=IFCAXIS2PLACEMENT3D(#7,#4114,#4115);
#4117=IFCDIRECTION((0.,0.,1.));
#4118=IFCEXTRUDEDAREASOLID(#40,#4116,#4117,10000.);
#4119=IFCSHAPEREPRESENTATION(#13,'Body','SweptSolid',(#4118));
#4120=IFCCARTESIANPOINT((0.,0.,0.));
#4121=IFCCARTESIANPOINT((0.,0.,10000.));
#4122=IFCPOLYLINE((#4120,#4121));
#4123=IFCSHAPEREPRESENTATION(#14,'Axis','Curve3D',(#4122));
#4124=IFCPRODUCTDEFINITIONSHAPE($,$,(#4123,#4119));
#4125=IFCBEAM('2l_8zgBW98genOk4lc87as',#19,'TM-3','IPR 356x171',$,#4113,#4124,$,$);
#4126=IFCRELASSOCIATESMATERIAL('3L2y17GvH8_PRzeROCLdoq',#19,$,$,(#4125),#30);
#4127=IFCPROPERTYSINGLEVALUE('Familia',$,IFCLABEL('Vigas/ties laminadas'),$);
#4128=IFCPROPERTYSINGLEVALUE('Perfil',$,IFCLABEL('IPR 356x171'),$);
#4129=IFCPROPERTYSINGLEVALUE('Marca',$,IFCLABEL('TM-3'),$);
#4130=IFCPROPERTYSINGLEVALUE('HH_ton_taller',$,IFCREAL(20.),$);
#4131=IFCPROPERTYSINGLEVALUE('Longitud_m',$,IFCREAL(10.),$);
#4132=IFCPROPERTYSET('3IOc3zZkrCPOoJ1JvTRqab',#19,'Pset_METALITEC',$,(#4127,#4128,#4129,#4130,#4131));
#4133=IFCRELDEFINESBYPROPERTIES('1shazsfdfA3wCR6sh9YetP',#19,$,$,(#4125),#4132);
#4134=IFCCARTESIANPOINT((0.,30000.,11870.));
#4135=IFCDIRECTION((0.,1.,0.));
#4136=IFCDIRECTION((0.,0.,1.));
#4137=IFCAXIS2PLACEMENT3D(#4134,#4135,#4136);
#4138=IFCLOCALPLACEMENT(#25,#4137);
#4139=IFCDIRECTION((0.,0.,1.));
#4140=IFCDIRECTION((1.,0.,0.));
#4141=IFCAXIS2PLACEMENT3D(#7,#4139,#4140);
#4142=IFCDIRECTION((0.,0.,1.));
#4143=IFCEXTRUDEDAREASOLID(#40,#4141,#4142,10000.);
#4144=IFCSHAPEREPRESENTATION(#13,'Body','SweptSolid',(#4143));
#4145=IFCCARTESIANPOINT((0.,0.,0.));
#4146=IFCCARTESIANPOINT((0.,0.,10000.));
#4147=IFCPOLYLINE((#4145,#4146));
#4148=IFCSHAPEREPRESENTATION(#14,'Axis','Curve3D',(#4147));
#4149=IFCPRODUCTDEFINITIONSHAPE($,$,(#4148,#4144));
#4150=IFCBEAM('3nSstA$Rj7mfmGFZkRL8F9',#19,'TM-3','IPR 356x171',$,#4138,#4149,$,$);
#4151=IFCRELASSOCIATESMATERIAL('0AbpT$Lmf1y8DuAikC1s1X',#19,$,$,(#4150),#30);
#4152=IFCPROPERTYSINGLEVALUE('Familia',$,IFCLABEL('Vigas/ties laminadas'),$);
#4153=IFCPROPERTYSINGLEVALUE('Perfil',$,IFCLABEL('IPR 356x171'),$);
#4154=IFCPROPERTYSINGLEVALUE('Marca',$,IFCLABEL('TM-3'),$);
#4155=IFCPROPERTYSINGLEVALUE('HH_ton_taller',$,IFCREAL(20.),$);
#4156=IFCPROPERTYSINGLEVALUE('Longitud_m',$,IFCREAL(10.),$);
#4157=IFCPROPERTYSET('2PZLBLsND7feGRUd$QajX0',#19,'Pset_METALITEC',$,(#4152,#4153,#4154,#4155,#4156));
#4158=IFCRELDEFINESBYPROPERTIES('2M_JaXCn1CHQ8KS7Z$XfP$',#19,$,$,(#4150),#4157);
#4159=IFCCARTESIANPOINT((0.,40000.,11870.));
#4160=IFCDIRECTION((0.,1.,0.));
#4161=IFCDIRECTION((0.,0.,1.));
#4162=IFCAXIS2PLACEMENT3D(#4159,#4160,#4161);
#4163=IFCLOCALPLACEMENT(#25,#4162);
#4164=IFCDIRECTION((0.,0.,1.));
#4165=IFCDIRECTION((1.,0.,0.));
#4166=IFCAXIS2PLACEMENT3D(#7,#4164,#4165);
#4167=IFCDIRECTION((0.,0.,1.));
#4168=IFCEXTRUDEDAREASOLID(#40,#4166,#4167,10000.);
#4169=IFCSHAPEREPRESENTATION(#13,'Body','SweptSolid',(#4168));
#4170=IFCCARTESIANPOINT((0.,0.,0.));
#4171=IFCCARTESIANPOINT((0.,0.,10000.));
#4172=IFCPOLYLINE((#4170,#4171));
#4173=IFCSHAPEREPRESENTATION(#14,'Axis','Curve3D',(#4172));
#4174=IFCPRODUCTDEFINITIONSHAPE($,$,(#4173,#4169));
#4175=IFCBEAM('0fvjhDbMbAghwH_JEtmUH$',#19,'TM-3','IPR 356x171',$,#4163,#4174,$,$);
#4176=IFCRELASSOCIATESMATERIAL('0LP2tE5cn9seaNfFQcyog1',#19,$,$,(#4175),#30);
#4177=IFCPROPERTYSINGLEVALUE('Familia',$,IFCLABEL('Vigas/ties laminadas'),$);
#4178=IFCPROPERTYSINGLEVALUE('Perfil',$,IFCLABEL('IPR 356x171'),$);
#4179=IFCPROPERTYSINGLEVALUE('Marca',$,IFCLABEL('TM-3'),$);
#4180=IFCPROPERTYSINGLEVALUE('HH_ton_taller',$,IFCREAL(20.),$);
#4181=IFCPROPERTYSINGLEVALUE('Longitud_m',$,IFCREAL(10.),$);
#4182=IFCPROPERTYSET('0QeaQZ0ULCExV_jX73xG6x',#19,'Pset_METALITEC',$,(#4177,#4178,#4179,#4180,#4181));
#4183=IFCRELDEFINESBYPROPERTIES('0MnkXI6fHCFPHcQh_xRPgd',#19,$,$,(#4175),#4182);
#4184=IFCCARTESIANPOINT((0.,50000.,11870.));
#4185=IFCDIRECTION((0.,1.,0.));
#4186=IFCDIRECTION((0.,0.,1.));
#4187=IFCAXIS2PLACEMENT3D(#4184,#4185,#4186);
#4188=IFCLOCALPLACEMENT(#25,#4187);
#4189=IFCDIRECTION((0.,0.,1.));
#4190=IFCDIRECTION((1.,0.,0.));
#4191=IFCAXIS2PLACEMENT3D(#7,#4189,#4190);
#4192=IFCDIRECTION((0.,0.,1.));
#4193=IFCEXTRUDEDAREASOLID(#40,#4191,#4192,10000.);
#4194=IFCSHAPEREPRESENTATION(#13,'Body','SweptSolid',(#4193));
#4195=IFCCARTESIANPOINT((0.,0.,0.));
#4196=IFCCARTESIANPOINT((0.,0.,10000.));
#4197=IFCPOLYLINE((#4195,#4196));
#4198=IFCSHAPEREPRESENTATION(#14,'Axis','Curve3D',(#4197));
#4199=IFCPRODUCTDEFINITIONSHAPE($,$,(#4198,#4194));
#4200=IFCBEAM('0Nx$perfb4wvmr$bG2iSeo',#19,'TM-3','IPR 356x171',$,#4188,#4199,$,$);
#4201=IFCRELASSOCIATESMATERIAL('3MDUjcQqv76f$PUmqWuJhC',#19,$,$,(#4200),#30);
#4202=IFCPROPERTYSINGLEVALUE('Familia',$,IFCLABEL('Vigas/ties laminadas'),$);
#4203=IFCPROPERTYSINGLEVALUE('Perfil',$,IFCLABEL('IPR 356x171'),$);
#4204=IFCPROPERTYSINGLEVALUE('Marca',$,IFCLABEL('TM-3'),$);
#4205=IFCPROPERTYSINGLEVALUE('HH_ton_taller',$,IFCREAL(20.),$);
#4206=IFCPROPERTYSINGLEVALUE('Longitud_m',$,IFCREAL(10.),$);
#4207=IFCPROPERTYSET('37WsMQb8r9E9rUtJNqDc8B',#19,'Pset_METALITEC',$,(#4202,#4203,#4204,#4205,#4206));
#4208=IFCRELDEFINESBYPROPERTIES('0YONlXqwDBTOH0S6yyVoDY',#19,$,$,(#4200),#4207);
#4209=IFCCARTESIANPOINT((0.,60000.,11870.));
#4210=IFCDIRECTION((0.,1.,0.));
#4211=IFCDIRECTION((0.,0.,1.));
#4212=IFCAXIS2PLACEMENT3D(#4209,#4210,#4211);
#4213=IFCLOCALPLACEMENT(#25,#4212);
#4214=IFCDIRECTION((0.,0.,1.));
#4215=IFCDIRECTION((1.,0.,0.));
#4216=IFCAXIS2PLACEMENT3D(#7,#4214,#4215);
#4217=IFCDIRECTION((0.,0.,1.));
#4218=IFCEXTRUDEDAREASOLID(#40,#4216,#4217,10000.);
#4219=IFCSHAPEREPRESENTATION(#13,'Body','SweptSolid',(#4218));
#4220=IFCCARTESIANPOINT((0.,0.,0.));
#4221=IFCCARTESIANPOINT((0.,0.,10000.));
#4222=IFCPOLYLINE((#4220,#4221));
#4223=IFCSHAPEREPRESENTATION(#14,'Axis','Curve3D',(#4222));
#4224=IFCPRODUCTDEFINITIONSHAPE($,$,(#4223,#4219));
#4225=IFCBEAM('1zMxC0MRz888PUEih5lZI4',#19,'TM-3','IPR 356x171',$,#4213,#4224,$,$);
#4226=IFCRELASSOCIATESMATERIAL('216JfP2s99fgJ3qex11Y1M',#19,$,$,(#4225),#30);
#4227=IFCPROPERTYSINGLEVALUE('Familia',$,IFCLABEL('Vigas/ties laminadas'),$);
#4228=IFCPROPERTYSINGLEVALUE('Perfil',$,IFCLABEL('IPR 356x171'),$);
#4229=IFCPROPERTYSINGLEVALUE('Marca',$,IFCLABEL('TM-3'),$);
#4230=IFCPROPERTYSINGLEVALUE('HH_ton_taller',$,IFCREAL(20.),$);
#4231=IFCPROPERTYSINGLEVALUE('Longitud_m',$,IFCREAL(10.),$);
#4232=IFCPROPERTYSET('1aPbw8lnj78vGJQGpXJREY',#19,'Pset_METALITEC',$,(#4227,#4228,#4229,#4230,#4231));
#4233=IFCRELDEFINESBYPROPERTIES('3fjWdc3WrClAgCBlUQCK2_',#19,$,$,(#4225),#4232);
#4234=IFCCARTESIANPOINT((0.,70000.,11870.));
#4235=IFCDIRECTION((0.,1.,0.));
#4236=IFCDIRECTION((0.,0.,1.));
#4237=IFCAXIS2PLACEMENT3D(#4234,#4235,#4236);
#4238=IFCLOCALPLACEMENT(#25,#4237);
#4239=IFCDIRECTION((0.,0.,1.));
#4240=IFCDIRECTION((1.,0.,0.));
#4241=IFCAXIS2PLACEMENT3D(#7,#4239,#4240);
#4242=IFCDIRECTION((0.,0.,1.));
#4243=IFCEXTRUDEDAREASOLID(#40,#4241,#4242,10000.);
#4244=IFCSHAPEREPRESENTATION(#13,'Body','SweptSolid',(#4243));
#4245=IFCCARTESIANPOINT((0.,0.,0.));
#4246=IFCCARTESIANPOINT((0.,0.,10000.));
#4247=IFCPOLYLINE((#4245,#4246));
#4248=IFCSHAPEREPRESENTATION(#14,'Axis','Curve3D',(#4247));
#4249=IFCPRODUCTDEFINITIONSHAPE($,$,(#4248,#4244));
#4250=IFCBEAM('0Y9pkfuAr3MvoAXwH5Qmpw',#19,'TM-3','IPR 356x171',$,#4238,#4249,$,$);
#4251=IFCRELASSOCIATESMATERIAL('1CgFP6QA1CAusMyMJadxCC',#19,$,$,(#4250),#30);
#4252=IFCPROPERTYSINGLEVALUE('Familia',$,IFCLABEL('Vigas/ties laminadas'),$);
#4253=IFCPROPERTYSINGLEVALUE('Perfil',$,IFCLABEL('IPR 356x171'),$);
#4254=IFCPROPERTYSINGLEVALUE('Marca',$,IFCLABEL('TM-3'),$);
#4255=IFCPROPERTYSINGLEVALUE('HH_ton_taller',$,IFCREAL(20.),$);
#4256=IFCPROPERTYSINGLEVALUE('Longitud_m',$,IFCREAL(10.),$);
#4257=IFCPROPERTYSET('22ARueADn52ejYNvW3joLB',#19,'Pset_METALITEC',$,(#4252,#4253,#4254,#4255,#4256));
#4258=IFCRELDEFINESBYPROPERTIES('1bsSLrMz5CtBzHJPMTXCdr',#19,$,$,(#4250),#4257);
#4259=IFCCARTESIANPOINT((0.,80000.,11870.));
#4260=IFCDIRECTION((0.,1.,0.));
#4261=IFCDIRECTION((0.,0.,1.));
#4262=IFCAXIS2PLACEMENT3D(#4259,#4260,#4261);
#4263=IFCLOCALPLACEMENT(#25,#4262);
#4264=IFCDIRECTION((0.,0.,1.));
#4265=IFCDIRECTION((1.,0.,0.));
#4266=IFCAXIS2PLACEMENT3D(#7,#4264,#4265);
#4267=IFCDIRECTION((0.,0.,1.));
#4268=IFCEXTRUDEDAREASOLID(#40,#4266,#4267,10000.);
#4269=IFCSHAPEREPRESENTATION(#13,'Body','SweptSolid',(#4268));
#4270=IFCCARTESIANPOINT((0.,0.,0.));
#4271=IFCCARTESIANPOINT((0.,0.,10000.));
#4272=IFCPOLYLINE((#4270,#4271));
#4273=IFCSHAPEREPRESENTATION(#14,'Axis','Curve3D',(#4272));
#4274=IFCPRODUCTDEFINITIONSHAPE($,$,(#4273,#4269));
#4275=IFCBEAM('0phgUoSIr4zxiduUMwcORn',#19,'TM-3','IPR 356x171',$,#4263,#4274,$,$);
#4276=IFCRELASSOCIATESMATERIAL('0_8W3vr91EH8mADDOzIH$P',#19,$,$,(#4275),#30);
#4277=IFCPROPERTYSINGLEVALUE('Familia',$,IFCLABEL('Vigas/ties laminadas'),$);
#4278=IFCPROPERTYSINGLEVALUE('Perfil',$,IFCLABEL('IPR 356x171'),$);
#4279=IFCPROPERTYSINGLEVALUE('Marca',$,IFCLABEL('TM-3'),$);
#4280=IFCPROPERTYSINGLEVALUE('HH_ton_taller',$,IFCREAL(20.),$);
#4281=IFCPROPERTYSINGLEVALUE('Longitud_m',$,IFCREAL(10.),$);
#4282=IFCPROPERTYSET('0KAEQjm$z0d9ceo3j2RJGL',#19,'Pset_METALITEC',$,(#4277,#4278,#4279,#4280,#4281));
#4283=IFCRELDEFINESBYPROPERTIES('0k1PwQmuvCM9I3$LnP5GqN',#19,$,$,(#4275),#4282);
#4284=IFCCARTESIANPOINT((0.,90000.,11870.));
#4285=IFCDIRECTION((0.,1.,0.));
#4286=IFCDIRECTION((0.,0.,1.));
#4287=IFCAXIS2PLACEMENT3D(#4284,#4285,#4286);
#4288=IFCLOCALPLACEMENT(#25,#4287);
#4289=IFCDIRECTION((0.,0.,1.));
#4290=IFCDIRECTION((1.,0.,0.));
#4291=IFCAXIS2PLACEMENT3D(#7,#4289,#4290);
#4292=IFCDIRECTION((0.,0.,1.));
#4293=IFCEXTRUDEDAREASOLID(#40,#4291,#4292,10000.);
#4294=IFCSHAPEREPRESENTATION(#13,'Body','SweptSolid',(#4293));
#4295=IFCCARTESIANPOINT((0.,0.,0.));
#4296=IFCCARTESIANPOINT((0.,0.,10000.));
#4297=IFCPOLYLINE((#4295,#4296));
#4298=IFCSHAPEREPRESENTATION(#14,'Axis','Curve3D',(#4297));
#4299=IFCPRODUCTDEFINITIONSHAPE($,$,(#4298,#4294));
#4300=IFCBEAM('0kD4_EVV9EWfGmMtsYEFWL',#19,'TM-3','IPR 356x171',$,#4288,#4299,$,$);
#4301=IFCRELASSOCIATESMATERIAL('0bxKFia1PF1wVRtm1Ze3s3',#19,$,$,(#4300),#30);
#4302=IFCPROPERTYSINGLEVALUE('Familia',$,IFCLABEL('Vigas/ties laminadas'),$);
#4303=IFCPROPERTYSINGLEVALUE('Perfil',$,IFCLABEL('IPR 356x171'),$);
#4304=IFCPROPERTYSINGLEVALUE('Marca',$,IFCLABEL('TM-3'),$);
#4305=IFCPROPERTYSINGLEVALUE('HH_ton_taller',$,IFCREAL(20.),$);
#4306=IFCPROPERTYSINGLEVALUE('Longitud_m',$,IFCREAL(10.),$);
#4307=IFCPROPERTYSET('3rrpCV8kjEjf83QoCkqB0a',#19,'Pset_METALITEC',$,(#4302,#4303,#4304,#4305,#4306));
#4308=IFCRELDEFINESBYPROPERTIES('0Ex2k9syD0sONIKZ7Yflj7',#19,$,$,(#4300),#4307);
#4309=IFCCARTESIANPOINT((0.,100000.,11870.));
#4310=IFCDIRECTION((0.,1.,0.));
#4311=IFCDIRECTION((0.,0.,1.));
#4312=IFCAXIS2PLACEMENT3D(#4309,#4310,#4311);
#4313=IFCLOCALPLACEMENT(#25,#4312);
#4314=IFCDIRECTION((0.,0.,1.));
#4315=IFCDIRECTION((1.,0.,0.));
#4316=IFCAXIS2PLACEMENT3D(#7,#4314,#4315);
#4317=IFCDIRECTION((0.,0.,1.));
#4318=IFCEXTRUDEDAREASOLID(#40,#4316,#4317,10000.);
#4319=IFCSHAPEREPRESENTATION(#13,'Body','SweptSolid',(#4318));
#4320=IFCCARTESIANPOINT((0.,0.,0.));
#4321=IFCCARTESIANPOINT((0.,0.,10000.));
#4322=IFCPOLYLINE((#4320,#4321));
#4323=IFCSHAPEREPRESENTATION(#14,'Axis','Curve3D',(#4322));
#4324=IFCPRODUCTDEFINITIONSHAPE($,$,(#4323,#4319));
#4325=IFCBEAM('0xiuxnmtP738$SbBp6Ma0g',#19,'TM-3','IPR 356x171',$,#4313,#4324,$,$);
#4326=IFCRELASSOCIATESMATERIAL('3oKeEvNnr54QHmanf9mkDC',#19,$,$,(#4325),#30);
#4327=IFCPROPERTYSINGLEVALUE('Familia',$,IFCLABEL('Vigas/ties laminadas'),$);
#4328=IFCPROPERTYSINGLEVALUE('Perfil',$,IFCLABEL('IPR 356x171'),$);
#4329=IFCPROPERTYSINGLEVALUE('Marca',$,IFCLABEL('TM-3'),$);
#4330=IFCPROPERTYSINGLEVALUE('HH_ton_taller',$,IFCREAL(20.),$);
#4331=IFCPROPERTYSINGLEVALUE('Longitud_m',$,IFCREAL(10.),$);
#4332=IFCPROPERTYSET('1tKrN5Y$TE6A9rJZNVHoBC',#19,'Pset_METALITEC',$,(#4327,#4328,#4329,#4330,#4331));
#4333=IFCRELDEFINESBYPROPERTIES('0okCSFQBL2VAZ3p2N5ct4D',#19,$,$,(#4325),#4332);
#4334=IFCCARTESIANPOINT((0.,110000.,11870.));
#4335=IFCDIRECTION((0.,1.,0.));
#4336=IFCDIRECTION((0.,0.,1.));
#4337=IFCAXIS2PLACEMENT3D(#4334,#4335,#4336);
#4338=IFCLOCALPLACEMENT(#25,#4337);
#4339=IFCDIRECTION((0.,0.,1.));
#4340=IFCDIRECTION((1.,0.,0.));
#4341=IFCAXIS2PLACEMENT3D(#7,#4339,#4340);
#4342=IFCDIRECTION((0.,0.,1.));
#4343=IFCEXTRUDEDAREASOLID(#40,#4341,#4342,10000.);
#4344=IFCSHAPEREPRESENTATION(#13,'Body','SweptSolid',(#4343));
#4345=IFCCARTESIANPOINT((0.,0.,0.));
#4346=IFCCARTESIANPOINT((0.,0.,10000.));
#4347=IFCPOLYLINE((#4345,#4346));
#4348=IFCSHAPEREPRESENTATION(#14,'Axis','Curve3D',(#4347));
#4349=IFCPRODUCTDEFINITIONSHAPE($,$,(#4348,#4344));
#4350=IFCBEAM('2wtv_LrV9DuQENXHbffGNB',#19,'TM-3','IPR 356x171',$,#4338,#4349,$,$);
#4351=IFCRELASSOCIATESMATERIAL('18ECLeB$L6KxEHSt0$oqLS',#19,$,$,(#4350),#30);
#4352=IFCPROPERTYSINGLEVALUE('Familia',$,IFCLABEL('Vigas/ties laminadas'),$);
#4353=IFCPROPERTYSINGLEVALUE('Perfil',$,IFCLABEL('IPR 356x171'),$);
#4354=IFCPROPERTYSINGLEVALUE('Marca',$,IFCLABEL('TM-3'),$);
#4355=IFCPROPERTYSINGLEVALUE('HH_ton_taller',$,IFCREAL(20.),$);
#4356=IFCPROPERTYSINGLEVALUE('Longitud_m',$,IFCREAL(10.),$);
#4357=IFCPROPERTYSET('0ka0rmIYb18hEznFDaeKWY',#19,'Pset_METALITEC',$,(#4352,#4353,#4354,#4355,#4356));
#4358=IFCRELDEFINESBYPROPERTIES('1gYv0uSTn4NgNF6qoaebEU',#19,$,$,(#4350),#4357);
#4359=IFCCARTESIANPOINT((0.,120000.,11870.));
#4360=IFCDIRECTION((0.,1.,0.));
#4361=IFCDIRECTION((0.,0.,1.));
#4362=IFCAXIS2PLACEMENT3D(#4359,#4360,#4361);
#4363=IFCLOCALPLACEMENT(#25,#4362);
#4364=IFCDIRECTION((0.,0.,1.));
#4365=IFCDIRECTION((1.,0.,0.));
#4366=IFCAXIS2PLACEMENT3D(#7,#4364,#4365);
#4367=IFCDIRECTION((0.,0.,1.));
#4368=IFCEXTRUDEDAREASOLID(#40,#4366,#4367,10000.);
#4369=IFCSHAPEREPRESENTATION(#13,'Body','SweptSolid',(#4368));
#4370=IFCCARTESIANPOINT((0.,0.,0.));
#4371=IFCCARTESIANPOINT((0.,0.,10000.));
#4372=IFCPOLYLINE((#4370,#4371));
#4373=IFCSHAPEREPRESENTATION(#14,'Axis','Curve3D',(#4372));
#4374=IFCPRODUCTDEFINITIONSHAPE($,$,(#4373,#4369));
#4375=IFCBEAM('3T6YnRRGf9DAkUqeXPaPPV',#19,'TM-3','IPR 356x171',$,#4363,#4374,$,$);
#4376=IFCRELASSOCIATESMATERIAL('0yX$pkTT52G8JuvZf3jhQS',#19,$,$,(#4375),#30);
#4377=IFCPROPERTYSINGLEVALUE('Familia',$,IFCLABEL('Vigas/ties laminadas'),$);
#4378=IFCPROPERTYSINGLEVALUE('Perfil',$,IFCLABEL('IPR 356x171'),$);
#4379=IFCPROPERTYSINGLEVALUE('Marca',$,IFCLABEL('TM-3'),$);
#4380=IFCPROPERTYSINGLEVALUE('HH_ton_taller',$,IFCREAL(20.),$);
#4381=IFCPROPERTYSINGLEVALUE('Longitud_m',$,IFCREAL(10.),$);
#4382=IFCPROPERTYSET('3WxeUvruv3yQKrzJzEkZRx',#19,'Pset_METALITEC',$,(#4377,#4378,#4379,#4380,#4381));
#4383=IFCRELDEFINESBYPROPERTIES('3dpsR8iRz8ZwxR8UtiWK8H',#19,$,$,(#4375),#4382);
#4384=IFCCARTESIANPOINT((0.,130000.,11870.));
#4385=IFCDIRECTION((0.,1.,0.));
#4386=IFCDIRECTION((0.,0.,1.));
#4387=IFCAXIS2PLACEMENT3D(#4384,#4385,#4386);
#4388=IFCLOCALPLACEMENT(#25,#4387);
#4389=IFCDIRECTION((0.,0.,1.));
#4390=IFCDIRECTION((1.,0.,0.));
#4391=IFCAXIS2PLACEMENT3D(#7,#4389,#4390);
#4392=IFCDIRECTION((0.,0.,1.));
#4393=IFCEXTRUDEDAREASOLID(#40,#4391,#4392,10000.);
#4394=IFCSHAPEREPRESENTATION(#13,'Body','SweptSolid',(#4393));
#4395=IFCCARTESIANPOINT((0.,0.,0.));
#4396=IFCCARTESIANPOINT((0.,0.,10000.));
#4397=IFCPOLYLINE((#4395,#4396));
#4398=IFCSHAPEREPRESENTATION(#14,'Axis','Curve3D',(#4397));
#4399=IFCPRODUCTDEFINITIONSHAPE($,$,(#4398,#4394));
#4400=IFCBEAM('3dpSggVS51rRtE95OFf9lk',#19,'TM-3','IPR 356x171',$,#4388,#4399,$,$);
#4401=IFCRELASSOCIATESMATERIAL('25mwRMvT52WheKYbbw7zJJ',#19,$,$,(#4400),#30);
#4402=IFCPROPERTYSINGLEVALUE('Familia',$,IFCLABEL('Vigas/ties laminadas'),$);
#4403=IFCPROPERTYSINGLEVALUE('Perfil',$,IFCLABEL('IPR 356x171'),$);
#4404=IFCPROPERTYSINGLEVALUE('Marca',$,IFCLABEL('TM-3'),$);
#4405=IFCPROPERTYSINGLEVALUE('HH_ton_taller',$,IFCREAL(20.),$);
#4406=IFCPROPERTYSINGLEVALUE('Longitud_m',$,IFCREAL(10.),$);
#4407=IFCPROPERTYSET('3_DGEt1tXFbRAD5U357eGO',#19,'Pset_METALITEC',$,(#4402,#4403,#4404,#4405,#4406));
#4408=IFCRELDEFINESBYPROPERTIES('06wZGH_0H4KBwlm8y6OO4t',#19,$,$,(#4400),#4407);
#4409=IFCCARTESIANPOINT((0.,140000.,11870.));
#4410=IFCDIRECTION((0.,1.,0.));
#4411=IFCDIRECTION((0.,0.,1.));
#4412=IFCAXIS2PLACEMENT3D(#4409,#4410,#4411);
#4413=IFCLOCALPLACEMENT(#25,#4412);
#4414=IFCDIRECTION((0.,0.,1.));
#4415=IFCDIRECTION((1.,0.,0.));
#4416=IFCAXIS2PLACEMENT3D(#7,#4414,#4415);
#4417=IFCDIRECTION((0.,0.,1.));
#4418=IFCEXTRUDEDAREASOLID(#40,#4416,#4417,9500.);
#4419=IFCSHAPEREPRESENTATION(#13,'Body','SweptSolid',(#4418));
#4420=IFCCARTESIANPOINT((0.,0.,0.));
#4421=IFCCARTESIANPOINT((0.,0.,9500.));
#4422=IFCPOLYLINE((#4420,#4421));
#4423=IFCSHAPEREPRESENTATION(#14,'Axis','Curve3D',(#4422));
#4424=IFCPRODUCTDEFINITIONSHAPE($,$,(#4423,#4419));
#4425=IFCBEAM('29xAXKWNv8eubIZ8Y3f4ca',#19,'TM-3','IPR 356x171',$,#4413,#4424,$,$);
#4426=IFCRELASSOCIATESMATERIAL('2VlBFf_6z3D9pn5$QrIsUv',#19,$,$,(#4425),#30);
#4427=IFCPROPERTYSINGLEVALUE('Familia',$,IFCLABEL('Vigas/ties laminadas'),$);
#4428=IFCPROPERTYSINGLEVALUE('Perfil',$,IFCLABEL('IPR 356x171'),$);
#4429=IFCPROPERTYSINGLEVALUE('Marca',$,IFCLABEL('TM-3'),$);
#4430=IFCPROPERTYSINGLEVALUE('HH_ton_taller',$,IFCREAL(20.),$);
#4431=IFCPROPERTYSINGLEVALUE('Longitud_m',$,IFCREAL(9.5),$);
#4432=IFCPROPERTYSET('336SKvnK15xvHnGTxE6aK9',#19,'Pset_METALITEC',$,(#4427,#4428,#4429,#4430,#4431));
#4433=IFCRELDEFINESBYPROPERTIES('1u36VaIRXECPEdzqIZ7M7r',#19,$,$,(#4425),#4432);
#4434=IFCCARTESIANPOINT((25600.,0.,11870.));
#4435=IFCDIRECTION((0.,1.,0.));
#4436=IFCDIRECTION((0.,0.,1.));
#4437=IFCAXIS2PLACEMENT3D(#4434,#4435,#4436);
#4438=IFCLOCALPLACEMENT(#25,#4437);
#4439=IFCDIRECTION((0.,0.,1.));
#4440=IFCDIRECTION((1.,0.,0.));
#4441=IFCAXIS2PLACEMENT3D(#7,#4439,#4440);
#4442=IFCDIRECTION((0.,0.,1.));
#4443=IFCEXTRUDEDAREASOLID(#40,#4441,#4442,10000.);
#4444=IFCSHAPEREPRESENTATION(#13,'Body','SweptSolid',(#4443));
#4445=IFCCARTESIANPOINT((0.,0.,0.));
#4446=IFCCARTESIANPOINT((0.,0.,10000.));
#4447=IFCPOLYLINE((#4445,#4446));
#4448=IFCSHAPEREPRESENTATION(#14,'Axis','Curve3D',(#4447));
#4449=IFCPRODUCTDEFINITIONSHAPE($,$,(#4448,#4444));
#4450=IFCBEAM('1UNlb020P8hP1rJAR7EHJo',#19,'TM-3','IPR 356x171',$,#4438,#4449,$,$);
#4451=IFCRELASSOCIATESMATERIAL('3JMU9ELv90VPPoNC6PY_CM',#19,$,$,(#4450),#30);
#4452=IFCPROPERTYSINGLEVALUE('Familia',$,IFCLABEL('Vigas/ties laminadas'),$);
#4453=IFCPROPERTYSINGLEVALUE('Perfil',$,IFCLABEL('IPR 356x171'),$);
#4454=IFCPROPERTYSINGLEVALUE('Marca',$,IFCLABEL('TM-3'),$);
#4455=IFCPROPERTYSINGLEVALUE('HH_ton_taller',$,IFCREAL(20.),$);
#4456=IFCPROPERTYSINGLEVALUE('Longitud_m',$,IFCREAL(10.),$);
#4457=IFCPROPERTYSET('0R7NJHWAr38uxLegerDrTp',#19,'Pset_METALITEC',$,(#4452,#4453,#4454,#4455,#4456));
#4458=IFCRELDEFINESBYPROPERTIES('1YsJ$nez9A_RQ3lHAnZ3jn',#19,$,$,(#4450),#4457);
#4459=IFCCARTESIANPOINT((25600.,10000.,11870.));
#4460=IFCDIRECTION((0.,1.,0.));
#4461=IFCDIRECTION((0.,0.,1.));
#4462=IFCAXIS2PLACEMENT3D(#4459,#4460,#4461);
#4463=IFCLOCALPLACEMENT(#25,#4462);
#4464=IFCDIRECTION((0.,0.,1.));
#4465=IFCDIRECTION((1.,0.,0.));
#4466=IFCAXIS2PLACEMENT3D(#7,#4464,#4465);
#4467=IFCDIRECTION((0.,0.,1.));
#4468=IFCEXTRUDEDAREASOLID(#40,#4466,#4467,10000.);
#4469=IFCSHAPEREPRESENTATION(#13,'Body','SweptSolid',(#4468));
#4470=IFCCARTESIANPOINT((0.,0.,0.));
#4471=IFCCARTESIANPOINT((0.,0.,10000.));
#4472=IFCPOLYLINE((#4470,#4471));
#4473=IFCSHAPEREPRESENTATION(#14,'Axis','Curve3D',(#4472));
#4474=IFCPRODUCTDEFINITIONSHAPE($,$,(#4473,#4469));
#4475=IFCBEAM('2e_UZhpZvEdgHmJfCsKSI1',#19,'TM-3','IPR 356x171',$,#4463,#4474,$,$);
#4476=IFCRELASSOCIATESMATERIAL('0RXu_Bo1f3jAHoLPBLwFUD',#19,$,$,(#4475),#30);
#4477=IFCPROPERTYSINGLEVALUE('Familia',$,IFCLABEL('Vigas/ties laminadas'),$);
#4478=IFCPROPERTYSINGLEVALUE('Perfil',$,IFCLABEL('IPR 356x171'),$);
#4479=IFCPROPERTYSINGLEVALUE('Marca',$,IFCLABEL('TM-3'),$);
#4480=IFCPROPERTYSINGLEVALUE('HH_ton_taller',$,IFCREAL(20.),$);
#4481=IFCPROPERTYSINGLEVALUE('Longitud_m',$,IFCREAL(10.),$);
#4482=IFCPROPERTYSET('2jIN9eNynCPeLp4fMm16Rb',#19,'Pset_METALITEC',$,(#4477,#4478,#4479,#4480,#4481));
#4483=IFCRELDEFINESBYPROPERTIES('2KrSDPxIfC2BPWfzT0JUUm',#19,$,$,(#4475),#4482);
#4484=IFCCARTESIANPOINT((25600.,20000.,11870.));
#4485=IFCDIRECTION((0.,1.,0.));
#4486=IFCDIRECTION((0.,0.,1.));
#4487=IFCAXIS2PLACEMENT3D(#4484,#4485,#4486);
#4488=IFCLOCALPLACEMENT(#25,#4487);
#4489=IFCDIRECTION((0.,0.,1.));
#4490=IFCDIRECTION((1.,0.,0.));
#4491=IFCAXIS2PLACEMENT3D(#7,#4489,#4490);
#4492=IFCDIRECTION((0.,0.,1.));
#4493=IFCEXTRUDEDAREASOLID(#40,#4491,#4492,10000.);
#4494=IFCSHAPEREPRESENTATION(#13,'Body','SweptSolid',(#4493));
#4495=IFCCARTESIANPOINT((0.,0.,0.));
#4496=IFCCARTESIANPOINT((0.,0.,10000.));
#4497=IFCPOLYLINE((#4495,#4496));
#4498=IFCSHAPEREPRESENTATION(#14,'Axis','Curve3D',(#4497));
#4499=IFCPRODUCTDEFINITIONSHAPE($,$,(#4498,#4494));
#4500=IFCBEAM('0mm3kFq513wQYbCt5XAYUp',#19,'TM-3','IPR 356x171',$,#4488,#4499,$,$);
#4501=IFCRELASSOCIATESMATERIAL('0q2lhdGRfFKxDxflmgG6Qk',#19,$,$,(#4500),#30);
#4502=IFCPROPERTYSINGLEVALUE('Familia',$,IFCLABEL('Vigas/ties laminadas'),$);
#4503=IFCPROPERTYSINGLEVALUE('Perfil',$,IFCLABEL('IPR 356x171'),$);
#4504=IFCPROPERTYSINGLEVALUE('Marca',$,IFCLABEL('TM-3'),$);
#4505=IFCPROPERTYSINGLEVALUE('HH_ton_taller',$,IFCREAL(20.),$);
#4506=IFCPROPERTYSINGLEVALUE('Longitud_m',$,IFCREAL(10.),$);
#4507=IFCPROPERTYSET('3fnNX0BIv7OOmlgUnNrPw_',#19,'Pset_METALITEC',$,(#4502,#4503,#4504,#4505,#4506));
#4508=IFCRELDEFINESBYPROPERTIES('16dqXKwqb5zOOD0johtegm',#19,$,$,(#4500),#4507);
#4509=IFCCARTESIANPOINT((25600.,30000.,11870.));
#4510=IFCDIRECTION((0.,1.,0.));
#4511=IFCDIRECTION((0.,0.,1.));
#4512=IFCAXIS2PLACEMENT3D(#4509,#4510,#4511);
#4513=IFCLOCALPLACEMENT(#25,#4512);
#4514=IFCDIRECTION((0.,0.,1.));
#4515=IFCDIRECTION((1.,0.,0.));
#4516=IFCAXIS2PLACEMENT3D(#7,#4514,#4515);
#4517=IFCDIRECTION((0.,0.,1.));
#4518=IFCEXTRUDEDAREASOLID(#40,#4516,#4517,10000.);
#4519=IFCSHAPEREPRESENTATION(#13,'Body','SweptSolid',(#4518));
#4520=IFCCARTESIANPOINT((0.,0.,0.));
#4521=IFCCARTESIANPOINT((0.,0.,10000.));
#4522=IFCPOLYLINE((#4520,#4521));
#4523=IFCSHAPEREPRESENTATION(#14,'Axis','Curve3D',(#4522));
#4524=IFCPRODUCTDEFINITIONSHAPE($,$,(#4523,#4519));
#4525=IFCBEAM('2O8wDUBULA0f8ADFCspsr2',#19,'TM-3','IPR 356x171',$,#4513,#4524,$,$);
#4526=IFCRELASSOCIATESMATERIAL('1TRrLQX2L0Bwj$UML0EwZV',#19,$,$,(#4525),#30);
#4527=IFCPROPERTYSINGLEVALUE('Familia',$,IFCLABEL('Vigas/ties laminadas'),$);
#4528=IFCPROPERTYSINGLEVALUE('Perfil',$,IFCLABEL('IPR 356x171'),$);
#4529=IFCPROPERTYSINGLEVALUE('Marca',$,IFCLABEL('TM-3'),$);
#4530=IFCPROPERTYSINGLEVALUE('HH_ton_taller',$,IFCREAL(20.),$);
#4531=IFCPROPERTYSINGLEVALUE('Longitud_m',$,IFCREAL(10.),$);
#4532=IFCPROPERTYSET('1uBhYlHP14SRVU_$5aHAbA',#19,'Pset_METALITEC',$,(#4527,#4528,#4529,#4530,#4531));
#4533=IFCRELDEFINESBYPROPERTIES('25iTlvg6188fOZhdmBwfru',#19,$,$,(#4525),#4532);
#4534=IFCCARTESIANPOINT((25600.,40000.,11870.));
#4535=IFCDIRECTION((0.,1.,0.));
#4536=IFCDIRECTION((0.,0.,1.));
#4537=IFCAXIS2PLACEMENT3D(#4534,#4535,#4536);
#4538=IFCLOCALPLACEMENT(#25,#4537);
#4539=IFCDIRECTION((0.,0.,1.));
#4540=IFCDIRECTION((1.,0.,0.));
#4541=IFCAXIS2PLACEMENT3D(#7,#4539,#4540);
#4542=IFCDIRECTION((0.,0.,1.));
#4543=IFCEXTRUDEDAREASOLID(#40,#4541,#4542,10000.);
#4544=IFCSHAPEREPRESENTATION(#13,'Body','SweptSolid',(#4543));
#4545=IFCCARTESIANPOINT((0.,0.,0.));
#4546=IFCCARTESIANPOINT((0.,0.,10000.));
#4547=IFCPOLYLINE((#4545,#4546));
#4548=IFCSHAPEREPRESENTATION(#14,'Axis','Curve3D',(#4547));
#4549=IFCPRODUCTDEFINITIONSHAPE($,$,(#4548,#4544));
#4550=IFCBEAM('3xxpBZCF146QAGFbdWwMoX',#19,'TM-3','IPR 356x171',$,#4538,#4549,$,$);
#4551=IFCRELASSOCIATESMATERIAL('01$sVy5uj4Jw9e88eHkpVR',#19,$,$,(#4550),#30);
#4552=IFCPROPERTYSINGLEVALUE('Familia',$,IFCLABEL('Vigas/ties laminadas'),$);
#4553=IFCPROPERTYSINGLEVALUE('Perfil',$,IFCLABEL('IPR 356x171'),$);
#4554=IFCPROPERTYSINGLEVALUE('Marca',$,IFCLABEL('TM-3'),$);
#4555=IFCPROPERTYSINGLEVALUE('HH_ton_taller',$,IFCREAL(20.),$);
#4556=IFCPROPERTYSINGLEVALUE('Longitud_m',$,IFCREAL(10.),$);
#4557=IFCPROPERTYSET('3GZmLKJjzAe9bsHrkNZfv8',#19,'Pset_METALITEC',$,(#4552,#4553,#4554,#4555,#4556));
#4558=IFCRELDEFINESBYPROPERTIES('1ZTG__0BLCZew9_0kwt17_',#19,$,$,(#4550),#4557);
#4559=IFCCARTESIANPOINT((25600.,50000.,11870.));
#4560=IFCDIRECTION((0.,1.,0.));
#4561=IFCDIRECTION((0.,0.,1.));
#4562=IFCAXIS2PLACEMENT3D(#4559,#4560,#4561);
#4563=IFCLOCALPLACEMENT(#25,#4562);
#4564=IFCDIRECTION((0.,0.,1.));
#4565=IFCDIRECTION((1.,0.,0.));
#4566=IFCAXIS2PLACEMENT3D(#7,#4564,#4565);
#4567=IFCDIRECTION((0.,0.,1.));
#4568=IFCEXTRUDEDAREASOLID(#40,#4566,#4567,10000.);
#4569=IFCSHAPEREPRESENTATION(#13,'Body','SweptSolid',(#4568));
#4570=IFCCARTESIANPOINT((0.,0.,0.));
#4571=IFCCARTESIANPOINT((0.,0.,10000.));
#4572=IFCPOLYLINE((#4570,#4571));
#4573=IFCSHAPEREPRESENTATION(#14,'Axis','Curve3D',(#4572));
#4574=IFCPRODUCTDEFINITIONSHAPE($,$,(#4573,#4569));
#4575=IFCBEAM('04ZpIC5ejDA9VOHVYZkcad',#19,'TM-3','IPR 356x171',$,#4563,#4574,$,$);
#4576=IFCRELASSOCIATESMATERIAL('1Sn8qhJnX72QKNDDHlDCRu',#19,$,$,(#4575),#30);
#4577=IFCPROPERTYSINGLEVALUE('Familia',$,IFCLABEL('Vigas/ties laminadas'),$);
#4578=IFCPROPERTYSINGLEVALUE('Perfil',$,IFCLABEL('IPR 356x171'),$);
#4579=IFCPROPERTYSINGLEVALUE('Marca',$,IFCLABEL('TM-3'),$);
#4580=IFCPROPERTYSINGLEVALUE('HH_ton_taller',$,IFCREAL(20.),$);
#4581=IFCPROPERTYSINGLEVALUE('Longitud_m',$,IFCREAL(10.),$);
#4582=IFCPROPERTYSET('1GJFjYEZb2pBVp6_K9OjxI',#19,'Pset_METALITEC',$,(#4577,#4578,#4579,#4580,#4581));
#4583=IFCRELDEFINESBYPROPERTIES('34HPYYfhH3AvQi$63VMWIT',#19,$,$,(#4575),#4582);
#4584=IFCCARTESIANPOINT((25600.,60000.,11870.));
#4585=IFCDIRECTION((0.,1.,0.));
#4586=IFCDIRECTION((0.,0.,1.));
#4587=IFCAXIS2PLACEMENT3D(#4584,#4585,#4586);
#4588=IFCLOCALPLACEMENT(#25,#4587);
#4589=IFCDIRECTION((0.,0.,1.));
#4590=IFCDIRECTION((1.,0.,0.));
#4591=IFCAXIS2PLACEMENT3D(#7,#4589,#4590);
#4592=IFCDIRECTION((0.,0.,1.));
#4593=IFCEXTRUDEDAREASOLID(#40,#4591,#4592,10000.);
#4594=IFCSHAPEREPRESENTATION(#13,'Body','SweptSolid',(#4593));
#4595=IFCCARTESIANPOINT((0.,0.,0.));
#4596=IFCCARTESIANPOINT((0.,0.,10000.));
#4597=IFCPOLYLINE((#4595,#4596));
#4598=IFCSHAPEREPRESENTATION(#14,'Axis','Curve3D',(#4597));
#4599=IFCPRODUCTDEFINITIONSHAPE($,$,(#4598,#4594));
#4600=IFCBEAM('3z2aZMW3T5JRW1ZcKTaGrk',#19,'TM-3','IPR 356x171',$,#4588,#4599,$,$);
#4601=IFCRELASSOCIATESMATERIAL('2lfNB5X7bENvR4QpGEOjzq',#19,$,$,(#4600),#30);
#4602=IFCPROPERTYSINGLEVALUE('Familia',$,IFCLABEL('Vigas/ties laminadas'),$);
#4603=IFCPROPERTYSINGLEVALUE('Perfil',$,IFCLABEL('IPR 356x171'),$);
#4604=IFCPROPERTYSINGLEVALUE('Marca',$,IFCLABEL('TM-3'),$);
#4605=IFCPROPERTYSINGLEVALUE('HH_ton_taller',$,IFCREAL(20.),$);
#4606=IFCPROPERTYSINGLEVALUE('Longitud_m',$,IFCREAL(10.),$);
#4607=IFCPROPERTYSET('1UpvMcqXj7nfRfFWLPud2c',#19,'Pset_METALITEC',$,(#4602,#4603,#4604,#4605,#4606));
#4608=IFCRELDEFINESBYPROPERTIES('0hJUM5nH94rO8yQJDLqK6c',#19,$,$,(#4600),#4607);
#4609=IFCCARTESIANPOINT((25600.,70000.,11870.));
#4610=IFCDIRECTION((0.,1.,0.));
#4611=IFCDIRECTION((0.,0.,1.));
#4612=IFCAXIS2PLACEMENT3D(#4609,#4610,#4611);
#4613=IFCLOCALPLACEMENT(#25,#4612);
#4614=IFCDIRECTION((0.,0.,1.));
#4615=IFCDIRECTION((1.,0.,0.));
#4616=IFCAXIS2PLACEMENT3D(#7,#4614,#4615);
#4617=IFCDIRECTION((0.,0.,1.));
#4618=IFCEXTRUDEDAREASOLID(#40,#4616,#4617,10000.);
#4619=IFCSHAPEREPRESENTATION(#13,'Body','SweptSolid',(#4618));
#4620=IFCCARTESIANPOINT((0.,0.,0.));
#4621=IFCCARTESIANPOINT((0.,0.,10000.));
#4622=IFCPOLYLINE((#4620,#4621));
#4623=IFCSHAPEREPRESENTATION(#14,'Axis','Curve3D',(#4622));
#4624=IFCPRODUCTDEFINITIONSHAPE($,$,(#4623,#4619));
#4625=IFCBEAM('0kovpK4bLANQ5AiXFEQGLa',#19,'TM-3','IPR 356x171',$,#4613,#4624,$,$);
#4626=IFCRELASSOCIATESMATERIAL('2eI2$Yqyz0xf4$P8hbk0IO',#19,$,$,(#4625),#30);
#4627=IFCPROPERTYSINGLEVALUE('Familia',$,IFCLABEL('Vigas/ties laminadas'),$);
#4628=IFCPROPERTYSINGLEVALUE('Perfil',$,IFCLABEL('IPR 356x171'),$);
#4629=IFCPROPERTYSINGLEVALUE('Marca',$,IFCLABEL('TM-3'),$);
#4630=IFCPROPERTYSINGLEVALUE('HH_ton_taller',$,IFCREAL(20.),$);
#4631=IFCPROPERTYSINGLEVALUE('Longitud_m',$,IFCREAL(10.),$);
#4632=IFCPROPERTYSET('3UcWfWFhP73hVsvkrC$MvL',#19,'Pset_METALITEC',$,(#4627,#4628,#4629,#4630,#4631));
#4633=IFCRELDEFINESBYPROPERTIES('0f0awYXwX3GwFhu8q8ObXF',#19,$,$,(#4625),#4632);
#4634=IFCCARTESIANPOINT((25600.,80000.,11870.));
#4635=IFCDIRECTION((0.,1.,0.));
#4636=IFCDIRECTION((0.,0.,1.));
#4637=IFCAXIS2PLACEMENT3D(#4634,#4635,#4636);
#4638=IFCLOCALPLACEMENT(#25,#4637);
#4639=IFCDIRECTION((0.,0.,1.));
#4640=IFCDIRECTION((1.,0.,0.));
#4641=IFCAXIS2PLACEMENT3D(#7,#4639,#4640);
#4642=IFCDIRECTION((0.,0.,1.));
#4643=IFCEXTRUDEDAREASOLID(#40,#4641,#4642,10000.);
#4644=IFCSHAPEREPRESENTATION(#13,'Body','SweptSolid',(#4643));
#4645=IFCCARTESIANPOINT((0.,0.,0.));
#4646=IFCCARTESIANPOINT((0.,0.,10000.));
#4647=IFCPOLYLINE((#4645,#4646));
#4648=IFCSHAPEREPRESENTATION(#14,'Axis','Curve3D',(#4647));
#4649=IFCPRODUCTDEFINITIONSHAPE($,$,(#4648,#4644));
#4650=IFCBEAM('0AUg3foBHA29qsWt0BHzJf',#19,'TM-3','IPR 356x171',$,#4638,#4649,$,$);
#4651=IFCRELASSOCIATESMATERIAL('1FaKGq52P2luWshoAmEAbD',#19,$,$,(#4650),#30);
#4652=IFCPROPERTYSINGLEVALUE('Familia',$,IFCLABEL('Vigas/ties laminadas'),$);
#4653=IFCPROPERTYSINGLEVALUE('Perfil',$,IFCLABEL('IPR 356x171'),$);
#4654=IFCPROPERTYSINGLEVALUE('Marca',$,IFCLABEL('TM-3'),$);
#4655=IFCPROPERTYSINGLEVALUE('HH_ton_taller',$,IFCREAL(20.),$);
#4656=IFCPROPERTYSINGLEVALUE('Longitud_m',$,IFCREAL(10.),$);
#4657=IFCPROPERTYSET('2OtI3knDn0e98c3WN9P8y9',#19,'Pset_METALITEC',$,(#4652,#4653,#4654,#4655,#4656));
#4658=IFCRELDEFINESBYPROPERTIES('1rJuy1VY9BSQKyoRyCB8OP',#19,$,$,(#4650),#4657);
#4659=IFCCARTESIANPOINT((25600.,90000.,11870.));
#4660=IFCDIRECTION((0.,1.,0.));
#4661=IFCDIRECTION((0.,0.,1.));
#4662=IFCAXIS2PLACEMENT3D(#4659,#4660,#4661);
#4663=IFCLOCALPLACEMENT(#25,#4662);
#4664=IFCDIRECTION((0.,0.,1.));
#4665=IFCDIRECTION((1.,0.,0.));
#4666=IFCAXIS2PLACEMENT3D(#7,#4664,#4665);
#4667=IFCDIRECTION((0.,0.,1.));
#4668=IFCEXTRUDEDAREASOLID(#40,#4666,#4667,10000.);
#4669=IFCSHAPEREPRESENTATION(#13,'Body','SweptSolid',(#4668));
#4670=IFCCARTESIANPOINT((0.,0.,0.));
#4671=IFCCARTESIANPOINT((0.,0.,10000.));
#4672=IFCPOLYLINE((#4670,#4671));
#4673=IFCSHAPEREPRESENTATION(#14,'Axis','Curve3D',(#4672));
#4674=IFCPRODUCTDEFINITIONSHAPE($,$,(#4673,#4669));
#4675=IFCBEAM('0MAp_AorHFb8CkilhFoo_k',#19,'TM-3','IPR 356x171',$,#4663,#4674,$,$);
#4676=IFCRELASSOCIATESMATERIAL('1IVc3_idHFkgmXC4_beFDD',#19,$,$,(#4675),#30);
#4677=IFCPROPERTYSINGLEVALUE('Familia',$,IFCLABEL('Vigas/ties laminadas'),$);
#4678=IFCPROPERTYSINGLEVALUE('Perfil',$,IFCLABEL('IPR 356x171'),$);
#4679=IFCPROPERTYSINGLEVALUE('Marca',$,IFCLABEL('TM-3'),$);
#4680=IFCPROPERTYSINGLEVALUE('HH_ton_taller',$,IFCREAL(20.),$);
#4681=IFCPROPERTYSINGLEVALUE('Longitud_m',$,IFCREAL(10.),$);
#4682=IFCPROPERTYSET('1EzJN9jeb7jA7zUVgB4MOH',#19,'Pset_METALITEC',$,(#4677,#4678,#4679,#4680,#4681));
#4683=IFCRELDEFINESBYPROPERTIES('06zzzI1UP5OxGqSTlUbS2j',#19,$,$,(#4675),#4682);
#4684=IFCCARTESIANPOINT((25600.,100000.,11870.));
#4685=IFCDIRECTION((0.,1.,0.));
#4686=IFCDIRECTION((0.,0.,1.));
#4687=IFCAXIS2PLACEMENT3D(#4684,#4685,#4686);
#4688=IFCLOCALPLACEMENT(#25,#4687);
#4689=IFCDIRECTION((0.,0.,1.));
#4690=IFCDIRECTION((1.,0.,0.));
#4691=IFCAXIS2PLACEMENT3D(#7,#4689,#4690);
#4692=IFCDIRECTION((0.,0.,1.));
#4693=IFCEXTRUDEDAREASOLID(#40,#4691,#4692,10000.);
#4694=IFCSHAPEREPRESENTATION(#13,'Body','SweptSolid',(#4693));
#4695=IFCCARTESIANPOINT((0.,0.,0.));
#4696=IFCCARTESIANPOINT((0.,0.,10000.));
#4697=IFCPOLYLINE((#4695,#4696));
#4698=IFCSHAPEREPRESENTATION(#14,'Axis','Curve3D',(#4697));
#4699=IFCPRODUCTDEFINITIONSHAPE($,$,(#4698,#4694));
#4700=IFCBEAM('3mUC3ilAT2zQSf3jKMQjkZ',#19,'TM-3','IPR 356x171',$,#4688,#4699,$,$);
#4701=IFCRELASSOCIATESMATERIAL('1G$YB159X8PxPyemp9L2PM',#19,$,$,(#4700),#30);
#4702=IFCPROPERTYSINGLEVALUE('Familia',$,IFCLABEL('Vigas/ties laminadas'),$);
#4703=IFCPROPERTYSINGLEVALUE('Perfil',$,IFCLABEL('IPR 356x171'),$);
#4704=IFCPROPERTYSINGLEVALUE('Marca',$,IFCLABEL('TM-3'),$);
#4705=IFCPROPERTYSINGLEVALUE('HH_ton_taller',$,IFCREAL(20.),$);
#4706=IFCPROPERTYSINGLEVALUE('Longitud_m',$,IFCREAL(10.),$);
#4707=IFCPROPERTYSET('1t2xwT$nz6kfO4yy2$bvuu',#19,'Pset_METALITEC',$,(#4702,#4703,#4704,#4705,#4706));
#4708=IFCRELDEFINESBYPROPERTIES('0qASeZxVTCdxywGU0tPoT3',#19,$,$,(#4700),#4707);
#4709=IFCCARTESIANPOINT((25600.,110000.,11870.));
#4710=IFCDIRECTION((0.,1.,0.));
#4711=IFCDIRECTION((0.,0.,1.));
#4712=IFCAXIS2PLACEMENT3D(#4709,#4710,#4711);
#4713=IFCLOCALPLACEMENT(#25,#4712);
#4714=IFCDIRECTION((0.,0.,1.));
#4715=IFCDIRECTION((1.,0.,0.));
#4716=IFCAXIS2PLACEMENT3D(#7,#4714,#4715);
#4717=IFCDIRECTION((0.,0.,1.));
#4718=IFCEXTRUDEDAREASOLID(#40,#4716,#4717,10000.);
#4719=IFCSHAPEREPRESENTATION(#13,'Body','SweptSolid',(#4718));
#4720=IFCCARTESIANPOINT((0.,0.,0.));
#4721=IFCCARTESIANPOINT((0.,0.,10000.));
#4722=IFCPOLYLINE((#4720,#4721));
#4723=IFCSHAPEREPRESENTATION(#14,'Axis','Curve3D',(#4722));
#4724=IFCPRODUCTDEFINITIONSHAPE($,$,(#4723,#4719));
#4725=IFCBEAM('0YjfZhQgb1Dgsgg35MKLWD',#19,'TM-3','IPR 356x171',$,#4713,#4724,$,$);
#4726=IFCRELASSOCIATESMATERIAL('1sr2egv_f458aYp8KfvcM5',#19,$,$,(#4725),#30);
#4727=IFCPROPERTYSINGLEVALUE('Familia',$,IFCLABEL('Vigas/ties laminadas'),$);
#4728=IFCPROPERTYSINGLEVALUE('Perfil',$,IFCLABEL('IPR 356x171'),$);
#4729=IFCPROPERTYSINGLEVALUE('Marca',$,IFCLABEL('TM-3'),$);
#4730=IFCPROPERTYSINGLEVALUE('HH_ton_taller',$,IFCREAL(20.),$);
#4731=IFCPROPERTYSINGLEVALUE('Longitud_m',$,IFCREAL(10.),$);
#4732=IFCPROPERTYSET('0VWSH2Svf1Hx0woKhRG1WY',#19,'Pset_METALITEC',$,(#4727,#4728,#4729,#4730,#4731));
#4733=IFCRELDEFINESBYPROPERTIES('1ocDOB_PX5FQ2xLQXVPho1',#19,$,$,(#4725),#4732);
#4734=IFCCARTESIANPOINT((25600.,120000.,11870.));
#4735=IFCDIRECTION((0.,1.,0.));
#4736=IFCDIRECTION((0.,0.,1.));
#4737=IFCAXIS2PLACEMENT3D(#4734,#4735,#4736);
#4738=IFCLOCALPLACEMENT(#25,#4737);
#4739=IFCDIRECTION((0.,0.,1.));
#4740=IFCDIRECTION((1.,0.,0.));
#4741=IFCAXIS2PLACEMENT3D(#7,#4739,#4740);
#4742=IFCDIRECTION((0.,0.,1.));
#4743=IFCEXTRUDEDAREASOLID(#40,#4741,#4742,10000.);
#4744=IFCSHAPEREPRESENTATION(#13,'Body','SweptSolid',(#4743));
#4745=IFCCARTESIANPOINT((0.,0.,0.));
#4746=IFCCARTESIANPOINT((0.,0.,10000.));
#4747=IFCPOLYLINE((#4745,#4746));
#4748=IFCSHAPEREPRESENTATION(#14,'Axis','Curve3D',(#4747));
#4749=IFCPRODUCTDEFINITIONSHAPE($,$,(#4748,#4744));
#4750=IFCBEAM('1OiPqtK091Kxi800Ahqxvw',#19,'TM-3','IPR 356x171',$,#4738,#4749,$,$);
#4751=IFCRELASSOCIATESMATERIAL('18n8zn6NHB9xdnLMmPTgjr',#19,$,$,(#4750),#30);
#4752=IFCPROPERTYSINGLEVALUE('Familia',$,IFCLABEL('Vigas/ties laminadas'),$);
#4753=IFCPROPERTYSINGLEVALUE('Perfil',$,IFCLABEL('IPR 356x171'),$);
#4754=IFCPROPERTYSINGLEVALUE('Marca',$,IFCLABEL('TM-3'),$);
#4755=IFCPROPERTYSINGLEVALUE('HH_ton_taller',$,IFCREAL(20.),$);
#4756=IFCPROPERTYSINGLEVALUE('Longitud_m',$,IFCREAL(10.),$);
#4757=IFCPROPERTYSET('0ViQBjJVj27f9n5jTAe5Xj',#19,'Pset_METALITEC',$,(#4752,#4753,#4754,#4755,#4756));
#4758=IFCRELDEFINESBYPROPERTIES('2xtg3_VVzDjfqMR0WlkzkP',#19,$,$,(#4750),#4757);
#4759=IFCCARTESIANPOINT((25600.,130000.,11870.));
#4760=IFCDIRECTION((0.,1.,0.));
#4761=IFCDIRECTION((0.,0.,1.));
#4762=IFCAXIS2PLACEMENT3D(#4759,#4760,#4761);
#4763=IFCLOCALPLACEMENT(#25,#4762);
#4764=IFCDIRECTION((0.,0.,1.));
#4765=IFCDIRECTION((1.,0.,0.));
#4766=IFCAXIS2PLACEMENT3D(#7,#4764,#4765);
#4767=IFCDIRECTION((0.,0.,1.));
#4768=IFCEXTRUDEDAREASOLID(#40,#4766,#4767,10000.);
#4769=IFCSHAPEREPRESENTATION(#13,'Body','SweptSolid',(#4768));
#4770=IFCCARTESIANPOINT((0.,0.,0.));
#4771=IFCCARTESIANPOINT((0.,0.,10000.));
#4772=IFCPOLYLINE((#4770,#4771));
#4773=IFCSHAPEREPRESENTATION(#14,'Axis','Curve3D',(#4772));
#4774=IFCPRODUCTDEFINITIONSHAPE($,$,(#4773,#4769));
#4775=IFCBEAM('0REmU_9u15Xvj$1O0Jy0Ld',#19,'TM-3','IPR 356x171',$,#4763,#4774,$,$);
#4776=IFCRELASSOCIATESMATERIAL('1jl9XbCj92Ne$8A3HmCbNB',#19,$,$,(#4775),#30);
#4777=IFCPROPERTYSINGLEVALUE('Familia',$,IFCLABEL('Vigas/ties laminadas'),$);
#4778=IFCPROPERTYSINGLEVALUE('Perfil',$,IFCLABEL('IPR 356x171'),$);
#4779=IFCPROPERTYSINGLEVALUE('Marca',$,IFCLABEL('TM-3'),$);
#4780=IFCPROPERTYSINGLEVALUE('HH_ton_taller',$,IFCREAL(20.),$);
#4781=IFCPROPERTYSINGLEVALUE('Longitud_m',$,IFCREAL(10.),$);
#4782=IFCPROPERTYSET('0a3rS5OILAEwcwapLE1Hw6',#19,'Pset_METALITEC',$,(#4777,#4778,#4779,#4780,#4781));
#4783=IFCRELDEFINESBYPROPERTIES('3$bTR8uxvAexgNdtbrtOAi',#19,$,$,(#4775),#4782);
#4784=IFCCARTESIANPOINT((25600.,140000.,11870.));
#4785=IFCDIRECTION((0.,1.,0.));
#4786=IFCDIRECTION((0.,0.,1.));
#4787=IFCAXIS2PLACEMENT3D(#4784,#4785,#4786);
#4788=IFCLOCALPLACEMENT(#25,#4787);
#4789=IFCDIRECTION((0.,0.,1.));
#4790=IFCDIRECTION((1.,0.,0.));
#4791=IFCAXIS2PLACEMENT3D(#7,#4789,#4790);
#4792=IFCDIRECTION((0.,0.,1.));
#4793=IFCEXTRUDEDAREASOLID(#40,#4791,#4792,9500.);
#4794=IFCSHAPEREPRESENTATION(#13,'Body','SweptSolid',(#4793));
#4795=IFCCARTESIANPOINT((0.,0.,0.));
#4796=IFCCARTESIANPOINT((0.,0.,9500.));
#4797=IFCPOLYLINE((#4795,#4796));
#4798=IFCSHAPEREPRESENTATION(#14,'Axis','Curve3D',(#4797));
#4799=IFCPRODUCTDEFINITIONSHAPE($,$,(#4798,#4794));
#4800=IFCBEAM('2jce9kcUz3pvrnEcuroWWU',#19,'TM-3','IPR 356x171',$,#4788,#4799,$,$);
#4801=IFCRELASSOCIATESMATERIAL('29fBCakq19kh6SfNApkb9K',#19,$,$,(#4800),#30);
#4802=IFCPROPERTYSINGLEVALUE('Familia',$,IFCLABEL('Vigas/ties laminadas'),$);
#4803=IFCPROPERTYSINGLEVALUE('Perfil',$,IFCLABEL('IPR 356x171'),$);
#4804=IFCPROPERTYSINGLEVALUE('Marca',$,IFCLABEL('TM-3'),$);
#4805=IFCPROPERTYSINGLEVALUE('HH_ton_taller',$,IFCREAL(20.),$);
#4806=IFCPROPERTYSINGLEVALUE('Longitud_m',$,IFCREAL(9.5),$);
#4807=IFCPROPERTYSET('10e9XWL2f718yF7Fn_S7Rw',#19,'Pset_METALITEC',$,(#4802,#4803,#4804,#4805,#4806));
#4808=IFCRELDEFINESBYPROPERTIES('2qWtUGPE15W9ncakPNnj1J',#19,$,$,(#4800),#4807);
#4809=IFCCARTESIANPOINT((51200.,0.,11870.));
#4810=IFCDIRECTION((0.,1.,0.));
#4811=IFCDIRECTION((0.,0.,1.));
#4812=IFCAXIS2PLACEMENT3D(#4809,#4810,#4811);
#4813=IFCLOCALPLACEMENT(#25,#4812);
#4814=IFCDIRECTION((0.,0.,1.));
#4815=IFCDIRECTION((1.,0.,0.));
#4816=IFCAXIS2PLACEMENT3D(#7,#4814,#4815);
#4817=IFCDIRECTION((0.,0.,1.));
#4818=IFCEXTRUDEDAREASOLID(#40,#4816,#4817,10000.);
#4819=IFCSHAPEREPRESENTATION(#13,'Body','SweptSolid',(#4818));
#4820=IFCCARTESIANPOINT((0.,0.,0.));
#4821=IFCCARTESIANPOINT((0.,0.,10000.));
#4822=IFCPOLYLINE((#4820,#4821));
#4823=IFCSHAPEREPRESENTATION(#14,'Axis','Curve3D',(#4822));
#4824=IFCPRODUCTDEFINITIONSHAPE($,$,(#4823,#4819));
#4825=IFCBEAM('1vz28dKFj9jvAOvY$CoZcO',#19,'TM-3','IPR 356x171',$,#4813,#4824,$,$);
#4826=IFCRELASSOCIATESMATERIAL('2UQyTPWtf2MPn4mSxoOy09',#19,$,$,(#4825),#30);
#4827=IFCPROPERTYSINGLEVALUE('Familia',$,IFCLABEL('Vigas/ties laminadas'),$);
#4828=IFCPROPERTYSINGLEVALUE('Perfil',$,IFCLABEL('IPR 356x171'),$);
#4829=IFCPROPERTYSINGLEVALUE('Marca',$,IFCLABEL('TM-3'),$);
#4830=IFCPROPERTYSINGLEVALUE('HH_ton_taller',$,IFCREAL(20.),$);
#4831=IFCPROPERTYSINGLEVALUE('Longitud_m',$,IFCREAL(10.),$);
#4832=IFCPROPERTYSET('2rqDbmipbDcBIZ3cKgC$m7',#19,'Pset_METALITEC',$,(#4827,#4828,#4829,#4830,#4831));
#4833=IFCRELDEFINESBYPROPERTIES('0I4Ng24Xz9dvCYE47cuimM',#19,$,$,(#4825),#4832);
#4834=IFCCARTESIANPOINT((51200.,10000.,11870.));
#4835=IFCDIRECTION((0.,1.,0.));
#4836=IFCDIRECTION((0.,0.,1.));
#4837=IFCAXIS2PLACEMENT3D(#4834,#4835,#4836);
#4838=IFCLOCALPLACEMENT(#25,#4837);
#4839=IFCDIRECTION((0.,0.,1.));
#4840=IFCDIRECTION((1.,0.,0.));
#4841=IFCAXIS2PLACEMENT3D(#7,#4839,#4840);
#4842=IFCDIRECTION((0.,0.,1.));
#4843=IFCEXTRUDEDAREASOLID(#40,#4841,#4842,10000.);
#4844=IFCSHAPEREPRESENTATION(#13,'Body','SweptSolid',(#4843));
#4845=IFCCARTESIANPOINT((0.,0.,0.));
#4846=IFCCARTESIANPOINT((0.,0.,10000.));
#4847=IFCPOLYLINE((#4845,#4846));
#4848=IFCSHAPEREPRESENTATION(#14,'Axis','Curve3D',(#4847));
#4849=IFCPRODUCTDEFINITIONSHAPE($,$,(#4848,#4844));
#4850=IFCBEAM('2hhEOOOfD4LggL86Czw1xu',#19,'TM-3','IPR 356x171',$,#4838,#4849,$,$);
#4851=IFCRELASSOCIATESMATERIAL('1ZpLhtOrbEEuIyn8UZSKTO',#19,$,$,(#4850),#30);
#4852=IFCPROPERTYSINGLEVALUE('Familia',$,IFCLABEL('Vigas/ties laminadas'),$);
#4853=IFCPROPERTYSINGLEVALUE('Perfil',$,IFCLABEL('IPR 356x171'),$);
#4854=IFCPROPERTYSINGLEVALUE('Marca',$,IFCLABEL('TM-3'),$);
#4855=IFCPROPERTYSINGLEVALUE('HH_ton_taller',$,IFCREAL(20.),$);
#4856=IFCPROPERTYSINGLEVALUE('Longitud_m',$,IFCREAL(10.),$);
#4857=IFCPROPERTYSET('0NESfQIuz2Sg90nnZiFFCp',#19,'Pset_METALITEC',$,(#4852,#4853,#4854,#4855,#4856));
#4858=IFCRELDEFINESBYPROPERTIES('2wEiv1GaD3K90z0Pvs7sJV',#19,$,$,(#4850),#4857);
#4859=IFCCARTESIANPOINT((51200.,20000.,11870.));
#4860=IFCDIRECTION((0.,1.,0.));
#4861=IFCDIRECTION((0.,0.,1.));
#4862=IFCAXIS2PLACEMENT3D(#4859,#4860,#4861);
#4863=IFCLOCALPLACEMENT(#25,#4862);
#4864=IFCDIRECTION((0.,0.,1.));
#4865=IFCDIRECTION((1.,0.,0.));
#4866=IFCAXIS2PLACEMENT3D(#7,#4864,#4865);
#4867=IFCDIRECTION((0.,0.,1.));
#4868=IFCEXTRUDEDAREASOLID(#40,#4866,#4867,10000.);
#4869=IFCSHAPEREPRESENTATION(#13,'Body','SweptSolid',(#4868));
#4870=IFCCARTESIANPOINT((0.,0.,0.));
#4871=IFCCARTESIANPOINT((0.,0.,10000.));
#4872=IFCPOLYLINE((#4870,#4871));
#4873=IFCSHAPEREPRESENTATION(#14,'Axis','Curve3D',(#4872));
#4874=IFCPRODUCTDEFINITIONSHAPE($,$,(#4873,#4869));
#4875=IFCBEAM('1donVbQ3T1f9ktpG2kVolW',#19,'TM-3','IPR 356x171',$,#4863,#4874,$,$);
#4876=IFCRELASSOCIATESMATERIAL('24TKVqOwv3q8zepIOZ_OTk',#19,$,$,(#4875),#30);
#4877=IFCPROPERTYSINGLEVALUE('Familia',$,IFCLABEL('Vigas/ties laminadas'),$);
#4878=IFCPROPERTYSINGLEVALUE('Perfil',$,IFCLABEL('IPR 356x171'),$);
#4879=IFCPROPERTYSINGLEVALUE('Marca',$,IFCLABEL('TM-3'),$);
#4880=IFCPROPERTYSINGLEVALUE('HH_ton_taller',$,IFCREAL(20.),$);
#4881=IFCPROPERTYSINGLEVALUE('Longitud_m',$,IFCREAL(10.),$);
#4882=IFCPROPERTYSET('0xecYFalv2PRWtywYerkrs',#19,'Pset_METALITEC',$,(#4877,#4878,#4879,#4880,#4881));
#4883=IFCRELDEFINESBYPROPERTIES('2kkMpRCIr2IR6jQk0doTi_',#19,$,$,(#4875),#4882);
#4884=IFCCARTESIANPOINT((51200.,30000.,11870.));
#4885=IFCDIRECTION((0.,1.,0.));
#4886=IFCDIRECTION((0.,0.,1.));
#4887=IFCAXIS2PLACEMENT3D(#4884,#4885,#4886);
#4888=IFCLOCALPLACEMENT(#25,#4887);
#4889=IFCDIRECTION((0.,0.,1.));
#4890=IFCDIRECTION((1.,0.,0.));
#4891=IFCAXIS2PLACEMENT3D(#7,#4889,#4890);
#4892=IFCDIRECTION((0.,0.,1.));
#4893=IFCEXTRUDEDAREASOLID(#40,#4891,#4892,10000.);
#4894=IFCSHAPEREPRESENTATION(#13,'Body','SweptSolid',(#4893));
#4895=IFCCARTESIANPOINT((0.,0.,0.));
#4896=IFCCARTESIANPOINT((0.,0.,10000.));
#4897=IFCPOLYLINE((#4895,#4896));
#4898=IFCSHAPEREPRESENTATION(#14,'Axis','Curve3D',(#4897));
#4899=IFCPRODUCTDEFINITIONSHAPE($,$,(#4898,#4894));
#4900=IFCBEAM('2xpMqNPrb58g_6XBtqrMeB',#19,'TM-3','IPR 356x171',$,#4888,#4899,$,$);
#4901=IFCRELASSOCIATESMATERIAL('3z4Ht$E8P1ZfhWWwzDf1dw',#19,$,$,(#4900),#30);
#4902=IFCPROPERTYSINGLEVALUE('Familia',$,IFCLABEL('Vigas/ties laminadas'),$);
#4903=IFCPROPERTYSINGLEVALUE('Perfil',$,IFCLABEL('IPR 356x171'),$);
#4904=IFCPROPERTYSINGLEVALUE('Marca',$,IFCLABEL('TM-3'),$);
#4905=IFCPROPERTYSINGLEVALUE('HH_ton_taller',$,IFCREAL(20.),$);
#4906=IFCPROPERTYSINGLEVALUE('Longitud_m',$,IFCREAL(10.),$);
#4907=IFCPROPERTYSET('1BziilULn7Vg3FY4uE8RQI',#19,'Pset_METALITEC',$,(#4902,#4903,#4904,#4905,#4906));
#4908=IFCRELDEFINESBYPROPERTIES('0svd4N1$v9yRjjY8SLIAmS',#19,$,$,(#4900),#4907);
#4909=IFCCARTESIANPOINT((51200.,40000.,11870.));
#4910=IFCDIRECTION((0.,1.,0.));
#4911=IFCDIRECTION((0.,0.,1.));
#4912=IFCAXIS2PLACEMENT3D(#4909,#4910,#4911);
#4913=IFCLOCALPLACEMENT(#25,#4912);
#4914=IFCDIRECTION((0.,0.,1.));
#4915=IFCDIRECTION((1.,0.,0.));
#4916=IFCAXIS2PLACEMENT3D(#7,#4914,#4915);
#4917=IFCDIRECTION((0.,0.,1.));
#4918=IFCEXTRUDEDAREASOLID(#40,#4916,#4917,10000.);
#4919=IFCSHAPEREPRESENTATION(#13,'Body','SweptSolid',(#4918));
#4920=IFCCARTESIANPOINT((0.,0.,0.));
#4921=IFCCARTESIANPOINT((0.,0.,10000.));
#4922=IFCPOLYLINE((#4920,#4921));
#4923=IFCSHAPEREPRESENTATION(#14,'Axis','Curve3D',(#4922));
#4924=IFCPRODUCTDEFINITIONSHAPE($,$,(#4923,#4919));
#4925=IFCBEAM('3glcVmXJn0NRpBom08wjRe',#19,'TM-3','IPR 356x171',$,#4913,#4924,$,$);
#4926=IFCRELASSOCIATESMATERIAL('2cupKUER105xEA2YGnn3EM',#19,$,$,(#4925),#30);
#4927=IFCPROPERTYSINGLEVALUE('Familia',$,IFCLABEL('Vigas/ties laminadas'),$);
#4928=IFCPROPERTYSINGLEVALUE('Perfil',$,IFCLABEL('IPR 356x171'),$);
#4929=IFCPROPERTYSINGLEVALUE('Marca',$,IFCLABEL('TM-3'),$);
#4930=IFCPROPERTYSINGLEVALUE('HH_ton_taller',$,IFCREAL(20.),$);
#4931=IFCPROPERTYSINGLEVALUE('Longitud_m',$,IFCREAL(10.),$);
#4932=IFCPROPERTYSET('1XqrxHDrnF9OBHP1_3R$9s',#19,'Pset_METALITEC',$,(#4927,#4928,#4929,#4930,#4931));
#4933=IFCRELDEFINESBYPROPERTIES('0YWgtjNZzAcAJKs2KS3U5O',#19,$,$,(#4925),#4932);
#4934=IFCCARTESIANPOINT((51200.,50000.,11870.));
#4935=IFCDIRECTION((0.,1.,0.));
#4936=IFCDIRECTION((0.,0.,1.));
#4937=IFCAXIS2PLACEMENT3D(#4934,#4935,#4936);
#4938=IFCLOCALPLACEMENT(#25,#4937);
#4939=IFCDIRECTION((0.,0.,1.));
#4940=IFCDIRECTION((1.,0.,0.));
#4941=IFCAXIS2PLACEMENT3D(#7,#4939,#4940);
#4942=IFCDIRECTION((0.,0.,1.));
#4943=IFCEXTRUDEDAREASOLID(#40,#4941,#4942,10000.);
#4944=IFCSHAPEREPRESENTATION(#13,'Body','SweptSolid',(#4943));
#4945=IFCCARTESIANPOINT((0.,0.,0.));
#4946=IFCCARTESIANPOINT((0.,0.,10000.));
#4947=IFCPOLYLINE((#4945,#4946));
#4948=IFCSHAPEREPRESENTATION(#14,'Axis','Curve3D',(#4947));
#4949=IFCPRODUCTDEFINITIONSHAPE($,$,(#4948,#4944));
#4950=IFCBEAM('142v2sk3f8Ov5rtQ0Thmem',#19,'TM-3','IPR 356x171',$,#4938,#4949,$,$);
#4951=IFCRELASSOCIATESMATERIAL('2q_AO$DUDFohwNCWF$ZdwF',#19,$,$,(#4950),#30);
#4952=IFCPROPERTYSINGLEVALUE('Familia',$,IFCLABEL('Vigas/ties laminadas'),$);
#4953=IFCPROPERTYSINGLEVALUE('Perfil',$,IFCLABEL('IPR 356x171'),$);
#4954=IFCPROPERTYSINGLEVALUE('Marca',$,IFCLABEL('TM-3'),$);
#4955=IFCPROPERTYSINGLEVALUE('HH_ton_taller',$,IFCREAL(20.),$);
#4956=IFCPROPERTYSINGLEVALUE('Longitud_m',$,IFCREAL(10.),$);
#4957=IFCPROPERTYSET('2my3EGdwfEeBxFhd9_h1XX',#19,'Pset_METALITEC',$,(#4952,#4953,#4954,#4955,#4956));
#4958=IFCRELDEFINESBYPROPERTIES('3ghBQGdNzEkAgKcApyp4Qk',#19,$,$,(#4950),#4957);
#4959=IFCCARTESIANPOINT((51200.,60000.,11870.));
#4960=IFCDIRECTION((0.,1.,0.));
#4961=IFCDIRECTION((0.,0.,1.));
#4962=IFCAXIS2PLACEMENT3D(#4959,#4960,#4961);
#4963=IFCLOCALPLACEMENT(#25,#4962);
#4964=IFCDIRECTION((0.,0.,1.));
#4965=IFCDIRECTION((1.,0.,0.));
#4966=IFCAXIS2PLACEMENT3D(#7,#4964,#4965);
#4967=IFCDIRECTION((0.,0.,1.));
#4968=IFCEXTRUDEDAREASOLID(#40,#4966,#4967,10000.);
#4969=IFCSHAPEREPRESENTATION(#13,'Body','SweptSolid',(#4968));
#4970=IFCCARTESIANPOINT((0.,0.,0.));
#4971=IFCCARTESIANPOINT((0.,0.,10000.));
#4972=IFCPOLYLINE((#4970,#4971));
#4973=IFCSHAPEREPRESENTATION(#14,'Axis','Curve3D',(#4972));
#4974=IFCPRODUCTDEFINITIONSHAPE($,$,(#4973,#4969));
#4975=IFCBEAM('2NRWFSO25DvhWJQK9uLrrx',#19,'TM-3','IPR 356x171',$,#4963,#4974,$,$);
#4976=IFCRELASSOCIATESMATERIAL('1kGo0CzzrF69$bX7JfKG4u',#19,$,$,(#4975),#30);
#4977=IFCPROPERTYSINGLEVALUE('Familia',$,IFCLABEL('Vigas/ties laminadas'),$);
#4978=IFCPROPERTYSINGLEVALUE('Perfil',$,IFCLABEL('IPR 356x171'),$);
#4979=IFCPROPERTYSINGLEVALUE('Marca',$,IFCLABEL('TM-3'),$);
#4980=IFCPROPERTYSINGLEVALUE('HH_ton_taller',$,IFCREAL(20.),$);
#4981=IFCPROPERTYSINGLEVALUE('Longitud_m',$,IFCREAL(10.),$);
#4982=IFCPROPERTYSET('3xwZoUGlz41ezhqcuXLi5f',#19,'Pset_METALITEC',$,(#4977,#4978,#4979,#4980,#4981));
#4983=IFCRELDEFINESBYPROPERTIES('0WnmS5oWPDQv_L039nz4nY',#19,$,$,(#4975),#4982);
#4984=IFCCARTESIANPOINT((51200.,70000.,11870.));
#4985=IFCDIRECTION((0.,1.,0.));
#4986=IFCDIRECTION((0.,0.,1.));
#4987=IFCAXIS2PLACEMENT3D(#4984,#4985,#4986);
#4988=IFCLOCALPLACEMENT(#25,#4987);
#4989=IFCDIRECTION((0.,0.,1.));
#4990=IFCDIRECTION((1.,0.,0.));
#4991=IFCAXIS2PLACEMENT3D(#7,#4989,#4990);
#4992=IFCDIRECTION((0.,0.,1.));
#4993=IFCEXTRUDEDAREASOLID(#40,#4991,#4992,10000.);
#4994=IFCSHAPEREPRESENTATION(#13,'Body','SweptSolid',(#4993));
#4995=IFCCARTESIANPOINT((0.,0.,0.));
#4996=IFCCARTESIANPOINT((0.,0.,10000.));
#4997=IFCPOLYLINE((#4995,#4996));
#4998=IFCSHAPEREPRESENTATION(#14,'Axis','Curve3D',(#4997));
#4999=IFCPRODUCTDEFINITIONSHAPE($,$,(#4998,#4994));
#5000=IFCBEAM('0jdRnpQ0TBhRlBrTl9Xbxp',#19,'TM-3','IPR 356x171',$,#4988,#4999,$,$);
#5001=IFCRELASSOCIATESMATERIAL('1kOk3rQ056_8DZFS6ejosF',#19,$,$,(#5000),#30);
#5002=IFCPROPERTYSINGLEVALUE('Familia',$,IFCLABEL('Vigas/ties laminadas'),$);
#5003=IFCPROPERTYSINGLEVALUE('Perfil',$,IFCLABEL('IPR 356x171'),$);
#5004=IFCPROPERTYSINGLEVALUE('Marca',$,IFCLABEL('TM-3'),$);
#5005=IFCPROPERTYSINGLEVALUE('HH_ton_taller',$,IFCREAL(20.),$);
#5006=IFCPROPERTYSINGLEVALUE('Longitud_m',$,IFCREAL(10.),$);
#5007=IFCPROPERTYSET('3g_j3zGL5E6fxA3x5sgagR',#19,'Pset_METALITEC',$,(#5002,#5003,#5004,#5005,#5006));
#5008=IFCRELDEFINESBYPROPERTIES('1$4SDiHgfBcfvbFUjqPiYC',#19,$,$,(#5000),#5007);
#5009=IFCCARTESIANPOINT((51200.,80000.,11870.));
#5010=IFCDIRECTION((0.,1.,0.));
#5011=IFCDIRECTION((0.,0.,1.));
#5012=IFCAXIS2PLACEMENT3D(#5009,#5010,#5011);
#5013=IFCLOCALPLACEMENT(#25,#5012);
#5014=IFCDIRECTION((0.,0.,1.));
#5015=IFCDIRECTION((1.,0.,0.));
#5016=IFCAXIS2PLACEMENT3D(#7,#5014,#5015);
#5017=IFCDIRECTION((0.,0.,1.));
#5018=IFCEXTRUDEDAREASOLID(#40,#5016,#5017,10000.);
#5019=IFCSHAPEREPRESENTATION(#13,'Body','SweptSolid',(#5018));
#5020=IFCCARTESIANPOINT((0.,0.,0.));
#5021=IFCCARTESIANPOINT((0.,0.,10000.));
#5022=IFCPOLYLINE((#5020,#5021));
#5023=IFCSHAPEREPRESENTATION(#14,'Axis','Curve3D',(#5022));
#5024=IFCPRODUCTDEFINITIONSHAPE($,$,(#5023,#5019));
#5025=IFCBEAM('3KVCyHyRPC3xKH519U_Y4d',#19,'TM-3','IPR 356x171',$,#5013,#5024,$,$);
#5026=IFCRELASSOCIATESMATERIAL('2bdA34L6T0vfuEGR5WXaD4',#19,$,$,(#5025),#30);
#5027=IFCPROPERTYSINGLEVALUE('Familia',$,IFCLABEL('Vigas/ties laminadas'),$);
#5028=IFCPROPERTYSINGLEVALUE('Perfil',$,IFCLABEL('IPR 356x171'),$);
#5029=IFCPROPERTYSINGLEVALUE('Marca',$,IFCLABEL('TM-3'),$);
#5030=IFCPROPERTYSINGLEVALUE('HH_ton_taller',$,IFCREAL(20.),$);
#5031=IFCPROPERTYSINGLEVALUE('Longitud_m',$,IFCREAL(10.),$);
#5032=IFCPROPERTYSET('0$QVjhpab7XgT6wisHtPHw',#19,'Pset_METALITEC',$,(#5027,#5028,#5029,#5030,#5031));
#5033=IFCRELDEFINESBYPROPERTIES('3vj4D35UT8VhZaSUx1uCTW',#19,$,$,(#5025),#5032);
#5034=IFCCARTESIANPOINT((51200.,90000.,11870.));
#5035=IFCDIRECTION((0.,1.,0.));
#5036=IFCDIRECTION((0.,0.,1.));
#5037=IFCAXIS2PLACEMENT3D(#5034,#5035,#5036);
#5038=IFCLOCALPLACEMENT(#25,#5037);
#5039=IFCDIRECTION((0.,0.,1.));
#5040=IFCDIRECTION((1.,0.,0.));
#5041=IFCAXIS2PLACEMENT3D(#7,#5039,#5040);
#5042=IFCDIRECTION((0.,0.,1.));
#5043=IFCEXTRUDEDAREASOLID(#40,#5041,#5042,10000.);
#5044=IFCSHAPEREPRESENTATION(#13,'Body','SweptSolid',(#5043));
#5045=IFCCARTESIANPOINT((0.,0.,0.));
#5046=IFCCARTESIANPOINT((0.,0.,10000.));
#5047=IFCPOLYLINE((#5045,#5046));
#5048=IFCSHAPEREPRESENTATION(#14,'Axis','Curve3D',(#5047));
#5049=IFCPRODUCTDEFINITIONSHAPE($,$,(#5048,#5044));
#5050=IFCBEAM('1pPNGxHU53CQs6uIbyZO3h',#19,'TM-3','IPR 356x171',$,#5038,#5049,$,$);
#5051=IFCRELASSOCIATESMATERIAL('2RPnQGda5EZROT5keVZfsa',#19,$,$,(#5050),#30);
#5052=IFCPROPERTYSINGLEVALUE('Familia',$,IFCLABEL('Vigas/ties laminadas'),$);
#5053=IFCPROPERTYSINGLEVALUE('Perfil',$,IFCLABEL('IPR 356x171'),$);
#5054=IFCPROPERTYSINGLEVALUE('Marca',$,IFCLABEL('TM-3'),$);
#5055=IFCPROPERTYSINGLEVALUE('HH_ton_taller',$,IFCREAL(20.),$);
#5056=IFCPROPERTYSINGLEVALUE('Longitud_m',$,IFCREAL(10.),$);
#5057=IFCPROPERTYSET('0Tmnc6iJXFDOcQY57O0LLk',#19,'Pset_METALITEC',$,(#5052,#5053,#5054,#5055,#5056));
#5058=IFCRELDEFINESBYPROPERTIES('0gIwtfnfD0LxesRTXCGkRM',#19,$,$,(#5050),#5057);
#5059=IFCCARTESIANPOINT((51200.,100000.,11870.));
#5060=IFCDIRECTION((0.,1.,0.));
#5061=IFCDIRECTION((0.,0.,1.));
#5062=IFCAXIS2PLACEMENT3D(#5059,#5060,#5061);
#5063=IFCLOCALPLACEMENT(#25,#5062);
#5064=IFCDIRECTION((0.,0.,1.));
#5065=IFCDIRECTION((1.,0.,0.));
#5066=IFCAXIS2PLACEMENT3D(#7,#5064,#5065);
#5067=IFCDIRECTION((0.,0.,1.));
#5068=IFCEXTRUDEDAREASOLID(#40,#5066,#5067,10000.);
#5069=IFCSHAPEREPRESENTATION(#13,'Body','SweptSolid',(#5068));
#5070=IFCCARTESIANPOINT((0.,0.,0.));
#5071=IFCCARTESIANPOINT((0.,0.,10000.));
#5072=IFCPOLYLINE((#5070,#5071));
#5073=IFCSHAPEREPRESENTATION(#14,'Axis','Curve3D',(#5072));
#5074=IFCPRODUCTDEFINITIONSHAPE($,$,(#5073,#5069));
#5075=IFCBEAM('3FkkzVBtD02QqtUtSmK7mb',#19,'TM-3','IPR 356x171',$,#5063,#5074,$,$);
#5076=IFCRELASSOCIATESMATERIAL('3EKnOMBCr5rfAbj1WhgF8p',#19,$,$,(#5075),#30);
#5077=IFCPROPERTYSINGLEVALUE('Familia',$,IFCLABEL('Vigas/ties laminadas'),$);
#5078=IFCPROPERTYSINGLEVALUE('Perfil',$,IFCLABEL('IPR 356x171'),$);
#5079=IFCPROPERTYSINGLEVALUE('Marca',$,IFCLABEL('TM-3'),$);
#5080=IFCPROPERTYSINGLEVALUE('HH_ton_taller',$,IFCREAL(20.),$);
#5081=IFCPROPERTYSINGLEVALUE('Longitud_m',$,IFCREAL(10.),$);
#5082=IFCPROPERTYSET('1FoEvCjE903Ojb5juiLqiQ',#19,'Pset_METALITEC',$,(#5077,#5078,#5079,#5080,#5081));
#5083=IFCRELDEFINESBYPROPERTIES('39HTTxa_D7jArNzHiJiY3l',#19,$,$,(#5075),#5082);
#5084=IFCCARTESIANPOINT((51200.,110000.,11870.));
#5085=IFCDIRECTION((0.,1.,0.));
#5086=IFCDIRECTION((0.,0.,1.));
#5087=IFCAXIS2PLACEMENT3D(#5084,#5085,#5086);
#5088=IFCLOCALPLACEMENT(#25,#5087);
#5089=IFCDIRECTION((0.,0.,1.));
#5090=IFCDIRECTION((1.,0.,0.));
#5091=IFCAXIS2PLACEMENT3D(#7,#5089,#5090);
#5092=IFCDIRECTION((0.,0.,1.));
#5093=IFCEXTRUDEDAREASOLID(#40,#5091,#5092,10000.);
#5094=IFCSHAPEREPRESENTATION(#13,'Body','SweptSolid',(#5093));
#5095=IFCCARTESIANPOINT((0.,0.,0.));
#5096=IFCCARTESIANPOINT((0.,0.,10000.));
#5097=IFCPOLYLINE((#5095,#5096));
#5098=IFCSHAPEREPRESENTATION(#14,'Axis','Curve3D',(#5097));
#5099=IFCPRODUCTDEFINITIONSHAPE($,$,(#5098,#5094));
#5100=IFCBEAM('0VxaKFyp9DEwjVENDO4dBA',#19,'TM-3','IPR 356x171',$,#5088,#5099,$,$);
#5101=IFCRELASSOCIATESMATERIAL('2gSaeuBaj0jBPJTqvRmWih',#19,$,$,(#5100),#30);
#5102=IFCPROPERTYSINGLEVALUE('Familia',$,IFCLABEL('Vigas/ties laminadas'),$);
#5103=IFCPROPERTYSINGLEVALUE('Perfil',$,IFCLABEL('IPR 356x171'),$);
#5104=IFCPROPERTYSINGLEVALUE('Marca',$,IFCLABEL('TM-3'),$);
#5105=IFCPROPERTYSINGLEVALUE('HH_ton_taller',$,IFCREAL(20.),$);
#5106=IFCPROPERTYSINGLEVALUE('Longitud_m',$,IFCREAL(10.),$);
#5107=IFCPROPERTYSET('1hG7uJwL5Exh7qfRd_Pgtj',#19,'Pset_METALITEC',$,(#5102,#5103,#5104,#5105,#5106));
#5108=IFCRELDEFINESBYPROPERTIES('18eLD1PgXEjRlzcbxqWqYM',#19,$,$,(#5100),#5107);
#5109=IFCCARTESIANPOINT((51200.,120000.,11870.));
#5110=IFCDIRECTION((0.,1.,0.));
#5111=IFCDIRECTION((0.,0.,1.));
#5112=IFCAXIS2PLACEMENT3D(#5109,#5110,#5111);
#5113=IFCLOCALPLACEMENT(#25,#5112);
#5114=IFCDIRECTION((0.,0.,1.));
#5115=IFCDIRECTION((1.,0.,0.));
#5116=IFCAXIS2PLACEMENT3D(#7,#5114,#5115);
#5117=IFCDIRECTION((0.,0.,1.));
#5118=IFCEXTRUDEDAREASOLID(#40,#5116,#5117,10000.);
#5119=IFCSHAPEREPRESENTATION(#13,'Body','SweptSolid',(#5118));
#5120=IFCCARTESIANPOINT((0.,0.,0.));
#5121=IFCCARTESIANPOINT((0.,0.,10000.));
#5122=IFCPOLYLINE((#5120,#5121));
#5123=IFCSHAPEREPRESENTATION(#14,'Axis','Curve3D',(#5122));
#5124=IFCPRODUCTDEFINITIONSHAPE($,$,(#5123,#5119));
#5125=IFCBEAM('10t7e4_RH58wt9deIuiTjs',#19,'TM-3','IPR 356x171',$,#5113,#5124,$,$);
#5126=IFCRELASSOCIATESMATERIAL('2tQk2emYXF2f3pMKGY0FZC',#19,$,$,(#5125),#30);
#5127=IFCPROPERTYSINGLEVALUE('Familia',$,IFCLABEL('Vigas/ties laminadas'),$);
#5128=IFCPROPERTYSINGLEVALUE('Perfil',$,IFCLABEL('IPR 356x171'),$);
#5129=IFCPROPERTYSINGLEVALUE('Marca',$,IFCLABEL('TM-3'),$);
#5130=IFCPROPERTYSINGLEVALUE('HH_ton_taller',$,IFCREAL(20.),$);
#5131=IFCPROPERTYSINGLEVALUE('Longitud_m',$,IFCREAL(10.),$);
#5132=IFCPROPERTYSET('2Jo4N$nbz5th2M5NBH$MS2',#19,'Pset_METALITEC',$,(#5127,#5128,#5129,#5130,#5131));
#5133=IFCRELDEFINESBYPROPERTIES('3RZc6fuwv2YRxpEiylBHK6',#19,$,$,(#5125),#5132);
#5134=IFCCARTESIANPOINT((51200.,130000.,11870.));
#5135=IFCDIRECTION((0.,1.,0.));
#5136=IFCDIRECTION((0.,0.,1.));
#5137=IFCAXIS2PLACEMENT3D(#5134,#5135,#5136);
#5138=IFCLOCALPLACEMENT(#25,#5137);
#5139=IFCDIRECTION((0.,0.,1.));
#5140=IFCDIRECTION((1.,0.,0.));
#5141=IFCAXIS2PLACEMENT3D(#7,#5139,#5140);
#5142=IFCDIRECTION((0.,0.,1.));
#5143=IFCEXTRUDEDAREASOLID(#40,#5141,#5142,10000.);
#5144=IFCSHAPEREPRESENTATION(#13,'Body','SweptSolid',(#5143));
#5145=IFCCARTESIANPOINT((0.,0.,0.));
#5146=IFCCARTESIANPOINT((0.,0.,10000.));
#5147=IFCPOLYLINE((#5145,#5146));
#5148=IFCSHAPEREPRESENTATION(#14,'Axis','Curve3D',(#5147));
#5149=IFCPRODUCTDEFINITIONSHAPE($,$,(#5148,#5144));
#5150=IFCBEAM('0lAV5uWSPA0eX0Qizfwhzh',#19,'TM-3','IPR 356x171',$,#5138,#5149,$,$);
#5151=IFCRELASSOCIATESMATERIAL('2OmGr$4JbBtufnSAO4nbbk',#19,$,$,(#5150),#30);
#5152=IFCPROPERTYSINGLEVALUE('Familia',$,IFCLABEL('Vigas/ties laminadas'),$);
#5153=IFCPROPERTYSINGLEVALUE('Perfil',$,IFCLABEL('IPR 356x171'),$);
#5154=IFCPROPERTYSINGLEVALUE('Marca',$,IFCLABEL('TM-3'),$);
#5155=IFCPROPERTYSINGLEVALUE('HH_ton_taller',$,IFCREAL(20.),$);
#5156=IFCPROPERTYSINGLEVALUE('Longitud_m',$,IFCREAL(10.),$);
#5157=IFCPROPERTYSET('36a3P8U2r19AoxKvhcJTQ1',#19,'Pset_METALITEC',$,(#5152,#5153,#5154,#5155,#5156));
#5158=IFCRELDEFINESBYPROPERTIES('2G_ilT$c9AE8IsK_jCu6nh',#19,$,$,(#5150),#5157);
#5159=IFCCARTESIANPOINT((51200.,140000.,11870.));
#5160=IFCDIRECTION((0.,1.,0.));
#5161=IFCDIRECTION((0.,0.,1.));
#5162=IFCAXIS2PLACEMENT3D(#5159,#5160,#5161);
#5163=IFCLOCALPLACEMENT(#25,#5162);
#5164=IFCDIRECTION((0.,0.,1.));
#5165=IFCDIRECTION((1.,0.,0.));
#5166=IFCAXIS2PLACEMENT3D(#7,#5164,#5165);
#5167=IFCDIRECTION((0.,0.,1.));
#5168=IFCEXTRUDEDAREASOLID(#40,#5166,#5167,9500.);
#5169=IFCSHAPEREPRESENTATION(#13,'Body','SweptSolid',(#5168));
#5170=IFCCARTESIANPOINT((0.,0.,0.));
#5171=IFCCARTESIANPOINT((0.,0.,9500.));
#5172=IFCPOLYLINE((#5170,#5171));
#5173=IFCSHAPEREPRESENTATION(#14,'Axis','Curve3D',(#5172));
#5174=IFCPRODUCTDEFINITIONSHAPE($,$,(#5173,#5169));
#5175=IFCBEAM('0PsV_j3uDAVQJxH_O$tC_T',#19,'TM-3','IPR 356x171',$,#5163,#5174,$,$);
#5176=IFCRELASSOCIATESMATERIAL('2HOzOcnIjBO9ulp7T5G8Sm',#19,$,$,(#5175),#30);
#5177=IFCPROPERTYSINGLEVALUE('Familia',$,IFCLABEL('Vigas/ties laminadas'),$);
#5178=IFCPROPERTYSINGLEVALUE('Perfil',$,IFCLABEL('IPR 356x171'),$);
#5179=IFCPROPERTYSINGLEVALUE('Marca',$,IFCLABEL('TM-3'),$);
#5180=IFCPROPERTYSINGLEVALUE('HH_ton_taller',$,IFCREAL(20.),$);
#5181=IFCPROPERTYSINGLEVALUE('Longitud_m',$,IFCREAL(9.5),$);
#5182=IFCPROPERTYSET('2YGTDJtDb89gQUyuSbswLD',#19,'Pset_METALITEC',$,(#5177,#5178,#5179,#5180,#5181));
#5183=IFCRELDEFINESBYPROPERTIES('1Qo32sxV58kRnLlitRWaYb',#19,$,$,(#5175),#5182);
#5184=IFCCARTESIANPOINT((76800.,0.,11870.));
#5185=IFCDIRECTION((0.,1.,0.));
#5186=IFCDIRECTION((0.,0.,1.));
#5187=IFCAXIS2PLACEMENT3D(#5184,#5185,#5186);
#5188=IFCLOCALPLACEMENT(#25,#5187);
#5189=IFCDIRECTION((0.,0.,1.));
#5190=IFCDIRECTION((1.,0.,0.));
#5191=IFCAXIS2PLACEMENT3D(#7,#5189,#5190);
#5192=IFCDIRECTION((0.,0.,1.));
#5193=IFCEXTRUDEDAREASOLID(#40,#5191,#5192,10000.);
#5194=IFCSHAPEREPRESENTATION(#13,'Body','SweptSolid',(#5193));
#5195=IFCCARTESIANPOINT((0.,0.,0.));
#5196=IFCCARTESIANPOINT((0.,0.,10000.));
#5197=IFCPOLYLINE((#5195,#5196));
#5198=IFCSHAPEREPRESENTATION(#14,'Axis','Curve3D',(#5197));
#5199=IFCPRODUCTDEFINITIONSHAPE($,$,(#5198,#5194));
#5200=IFCBEAM('2phdVr3J9Cm9VwBR9YZypv',#19,'TM-3','IPR 356x171',$,#5188,#5199,$,$);
#5201=IFCRELASSOCIATESMATERIAL('0gZChqfpr3jPom0VDKdMQS',#19,$,$,(#5200),#30);
#5202=IFCPROPERTYSINGLEVALUE('Familia',$,IFCLABEL('Vigas/ties laminadas'),$);
#5203=IFCPROPERTYSINGLEVALUE('Perfil',$,IFCLABEL('IPR 356x171'),$);
#5204=IFCPROPERTYSINGLEVALUE('Marca',$,IFCLABEL('TM-3'),$);
#5205=IFCPROPERTYSINGLEVALUE('HH_ton_taller',$,IFCREAL(20.),$);
#5206=IFCPROPERTYSINGLEVALUE('Longitud_m',$,IFCREAL(10.),$);
#5207=IFCPROPERTYSET('1jpQWAkNL6YA6x1e2w3jyT',#19,'Pset_METALITEC',$,(#5202,#5203,#5204,#5205,#5206));
#5208=IFCRELDEFINESBYPROPERTIES('3ABJ0ADJz6EgLxc3EM_F9M',#19,$,$,(#5200),#5207);
#5209=IFCCARTESIANPOINT((76800.,10000.,11870.));
#5210=IFCDIRECTION((0.,1.,0.));
#5211=IFCDIRECTION((0.,0.,1.));
#5212=IFCAXIS2PLACEMENT3D(#5209,#5210,#5211);
#5213=IFCLOCALPLACEMENT(#25,#5212);
#5214=IFCDIRECTION((0.,0.,1.));
#5215=IFCDIRECTION((1.,0.,0.));
#5216=IFCAXIS2PLACEMENT3D(#7,#5214,#5215);
#5217=IFCDIRECTION((0.,0.,1.));
#5218=IFCEXTRUDEDAREASOLID(#40,#5216,#5217,10000.);
#5219=IFCSHAPEREPRESENTATION(#13,'Body','SweptSolid',(#5218));
#5220=IFCCARTESIANPOINT((0.,0.,0.));
#5221=IFCCARTESIANPOINT((0.,0.,10000.));
#5222=IFCPOLYLINE((#5220,#5221));
#5223=IFCSHAPEREPRESENTATION(#14,'Axis','Curve3D',(#5222));
#5224=IFCPRODUCTDEFINITIONSHAPE($,$,(#5223,#5219));
#5225=IFCBEAM('1Rs4faup5Foux2eHTGChrM',#19,'TM-3','IPR 356x171',$,#5213,#5224,$,$);
#5226=IFCRELASSOCIATESMATERIAL('0QAaPha3X8d8xJOCH9Iex2',#19,$,$,(#5225),#30);
#5227=IFCPROPERTYSINGLEVALUE('Familia',$,IFCLABEL('Vigas/ties laminadas'),$);
#5228=IFCPROPERTYSINGLEVALUE('Perfil',$,IFCLABEL('IPR 356x171'),$);
#5229=IFCPROPERTYSINGLEVALUE('Marca',$,IFCLABEL('TM-3'),$);
#5230=IFCPROPERTYSINGLEVALUE('HH_ton_taller',$,IFCREAL(20.),$);
#5231=IFCPROPERTYSINGLEVALUE('Longitud_m',$,IFCREAL(10.),$);
#5232=IFCPROPERTYSET('0ucg30wdj1NuPzEfVF5Jll',#19,'Pset_METALITEC',$,(#5227,#5228,#5229,#5230,#5231));
#5233=IFCRELDEFINESBYPROPERTIES('2fxIazME18eA2ND$iY0fuw',#19,$,$,(#5225),#5232);
#5234=IFCCARTESIANPOINT((76800.,20000.,11870.));
#5235=IFCDIRECTION((0.,1.,0.));
#5236=IFCDIRECTION((0.,0.,1.));
#5237=IFCAXIS2PLACEMENT3D(#5234,#5235,#5236);
#5238=IFCLOCALPLACEMENT(#25,#5237);
#5239=IFCDIRECTION((0.,0.,1.));
#5240=IFCDIRECTION((1.,0.,0.));
#5241=IFCAXIS2PLACEMENT3D(#7,#5239,#5240);
#5242=IFCDIRECTION((0.,0.,1.));
#5243=IFCEXTRUDEDAREASOLID(#40,#5241,#5242,10000.);
#5244=IFCSHAPEREPRESENTATION(#13,'Body','SweptSolid',(#5243));
#5245=IFCCARTESIANPOINT((0.,0.,0.));
#5246=IFCCARTESIANPOINT((0.,0.,10000.));
#5247=IFCPOLYLINE((#5245,#5246));
#5248=IFCSHAPEREPRESENTATION(#14,'Axis','Curve3D',(#5247));
#5249=IFCPRODUCTDEFINITIONSHAPE($,$,(#5248,#5244));
#5250=IFCBEAM('2yOoyEnUj2ZPOORoaoyNaW',#19,'TM-3','IPR 356x171',$,#5238,#5249,$,$);
#5251=IFCRELASSOCIATESMATERIAL('12KqMKgOT4cxNgCw11tubt',#19,$,$,(#5250),#30);
#5252=IFCPROPERTYSINGLEVALUE('Familia',$,IFCLABEL('Vigas/ties laminadas'),$);
#5253=IFCPROPERTYSINGLEVALUE('Perfil',$,IFCLABEL('IPR 356x171'),$);
#5254=IFCPROPERTYSINGLEVALUE('Marca',$,IFCLABEL('TM-3'),$);
#5255=IFCPROPERTYSINGLEVALUE('HH_ton_taller',$,IFCREAL(20.),$);
#5256=IFCPROPERTYSINGLEVALUE('Longitud_m',$,IFCREAL(10.),$);
#5257=IFCPROPERTYSET('3y2p8lsTP7CQ78yBn2N$zb',#19,'Pset_METALITEC',$,(#5252,#5253,#5254,#5255,#5256));
#5258=IFCRELDEFINESBYPROPERTIES('3Wr0NawwX8avEbiovDAV$m',#19,$,$,(#5250),#5257);
#5259=IFCCARTESIANPOINT((76800.,30000.,11870.));
#5260=IFCDIRECTION((0.,1.,0.));
#5261=IFCDIRECTION((0.,0.,1.));
#5262=IFCAXIS2PLACEMENT3D(#5259,#5260,#5261);
#5263=IFCLOCALPLACEMENT(#25,#5262);
#5264=IFCDIRECTION((0.,0.,1.));
#5265=IFCDIRECTION((1.,0.,0.));
#5266=IFCAXIS2PLACEMENT3D(#7,#5264,#5265);
#5267=IFCDIRECTION((0.,0.,1.));
#5268=IFCEXTRUDEDAREASOLID(#40,#5266,#5267,10000.);
#5269=IFCSHAPEREPRESENTATION(#13,'Body','SweptSolid',(#5268));
#5270=IFCCARTESIANPOINT((0.,0.,0.));
#5271=IFCCARTESIANPOINT((0.,0.,10000.));
#5272=IFCPOLYLINE((#5270,#5271));
#5273=IFCSHAPEREPRESENTATION(#14,'Axis','Curve3D',(#5272));
#5274=IFCPRODUCTDEFINITIONSHAPE($,$,(#5273,#5269));
#5275=IFCBEAM('3EraUKwZ5A6OHbL9sJNnbI',#19,'TM-3','IPR 356x171',$,#5263,#5274,$,$);
#5276=IFCRELASSOCIATESMATERIAL('0d5ucVZfH8lgu9rfBysspk',#19,$,$,(#5275),#30);
#5277=IFCPROPERTYSINGLEVALUE('Familia',$,IFCLABEL('Vigas/ties laminadas'),$);
#5278=IFCPROPERTYSINGLEVALUE('Perfil',$,IFCLABEL('IPR 356x171'),$);
#5279=IFCPROPERTYSINGLEVALUE('Marca',$,IFCLABEL('TM-3'),$);
#5280=IFCPROPERTYSINGLEVALUE('HH_ton_taller',$,IFCREAL(20.),$);
#5281=IFCPROPERTYSINGLEVALUE('Longitud_m',$,IFCREAL(10.),$);
#5282=IFCPROPERTYSET('2D_8p9NVv8KwVJ6T0uIGyn',#19,'Pset_METALITEC',$,(#5277,#5278,#5279,#5280,#5281));
#5283=IFCRELDEFINESBYPROPERTIES('3ZzyiQdAb1xf2hkZSu$9l9',#19,$,$,(#5275),#5282);
#5284=IFCCARTESIANPOINT((76800.,40000.,11870.));
#5285=IFCDIRECTION((0.,1.,0.));
#5286=IFCDIRECTION((0.,0.,1.));
#5287=IFCAXIS2PLACEMENT3D(#5284,#5285,#5286);
#5288=IFCLOCALPLACEMENT(#25,#5287);
#5289=IFCDIRECTION((0.,0.,1.));
#5290=IFCDIRECTION((1.,0.,0.));
#5291=IFCAXIS2PLACEMENT3D(#7,#5289,#5290);
#5292=IFCDIRECTION((0.,0.,1.));
#5293=IFCEXTRUDEDAREASOLID(#40,#5291,#5292,10000.);
#5294=IFCSHAPEREPRESENTATION(#13,'Body','SweptSolid',(#5293));
#5295=IFCCARTESIANPOINT((0.,0.,0.));
#5296=IFCCARTESIANPOINT((0.,0.,10000.));
#5297=IFCPOLYLINE((#5295,#5296));
#5298=IFCSHAPEREPRESENTATION(#14,'Axis','Curve3D',(#5297));
#5299=IFCPRODUCTDEFINITIONSHAPE($,$,(#5298,#5294));
#5300=IFCBEAM('1cjG1GpUH99eH$pQAikubi',#19,'TM-3','IPR 356x171',$,#5288,#5299,$,$);
#5301=IFCRELASSOCIATESMATERIAL('1iZD6l3_n2vedftp8aFCwY',#19,$,$,(#5300),#30);
#5302=IFCPROPERTYSINGLEVALUE('Familia',$,IFCLABEL('Vigas/ties laminadas'),$);
#5303=IFCPROPERTYSINGLEVALUE('Perfil',$,IFCLABEL('IPR 356x171'),$);
#5304=IFCPROPERTYSINGLEVALUE('Marca',$,IFCLABEL('TM-3'),$);
#5305=IFCPROPERTYSINGLEVALUE('HH_ton_taller',$,IFCREAL(20.),$);
#5306=IFCPROPERTYSINGLEVALUE('Longitud_m',$,IFCREAL(10.),$);
#5307=IFCPROPERTYSET('2tO3GnMAT9m9d53A5ayvpE',#19,'Pset_METALITEC',$,(#5302,#5303,#5304,#5305,#5306));
#5308=IFCRELDEFINESBYPROPERTIES('33AFqEyXP33vkgBzH6TcCW',#19,$,$,(#5300),#5307);
#5309=IFCCARTESIANPOINT((76800.,50000.,11870.));
#5310=IFCDIRECTION((0.,1.,0.));
#5311=IFCDIRECTION((0.,0.,1.));
#5312=IFCAXIS2PLACEMENT3D(#5309,#5310,#5311);
#5313=IFCLOCALPLACEMENT(#25,#5312);
#5314=IFCDIRECTION((0.,0.,1.));
#5315=IFCDIRECTION((1.,0.,0.));
#5316=IFCAXIS2PLACEMENT3D(#7,#5314,#5315);
#5317=IFCDIRECTION((0.,0.,1.));
#5318=IFCEXTRUDEDAREASOLID(#40,#5316,#5317,10000.);
#5319=IFCSHAPEREPRESENTATION(#13,'Body','SweptSolid',(#5318));
#5320=IFCCARTESIANPOINT((0.,0.,0.));
#5321=IFCCARTESIANPOINT((0.,0.,10000.));
#5322=IFCPOLYLINE((#5320,#5321));
#5323=IFCSHAPEREPRESENTATION(#14,'Axis','Curve3D',(#5322));
#5324=IFCPRODUCTDEFINITIONSHAPE($,$,(#5323,#5319));
#5325=IFCBEAM('36NsUWZKr91f5bXGgE0na9',#19,'TM-3','IPR 356x171',$,#5313,#5324,$,$);
#5326=IFCRELASSOCIATESMATERIAL('3tRRSo3HD2MuMEgiBKPUi0',#19,$,$,(#5325),#30);
#5327=IFCPROPERTYSINGLEVALUE('Familia',$,IFCLABEL('Vigas/ties laminadas'),$);
#5328=IFCPROPERTYSINGLEVALUE('Perfil',$,IFCLABEL('IPR 356x171'),$);
#5329=IFCPROPERTYSINGLEVALUE('Marca',$,IFCLABEL('TM-3'),$);
#5330=IFCPROPERTYSINGLEVALUE('HH_ton_taller',$,IFCREAL(20.),$);
#5331=IFCPROPERTYSINGLEVALUE('Longitud_m',$,IFCREAL(10.),$);
#5332=IFCPROPERTYSET('3YSvRIwKj1lQ3Ei9vKIZW$',#19,'Pset_METALITEC',$,(#5327,#5328,#5329,#5330,#5331));
#5333=IFCRELDEFINESBYPROPERTIES('08NeyrIp96ZeV$iufzDKkW',#19,$,$,(#5325),#5332);
#5334=IFCCARTESIANPOINT((76800.,60000.,11870.));
#5335=IFCDIRECTION((0.,1.,0.));
#5336=IFCDIRECTION((0.,0.,1.));
#5337=IFCAXIS2PLACEMENT3D(#5334,#5335,#5336);
#5338=IFCLOCALPLACEMENT(#25,#5337);
#5339=IFCDIRECTION((0.,0.,1.));
#5340=IFCDIRECTION((1.,0.,0.));
#5341=IFCAXIS2PLACEMENT3D(#7,#5339,#5340);
#5342=IFCDIRECTION((0.,0.,1.));
#5343=IFCEXTRUDEDAREASOLID(#40,#5341,#5342,10000.);
#5344=IFCSHAPEREPRESENTATION(#13,'Body','SweptSolid',(#5343));
#5345=IFCCARTESIANPOINT((0.,0.,0.));
#5346=IFCCARTESIANPOINT((0.,0.,10000.));
#5347=IFCPOLYLINE((#5345,#5346));
#5348=IFCSHAPEREPRESENTATION(#14,'Axis','Curve3D',(#5347));
#5349=IFCPRODUCTDEFINITIONSHAPE($,$,(#5348,#5344));
#5350=IFCBEAM('3kbJPHFQn8M9tZDLoTRCBa',#19,'TM-3','IPR 356x171',$,#5338,#5349,$,$);
#5351=IFCRELASSOCIATESMATERIAL('3ue_vrn81CowUCasDq82hw',#19,$,$,(#5350),#30);
#5352=IFCPROPERTYSINGLEVALUE('Familia',$,IFCLABEL('Vigas/ties laminadas'),$);
#5353=IFCPROPERTYSINGLEVALUE('Perfil',$,IFCLABEL('IPR 356x171'),$);
#5354=IFCPROPERTYSINGLEVALUE('Marca',$,IFCLABEL('TM-3'),$);
#5355=IFCPROPERTYSINGLEVALUE('HH_ton_taller',$,IFCREAL(20.),$);
#5356=IFCPROPERTYSINGLEVALUE('Longitud_m',$,IFCREAL(10.),$);
#5357=IFCPROPERTYSET('1$2yL$JWP5YBnMIDJDWcdU',#19,'Pset_METALITEC',$,(#5352,#5353,#5354,#5355,#5356));
#5358=IFCRELDEFINESBYPROPERTIES('1_jSknDpT3CgW5Kbg3sXXN',#19,$,$,(#5350),#5357);
#5359=IFCCARTESIANPOINT((76800.,70000.,11870.));
#5360=IFCDIRECTION((0.,1.,0.));
#5361=IFCDIRECTION((0.,0.,1.));
#5362=IFCAXIS2PLACEMENT3D(#5359,#5360,#5361);
#5363=IFCLOCALPLACEMENT(#25,#5362);
#5364=IFCDIRECTION((0.,0.,1.));
#5365=IFCDIRECTION((1.,0.,0.));
#5366=IFCAXIS2PLACEMENT3D(#7,#5364,#5365);
#5367=IFCDIRECTION((0.,0.,1.));
#5368=IFCEXTRUDEDAREASOLID(#40,#5366,#5367,10000.);
#5369=IFCSHAPEREPRESENTATION(#13,'Body','SweptSolid',(#5368));
#5370=IFCCARTESIANPOINT((0.,0.,0.));
#5371=IFCCARTESIANPOINT((0.,0.,10000.));
#5372=IFCPOLYLINE((#5370,#5371));
#5373=IFCSHAPEREPRESENTATION(#14,'Axis','Curve3D',(#5372));
#5374=IFCPRODUCTDEFINITIONSHAPE($,$,(#5373,#5369));
#5375=IFCBEAM('1kSrRv_DP86Bhb1bAWRTO2',#19,'TM-3','IPR 356x171',$,#5363,#5374,$,$);
#5376=IFCRELASSOCIATESMATERIAL('2zXMmMwEvCzex4cFWkbhWC',#19,$,$,(#5375),#30);
#5377=IFCPROPERTYSINGLEVALUE('Familia',$,IFCLABEL('Vigas/ties laminadas'),$);
#5378=IFCPROPERTYSINGLEVALUE('Perfil',$,IFCLABEL('IPR 356x171'),$);
#5379=IFCPROPERTYSINGLEVALUE('Marca',$,IFCLABEL('TM-3'),$);
#5380=IFCPROPERTYSINGLEVALUE('HH_ton_taller',$,IFCREAL(20.),$);
#5381=IFCPROPERTYSINGLEVALUE('Longitud_m',$,IFCREAL(10.),$);
#5382=IFCPROPERTYSET('09jVoC88rBxurpWhPMzF2Q',#19,'Pset_METALITEC',$,(#5377,#5378,#5379,#5380,#5381));
#5383=IFCRELDEFINESBYPROPERTIES('0JdhooO85658YIZQtsk2Se',#19,$,$,(#5375),#5382);
#5384=IFCCARTESIANPOINT((76800.,80000.,11870.));
#5385=IFCDIRECTION((0.,1.,0.));
#5386=IFCDIRECTION((0.,0.,1.));
#5387=IFCAXIS2PLACEMENT3D(#5384,#5385,#5386);
#5388=IFCLOCALPLACEMENT(#25,#5387);
#5389=IFCDIRECTION((0.,0.,1.));
#5390=IFCDIRECTION((1.,0.,0.));
#5391=IFCAXIS2PLACEMENT3D(#7,#5389,#5390);
#5392=IFCDIRECTION((0.,0.,1.));
#5393=IFCEXTRUDEDAREASOLID(#40,#5391,#5392,10000.);
#5394=IFCSHAPEREPRESENTATION(#13,'Body','SweptSolid',(#5393));
#5395=IFCCARTESIANPOINT((0.,0.,0.));
#5396=IFCCARTESIANPOINT((0.,0.,10000.));
#5397=IFCPOLYLINE((#5395,#5396));
#5398=IFCSHAPEREPRESENTATION(#14,'Axis','Curve3D',(#5397));
#5399=IFCPRODUCTDEFINITIONSHAPE($,$,(#5398,#5394));
#5400=IFCBEAM('0SbYdGti1EDur6L_Fch$b3',#19,'TM-3','IPR 356x171',$,#5388,#5399,$,$);
#5401=IFCRELASSOCIATESMATERIAL('3PIekSjiPDlQAPFiXcVjgb',#19,$,$,(#5400),#30);
#5402=IFCPROPERTYSINGLEVALUE('Familia',$,IFCLABEL('Vigas/ties laminadas'),$);
#5403=IFCPROPERTYSINGLEVALUE('Perfil',$,IFCLABEL('IPR 356x171'),$);
#5404=IFCPROPERTYSINGLEVALUE('Marca',$,IFCLABEL('TM-3'),$);
#5405=IFCPROPERTYSINGLEVALUE('HH_ton_taller',$,IFCREAL(20.),$);
#5406=IFCPROPERTYSINGLEVALUE('Longitud_m',$,IFCREAL(10.),$);
#5407=IFCPROPERTYSET('1EFhn4YhnACRzqFSXI9BB2',#19,'Pset_METALITEC',$,(#5402,#5403,#5404,#5405,#5406));
#5408=IFCRELDEFINESBYPROPERTIES('30U$g6wa5AVODpNJ1Sze3E',#19,$,$,(#5400),#5407);
#5409=IFCCARTESIANPOINT((76800.,90000.,11870.));
#5410=IFCDIRECTION((0.,1.,0.));
#5411=IFCDIRECTION((0.,0.,1.));
#5412=IFCAXIS2PLACEMENT3D(#5409,#5410,#5411);
#5413=IFCLOCALPLACEMENT(#25,#5412);
#5414=IFCDIRECTION((0.,0.,1.));
#5415=IFCDIRECTION((1.,0.,0.));
#5416=IFCAXIS2PLACEMENT3D(#7,#5414,#5415);
#5417=IFCDIRECTION((0.,0.,1.));
#5418=IFCEXTRUDEDAREASOLID(#40,#5416,#5417,10000.);
#5419=IFCSHAPEREPRESENTATION(#13,'Body','SweptSolid',(#5418));
#5420=IFCCARTESIANPOINT((0.,0.,0.));
#5421=IFCCARTESIANPOINT((0.,0.,10000.));
#5422=IFCPOLYLINE((#5420,#5421));
#5423=IFCSHAPEREPRESENTATION(#14,'Axis','Curve3D',(#5422));
#5424=IFCPRODUCTDEFINITIONSHAPE($,$,(#5423,#5419));
#5425=IFCBEAM('2_qHSMMZvAyuX75Izr73VJ',#19,'TM-3','IPR 356x171',$,#5413,#5424,$,$);
#5426=IFCRELASSOCIATESMATERIAL('2qqTDfvcj4FemmsSuq14uy',#19,$,$,(#5425),#30);
#5427=IFCPROPERTYSINGLEVALUE('Familia',$,IFCLABEL('Vigas/ties laminadas'),$);
#5428=IFCPROPERTYSINGLEVALUE('Perfil',$,IFCLABEL('IPR 356x171'),$);
#5429=IFCPROPERTYSINGLEVALUE('Marca',$,IFCLABEL('TM-3'),$);
#5430=IFCPROPERTYSINGLEVALUE('HH_ton_taller',$,IFCREAL(20.),$);
#5431=IFCPROPERTYSINGLEVALUE('Longitud_m',$,IFCREAL(10.),$);
#5432=IFCPROPERTYSET('0OGkhyPyL6B8jBtiDQZ60Q',#19,'Pset_METALITEC',$,(#5427,#5428,#5429,#5430,#5431));
#5433=IFCRELDEFINESBYPROPERTIES('1o4Cfzstv3Ef7$4FV1p6uV',#19,$,$,(#5425),#5432);
#5434=IFCCARTESIANPOINT((76800.,100000.,11870.));
#5435=IFCDIRECTION((0.,1.,0.));
#5436=IFCDIRECTION((0.,0.,1.));
#5437=IFCAXIS2PLACEMENT3D(#5434,#5435,#5436);
#5438=IFCLOCALPLACEMENT(#25,#5437);
#5439=IFCDIRECTION((0.,0.,1.));
#5440=IFCDIRECTION((1.,0.,0.));
#5441=IFCAXIS2PLACEMENT3D(#7,#5439,#5440);
#5442=IFCDIRECTION((0.,0.,1.));
#5443=IFCEXTRUDEDAREASOLID(#40,#5441,#5442,10000.);
#5444=IFCSHAPEREPRESENTATION(#13,'Body','SweptSolid',(#5443));
#5445=IFCCARTESIANPOINT((0.,0.,0.));
#5446=IFCCARTESIANPOINT((0.,0.,10000.));
#5447=IFCPOLYLINE((#5445,#5446));
#5448=IFCSHAPEREPRESENTATION(#14,'Axis','Curve3D',(#5447));
#5449=IFCPRODUCTDEFINITIONSHAPE($,$,(#5448,#5444));
#5450=IFCBEAM('3RZj0glCbC98JxsGZuwL_W',#19,'TM-3','IPR 356x171',$,#5438,#5449,$,$);
#5451=IFCRELASSOCIATESMATERIAL('1$Yc5ufqP2hvA2hcDrT7y9',#19,$,$,(#5450),#30);
#5452=IFCPROPERTYSINGLEVALUE('Familia',$,IFCLABEL('Vigas/ties laminadas'),$);
#5453=IFCPROPERTYSINGLEVALUE('Perfil',$,IFCLABEL('IPR 356x171'),$);
#5454=IFCPROPERTYSINGLEVALUE('Marca',$,IFCLABEL('TM-3'),$);
#5455=IFCPROPERTYSINGLEVALUE('HH_ton_taller',$,IFCREAL(20.),$);
#5456=IFCPROPERTYSINGLEVALUE('Longitud_m',$,IFCREAL(10.),$);
#5457=IFCPROPERTYSET('0zQ23nvsHBpugV3oQKenX_',#19,'Pset_METALITEC',$,(#5452,#5453,#5454,#5455,#5456));
#5458=IFCRELDEFINESBYPROPERTIES('0PCPjNp4z94QsJWnUcAmn9',#19,$,$,(#5450),#5457);
#5459=IFCCARTESIANPOINT((76800.,110000.,11870.));
#5460=IFCDIRECTION((0.,1.,0.));
#5461=IFCDIRECTION((0.,0.,1.));
#5462=IFCAXIS2PLACEMENT3D(#5459,#5460,#5461);
#5463=IFCLOCALPLACEMENT(#25,#5462);
#5464=IFCDIRECTION((0.,0.,1.));
#5465=IFCDIRECTION((1.,0.,0.));
#5466=IFCAXIS2PLACEMENT3D(#7,#5464,#5465);
#5467=IFCDIRECTION((0.,0.,1.));
#5468=IFCEXTRUDEDAREASOLID(#40,#5466,#5467,10000.);
#5469=IFCSHAPEREPRESENTATION(#13,'Body','SweptSolid',(#5468));
#5470=IFCCARTESIANPOINT((0.,0.,0.));
#5471=IFCCARTESIANPOINT((0.,0.,10000.));
#5472=IFCPOLYLINE((#5470,#5471));
#5473=IFCSHAPEREPRESENTATION(#14,'Axis','Curve3D',(#5472));
#5474=IFCPRODUCTDEFINITIONSHAPE($,$,(#5473,#5469));
#5475=IFCBEAM('32bIXEwbH7EAFldVqN2NGN',#19,'TM-3','IPR 356x171',$,#5463,#5474,$,$);
#5476=IFCRELASSOCIATESMATERIAL('04f31nrMz0PORV26GANd3a',#19,$,$,(#5475),#30);
#5477=IFCPROPERTYSINGLEVALUE('Familia',$,IFCLABEL('Vigas/ties laminadas'),$);
#5478=IFCPROPERTYSINGLEVALUE('Perfil',$,IFCLABEL('IPR 356x171'),$);
#5479=IFCPROPERTYSINGLEVALUE('Marca',$,IFCLABEL('TM-3'),$);
#5480=IFCPROPERTYSINGLEVALUE('HH_ton_taller',$,IFCREAL(20.),$);
#5481=IFCPROPERTYSINGLEVALUE('Longitud_m',$,IFCREAL(10.),$);
#5482=IFCPROPERTYSET('0mwhF9NTT859L1NpzV7GcW',#19,'Pset_METALITEC',$,(#5477,#5478,#5479,#5480,#5481));
#5483=IFCRELDEFINESBYPROPERTIES('2fMBrllqb9sv00ecunvhru',#19,$,$,(#5475),#5482);
#5484=IFCCARTESIANPOINT((76800.,120000.,11870.));
#5485=IFCDIRECTION((0.,1.,0.));
#5486=IFCDIRECTION((0.,0.,1.));
#5487=IFCAXIS2PLACEMENT3D(#5484,#5485,#5486);
#5488=IFCLOCALPLACEMENT(#25,#5487);
#5489=IFCDIRECTION((0.,0.,1.));
#5490=IFCDIRECTION((1.,0.,0.));
#5491=IFCAXIS2PLACEMENT3D(#7,#5489,#5490);
#5492=IFCDIRECTION((0.,0.,1.));
#5493=IFCEXTRUDEDAREASOLID(#40,#5491,#5492,10000.);
#5494=IFCSHAPEREPRESENTATION(#13,'Body','SweptSolid',(#5493));
#5495=IFCCARTESIANPOINT((0.,0.,0.));
#5496=IFCCARTESIANPOINT((0.,0.,10000.));
#5497=IFCPOLYLINE((#5495,#5496));
#5498=IFCSHAPEREPRESENTATION(#14,'Axis','Curve3D',(#5497));
#5499=IFCPRODUCTDEFINITIONSHAPE($,$,(#5498,#5494));
#5500=IFCBEAM('06tCVfVYnDqRc5ztnuLRr8',#19,'TM-3','IPR 356x171',$,#5488,#5499,$,$);
#5501=IFCRELASSOCIATESMATERIAL('21Y5YrOan8y8rsDbXnG1im',#19,$,$,(#5500),#30);
#5502=IFCPROPERTYSINGLEVALUE('Familia',$,IFCLABEL('Vigas/ties laminadas'),$);
#5503=IFCPROPERTYSINGLEVALUE('Perfil',$,IFCLABEL('IPR 356x171'),$);
#5504=IFCPROPERTYSINGLEVALUE('Marca',$,IFCLABEL('TM-3'),$);
#5505=IFCPROPERTYSINGLEVALUE('HH_ton_taller',$,IFCREAL(20.),$);
#5506=IFCPROPERTYSINGLEVALUE('Longitud_m',$,IFCREAL(10.),$);
#5507=IFCPROPERTYSET('1wD0awxZfFeOWZacrgbSzK',#19,'Pset_METALITEC',$,(#5502,#5503,#5504,#5505,#5506));
#5508=IFCRELDEFINESBYPROPERTIES('1HPNRHnfD538WsQtGrMMMk',#19,$,$,(#5500),#5507);
#5509=IFCCARTESIANPOINT((76800.,130000.,11870.));
#5510=IFCDIRECTION((0.,1.,0.));
#5511=IFCDIRECTION((0.,0.,1.));
#5512=IFCAXIS2PLACEMENT3D(#5509,#5510,#5511);
#5513=IFCLOCALPLACEMENT(#25,#5512);
#5514=IFCDIRECTION((0.,0.,1.));
#5515=IFCDIRECTION((1.,0.,0.));
#5516=IFCAXIS2PLACEMENT3D(#7,#5514,#5515);
#5517=IFCDIRECTION((0.,0.,1.));
#5518=IFCEXTRUDEDAREASOLID(#40,#5516,#5517,10000.);
#5519=IFCSHAPEREPRESENTATION(#13,'Body','SweptSolid',(#5518));
#5520=IFCCARTESIANPOINT((0.,0.,0.));
#5521=IFCCARTESIANPOINT((0.,0.,10000.));
#5522=IFCPOLYLINE((#5520,#5521));
#5523=IFCSHAPEREPRESENTATION(#14,'Axis','Curve3D',(#5522));
#5524=IFCPRODUCTDEFINITIONSHAPE($,$,(#5523,#5519));
#5525=IFCBEAM('0yyVauGTzF68MgkM4Mqmla',#19,'TM-3','IPR 356x171',$,#5513,#5524,$,$);
#5526=IFCRELASSOCIATESMATERIAL('2TcG_EmVj7NOmdZN1_3TYC',#19,$,$,(#5525),#30);
#5527=IFCPROPERTYSINGLEVALUE('Familia',$,IFCLABEL('Vigas/ties laminadas'),$);
#5528=IFCPROPERTYSINGLEVALUE('Perfil',$,IFCLABEL('IPR 356x171'),$);
#5529=IFCPROPERTYSINGLEVALUE('Marca',$,IFCLABEL('TM-3'),$);
#5530=IFCPROPERTYSINGLEVALUE('HH_ton_taller',$,IFCREAL(20.),$);
#5531=IFCPROPERTYSINGLEVALUE('Longitud_m',$,IFCREAL(10.),$);
#5532=IFCPROPERTYSET('3Ed20oYb91ggVG35vUJZjl',#19,'Pset_METALITEC',$,(#5527,#5528,#5529,#5530,#5531));
#5533=IFCRELDEFINESBYPROPERTIES('2XaR0edcv6xgi93r9dTlI1',#19,$,$,(#5525),#5532);
#5534=IFCCARTESIANPOINT((76800.,140000.,11870.));
#5535=IFCDIRECTION((0.,1.,0.));
#5536=IFCDIRECTION((0.,0.,1.));
#5537=IFCAXIS2PLACEMENT3D(#5534,#5535,#5536);
#5538=IFCLOCALPLACEMENT(#25,#5537);
#5539=IFCDIRECTION((0.,0.,1.));
#5540=IFCDIRECTION((1.,0.,0.));
#5541=IFCAXIS2PLACEMENT3D(#7,#5539,#5540);
#5542=IFCDIRECTION((0.,0.,1.));
#5543=IFCEXTRUDEDAREASOLID(#40,#5541,#5542,9500.);
#5544=IFCSHAPEREPRESENTATION(#13,'Body','SweptSolid',(#5543));
#5545=IFCCARTESIANPOINT((0.,0.,0.));
#5546=IFCCARTESIANPOINT((0.,0.,9500.));
#5547=IFCPOLYLINE((#5545,#5546));
#5548=IFCSHAPEREPRESENTATION(#14,'Axis','Curve3D',(#5547));
#5549=IFCPRODUCTDEFINITIONSHAPE($,$,(#5548,#5544));
#5550=IFCBEAM('2TPspNOeLCx99LIS2vPfrS',#19,'TM-3','IPR 356x171',$,#5538,#5549,$,$);
#5551=IFCRELASSOCIATESMATERIAL('1KuyLRB0T0JPleN2C6XZfc',#19,$,$,(#5550),#30);
#5552=IFCPROPERTYSINGLEVALUE('Familia',$,IFCLABEL('Vigas/ties laminadas'),$);
#5553=IFCPROPERTYSINGLEVALUE('Perfil',$,IFCLABEL('IPR 356x171'),$);
#5554=IFCPROPERTYSINGLEVALUE('Marca',$,IFCLABEL('TM-3'),$);
#5555=IFCPROPERTYSINGLEVALUE('HH_ton_taller',$,IFCREAL(20.),$);
#5556=IFCPROPERTYSINGLEVALUE('Longitud_m',$,IFCREAL(9.5),$);
#5557=IFCPROPERTYSET('0kM73yAdL78ezzCEKGTUkW',#19,'Pset_METALITEC',$,(#5552,#5553,#5554,#5555,#5556));
#5558=IFCRELDEFINESBYPROPERTIES('2eu1W$TeXAsOisedKj7c_o',#19,$,$,(#5550),#5557);
#5559=IFCCARTESIANPOINT((12800.,0.,14000.));
#5560=IFCDIRECTION((0.,1.,0.));
#5561=IFCDIRECTION((0.,0.,1.));
#5562=IFCAXIS2PLACEMENT3D(#5559,#5560,#5561);
#5563=IFCLOCALPLACEMENT(#25,#5562);
#5564=IFCDIRECTION((0.,0.,1.));
#5565=IFCDIRECTION((1.,0.,0.));
#5566=IFCAXIS2PLACEMENT3D(#7,#5564,#5565);
#5567=IFCDIRECTION((0.,0.,1.));
#5568=IFCEXTRUDEDAREASOLID(#40,#5566,#5567,10000.);
#5569=IFCSHAPEREPRESENTATION(#13,'Body','SweptSolid',(#5568));
#5570=IFCCARTESIANPOINT((0.,0.,0.));
#5571=IFCCARTESIANPOINT((0.,0.,10000.));
#5572=IFCPOLYLINE((#5570,#5571));
#5573=IFCSHAPEREPRESENTATION(#14,'Axis','Curve3D',(#5572));
#5574=IFCPRODUCTDEFINITIONSHAPE($,$,(#5573,#5569));
#5575=IFCBEAM('3ixyvp6g5AguPKTuVjhTB5',#19,'TM-3','IPR 356x171',$,#5563,#5574,$,$);
#5576=IFCRELASSOCIATESMATERIAL('0sSF$YZ_P2Eg6bfCP6MR_s',#19,$,$,(#5575),#30);
#5577=IFCPROPERTYSINGLEVALUE('Familia',$,IFCLABEL('Vigas/ties laminadas'),$);
#5578=IFCPROPERTYSINGLEVALUE('Perfil',$,IFCLABEL('IPR 356x171'),$);
#5579=IFCPROPERTYSINGLEVALUE('Marca',$,IFCLABEL('TM-3'),$);
#5580=IFCPROPERTYSINGLEVALUE('HH_ton_taller',$,IFCREAL(20.),$);
#5581=IFCPROPERTYSINGLEVALUE('Longitud_m',$,IFCREAL(10.),$);
#5582=IFCPROPERTYSET('184$OtgCr0KPLLK$FsWduw',#19,'Pset_METALITEC',$,(#5577,#5578,#5579,#5580,#5581));
#5583=IFCRELDEFINESBYPROPERTIES('2Bfp7HWpj7kwBc$zO2H7Ln',#19,$,$,(#5575),#5582);
#5584=IFCCARTESIANPOINT((12800.,10000.,14000.));
#5585=IFCDIRECTION((0.,1.,0.));
#5586=IFCDIRECTION((0.,0.,1.));
#5587=IFCAXIS2PLACEMENT3D(#5584,#5585,#5586);
#5588=IFCLOCALPLACEMENT(#25,#5587);
#5589=IFCDIRECTION((0.,0.,1.));
#5590=IFCDIRECTION((1.,0.,0.));
#5591=IFCAXIS2PLACEMENT3D(#7,#5589,#5590);
#5592=IFCDIRECTION((0.,0.,1.));
#5593=IFCEXTRUDEDAREASOLID(#40,#5591,#5592,10000.);
#5594=IFCSHAPEREPRESENTATION(#13,'Body','SweptSolid',(#5593));
#5595=IFCCARTESIANPOINT((0.,0.,0.));
#5596=IFCCARTESIANPOINT((0.,0.,10000.));
#5597=IFCPOLYLINE((#5595,#5596));
#5598=IFCSHAPEREPRESENTATION(#14,'Axis','Curve3D',(#5597));
#5599=IFCPRODUCTDEFINITIONSHAPE($,$,(#5598,#5594));
#5600=IFCBEAM('0a16kt$tPDl8Obgqq9o10x',#19,'TM-3','IPR 356x171',$,#5588,#5599,$,$);
#5601=IFCRELASSOCIATESMATERIAL('3AnuS1ZZ9369JMR7hF6LgB',#19,$,$,(#5600),#30);
#5602=IFCPROPERTYSINGLEVALUE('Familia',$,IFCLABEL('Vigas/ties laminadas'),$);
#5603=IFCPROPERTYSINGLEVALUE('Perfil',$,IFCLABEL('IPR 356x171'),$);
#5604=IFCPROPERTYSINGLEVALUE('Marca',$,IFCLABEL('TM-3'),$);
#5605=IFCPROPERTYSINGLEVALUE('HH_ton_taller',$,IFCREAL(20.),$);
#5606=IFCPROPERTYSINGLEVALUE('Longitud_m',$,IFCREAL(10.),$);
#5607=IFCPROPERTYSET('3kBq0QZR93nBgjxZuqRYgX',#19,'Pset_METALITEC',$,(#5602,#5603,#5604,#5605,#5606));
#5608=IFCRELDEFINESBYPROPERTIES('3dmX6d8dv5Hwk5Y54Ypg2h',#19,$,$,(#5600),#5607);
#5609=IFCCARTESIANPOINT((12800.,20000.,14000.));
#5610=IFCDIRECTION((0.,1.,0.));
#5611=IFCDIRECTION((0.,0.,1.));
#5612=IFCAXIS2PLACEMENT3D(#5609,#5610,#5611);
#5613=IFCLOCALPLACEMENT(#25,#5612);
#5614=IFCDIRECTION((0.,0.,1.));
#5615=IFCDIRECTION((1.,0.,0.));
#5616=IFCAXIS2PLACEMENT3D(#7,#5614,#5615);
#5617=IFCDIRECTION((0.,0.,1.));
#5618=IFCEXTRUDEDAREASOLID(#40,#5616,#5617,10000.);
#5619=IFCSHAPEREPRESENTATION(#13,'Body','SweptSolid',(#5618));
#5620=IFCCARTESIANPOINT((0.,0.,0.));
#5621=IFCCARTESIANPOINT((0.,0.,10000.));
#5622=IFCPOLYLINE((#5620,#5621));
#5623=IFCSHAPEREPRESENTATION(#14,'Axis','Curve3D',(#5622));
#5624=IFCPRODUCTDEFINITIONSHAPE($,$,(#5623,#5619));
#5625=IFCBEAM('3O_XbRh4P3RO7gaQA2ZCs$',#19,'TM-3','IPR 356x171',$,#5613,#5624,$,$);
#5626=IFCRELASSOCIATESMATERIAL('3uuEzUdzTE78QucN4yfqCT',#19,$,$,(#5625),#30);
#5627=IFCPROPERTYSINGLEVALUE('Familia',$,IFCLABEL('Vigas/ties laminadas'),$);
#5628=IFCPROPERTYSINGLEVALUE('Perfil',$,IFCLABEL('IPR 356x171'),$);
#5629=IFCPROPERTYSINGLEVALUE('Marca',$,IFCLABEL('TM-3'),$);
#5630=IFCPROPERTYSINGLEVALUE('HH_ton_taller',$,IFCREAL(20.),$);
#5631=IFCPROPERTYSINGLEVALUE('Longitud_m',$,IFCREAL(10.),$);
#5632=IFCPROPERTYSET('3k4RZq$2vArgIy91GpaxEe',#19,'Pset_METALITEC',$,(#5627,#5628,#5629,#5630,#5631));
#5633=IFCRELDEFINESBYPROPERTIES('1eWsCtya58Vga6o9V3ZwIl',#19,$,$,(#5625),#5632);
#5634=IFCCARTESIANPOINT((12800.,30000.,14000.));
#5635=IFCDIRECTION((0.,1.,0.));
#5636=IFCDIRECTION((0.,0.,1.));
#5637=IFCAXIS2PLACEMENT3D(#5634,#5635,#5636);
#5638=IFCLOCALPLACEMENT(#25,#5637);
#5639=IFCDIRECTION((0.,0.,1.));
#5640=IFCDIRECTION((1.,0.,0.));
#5641=IFCAXIS2PLACEMENT3D(#7,#5639,#5640);
#5642=IFCDIRECTION((0.,0.,1.));
#5643=IFCEXTRUDEDAREASOLID(#40,#5641,#5642,10000.);
#5644=IFCSHAPEREPRESENTATION(#13,'Body','SweptSolid',(#5643));
#5645=IFCCARTESIANPOINT((0.,0.,0.));
#5646=IFCCARTESIANPOINT((0.,0.,10000.));
#5647=IFCPOLYLINE((#5645,#5646));
#5648=IFCSHAPEREPRESENTATION(#14,'Axis','Curve3D',(#5647));
#5649=IFCPRODUCTDEFINITIONSHAPE($,$,(#5648,#5644));
#5650=IFCBEAM('2kMr__2CjCeOvRq4Jrzdmk',#19,'TM-3','IPR 356x171',$,#5638,#5649,$,$);
#5651=IFCRELASSOCIATESMATERIAL('365w3iCBb5_RmKo39peeZ_',#19,$,$,(#5650),#30);
#5652=IFCPROPERTYSINGLEVALUE('Familia',$,IFCLABEL('Vigas/ties laminadas'),$);
#5653=IFCPROPERTYSINGLEVALUE('Perfil',$,IFCLABEL('IPR 356x171'),$);
#5654=IFCPROPERTYSINGLEVALUE('Marca',$,IFCLABEL('TM-3'),$);
#5655=IFCPROPERTYSINGLEVALUE('HH_ton_taller',$,IFCREAL(20.),$);
#5656=IFCPROPERTYSINGLEVALUE('Longitud_m',$,IFCREAL(10.),$);
#5657=IFCPROPERTYSET('1vsg3GEMfCIhND5QmbboCr',#19,'Pset_METALITEC',$,(#5652,#5653,#5654,#5655,#5656));
#5658=IFCRELDEFINESBYPROPERTIES('23O2T7vFz2XA9tPOiQOJ0_',#19,$,$,(#5650),#5657);
#5659=IFCCARTESIANPOINT((12800.,40000.,14000.));
#5660=IFCDIRECTION((0.,1.,0.));
#5661=IFCDIRECTION((0.,0.,1.));
#5662=IFCAXIS2PLACEMENT3D(#5659,#5660,#5661);
#5663=IFCLOCALPLACEMENT(#25,#5662);
#5664=IFCDIRECTION((0.,0.,1.));
#5665=IFCDIRECTION((1.,0.,0.));
#5666=IFCAXIS2PLACEMENT3D(#7,#5664,#5665);
#5667=IFCDIRECTION((0.,0.,1.));
#5668=IFCEXTRUDEDAREASOLID(#40,#5666,#5667,10000.);
#5669=IFCSHAPEREPRESENTATION(#13,'Body','SweptSolid',(#5668));
#5670=IFCCARTESIANPOINT((0.,0.,0.));
#5671=IFCCARTESIANPOINT((0.,0.,10000.));
#5672=IFCPOLYLINE((#5670,#5671));
#5673=IFCSHAPEREPRESENTATION(#14,'Axis','Curve3D',(#5672));
#5674=IFCPRODUCTDEFINITIONSHAPE($,$,(#5673,#5669));
#5675=IFCBEAM('1CedpF4Xf9lA30daODSqO$',#19,'TM-3','IPR 356x171',$,#5663,#5674,$,$);
#5676=IFCRELASSOCIATESMATERIAL('0r$dbTxvnAjRlkvS_0D16b',#19,$,$,(#5675),#30);
#5677=IFCPROPERTYSINGLEVALUE('Familia',$,IFCLABEL('Vigas/ties laminadas'),$);
#5678=IFCPROPERTYSINGLEVALUE('Perfil',$,IFCLABEL('IPR 356x171'),$);
#5679=IFCPROPERTYSINGLEVALUE('Marca',$,IFCLABEL('TM-3'),$);
#5680=IFCPROPERTYSINGLEVALUE('HH_ton_taller',$,IFCREAL(20.),$);
#5681=IFCPROPERTYSINGLEVALUE('Longitud_m',$,IFCREAL(10.),$);
#5682=IFCPROPERTYSET('2S66zmC2zFGRLsTEHXmT5y',#19,'Pset_METALITEC',$,(#5677,#5678,#5679,#5680,#5681));
#5683=IFCRELDEFINESBYPROPERTIES('1jHyIxzJn8Jek$63N06cNy',#19,$,$,(#5675),#5682);
#5684=IFCCARTESIANPOINT((12800.,50000.,14000.));
#5685=IFCDIRECTION((0.,1.,0.));
#5686=IFCDIRECTION((0.,0.,1.));
#5687=IFCAXIS2PLACEMENT3D(#5684,#5685,#5686);
#5688=IFCLOCALPLACEMENT(#25,#5687);
#5689=IFCDIRECTION((0.,0.,1.));
#5690=IFCDIRECTION((1.,0.,0.));
#5691=IFCAXIS2PLACEMENT3D(#7,#5689,#5690);
#5692=IFCDIRECTION((0.,0.,1.));
#5693=IFCEXTRUDEDAREASOLID(#40,#5691,#5692,10000.);
#5694=IFCSHAPEREPRESENTATION(#13,'Body','SweptSolid',(#5693));
#5695=IFCCARTESIANPOINT((0.,0.,0.));
#5696=IFCCARTESIANPOINT((0.,0.,10000.));
#5697=IFCPOLYLINE((#5695,#5696));
#5698=IFCSHAPEREPRESENTATION(#14,'Axis','Curve3D',(#5697));
#5699=IFCPRODUCTDEFINITIONSHAPE($,$,(#5698,#5694));
#5700=IFCBEAM('0NSIHyXDz1RhFAjKWirOwG',#19,'TM-3','IPR 356x171',$,#5688,#5699,$,$);
#5701=IFCRELASSOCIATESMATERIAL('2$i5qUSI5Ea9kVve3bcxsn',#19,$,$,(#5700),#30);
#5702=IFCPROPERTYSINGLEVALUE('Familia',$,IFCLABEL('Vigas/ties laminadas'),$);
#5703=IFCPROPERTYSINGLEVALUE('Perfil',$,IFCLABEL('IPR 356x171'),$);
#5704=IFCPROPERTYSINGLEVALUE('Marca',$,IFCLABEL('TM-3'),$);
#5705=IFCPROPERTYSINGLEVALUE('HH_ton_taller',$,IFCREAL(20.),$);
#5706=IFCPROPERTYSINGLEVALUE('Longitud_m',$,IFCREAL(10.),$);
#5707=IFCPROPERTYSET('0JBKHvcz9Fy8X3rDW9Z9Gg',#19,'Pset_METALITEC',$,(#5702,#5703,#5704,#5705,#5706));
#5708=IFCRELDEFINESBYPROPERTIES('09il4OqxDFbOFMef4RwQSL',#19,$,$,(#5700),#5707);
#5709=IFCCARTESIANPOINT((12800.,60000.,14000.));
#5710=IFCDIRECTION((0.,1.,0.));
#5711=IFCDIRECTION((0.,0.,1.));
#5712=IFCAXIS2PLACEMENT3D(#5709,#5710,#5711);
#5713=IFCLOCALPLACEMENT(#25,#5712);
#5714=IFCDIRECTION((0.,0.,1.));
#5715=IFCDIRECTION((1.,0.,0.));
#5716=IFCAXIS2PLACEMENT3D(#7,#5714,#5715);
#5717=IFCDIRECTION((0.,0.,1.));
#5718=IFCEXTRUDEDAREASOLID(#40,#5716,#5717,10000.);
#5719=IFCSHAPEREPRESENTATION(#13,'Body','SweptSolid',(#5718));
#5720=IFCCARTESIANPOINT((0.,0.,0.));
#5721=IFCCARTESIANPOINT((0.,0.,10000.));
#5722=IFCPOLYLINE((#5720,#5721));
#5723=IFCSHAPEREPRESENTATION(#14,'Axis','Curve3D',(#5722));
#5724=IFCPRODUCTDEFINITIONSHAPE($,$,(#5723,#5719));
#5725=IFCBEAM('0JjW9wsiL9Cgmr_CVX4W4B',#19,'TM-3','IPR 356x171',$,#5713,#5724,$,$);
#5726=IFCRELASSOCIATESMATERIAL('0vCkZWtTnAyPqMBdXSY5xC',#19,$,$,(#5725),#30);
#5727=IFCPROPERTYSINGLEVALUE('Familia',$,IFCLABEL('Vigas/ties laminadas'),$);
#5728=IFCPROPERTYSINGLEVALUE('Perfil',$,IFCLABEL('IPR 356x171'),$);
#5729=IFCPROPERTYSINGLEVALUE('Marca',$,IFCLABEL('TM-3'),$);
#5730=IFCPROPERTYSINGLEVALUE('HH_ton_taller',$,IFCREAL(20.),$);
#5731=IFCPROPERTYSINGLEVALUE('Longitud_m',$,IFCREAL(10.),$);
#5732=IFCPROPERTYSET('1cDFlm7RTFDOSAXMTq5aue',#19,'Pset_METALITEC',$,(#5727,#5728,#5729,#5730,#5731));
#5733=IFCRELDEFINESBYPROPERTIES('3shqTAlUT7jRCPjrpTjsK5',#19,$,$,(#5725),#5732);
#5734=IFCCARTESIANPOINT((12800.,70000.,14000.));
#5735=IFCDIRECTION((0.,1.,0.));
#5736=IFCDIRECTION((0.,0.,1.));
#5737=IFCAXIS2PLACEMENT3D(#5734,#5735,#5736);
#5738=IFCLOCALPLACEMENT(#25,#5737);
#5739=IFCDIRECTION((0.,0.,1.));
#5740=IFCDIRECTION((1.,0.,0.));
#5741=IFCAXIS2PLACEMENT3D(#7,#5739,#5740);
#5742=IFCDIRECTION((0.,0.,1.));
#5743=IFCEXTRUDEDAREASOLID(#40,#5741,#5742,10000.);
#5744=IFCSHAPEREPRESENTATION(#13,'Body','SweptSolid',(#5743));
#5745=IFCCARTESIANPOINT((0.,0.,0.));
#5746=IFCCARTESIANPOINT((0.,0.,10000.));
#5747=IFCPOLYLINE((#5745,#5746));
#5748=IFCSHAPEREPRESENTATION(#14,'Axis','Curve3D',(#5747));
#5749=IFCPRODUCTDEFINITIONSHAPE($,$,(#5748,#5744));
#5750=IFCBEAM('2L$PwMlTj3ueXsydCuAPi0',#19,'TM-3','IPR 356x171',$,#5738,#5749,$,$);
#5751=IFCRELASSOCIATESMATERIAL('3rNtA73Ln0_xN4jZ2j1B1f',#19,$,$,(#5750),#30);
#5752=IFCPROPERTYSINGLEVALUE('Familia',$,IFCLABEL('Vigas/ties laminadas'),$);
#5753=IFCPROPERTYSINGLEVALUE('Perfil',$,IFCLABEL('IPR 356x171'),$);
#5754=IFCPROPERTYSINGLEVALUE('Marca',$,IFCLABEL('TM-3'),$);
#5755=IFCPROPERTYSINGLEVALUE('HH_ton_taller',$,IFCREAL(20.),$);
#5756=IFCPROPERTYSINGLEVALUE('Longitud_m',$,IFCREAL(10.),$);
#5757=IFCPROPERTYSET('1SWwFiO1H7uP3ztQogl6kh',#19,'Pset_METALITEC',$,(#5752,#5753,#5754,#5755,#5756));
#5758=IFCRELDEFINESBYPROPERTIES('1pBmaoqrHEsPiZCpdsiLmr',#19,$,$,(#5750),#5757);
#5759=IFCCARTESIANPOINT((12800.,80000.,14000.));
#5760=IFCDIRECTION((0.,1.,0.));
#5761=IFCDIRECTION((0.,0.,1.));
#5762=IFCAXIS2PLACEMENT3D(#5759,#5760,#5761);
#5763=IFCLOCALPLACEMENT(#25,#5762);
#5764=IFCDIRECTION((0.,0.,1.));
#5765=IFCDIRECTION((1.,0.,0.));
#5766=IFCAXIS2PLACEMENT3D(#7,#5764,#5765);
#5767=IFCDIRECTION((0.,0.,1.));
#5768=IFCEXTRUDEDAREASOLID(#40,#5766,#5767,10000.);
#5769=IFCSHAPEREPRESENTATION(#13,'Body','SweptSolid',(#5768));
#5770=IFCCARTESIANPOINT((0.,0.,0.));
#5771=IFCCARTESIANPOINT((0.,0.,10000.));
#5772=IFCPOLYLINE((#5770,#5771));
#5773=IFCSHAPEREPRESENTATION(#14,'Axis','Curve3D',(#5772));
#5774=IFCPRODUCTDEFINITIONSHAPE($,$,(#5773,#5769));
#5775=IFCBEAM('03$RIX$OXFXw7i4n_X3w3M',#19,'TM-3','IPR 356x171',$,#5763,#5774,$,$);
#5776=IFCRELASSOCIATESMATERIAL('3AwpWJFyj4VBY8QjcpSI1B',#19,$,$,(#5775),#30);
#5777=IFCPROPERTYSINGLEVALUE('Familia',$,IFCLABEL('Vigas/ties laminadas'),$);
#5778=IFCPROPERTYSINGLEVALUE('Perfil',$,IFCLABEL('IPR 356x171'),$);
#5779=IFCPROPERTYSINGLEVALUE('Marca',$,IFCLABEL('TM-3'),$);
#5780=IFCPROPERTYSINGLEVALUE('HH_ton_taller',$,IFCREAL(20.),$);
#5781=IFCPROPERTYSINGLEVALUE('Longitud_m',$,IFCREAL(10.),$);
#5782=IFCPROPERTYSET('3vuoJX7mX71u8kPHEhg4jP',#19,'Pset_METALITEC',$,(#5777,#5778,#5779,#5780,#5781));
#5783=IFCRELDEFINESBYPROPERTIES('1pq25AZ2P01OHogXXnHKDb',#19,$,$,(#5775),#5782);
#5784=IFCCARTESIANPOINT((12800.,90000.,14000.));
#5785=IFCDIRECTION((0.,1.,0.));
#5786=IFCDIRECTION((0.,0.,1.));
#5787=IFCAXIS2PLACEMENT3D(#5784,#5785,#5786);
#5788=IFCLOCALPLACEMENT(#25,#5787);
#5789=IFCDIRECTION((0.,0.,1.));
#5790=IFCDIRECTION((1.,0.,0.));
#5791=IFCAXIS2PLACEMENT3D(#7,#5789,#5790);
#5792=IFCDIRECTION((0.,0.,1.));
#5793=IFCEXTRUDEDAREASOLID(#40,#5791,#5792,10000.);
#5794=IFCSHAPEREPRESENTATION(#13,'Body','SweptSolid',(#5793));
#5795=IFCCARTESIANPOINT((0.,0.,0.));
#5796=IFCCARTESIANPOINT((0.,0.,10000.));
#5797=IFCPOLYLINE((#5795,#5796));
#5798=IFCSHAPEREPRESENTATION(#14,'Axis','Curve3D',(#5797));
#5799=IFCPRODUCTDEFINITIONSHAPE($,$,(#5798,#5794));
#5800=IFCBEAM('3_jLXPkh5Bih5aiUexAQP_',#19,'TM-3','IPR 356x171',$,#5788,#5799,$,$);
#5801=IFCRELASSOCIATESMATERIAL('3cks5VkUzCb91tlkWkzhF3',#19,$,$,(#5800),#30);
#5802=IFCPROPERTYSINGLEVALUE('Familia',$,IFCLABEL('Vigas/ties laminadas'),$);
#5803=IFCPROPERTYSINGLEVALUE('Perfil',$,IFCLABEL('IPR 356x171'),$);
#5804=IFCPROPERTYSINGLEVALUE('Marca',$,IFCLABEL('TM-3'),$);
#5805=IFCPROPERTYSINGLEVALUE('HH_ton_taller',$,IFCREAL(20.),$);
#5806=IFCPROPERTYSINGLEVALUE('Longitud_m',$,IFCREAL(10.),$);
#5807=IFCPROPERTYSET('3kl1SHMZr81ACOfNQDSiL9',#19,'Pset_METALITEC',$,(#5802,#5803,#5804,#5805,#5806));
#5808=IFCRELDEFINESBYPROPERTIES('1BgOOQeDD4QOGyYxjOp4yp',#19,$,$,(#5800),#5807);
#5809=IFCCARTESIANPOINT((12800.,100000.,14000.));
#5810=IFCDIRECTION((0.,1.,0.));
#5811=IFCDIRECTION((0.,0.,1.));
#5812=IFCAXIS2PLACEMENT3D(#5809,#5810,#5811);
#5813=IFCLOCALPLACEMENT(#25,#5812);
#5814=IFCDIRECTION((0.,0.,1.));
#5815=IFCDIRECTION((1.,0.,0.));
#5816=IFCAXIS2PLACEMENT3D(#7,#5814,#5815);
#5817=IFCDIRECTION((0.,0.,1.));
#5818=IFCEXTRUDEDAREASOLID(#40,#5816,#5817,10000.);
#5819=IFCSHAPEREPRESENTATION(#13,'Body','SweptSolid',(#5818));
#5820=IFCCARTESIANPOINT((0.,0.,0.));
#5821=IFCCARTESIANPOINT((0.,0.,10000.));
#5822=IFCPOLYLINE((#5820,#5821));
#5823=IFCSHAPEREPRESENTATION(#14,'Axis','Curve3D',(#5822));
#5824=IFCPRODUCTDEFINITIONSHAPE($,$,(#5823,#5819));
#5825=IFCBEAM('1ikEKHkvDEJw2Apf29SxUk',#19,'TM-3','IPR 356x171',$,#5813,#5824,$,$);
#5826=IFCRELASSOCIATESMATERIAL('2WuTRdOBP74vJEK6$3y5$8',#19,$,$,(#5825),#30);
#5827=IFCPROPERTYSINGLEVALUE('Familia',$,IFCLABEL('Vigas/ties laminadas'),$);
#5828=IFCPROPERTYSINGLEVALUE('Perfil',$,IFCLABEL('IPR 356x171'),$);
#5829=IFCPROPERTYSINGLEVALUE('Marca',$,IFCLABEL('TM-3'),$);
#5830=IFCPROPERTYSINGLEVALUE('HH_ton_taller',$,IFCREAL(20.),$);
#5831=IFCPROPERTYSINGLEVALUE('Longitud_m',$,IFCREAL(10.),$);
#5832=IFCPROPERTYSET('0QWJ03Y5HANua7T0ez0Y5Q',#19,'Pset_METALITEC',$,(#5827,#5828,#5829,#5830,#5831));
#5833=IFCRELDEFINESBYPROPERTIES('0lvNvASSz88glvdYaG7_MO',#19,$,$,(#5825),#5832);
#5834=IFCCARTESIANPOINT((12800.,110000.,14000.));
#5835=IFCDIRECTION((0.,1.,0.));
#5836=IFCDIRECTION((0.,0.,1.));
#5837=IFCAXIS2PLACEMENT3D(#5834,#5835,#5836);
#5838=IFCLOCALPLACEMENT(#25,#5837);
#5839=IFCDIRECTION((0.,0.,1.));
#5840=IFCDIRECTION((1.,0.,0.));
#5841=IFCAXIS2PLACEMENT3D(#7,#5839,#5840);
#5842=IFCDIRECTION((0.,0.,1.));
#5843=IFCEXTRUDEDAREASOLID(#40,#5841,#5842,10000.);
#5844=IFCSHAPEREPRESENTATION(#13,'Body','SweptSolid',(#5843));
#5845=IFCCARTESIANPOINT((0.,0.,0.));
#5846=IFCCARTESIANPOINT((0.,0.,10000.));
#5847=IFCPOLYLINE((#5845,#5846));
#5848=IFCSHAPEREPRESENTATION(#14,'Axis','Curve3D',(#5847));
#5849=IFCPRODUCTDEFINITIONSHAPE($,$,(#5848,#5844));
#5850=IFCBEAM('1UP7V_auv4zvpP$0anbH58',#19,'TM-3','IPR 356x171',$,#5838,#5849,$,$);
#5851=IFCRELASSOCIATESMATERIAL('1A6Ob2MNX8F9Nou2wLxV4l',#19,$,$,(#5850),#30);
#5852=IFCPROPERTYSINGLEVALUE('Familia',$,IFCLABEL('Vigas/ties laminadas'),$);
#5853=IFCPROPERTYSINGLEVALUE('Perfil',$,IFCLABEL('IPR 356x171'),$);
#5854=IFCPROPERTYSINGLEVALUE('Marca',$,IFCLABEL('TM-3'),$);
#5855=IFCPROPERTYSINGLEVALUE('HH_ton_taller',$,IFCREAL(20.),$);
#5856=IFCPROPERTYSINGLEVALUE('Longitud_m',$,IFCREAL(10.),$);
#5857=IFCPROPERTYSET('21I5$XtgLDvwYC6_p_mi8S',#19,'Pset_METALITEC',$,(#5852,#5853,#5854,#5855,#5856));
#5858=IFCRELDEFINESBYPROPERTIES('1n3AU$2Qb3i80xp70jHoy2',#19,$,$,(#5850),#5857);
#5859=IFCCARTESIANPOINT((12800.,120000.,14000.));
#5860=IFCDIRECTION((0.,1.,0.));
#5861=IFCDIRECTION((0.,0.,1.));
#5862=IFCAXIS2PLACEMENT3D(#5859,#5860,#5861);
#5863=IFCLOCALPLACEMENT(#25,#5862);
#5864=IFCDIRECTION((0.,0.,1.));
#5865=IFCDIRECTION((1.,0.,0.));
#5866=IFCAXIS2PLACEMENT3D(#7,#5864,#5865);
#5867=IFCDIRECTION((0.,0.,1.));
#5868=IFCEXTRUDEDAREASOLID(#40,#5866,#5867,10000.);
#5869=IFCSHAPEREPRESENTATION(#13,'Body','SweptSolid',(#5868));
#5870=IFCCARTESIANPOINT((0.,0.,0.));
#5871=IFCCARTESIANPOINT((0.,0.,10000.));
#5872=IFCPOLYLINE((#5870,#5871));
#5873=IFCSHAPEREPRESENTATION(#14,'Axis','Curve3D',(#5872));
#5874=IFCPRODUCTDEFINITIONSHAPE($,$,(#5873,#5869));
#5875=IFCBEAM('3fwDg61RH4qxGBFilEC$gM',#19,'TM-3','IPR 356x171',$,#5863,#5874,$,$);
#5876=IFCRELASSOCIATESMATERIAL('1WZOEmqCb5IRx47P8VIy_Y',#19,$,$,(#5875),#30);
#5877=IFCPROPERTYSINGLEVALUE('Familia',$,IFCLABEL('Vigas/ties laminadas'),$);
#5878=IFCPROPERTYSINGLEVALUE('Perfil',$,IFCLABEL('IPR 356x171'),$);
#5879=IFCPROPERTYSINGLEVALUE('Marca',$,IFCLABEL('TM-3'),$);
#5880=IFCPROPERTYSINGLEVALUE('HH_ton_taller',$,IFCREAL(20.),$);
#5881=IFCPROPERTYSINGLEVALUE('Longitud_m',$,IFCREAL(10.),$);
#5882=IFCPROPERTYSET('1eX3d9wwj4284F1YxysU9l',#19,'Pset_METALITEC',$,(#5877,#5878,#5879,#5880,#5881));
#5883=IFCRELDEFINESBYPROPERTIES('26qhO6ZHP27vhdFLBeLPxt',#19,$,$,(#5875),#5882);
#5884=IFCCARTESIANPOINT((12800.,130000.,14000.));
#5885=IFCDIRECTION((0.,1.,0.));
#5886=IFCDIRECTION((0.,0.,1.));
#5887=IFCAXIS2PLACEMENT3D(#5884,#5885,#5886);
#5888=IFCLOCALPLACEMENT(#25,#5887);
#5889=IFCDIRECTION((0.,0.,1.));
#5890=IFCDIRECTION((1.,0.,0.));
#5891=IFCAXIS2PLACEMENT3D(#7,#5889,#5890);
#5892=IFCDIRECTION((0.,0.,1.));
#5893=IFCEXTRUDEDAREASOLID(#40,#5891,#5892,10000.);
#5894=IFCSHAPEREPRESENTATION(#13,'Body','SweptSolid',(#5893));
#5895=IFCCARTESIANPOINT((0.,0.,0.));
#5896=IFCCARTESIANPOINT((0.,0.,10000.));
#5897=IFCPOLYLINE((#5895,#5896));
#5898=IFCSHAPEREPRESENTATION(#14,'Axis','Curve3D',(#5897));
#5899=IFCPRODUCTDEFINITIONSHAPE($,$,(#5898,#5894));
#5900=IFCBEAM('0wb$L4JoTABuOp21iLy$Lm',#19,'TM-3','IPR 356x171',$,#5888,#5899,$,$);
#5901=IFCRELASSOCIATESMATERIAL('3c2a4ziWPFluTWrfjRnIUa',#19,$,$,(#5900),#30);
#5902=IFCPROPERTYSINGLEVALUE('Familia',$,IFCLABEL('Vigas/ties laminadas'),$);
#5903=IFCPROPERTYSINGLEVALUE('Perfil',$,IFCLABEL('IPR 356x171'),$);
#5904=IFCPROPERTYSINGLEVALUE('Marca',$,IFCLABEL('TM-3'),$);
#5905=IFCPROPERTYSINGLEVALUE('HH_ton_taller',$,IFCREAL(20.),$);
#5906=IFCPROPERTYSINGLEVALUE('Longitud_m',$,IFCREAL(10.),$);
#5907=IFCPROPERTYSET('11aGLBqdf628Ist9l8Ra20',#19,'Pset_METALITEC',$,(#5902,#5903,#5904,#5905,#5906));
#5908=IFCRELDEFINESBYPROPERTIES('1IZ22yjTP6HehN$i9BgHWq',#19,$,$,(#5900),#5907);
#5909=IFCCARTESIANPOINT((12800.,140000.,14000.));
#5910=IFCDIRECTION((0.,1.,0.));
#5911=IFCDIRECTION((0.,0.,1.));
#5912=IFCAXIS2PLACEMENT3D(#5909,#5910,#5911);
#5913=IFCLOCALPLACEMENT(#25,#5912);
#5914=IFCDIRECTION((0.,0.,1.));
#5915=IFCDIRECTION((1.,0.,0.));
#5916=IFCAXIS2PLACEMENT3D(#7,#5914,#5915);
#5917=IFCDIRECTION((0.,0.,1.));
#5918=IFCEXTRUDEDAREASOLID(#40,#5916,#5917,9500.);
#5919=IFCSHAPEREPRESENTATION(#13,'Body','SweptSolid',(#5918));
#5920=IFCCARTESIANPOINT((0.,0.,0.));
#5921=IFCCARTESIANPOINT((0.,0.,9500.));
#5922=IFCPOLYLINE((#5920,#5921));
#5923=IFCSHAPEREPRESENTATION(#14,'Axis','Curve3D',(#5922));
#5924=IFCPRODUCTDEFINITIONSHAPE($,$,(#5923,#5919));
#5925=IFCBEAM('3k2eqBdeD89fWb4B$RNm4h',#19,'TM-3','IPR 356x171',$,#5913,#5924,$,$);
#5926=IFCRELASSOCIATESMATERIAL('3YFZO3Lm93$8KvsNys6JLg',#19,$,$,(#5925),#30);
#5927=IFCPROPERTYSINGLEVALUE('Familia',$,IFCLABEL('Vigas/ties laminadas'),$);
#5928=IFCPROPERTYSINGLEVALUE('Perfil',$,IFCLABEL('IPR 356x171'),$);
#5929=IFCPROPERTYSINGLEVALUE('Marca',$,IFCLABEL('TM-3'),$);
#5930=IFCPROPERTYSINGLEVALUE('HH_ton_taller',$,IFCREAL(20.),$);
#5931=IFCPROPERTYSINGLEVALUE('Longitud_m',$,IFCREAL(9.5),$);
#5932=IFCPROPERTYSET('064ztP$a94CuAMdxbchtNW',#19,'Pset_METALITEC',$,(#5927,#5928,#5929,#5930,#5931));
#5933=IFCRELDEFINESBYPROPERTIES('0OuierSoL3LA3DZ18Y1iSn',#19,$,$,(#5925),#5932);
#5934=IFCCARTESIANPOINT((38400.,0.,14000.));
#5935=IFCDIRECTION((0.,1.,0.));
#5936=IFCDIRECTION((0.,0.,1.));
#5937=IFCAXIS2PLACEMENT3D(#5934,#5935,#5936);
#5938=IFCLOCALPLACEMENT(#25,#5937);
#5939=IFCDIRECTION((0.,0.,1.));
#5940=IFCDIRECTION((1.,0.,0.));
#5941=IFCAXIS2PLACEMENT3D(#7,#5939,#5940);
#5942=IFCDIRECTION((0.,0.,1.));
#5943=IFCEXTRUDEDAREASOLID(#40,#5941,#5942,10000.);
#5944=IFCSHAPEREPRESENTATION(#13,'Body','SweptSolid',(#5943));
#5945=IFCCARTESIANPOINT((0.,0.,0.));
#5946=IFCCARTESIANPOINT((0.,0.,10000.));
#5947=IFCPOLYLINE((#5945,#5946));
#5948=IFCSHAPEREPRESENTATION(#14,'Axis','Curve3D',(#5947));
#5949=IFCPRODUCTDEFINITIONSHAPE($,$,(#5948,#5944));
#5950=IFCBEAM('2QpaVfN1D8HvGOAmG5kvG5',#19,'TM-3','IPR 356x171',$,#5938,#5949,$,$);
#5951=IFCRELASSOCIATESMATERIAL('2UKrn6ZQb1fQg32mXpiW7G',#19,$,$,(#5950),#30);
#5952=IFCPROPERTYSINGLEVALUE('Familia',$,IFCLABEL('Vigas/ties laminadas'),$);
#5953=IFCPROPERTYSINGLEVALUE('Perfil',$,IFCLABEL('IPR 356x171'),$);
#5954=IFCPROPERTYSINGLEVALUE('Marca',$,IFCLABEL('TM-3'),$);
#5955=IFCPROPERTYSINGLEVALUE('HH_ton_taller',$,IFCREAL(20.),$);
#5956=IFCPROPERTYSINGLEVALUE('Longitud_m',$,IFCREAL(10.),$);
#5957=IFCPROPERTYSET('0TBOKLxgb5Se6hr7Ir1orX',#19,'Pset_METALITEC',$,(#5952,#5953,#5954,#5955,#5956));
#5958=IFCRELDEFINESBYPROPERTIES('1Ajse0FHD5K8AmbAkw5ISU',#19,$,$,(#5950),#5957);
#5959=IFCCARTESIANPOINT((38400.,10000.,14000.));
#5960=IFCDIRECTION((0.,1.,0.));
#5961=IFCDIRECTION((0.,0.,1.));
#5962=IFCAXIS2PLACEMENT3D(#5959,#5960,#5961);
#5963=IFCLOCALPLACEMENT(#25,#5962);
#5964=IFCDIRECTION((0.,0.,1.));
#5965=IFCDIRECTION((1.,0.,0.));
#5966=IFCAXIS2PLACEMENT3D(#7,#5964,#5965);
#5967=IFCDIRECTION((0.,0.,1.));
#5968=IFCEXTRUDEDAREASOLID(#40,#5966,#5967,10000.);
#5969=IFCSHAPEREPRESENTATION(#13,'Body','SweptSolid',(#5968));
#5970=IFCCARTESIANPOINT((0.,0.,0.));
#5971=IFCCARTESIANPOINT((0.,0.,10000.));
#5972=IFCPOLYLINE((#5970,#5971));
#5973=IFCSHAPEREPRESENTATION(#14,'Axis','Curve3D',(#5972));
#5974=IFCPRODUCTDEFINITIONSHAPE($,$,(#5973,#5969));
#5975=IFCBEAM('05bUeOD_jD0eF0U5sPw8QY',#19,'TM-3','IPR 356x171',$,#5963,#5974,$,$);
#5976=IFCRELASSOCIATESMATERIAL('1ENizePhT9hOwxYcXkS_5W',#19,$,$,(#5975),#30);
#5977=IFCPROPERTYSINGLEVALUE('Familia',$,IFCLABEL('Vigas/ties laminadas'),$);
#5978=IFCPROPERTYSINGLEVALUE('Perfil',$,IFCLABEL('IPR 356x171'),$);
#5979=IFCPROPERTYSINGLEVALUE('Marca',$,IFCLABEL('TM-3'),$);
#5980=IFCPROPERTYSINGLEVALUE('HH_ton_taller',$,IFCREAL(20.),$);
#5981=IFCPROPERTYSINGLEVALUE('Longitud_m',$,IFCREAL(10.),$);
#5982=IFCPROPERTYSET('1MQQZZ3zD58ApzvWM51aVk',#19,'Pset_METALITEC',$,(#5977,#5978,#5979,#5980,#5981));
#5983=IFCRELDEFINESBYPROPERTIES('1NHM5hSA55mwLj0P7Y$8J8',#19,$,$,(#5975),#5982);
#5984=IFCCARTESIANPOINT((38400.,20000.,14000.));
#5985=IFCDIRECTION((0.,1.,0.));
#5986=IFCDIRECTION((0.,0.,1.));
#5987=IFCAXIS2PLACEMENT3D(#5984,#5985,#5986);
#5988=IFCLOCALPLACEMENT(#25,#5987);
#5989=IFCDIRECTION((0.,0.,1.));
#5990=IFCDIRECTION((1.,0.,0.));
#5991=IFCAXIS2PLACEMENT3D(#7,#5989,#5990);
#5992=IFCDIRECTION((0.,0.,1.));
#5993=IFCEXTRUDEDAREASOLID(#40,#5991,#5992,10000.);
#5994=IFCSHAPEREPRESENTATION(#13,'Body','SweptSolid',(#5993));
#5995=IFCCARTESIANPOINT((0.,0.,0.));
#5996=IFCCARTESIANPOINT((0.,0.,10000.));
#5997=IFCPOLYLINE((#5995,#5996));
#5998=IFCSHAPEREPRESENTATION(#14,'Axis','Curve3D',(#5997));
#5999=IFCPRODUCTDEFINITIONSHAPE($,$,(#5998,#5994));
#6000=IFCBEAM('3WJ_Zq2L9CQQTu6oX84G2m',#19,'TM-3','IPR 356x171',$,#5988,#5999,$,$);
#6001=IFCRELASSOCIATESMATERIAL('18Dt2bAAXBEQP5ljut0Xg9',#19,$,$,(#6000),#30);
#6002=IFCPROPERTYSINGLEVALUE('Familia',$,IFCLABEL('Vigas/ties laminadas'),$);
#6003=IFCPROPERTYSINGLEVALUE('Perfil',$,IFCLABEL('IPR 356x171'),$);
#6004=IFCPROPERTYSINGLEVALUE('Marca',$,IFCLABEL('TM-3'),$);
#6005=IFCPROPERTYSINGLEVALUE('HH_ton_taller',$,IFCREAL(20.),$);
#6006=IFCPROPERTYSINGLEVALUE('Longitud_m',$,IFCREAL(10.),$);
#6007=IFCPROPERTYSET('1v_Vy$uwL7Xh0wuG5NWyMr',#19,'Pset_METALITEC',$,(#6002,#6003,#6004,#6005,#6006));
#6008=IFCRELDEFINESBYPROPERTIES('3mgD7pAZXEPgTkTuee_sff',#19,$,$,(#6000),#6007);
#6009=IFCCARTESIANPOINT((38400.,30000.,14000.));
#6010=IFCDIRECTION((0.,1.,0.));
#6011=IFCDIRECTION((0.,0.,1.));
#6012=IFCAXIS2PLACEMENT3D(#6009,#6010,#6011);
#6013=IFCLOCALPLACEMENT(#25,#6012);
#6014=IFCDIRECTION((0.,0.,1.));
#6015=IFCDIRECTION((1.,0.,0.));
#6016=IFCAXIS2PLACEMENT3D(#7,#6014,#6015);
#6017=IFCDIRECTION((0.,0.,1.));
#6018=IFCEXTRUDEDAREASOLID(#40,#6016,#6017,10000.);
#6019=IFCSHAPEREPRESENTATION(#13,'Body','SweptSolid',(#6018));
#6020=IFCCARTESIANPOINT((0.,0.,0.));
#6021=IFCCARTESIANPOINT((0.,0.,10000.));
#6022=IFCPOLYLINE((#6020,#6021));
#6023=IFCSHAPEREPRESENTATION(#14,'Axis','Curve3D',(#6022));
#6024=IFCPRODUCTDEFINITIONSHAPE($,$,(#6023,#6019));
#6025=IFCBEAM('3R89nMq4X0shhVQPS95GAi',#19,'TM-3','IPR 356x171',$,#6013,#6024,$,$);
#6026=IFCRELASSOCIATESMATERIAL('3af9Gx1_zBNAWnqXhcHd9i',#19,$,$,(#6025),#30);
#6027=IFCPROPERTYSINGLEVALUE('Familia',$,IFCLABEL('Vigas/ties laminadas'),$);
#6028=IFCPROPERTYSINGLEVALUE('Perfil',$,IFCLABEL('IPR 356x171'),$);
#6029=IFCPROPERTYSINGLEVALUE('Marca',$,IFCLABEL('TM-3'),$);
#6030=IFCPROPERTYSINGLEVALUE('HH_ton_taller',$,IFCREAL(20.),$);
#6031=IFCPROPERTYSINGLEVALUE('Longitud_m',$,IFCREAL(10.),$);
#6032=IFCPROPERTYSET('0zftg6Ar91Awp$QD0QVxSr',#19,'Pset_METALITEC',$,(#6027,#6028,#6029,#6030,#6031));
#6033=IFCRELDEFINESBYPROPERTIES('0KS1ytYg5DsurK46FN4J70',#19,$,$,(#6025),#6032);
#6034=IFCCARTESIANPOINT((38400.,40000.,14000.));
#6035=IFCDIRECTION((0.,1.,0.));
#6036=IFCDIRECTION((0.,0.,1.));
#6037=IFCAXIS2PLACEMENT3D(#6034,#6035,#6036);
#6038=IFCLOCALPLACEMENT(#25,#6037);
#6039=IFCDIRECTION((0.,0.,1.));
#6040=IFCDIRECTION((1.,0.,0.));
#6041=IFCAXIS2PLACEMENT3D(#7,#6039,#6040);
#6042=IFCDIRECTION((0.,0.,1.));
#6043=IFCEXTRUDEDAREASOLID(#40,#6041,#6042,10000.);
#6044=IFCSHAPEREPRESENTATION(#13,'Body','SweptSolid',(#6043));
#6045=IFCCARTESIANPOINT((0.,0.,0.));
#6046=IFCCARTESIANPOINT((0.,0.,10000.));
#6047=IFCPOLYLINE((#6045,#6046));
#6048=IFCSHAPEREPRESENTATION(#14,'Axis','Curve3D',(#6047));
#6049=IFCPRODUCTDEFINITIONSHAPE($,$,(#6048,#6044));
#6050=IFCBEAM('0rPYsoIeD5qfZ68uxVPkmf',#19,'TM-3','IPR 356x171',$,#6038,#6049,$,$);
#6051=IFCRELASSOCIATESMATERIAL('3J88J5ttL6dRVK00cDkfQP',#19,$,$,(#6050),#30);
#6052=IFCPROPERTYSINGLEVALUE('Familia',$,IFCLABEL('Vigas/ties laminadas'),$);
#6053=IFCPROPERTYSINGLEVALUE('Perfil',$,IFCLABEL('IPR 356x171'),$);
#6054=IFCPROPERTYSINGLEVALUE('Marca',$,IFCLABEL('TM-3'),$);
#6055=IFCPROPERTYSINGLEVALUE('HH_ton_taller',$,IFCREAL(20.),$);
#6056=IFCPROPERTYSINGLEVALUE('Longitud_m',$,IFCREAL(10.),$);
#6057=IFCPROPERTYSET('1_lEbDZwLDFACnXNe_9jwW',#19,'Pset_METALITEC',$,(#6052,#6053,#6054,#6055,#6056));
#6058=IFCRELDEFINESBYPROPERTIES('0YXjAeZWf3eQSBJ7cMHzco',#19,$,$,(#6050),#6057);
#6059=IFCCARTESIANPOINT((38400.,50000.,14000.));
#6060=IFCDIRECTION((0.,1.,0.));
#6061=IFCDIRECTION((0.,0.,1.));
#6062=IFCAXIS2PLACEMENT3D(#6059,#6060,#6061);
#6063=IFCLOCALPLACEMENT(#25,#6062);
#6064=IFCDIRECTION((0.,0.,1.));
#6065=IFCDIRECTION((1.,0.,0.));
#6066=IFCAXIS2PLACEMENT3D(#7,#6064,#6065);
#6067=IFCDIRECTION((0.,0.,1.));
#6068=IFCEXTRUDEDAREASOLID(#40,#6066,#6067,10000.);
#6069=IFCSHAPEREPRESENTATION(#13,'Body','SweptSolid',(#6068));
#6070=IFCCARTESIANPOINT((0.,0.,0.));
#6071=IFCCARTESIANPOINT((0.,0.,10000.));
#6072=IFCPOLYLINE((#6070,#6071));
#6073=IFCSHAPEREPRESENTATION(#14,'Axis','Curve3D',(#6072));
#6074=IFCPRODUCTDEFINITIONSHAPE($,$,(#6073,#6069));
#6075=IFCBEAM('0N_T$B5k94T87tCTp8Xje9',#19,'TM-3','IPR 356x171',$,#6063,#6074,$,$);
#6076=IFCRELASSOCIATESMATERIAL('3Vm6_sMCTC1eOHFc_$pC_Q',#19,$,$,(#6075),#30);
#6077=IFCPROPERTYSINGLEVALUE('Familia',$,IFCLABEL('Vigas/ties laminadas'),$);
#6078=IFCPROPERTYSINGLEVALUE('Perfil',$,IFCLABEL('IPR 356x171'),$);
#6079=IFCPROPERTYSINGLEVALUE('Marca',$,IFCLABEL('TM-3'),$);
#6080=IFCPROPERTYSINGLEVALUE('HH_ton_taller',$,IFCREAL(20.),$);
#6081=IFCPROPERTYSINGLEVALUE('Longitud_m',$,IFCREAL(10.),$);
#6082=IFCPROPERTYSET('1QGWQngUn1afzS_r8_qE3X',#19,'Pset_METALITEC',$,(#6077,#6078,#6079,#6080,#6081));
#6083=IFCRELDEFINESBYPROPERTIES('2NtIfga216KOjBRRsYmnIL',#19,$,$,(#6075),#6082);
#6084=IFCCARTESIANPOINT((38400.,60000.,14000.));
#6085=IFCDIRECTION((0.,1.,0.));
#6086=IFCDIRECTION((0.,0.,1.));
#6087=IFCAXIS2PLACEMENT3D(#6084,#6085,#6086);
#6088=IFCLOCALPLACEMENT(#25,#6087);
#6089=IFCDIRECTION((0.,0.,1.));
#6090=IFCDIRECTION((1.,0.,0.));
#6091=IFCAXIS2PLACEMENT3D(#7,#6089,#6090);
#6092=IFCDIRECTION((0.,0.,1.));
#6093=IFCEXTRUDEDAREASOLID(#40,#6091,#6092,10000.);
#6094=IFCSHAPEREPRESENTATION(#13,'Body','SweptSolid',(#6093));
#6095=IFCCARTESIANPOINT((0.,0.,0.));
#6096=IFCCARTESIANPOINT((0.,0.,10000.));
#6097=IFCPOLYLINE((#6095,#6096));
#6098=IFCSHAPEREPRESENTATION(#14,'Axis','Curve3D',(#6097));
#6099=IFCPRODUCTDEFINITIONSHAPE($,$,(#6098,#6094));
#6100=IFCBEAM('1sS1YdwAvBqeu9HEGNZG$x',#19,'TM-3','IPR 356x171',$,#6088,#6099,$,$);
#6101=IFCRELASSOCIATESMATERIAL('1wZUMB4l1AcRnTrRlyuZK$',#19,$,$,(#6100),#30);
#6102=IFCPROPERTYSINGLEVALUE('Familia',$,IFCLABEL('Vigas/ties laminadas'),$);
#6103=IFCPROPERTYSINGLEVALUE('Perfil',$,IFCLABEL('IPR 356x171'),$);
#6104=IFCPROPERTYSINGLEVALUE('Marca',$,IFCLABEL('TM-3'),$);
#6105=IFCPROPERTYSINGLEVALUE('HH_ton_taller',$,IFCREAL(20.),$);
#6106=IFCPROPERTYSINGLEVALUE('Longitud_m',$,IFCREAL(10.),$);
#6107=IFCPROPERTYSET('1eHYWj42L7a9jEyW2FIPoG',#19,'Pset_METALITEC',$,(#6102,#6103,#6104,#6105,#6106));
#6108=IFCRELDEFINESBYPROPERTIES('12NjG6CuD6APv4t7x20mYg',#19,$,$,(#6100),#6107);
#6109=IFCCARTESIANPOINT((38400.,70000.,14000.));
#6110=IFCDIRECTION((0.,1.,0.));
#6111=IFCDIRECTION((0.,0.,1.));
#6112=IFCAXIS2PLACEMENT3D(#6109,#6110,#6111);
#6113=IFCLOCALPLACEMENT(#25,#6112);
#6114=IFCDIRECTION((0.,0.,1.));
#6115=IFCDIRECTION((1.,0.,0.));
#6116=IFCAXIS2PLACEMENT3D(#7,#6114,#6115);
#6117=IFCDIRECTION((0.,0.,1.));
#6118=IFCEXTRUDEDAREASOLID(#40,#6116,#6117,10000.);
#6119=IFCSHAPEREPRESENTATION(#13,'Body','SweptSolid',(#6118));
#6120=IFCCARTESIANPOINT((0.,0.,0.));
#6121=IFCCARTESIANPOINT((0.,0.,10000.));
#6122=IFCPOLYLINE((#6120,#6121));
#6123=IFCSHAPEREPRESENTATION(#14,'Axis','Curve3D',(#6122));
#6124=IFCPRODUCTDEFINITIONSHAPE($,$,(#6123,#6119));
#6125=IFCBEAM('1vHIUpQzr6mQDySUN1vVrk',#19,'TM-3','IPR 356x171',$,#6113,#6124,$,$);
#6126=IFCRELASSOCIATESMATERIAL('0vQU4E9wjFPxdl4jPa_uaG',#19,$,$,(#6125),#30);
#6127=IFCPROPERTYSINGLEVALUE('Familia',$,IFCLABEL('Vigas/ties laminadas'),$);
#6128=IFCPROPERTYSINGLEVALUE('Perfil',$,IFCLABEL('IPR 356x171'),$);
#6129=IFCPROPERTYSINGLEVALUE('Marca',$,IFCLABEL('TM-3'),$);
#6130=IFCPROPERTYSINGLEVALUE('HH_ton_taller',$,IFCREAL(20.),$);
#6131=IFCPROPERTYSINGLEVALUE('Longitud_m',$,IFCREAL(10.),$);
#6132=IFCPROPERTYSET('37mQaxT0v67RftcGkupMy6',#19,'Pset_METALITEC',$,(#6127,#6128,#6129,#6130,#6131));
#6133=IFCRELDEFINESBYPROPERTIES('387qbiXtf6U8Cq$QtoIRch',#19,$,$,(#6125),#6132);
#6134=IFCCARTESIANPOINT((38400.,80000.,14000.));
#6135=IFCDIRECTION((0.,1.,0.));
#6136=IFCDIRECTION((0.,0.,1.));
#6137=IFCAXIS2PLACEMENT3D(#6134,#6135,#6136);
#6138=IFCLOCALPLACEMENT(#25,#6137);
#6139=IFCDIRECTION((0.,0.,1.));
#6140=IFCDIRECTION((1.,0.,0.));
#6141=IFCAXIS2PLACEMENT3D(#7,#6139,#6140);
#6142=IFCDIRECTION((0.,0.,1.));
#6143=IFCEXTRUDEDAREASOLID(#40,#6141,#6142,10000.);
#6144=IFCSHAPEREPRESENTATION(#13,'Body','SweptSolid',(#6143));
#6145=IFCCARTESIANPOINT((0.,0.,0.));
#6146=IFCCARTESIANPOINT((0.,0.,10000.));
#6147=IFCPOLYLINE((#6145,#6146));
#6148=IFCSHAPEREPRESENTATION(#14,'Axis','Curve3D',(#6147));
#6149=IFCPRODUCTDEFINITIONSHAPE($,$,(#6148,#6144));
#6150=IFCBEAM('2o3FIOSBPECg29K7jJ6C5t',#19,'TM-3','IPR 356x171',$,#6138,#6149,$,$);
#6151=IFCRELASSOCIATESMATERIAL('0pde7CkFH2qAYJbYbXJ7GU',#19,$,$,(#6150),#30);
#6152=IFCPROPERTYSINGLEVALUE('Familia',$,IFCLABEL('Vigas/ties laminadas'),$);
#6153=IFCPROPERTYSINGLEVALUE('Perfil',$,IFCLABEL('IPR 356x171'),$);
#6154=IFCPROPERTYSINGLEVALUE('Marca',$,IFCLABEL('TM-3'),$);
#6155=IFCPROPERTYSINGLEVALUE('HH_ton_taller',$,IFCREAL(20.),$);
#6156=IFCPROPERTYSINGLEVALUE('Longitud_m',$,IFCREAL(10.),$);
#6157=IFCPROPERTYSET('03GfmU1mX6kgl_KV297dWq',#19,'Pset_METALITEC',$,(#6152,#6153,#6154,#6155,#6156));
#6158=IFCRELDEFINESBYPROPERTIES('0mL5vYq853jAE$HkaO2S0E',#19,$,$,(#6150),#6157);
#6159=IFCCARTESIANPOINT((38400.,90000.,14000.));
#6160=IFCDIRECTION((0.,1.,0.));
#6161=IFCDIRECTION((0.,0.,1.));
#6162=IFCAXIS2PLACEMENT3D(#6159,#6160,#6161);
#6163=IFCLOCALPLACEMENT(#25,#6162);
#6164=IFCDIRECTION((0.,0.,1.));
#6165=IFCDIRECTION((1.,0.,0.));
#6166=IFCAXIS2PLACEMENT3D(#7,#6164,#6165);
#6167=IFCDIRECTION((0.,0.,1.));
#6168=IFCEXTRUDEDAREASOLID(#40,#6166,#6167,10000.);
#6169=IFCSHAPEREPRESENTATION(#13,'Body','SweptSolid',(#6168));
#6170=IFCCARTESIANPOINT((0.,0.,0.));
#6171=IFCCARTESIANPOINT((0.,0.,10000.));
#6172=IFCPOLYLINE((#6170,#6171));
#6173=IFCSHAPEREPRESENTATION(#14,'Axis','Curve3D',(#6172));
#6174=IFCPRODUCTDEFINITIONSHAPE($,$,(#6173,#6169));
#6175=IFCBEAM('1yLqYU9mXEPR4lMz48odJX',#19,'TM-3','IPR 356x171',$,#6163,#6174,$,$);
#6176=IFCRELASSOCIATESMATERIAL('33sztdcf91M9tyMMTAiWU0',#19,$,$,(#6175),#30);
#6177=IFCPROPERTYSINGLEVALUE('Familia',$,IFCLABEL('Vigas/ties laminadas'),$);
#6178=IFCPROPERTYSINGLEVALUE('Perfil',$,IFCLABEL('IPR 356x171'),$);
#6179=IFCPROPERTYSINGLEVALUE('Marca',$,IFCLABEL('TM-3'),$);
#6180=IFCPROPERTYSINGLEVALUE('HH_ton_taller',$,IFCREAL(20.),$);
#6181=IFCPROPERTYSINGLEVALUE('Longitud_m',$,IFCREAL(10.),$);
#6182=IFCPROPERTYSET('2N1CyaCYz0$wtldt0HAMyV',#19,'Pset_METALITEC',$,(#6177,#6178,#6179,#6180,#6181));
#6183=IFCRELDEFINESBYPROPERTIES('2HDknuljr4egyDXhiQjEf2',#19,$,$,(#6175),#6182);
#6184=IFCCARTESIANPOINT((38400.,100000.,14000.));
#6185=IFCDIRECTION((0.,1.,0.));
#6186=IFCDIRECTION((0.,0.,1.));
#6187=IFCAXIS2PLACEMENT3D(#6184,#6185,#6186);
#6188=IFCLOCALPLACEMENT(#25,#6187);
#6189=IFCDIRECTION((0.,0.,1.));
#6190=IFCDIRECTION((1.,0.,0.));
#6191=IFCAXIS2PLACEMENT3D(#7,#6189,#6190);
#6192=IFCDIRECTION((0.,0.,1.));
#6193=IFCEXTRUDEDAREASOLID(#40,#6191,#6192,10000.);
#6194=IFCSHAPEREPRESENTATION(#13,'Body','SweptSolid',(#6193));
#6195=IFCCARTESIANPOINT((0.,0.,0.));
#6196=IFCCARTESIANPOINT((0.,0.,10000.));
#6197=IFCPOLYLINE((#6195,#6196));
#6198=IFCSHAPEREPRESENTATION(#14,'Axis','Curve3D',(#6197));
#6199=IFCPRODUCTDEFINITIONSHAPE($,$,(#6198,#6194));
#6200=IFCBEAM('11$s1ZB3b1$BcSzALAYYuZ',#19,'TM-3','IPR 356x171',$,#6188,#6199,$,$);
#6201=IFCRELASSOCIATESMATERIAL('1MUfpn_WzBIRUrJO7q4E$0',#19,$,$,(#6200),#30);
#6202=IFCPROPERTYSINGLEVALUE('Familia',$,IFCLABEL('Vigas/ties laminadas'),$);
#6203=IFCPROPERTYSINGLEVALUE('Perfil',$,IFCLABEL('IPR 356x171'),$);
#6204=IFCPROPERTYSINGLEVALUE('Marca',$,IFCLABEL('TM-3'),$);
#6205=IFCPROPERTYSINGLEVALUE('HH_ton_taller',$,IFCREAL(20.),$);
#6206=IFCPROPERTYSINGLEVALUE('Longitud_m',$,IFCREAL(10.),$);
#6207=IFCPROPERTYSET('30Gb65Exr3BfAtNLkR04DM',#19,'Pset_METALITEC',$,(#6202,#6203,#6204,#6205,#6206));
#6208=IFCRELDEFINESBYPROPERTIES('0jXylaLwPECPrKUUadgf4y',#19,$,$,(#6200),#6207);
#6209=IFCCARTESIANPOINT((38400.,110000.,14000.));
#6210=IFCDIRECTION((0.,1.,0.));
#6211=IFCDIRECTION((0.,0.,1.));
#6212=IFCAXIS2PLACEMENT3D(#6209,#6210,#6211);
#6213=IFCLOCALPLACEMENT(#25,#6212);
#6214=IFCDIRECTION((0.,0.,1.));
#6215=IFCDIRECTION((1.,0.,0.));
#6216=IFCAXIS2PLACEMENT3D(#7,#6214,#6215);
#6217=IFCDIRECTION((0.,0.,1.));
#6218=IFCEXTRUDEDAREASOLID(#40,#6216,#6217,10000.);
#6219=IFCSHAPEREPRESENTATION(#13,'Body','SweptSolid',(#6218));
#6220=IFCCARTESIANPOINT((0.,0.,0.));
#6221=IFCCARTESIANPOINT((0.,0.,10000.));
#6222=IFCPOLYLINE((#6220,#6221));
#6223=IFCSHAPEREPRESENTATION(#14,'Axis','Curve3D',(#6222));
#6224=IFCPRODUCTDEFINITIONSHAPE($,$,(#6223,#6219));
#6225=IFCBEAM('2jJyAzOY11VwTEkYAq7zVr',#19,'TM-3','IPR 356x171',$,#6213,#6224,$,$);
#6226=IFCRELASSOCIATESMATERIAL('0WOhOXJ99FufuY32589zvs',#19,$,$,(#6225),#30);
#6227=IFCPROPERTYSINGLEVALUE('Familia',$,IFCLABEL('Vigas/ties laminadas'),$);
#6228=IFCPROPERTYSINGLEVALUE('Perfil',$,IFCLABEL('IPR 356x171'),$);
#6229=IFCPROPERTYSINGLEVALUE('Marca',$,IFCLABEL('TM-3'),$);
#6230=IFCPROPERTYSINGLEVALUE('HH_ton_taller',$,IFCREAL(20.),$);
#6231=IFCPROPERTYSINGLEVALUE('Longitud_m',$,IFCREAL(10.),$);
#6232=IFCPROPERTYSET('10CpW$MBv6$Rh6LuWNHYNI',#19,'Pset_METALITEC',$,(#6227,#6228,#6229,#6230,#6231));
#6233=IFCRELDEFINESBYPROPERTIES('36VSg4j5LFvOby$_vfauS5',#19,$,$,(#6225),#6232);
#6234=IFCCARTESIANPOINT((38400.,120000.,14000.));
#6235=IFCDIRECTION((0.,1.,0.));
#6236=IFCDIRECTION((0.,0.,1.));
#6237=IFCAXIS2PLACEMENT3D(#6234,#6235,#6236);
#6238=IFCLOCALPLACEMENT(#25,#6237);
#6239=IFCDIRECTION((0.,0.,1.));
#6240=IFCDIRECTION((1.,0.,0.));
#6241=IFCAXIS2PLACEMENT3D(#7,#6239,#6240);
#6242=IFCDIRECTION((0.,0.,1.));
#6243=IFCEXTRUDEDAREASOLID(#40,#6241,#6242,10000.);
#6244=IFCSHAPEREPRESENTATION(#13,'Body','SweptSolid',(#6243));
#6245=IFCCARTESIANPOINT((0.,0.,0.));
#6246=IFCCARTESIANPOINT((0.,0.,10000.));
#6247=IFCPOLYLINE((#6245,#6246));
#6248=IFCSHAPEREPRESENTATION(#14,'Axis','Curve3D',(#6247));
#6249=IFCPRODUCTDEFINITIONSHAPE($,$,(#6248,#6244));
#6250=IFCBEAM('2VSMK0L215tfiw8llBXxGs',#19,'TM-3','IPR 356x171',$,#6238,#6249,$,$);
#6251=IFCRELASSOCIATESMATERIAL('3h2b6Kxlz4Wxk5CPfvFRMR',#19,$,$,(#6250),#30);
#6252=IFCPROPERTYSINGLEVALUE('Familia',$,IFCLABEL('Vigas/ties laminadas'),$);
#6253=IFCPROPERTYSINGLEVALUE('Perfil',$,IFCLABEL('IPR 356x171'),$);
#6254=IFCPROPERTYSINGLEVALUE('Marca',$,IFCLABEL('TM-3'),$);
#6255=IFCPROPERTYSINGLEVALUE('HH_ton_taller',$,IFCREAL(20.),$);
#6256=IFCPROPERTYSINGLEVALUE('Longitud_m',$,IFCREAL(10.),$);
#6257=IFCPROPERTYSET('0wBgqVXEv5txmKcO86SJ_B',#19,'Pset_METALITEC',$,(#6252,#6253,#6254,#6255,#6256));
#6258=IFCRELDEFINESBYPROPERTIES('2DK120Yev6JQCqEifGtAaW',#19,$,$,(#6250),#6257);
#6259=IFCCARTESIANPOINT((38400.,130000.,14000.));
#6260=IFCDIRECTION((0.,1.,0.));
#6261=IFCDIRECTION((0.,0.,1.));
#6262=IFCAXIS2PLACEMENT3D(#6259,#6260,#6261);
#6263=IFCLOCALPLACEMENT(#25,#6262);
#6264=IFCDIRECTION((0.,0.,1.));
#6265=IFCDIRECTION((1.,0.,0.));
#6266=IFCAXIS2PLACEMENT3D(#7,#6264,#6265);
#6267=IFCDIRECTION((0.,0.,1.));
#6268=IFCEXTRUDEDAREASOLID(#40,#6266,#6267,10000.);
#6269=IFCSHAPEREPRESENTATION(#13,'Body','SweptSolid',(#6268));
#6270=IFCCARTESIANPOINT((0.,0.,0.));
#6271=IFCCARTESIANPOINT((0.,0.,10000.));
#6272=IFCPOLYLINE((#6270,#6271));
#6273=IFCSHAPEREPRESENTATION(#14,'Axis','Curve3D',(#6272));
#6274=IFCPRODUCTDEFINITIONSHAPE($,$,(#6273,#6269));
#6275=IFCBEAM('1HclUQlNT2N92Eer4w1KnP',#19,'TM-3','IPR 356x171',$,#6263,#6274,$,$);
#6276=IFCRELASSOCIATESMATERIAL('3yqWJldG98GftzVv0ZIuhh',#19,$,$,(#6275),#30);
#6277=IFCPROPERTYSINGLEVALUE('Familia',$,IFCLABEL('Vigas/ties laminadas'),$);
#6278=IFCPROPERTYSINGLEVALUE('Perfil',$,IFCLABEL('IPR 356x171'),$);
#6279=IFCPROPERTYSINGLEVALUE('Marca',$,IFCLABEL('TM-3'),$);
#6280=IFCPROPERTYSINGLEVALUE('HH_ton_taller',$,IFCREAL(20.),$);
#6281=IFCPROPERTYSINGLEVALUE('Longitud_m',$,IFCREAL(10.),$);
#6282=IFCPROPERTYSET('3Xmq7aH45DMORtei9W3$jC',#19,'Pset_METALITEC',$,(#6277,#6278,#6279,#6280,#6281));
#6283=IFCRELDEFINESBYPROPERTIES('2fUPXBpazC4usc8J7ZY88x',#19,$,$,(#6275),#6282);
#6284=IFCCARTESIANPOINT((38400.,140000.,14000.));
#6285=IFCDIRECTION((0.,1.,0.));
#6286=IFCDIRECTION((0.,0.,1.));
#6287=IFCAXIS2PLACEMENT3D(#6284,#6285,#6286);
#6288=IFCLOCALPLACEMENT(#25,#6287);
#6289=IFCDIRECTION((0.,0.,1.));
#6290=IFCDIRECTION((1.,0.,0.));
#6291=IFCAXIS2PLACEMENT3D(#7,#6289,#6290);
#6292=IFCDIRECTION((0.,0.,1.));
#6293=IFCEXTRUDEDAREASOLID(#40,#6291,#6292,9500.);
#6294=IFCSHAPEREPRESENTATION(#13,'Body','SweptSolid',(#6293));
#6295=IFCCARTESIANPOINT((0.,0.,0.));
#6296=IFCCARTESIANPOINT((0.,0.,9500.));
#6297=IFCPOLYLINE((#6295,#6296));
#6298=IFCSHAPEREPRESENTATION(#14,'Axis','Curve3D',(#6297));
#6299=IFCPRODUCTDEFINITIONSHAPE($,$,(#6298,#6294));
#6300=IFCBEAM('3bS596ZQb9kxYZpyWZpdN9',#19,'TM-3','IPR 356x171',$,#6288,#6299,$,$);
#6301=IFCRELASSOCIATESMATERIAL('2$h83uf2f6aAAEei$iRuiW',#19,$,$,(#6300),#30);
#6302=IFCPROPERTYSINGLEVALUE('Familia',$,IFCLABEL('Vigas/ties laminadas'),$);
#6303=IFCPROPERTYSINGLEVALUE('Perfil',$,IFCLABEL('IPR 356x171'),$);
#6304=IFCPROPERTYSINGLEVALUE('Marca',$,IFCLABEL('TM-3'),$);
#6305=IFCPROPERTYSINGLEVALUE('HH_ton_taller',$,IFCREAL(20.),$);
#6306=IFCPROPERTYSINGLEVALUE('Longitud_m',$,IFCREAL(9.5),$);
#6307=IFCPROPERTYSET('1YcTcXahL6$9oXMQhk0kdz',#19,'Pset_METALITEC',$,(#6302,#6303,#6304,#6305,#6306));
#6308=IFCRELDEFINESBYPROPERTIES('0qbm3PYkr6AuJSneNPIh$x',#19,$,$,(#6300),#6307);
#6309=IFCCARTESIANPOINT((64000.,0.,14000.));
#6310=IFCDIRECTION((0.,1.,0.));
#6311=IFCDIRECTION((0.,0.,1.));
#6312=IFCAXIS2PLACEMENT3D(#6309,#6310,#6311);
#6313=IFCLOCALPLACEMENT(#25,#6312);
#6314=IFCDIRECTION((0.,0.,1.));
#6315=IFCDIRECTION((1.,0.,0.));
#6316=IFCAXIS2PLACEMENT3D(#7,#6314,#6315);
#6317=IFCDIRECTION((0.,0.,1.));
#6318=IFCEXTRUDEDAREASOLID(#40,#6316,#6317,10000.);
#6319=IFCSHAPEREPRESENTATION(#13,'Body','SweptSolid',(#6318));
#6320=IFCCARTESIANPOINT((0.,0.,0.));
#6321=IFCCARTESIANPOINT((0.,0.,10000.));
#6322=IFCPOLYLINE((#6320,#6321));
#6323=IFCSHAPEREPRESENTATION(#14,'Axis','Curve3D',(#6322));
#6324=IFCPRODUCTDEFINITIONSHAPE($,$,(#6323,#6319));
#6325=IFCBEAM('0EekWtmpL8mugJoGc0n4l4',#19,'TM-3','IPR 356x171',$,#6313,#6324,$,$);
#6326=IFCRELASSOCIATESMATERIAL('0bs7zr_XDEXhQdq58MJnUH',#19,$,$,(#6325),#30);
#6327=IFCPROPERTYSINGLEVALUE('Familia',$,IFCLABEL('Vigas/ties laminadas'),$);
#6328=IFCPROPERTYSINGLEVALUE('Perfil',$,IFCLABEL('IPR 356x171'),$);
#6329=IFCPROPERTYSINGLEVALUE('Marca',$,IFCLABEL('TM-3'),$);
#6330=IFCPROPERTYSINGLEVALUE('HH_ton_taller',$,IFCREAL(20.),$);
#6331=IFCPROPERTYSINGLEVALUE('Longitud_m',$,IFCREAL(10.),$);
#6332=IFCPROPERTYSET('100AxuXon9OwATNvYuJpeM',#19,'Pset_METALITEC',$,(#6327,#6328,#6329,#6330,#6331));
#6333=IFCRELDEFINESBYPROPERTIES('0jj2deoSjErPFiASwVwzNz',#19,$,$,(#6325),#6332);
#6334=IFCCARTESIANPOINT((64000.,10000.,14000.));
#6335=IFCDIRECTION((0.,1.,0.));
#6336=IFCDIRECTION((0.,0.,1.));
#6337=IFCAXIS2PLACEMENT3D(#6334,#6335,#6336);
#6338=IFCLOCALPLACEMENT(#25,#6337);
#6339=IFCDIRECTION((0.,0.,1.));
#6340=IFCDIRECTION((1.,0.,0.));
#6341=IFCAXIS2PLACEMENT3D(#7,#6339,#6340);
#6342=IFCDIRECTION((0.,0.,1.));
#6343=IFCEXTRUDEDAREASOLID(#40,#6341,#6342,10000.);
#6344=IFCSHAPEREPRESENTATION(#13,'Body','SweptSolid',(#6343));
#6345=IFCCARTESIANPOINT((0.,0.,0.));
#6346=IFCCARTESIANPOINT((0.,0.,10000.));
#6347=IFCPOLYLINE((#6345,#6346));
#6348=IFCSHAPEREPRESENTATION(#14,'Axis','Curve3D',(#6347));
#6349=IFCPRODUCTDEFINITIONSHAPE($,$,(#6348,#6344));
#6350=IFCBEAM('2k2rUdEeH1RON7iTyDNS3d',#19,'TM-3','IPR 356x171',$,#6338,#6349,$,$);
#6351=IFCRELASSOCIATESMATERIAL('0dZM$h9ZX9K8z8esnvt0C0',#19,$,$,(#6350),#30);
#6352=IFCPROPERTYSINGLEVALUE('Familia',$,IFCLABEL('Vigas/ties laminadas'),$);
#6353=IFCPROPERTYSINGLEVALUE('Perfil',$,IFCLABEL('IPR 356x171'),$);
#6354=IFCPROPERTYSINGLEVALUE('Marca',$,IFCLABEL('TM-3'),$);
#6355=IFCPROPERTYSINGLEVALUE('HH_ton_taller',$,IFCREAL(20.),$);
#6356=IFCPROPERTYSINGLEVALUE('Longitud_m',$,IFCREAL(10.),$);
#6357=IFCPROPERTYSET('2QNTLc9oP1oQebZopkq1F3',#19,'Pset_METALITEC',$,(#6352,#6353,#6354,#6355,#6356));
#6358=IFCRELDEFINESBYPROPERTIES('2NhcloR7j5sx2E43ThVfQa',#19,$,$,(#6350),#6357);
#6359=IFCCARTESIANPOINT((64000.,20000.,14000.));
#6360=IFCDIRECTION((0.,1.,0.));
#6361=IFCDIRECTION((0.,0.,1.));
#6362=IFCAXIS2PLACEMENT3D(#6359,#6360,#6361);
#6363=IFCLOCALPLACEMENT(#25,#6362);
#6364=IFCDIRECTION((0.,0.,1.));
#6365=IFCDIRECTION((1.,0.,0.));
#6366=IFCAXIS2PLACEMENT3D(#7,#6364,#6365);
#6367=IFCDIRECTION((0.,0.,1.));
#6368=IFCEXTRUDEDAREASOLID(#40,#6366,#6367,10000.);
#6369=IFCSHAPEREPRESENTATION(#13,'Body','SweptSolid',(#6368));
#6370=IFCCARTESIANPOINT((0.,0.,0.));
#6371=IFCCARTESIANPOINT((0.,0.,10000.));
#6372=IFCPOLYLINE((#6370,#6371));
#6373=IFCSHAPEREPRESENTATION(#14,'Axis','Curve3D',(#6372));
#6374=IFCPRODUCTDEFINITIONSHAPE($,$,(#6373,#6369));
#6375=IFCBEAM('0usJEfPuX8QffrSogvGaxe',#19,'TM-3','IPR 356x171',$,#6363,#6374,$,$);
#6376=IFCRELASSOCIATESMATERIAL('3oqfRTu2X278FNIh3XkPCR',#19,$,$,(#6375),#30);
#6377=IFCPROPERTYSINGLEVALUE('Familia',$,IFCLABEL('Vigas/ties laminadas'),$);
#6378=IFCPROPERTYSINGLEVALUE('Perfil',$,IFCLABEL('IPR 356x171'),$);
#6379=IFCPROPERTYSINGLEVALUE('Marca',$,IFCLABEL('TM-3'),$);
#6380=IFCPROPERTYSINGLEVALUE('HH_ton_taller',$,IFCREAL(20.),$);
#6381=IFCPROPERTYSINGLEVALUE('Longitud_m',$,IFCREAL(10.),$);
#6382=IFCPROPERTYSET('3a8v7zzAX7gPz6WsXPp8EQ',#19,'Pset_METALITEC',$,(#6377,#6378,#6379,#6380,#6381));
#6383=IFCRELDEFINESBYPROPERTIES('1XAcsgpV58M9PCNfFS0gDJ',#19,$,$,(#6375),#6382);
#6384=IFCCARTESIANPOINT((64000.,30000.,14000.));
#6385=IFCDIRECTION((0.,1.,0.));
#6386=IFCDIRECTION((0.,0.,1.));
#6387=IFCAXIS2PLACEMENT3D(#6384,#6385,#6386);
#6388=IFCLOCALPLACEMENT(#25,#6387);
#6389=IFCDIRECTION((0.,0.,1.));
#6390=IFCDIRECTION((1.,0.,0.));
#6391=IFCAXIS2PLACEMENT3D(#7,#6389,#6390);
#6392=IFCDIRECTION((0.,0.,1.));
#6393=IFCEXTRUDEDAREASOLID(#40,#6391,#6392,10000.);
#6394=IFCSHAPEREPRESENTATION(#13,'Body','SweptSolid',(#6393));
#6395=IFCCARTESIANPOINT((0.,0.,0.));
#6396=IFCCARTESIANPOINT((0.,0.,10000.));
#6397=IFCPOLYLINE((#6395,#6396));
#6398=IFCSHAPEREPRESENTATION(#14,'Axis','Curve3D',(#6397));
#6399=IFCPRODUCTDEFINITIONSHAPE($,$,(#6398,#6394));
#6400=IFCBEAM('0OjD5k9GvBFfhNDu3I2Zvv',#19,'TM-3','IPR 356x171',$,#6388,#6399,$,$);
#6401=IFCRELASSOCIATESMATERIAL('0MoTNYFkX6Pf3VltLan$NU',#19,$,$,(#6400),#30);
#6402=IFCPROPERTYSINGLEVALUE('Familia',$,IFCLABEL('Vigas/ties laminadas'),$);
#6403=IFCPROPERTYSINGLEVALUE('Perfil',$,IFCLABEL('IPR 356x171'),$);
#6404=IFCPROPERTYSINGLEVALUE('Marca',$,IFCLABEL('TM-3'),$);
#6405=IFCPROPERTYSINGLEVALUE('HH_ton_taller',$,IFCREAL(20.),$);
#6406=IFCPROPERTYSINGLEVALUE('Longitud_m',$,IFCREAL(10.),$);
#6407=IFCPROPERTYSET('2_H6r3e8T6yxcZeClw_9G_',#19,'Pset_METALITEC',$,(#6402,#6403,#6404,#6405,#6406));
#6408=IFCRELDEFINESBYPROPERTIES('21USEBzKT04h6TTQlcJzX2',#19,$,$,(#6400),#6407);
#6409=IFCCARTESIANPOINT((64000.,40000.,14000.));
#6410=IFCDIRECTION((0.,1.,0.));
#6411=IFCDIRECTION((0.,0.,1.));
#6412=IFCAXIS2PLACEMENT3D(#6409,#6410,#6411);
#6413=IFCLOCALPLACEMENT(#25,#6412);
#6414=IFCDIRECTION((0.,0.,1.));
#6415=IFCDIRECTION((1.,0.,0.));
#6416=IFCAXIS2PLACEMENT3D(#7,#6414,#6415);
#6417=IFCDIRECTION((0.,0.,1.));
#6418=IFCEXTRUDEDAREASOLID(#40,#6416,#6417,10000.);
#6419=IFCSHAPEREPRESENTATION(#13,'Body','SweptSolid',(#6418));
#6420=IFCCARTESIANPOINT((0.,0.,0.));
#6421=IFCCARTESIANPOINT((0.,0.,10000.));
#6422=IFCPOLYLINE((#6420,#6421));
#6423=IFCSHAPEREPRESENTATION(#14,'Axis','Curve3D',(#6422));
#6424=IFCPRODUCTDEFINITIONSHAPE($,$,(#6423,#6419));
#6425=IFCBEAM('3yu7kCaRTDmhGVnmbbDvTq',#19,'TM-3','IPR 356x171',$,#6413,#6424,$,$);
#6426=IFCRELASSOCIATESMATERIAL('3hRKFGLyH5wez4CWa7agUb',#19,$,$,(#6425),#30);
#6427=IFCPROPERTYSINGLEVALUE('Familia',$,IFCLABEL('Vigas/ties laminadas'),$);
#6428=IFCPROPERTYSINGLEVALUE('Perfil',$,IFCLABEL('IPR 356x171'),$);
#6429=IFCPROPERTYSINGLEVALUE('Marca',$,IFCLABEL('TM-3'),$);
#6430=IFCPROPERTYSINGLEVALUE('HH_ton_taller',$,IFCREAL(20.),$);
#6431=IFCPROPERTYSINGLEVALUE('Longitud_m',$,IFCREAL(10.),$);
#6432=IFCPROPERTYSET('1In1RFTVTC0R24ygCayQU7',#19,'Pset_METALITEC',$,(#6427,#6428,#6429,#6430,#6431));
#6433=IFCRELDEFINESBYPROPERTIES('1lYCuCI_f4ue3oOAg7sQ$H',#19,$,$,(#6425),#6432);
#6434=IFCCARTESIANPOINT((64000.,50000.,14000.));
#6435=IFCDIRECTION((0.,1.,0.));
#6436=IFCDIRECTION((0.,0.,1.));
#6437=IFCAXIS2PLACEMENT3D(#6434,#6435,#6436);
#6438=IFCLOCALPLACEMENT(#25,#6437);
#6439=IFCDIRECTION((0.,0.,1.));
#6440=IFCDIRECTION((1.,0.,0.));
#6441=IFCAXIS2PLACEMENT3D(#7,#6439,#6440);
#6442=IFCDIRECTION((0.,0.,1.));
#6443=IFCEXTRUDEDAREASOLID(#40,#6441,#6442,10000.);
#6444=IFCSHAPEREPRESENTATION(#13,'Body','SweptSolid',(#6443));
#6445=IFCCARTESIANPOINT((0.,0.,0.));
#6446=IFCCARTESIANPOINT((0.,0.,10000.));
#6447=IFCPOLYLINE((#6445,#6446));
#6448=IFCSHAPEREPRESENTATION(#14,'Axis','Curve3D',(#6447));
#6449=IFCPRODUCTDEFINITIONSHAPE($,$,(#6448,#6444));
#6450=IFCBEAM('0rCBXo8Fz8Ch6UshplFvqk',#19,'TM-3','IPR 356x171',$,#6438,#6449,$,$);
#6451=IFCRELASSOCIATESMATERIAL('1CG9CvmlXEdeZmuMhbCEwN',#19,$,$,(#6450),#30);
#6452=IFCPROPERTYSINGLEVALUE('Familia',$,IFCLABEL('Vigas/ties laminadas'),$);
#6453=IFCPROPERTYSINGLEVALUE('Perfil',$,IFCLABEL('IPR 356x171'),$);
#6454=IFCPROPERTYSINGLEVALUE('Marca',$,IFCLABEL('TM-3'),$);
#6455=IFCPROPERTYSINGLEVALUE('HH_ton_taller',$,IFCREAL(20.),$);
#6456=IFCPROPERTYSINGLEVALUE('Longitud_m',$,IFCREAL(10.),$);
#6457=IFCPROPERTYSET('3AyiEJLszDMe_LHRpOigB6',#19,'Pset_METALITEC',$,(#6452,#6453,#6454,#6455,#6456));
#6458=IFCRELDEFINESBYPROPERTIES('1miaOyDsz8Lh$RELd9Aibk',#19,$,$,(#6450),#6457);
#6459=IFCCARTESIANPOINT((64000.,60000.,14000.));
#6460=IFCDIRECTION((0.,1.,0.));
#6461=IFCDIRECTION((0.,0.,1.));
#6462=IFCAXIS2PLACEMENT3D(#6459,#6460,#6461);
#6463=IFCLOCALPLACEMENT(#25,#6462);
#6464=IFCDIRECTION((0.,0.,1.));
#6465=IFCDIRECTION((1.,0.,0.));
#6466=IFCAXIS2PLACEMENT3D(#7,#6464,#6465);
#6467=IFCDIRECTION((0.,0.,1.));
#6468=IFCEXTRUDEDAREASOLID(#40,#6466,#6467,10000.);
#6469=IFCSHAPEREPRESENTATION(#13,'Body','SweptSolid',(#6468));
#6470=IFCCARTESIANPOINT((0.,0.,0.));
#6471=IFCCARTESIANPOINT((0.,0.,10000.));
#6472=IFCPOLYLINE((#6470,#6471));
#6473=IFCSHAPEREPRESENTATION(#14,'Axis','Curve3D',(#6472));
#6474=IFCPRODUCTDEFINITIONSHAPE($,$,(#6473,#6469));
#6475=IFCBEAM('0spRgTWs9AfPmFX0t1Efp7',#19,'TM-3','IPR 356x171',$,#6463,#6474,$,$);
#6476=IFCRELASSOCIATESMATERIAL('3kx2oyx7f8k9998Bn7JV5F',#19,$,$,(#6475),#30);
#6477=IFCPROPERTYSINGLEVALUE('Familia',$,IFCLABEL('Vigas/ties laminadas'),$);
#6478=IFCPROPERTYSINGLEVALUE('Perfil',$,IFCLABEL('IPR 356x171'),$);
#6479=IFCPROPERTYSINGLEVALUE('Marca',$,IFCLABEL('TM-3'),$);
#6480=IFCPROPERTYSINGLEVALUE('HH_ton_taller',$,IFCREAL(20.),$);
#6481=IFCPROPERTYSINGLEVALUE('Longitud_m',$,IFCREAL(10.),$);
#6482=IFCPROPERTYSET('3MZof7mcLB_RSfBYDcw3C$',#19,'Pset_METALITEC',$,(#6477,#6478,#6479,#6480,#6481));
#6483=IFCRELDEFINESBYPROPERTIES('0FnOOLNWf1PuPTSpg1GiaL',#19,$,$,(#6475),#6482);
#6484=IFCCARTESIANPOINT((64000.,70000.,14000.));
#6485=IFCDIRECTION((0.,1.,0.));
#6486=IFCDIRECTION((0.,0.,1.));
#6487=IFCAXIS2PLACEMENT3D(#6484,#6485,#6486);
#6488=IFCLOCALPLACEMENT(#25,#6487);
#6489=IFCDIRECTION((0.,0.,1.));
#6490=IFCDIRECTION((1.,0.,0.));
#6491=IFCAXIS2PLACEMENT3D(#7,#6489,#6490);
#6492=IFCDIRECTION((0.,0.,1.));
#6493=IFCEXTRUDEDAREASOLID(#40,#6491,#6492,10000.);
#6494=IFCSHAPEREPRESENTATION(#13,'Body','SweptSolid',(#6493));
#6495=IFCCARTESIANPOINT((0.,0.,0.));
#6496=IFCCARTESIANPOINT((0.,0.,10000.));
#6497=IFCPOLYLINE((#6495,#6496));
#6498=IFCSHAPEREPRESENTATION(#14,'Axis','Curve3D',(#6497));
#6499=IFCPRODUCTDEFINITIONSHAPE($,$,(#6498,#6494));
#6500=IFCBEAM('1UbZAOk0rBg9SnUbrDze$E',#19,'TM-3','IPR 356x171',$,#6488,#6499,$,$);
#6501=IFCRELASSOCIATESMATERIAL('3STyIP9pL52P8yL0p1LYIl',#19,$,$,(#6500),#30);
#6502=IFCPROPERTYSINGLEVALUE('Familia',$,IFCLABEL('Vigas/ties laminadas'),$);
#6503=IFCPROPERTYSINGLEVALUE('Perfil',$,IFCLABEL('IPR 356x171'),$);
#6504=IFCPROPERTYSINGLEVALUE('Marca',$,IFCLABEL('TM-3'),$);
#6505=IFCPROPERTYSINGLEVALUE('HH_ton_taller',$,IFCREAL(20.),$);
#6506=IFCPROPERTYSINGLEVALUE('Longitud_m',$,IFCREAL(10.),$);
#6507=IFCPROPERTYSET('0eEw$cQLf6X9nybltAhgBK',#19,'Pset_METALITEC',$,(#6502,#6503,#6504,#6505,#6506));
#6508=IFCRELDEFINESBYPROPERTIES('0oUwO1IS96OQb0IuHXEVyM',#19,$,$,(#6500),#6507);
#6509=IFCCARTESIANPOINT((64000.,80000.,14000.));
#6510=IFCDIRECTION((0.,1.,0.));
#6511=IFCDIRECTION((0.,0.,1.));
#6512=IFCAXIS2PLACEMENT3D(#6509,#6510,#6511);
#6513=IFCLOCALPLACEMENT(#25,#6512);
#6514=IFCDIRECTION((0.,0.,1.));
#6515=IFCDIRECTION((1.,0.,0.));
#6516=IFCAXIS2PLACEMENT3D(#7,#6514,#6515);
#6517=IFCDIRECTION((0.,0.,1.));
#6518=IFCEXTRUDEDAREASOLID(#40,#6516,#6517,10000.);
#6519=IFCSHAPEREPRESENTATION(#13,'Body','SweptSolid',(#6518));
#6520=IFCCARTESIANPOINT((0.,0.,0.));
#6521=IFCCARTESIANPOINT((0.,0.,10000.));
#6522=IFCPOLYLINE((#6520,#6521));
#6523=IFCSHAPEREPRESENTATION(#14,'Axis','Curve3D',(#6522));
#6524=IFCPRODUCTDEFINITIONSHAPE($,$,(#6523,#6519));
#6525=IFCBEAM('1z26eqHMn18eYCkPjXXpmR',#19,'TM-3','IPR 356x171',$,#6513,#6524,$,$);
#6526=IFCRELASSOCIATESMATERIAL('0_f5FyEjjDS9nYiXPltwTS',#19,$,$,(#6525),#30);
#6527=IFCPROPERTYSINGLEVALUE('Familia',$,IFCLABEL('Vigas/ties laminadas'),$);
#6528=IFCPROPERTYSINGLEVALUE('Perfil',$,IFCLABEL('IPR 356x171'),$);
#6529=IFCPROPERTYSINGLEVALUE('Marca',$,IFCLABEL('TM-3'),$);
#6530=IFCPROPERTYSINGLEVALUE('HH_ton_taller',$,IFCREAL(20.),$);
#6531=IFCPROPERTYSINGLEVALUE('Longitud_m',$,IFCREAL(10.),$);
#6532=IFCPROPERTYSET('0GgOPxbUbAJQF_voQgzmUx',#19,'Pset_METALITEC',$,(#6527,#6528,#6529,#6530,#6531));
#6533=IFCRELDEFINESBYPROPERTIES('11jW3ZvnjBM9NReTBnSHnk',#19,$,$,(#6525),#6532);
#6534=IFCCARTESIANPOINT((64000.,90000.,14000.));
#6535=IFCDIRECTION((0.,1.,0.));
#6536=IFCDIRECTION((0.,0.,1.));
#6537=IFCAXIS2PLACEMENT3D(#6534,#6535,#6536);
#6538=IFCLOCALPLACEMENT(#25,#6537);
#6539=IFCDIRECTION((0.,0.,1.));
#6540=IFCDIRECTION((1.,0.,0.));
#6541=IFCAXIS2PLACEMENT3D(#7,#6539,#6540);
#6542=IFCDIRECTION((0.,0.,1.));
#6543=IFCEXTRUDEDAREASOLID(#40,#6541,#6542,10000.);
#6544=IFCSHAPEREPRESENTATION(#13,'Body','SweptSolid',(#6543));
#6545=IFCCARTESIANPOINT((0.,0.,0.));
#6546=IFCCARTESIANPOINT((0.,0.,10000.));
#6547=IFCPOLYLINE((#6545,#6546));
#6548=IFCSHAPEREPRESENTATION(#14,'Axis','Curve3D',(#6547));
#6549=IFCPRODUCTDEFINITIONSHAPE($,$,(#6548,#6544));
#6550=IFCBEAM('2$tiISk2b8JfL6jZG1Qp9v',#19,'TM-3','IPR 356x171',$,#6538,#6549,$,$);
#6551=IFCRELASSOCIATESMATERIAL('0Zf9sa1xb3ixo574qpwXzZ',#19,$,$,(#6550),#30);
#6552=IFCPROPERTYSINGLEVALUE('Familia',$,IFCLABEL('Vigas/ties laminadas'),$);
#6553=IFCPROPERTYSINGLEVALUE('Perfil',$,IFCLABEL('IPR 356x171'),$);
#6554=IFCPROPERTYSINGLEVALUE('Marca',$,IFCLABEL('TM-3'),$);
#6555=IFCPROPERTYSINGLEVALUE('HH_ton_taller',$,IFCREAL(20.),$);
#6556=IFCPROPERTYSINGLEVALUE('Longitud_m',$,IFCREAL(10.),$);
#6557=IFCPROPERTYSET('3MAmz_s$H6k8tnM19204gV',#19,'Pset_METALITEC',$,(#6552,#6553,#6554,#6555,#6556));
#6558=IFCRELDEFINESBYPROPERTIES('3JHwwflKr9wxa_nft3sXyJ',#19,$,$,(#6550),#6557);
#6559=IFCCARTESIANPOINT((64000.,100000.,14000.));
#6560=IFCDIRECTION((0.,1.,0.));
#6561=IFCDIRECTION((0.,0.,1.));
#6562=IFCAXIS2PLACEMENT3D(#6559,#6560,#6561);
#6563=IFCLOCALPLACEMENT(#25,#6562);
#6564=IFCDIRECTION((0.,0.,1.));
#6565=IFCDIRECTION((1.,0.,0.));
#6566=IFCAXIS2PLACEMENT3D(#7,#6564,#6565);
#6567=IFCDIRECTION((0.,0.,1.));
#6568=IFCEXTRUDEDAREASOLID(#40,#6566,#6567,10000.);
#6569=IFCSHAPEREPRESENTATION(#13,'Body','SweptSolid',(#6568));
#6570=IFCCARTESIANPOINT((0.,0.,0.));
#6571=IFCCARTESIANPOINT((0.,0.,10000.));
#6572=IFCPOLYLINE((#6570,#6571));
#6573=IFCSHAPEREPRESENTATION(#14,'Axis','Curve3D',(#6572));
#6574=IFCPRODUCTDEFINITIONSHAPE($,$,(#6573,#6569));
#6575=IFCBEAM('1OWTe2onn7PvAtE2M0r4f1',#19,'TM-3','IPR 356x171',$,#6563,#6574,$,$);
#6576=IFCRELASSOCIATESMATERIAL('20zeKfAY5A_xe2P0HSEBFl',#19,$,$,(#6575),#30);
#6577=IFCPROPERTYSINGLEVALUE('Familia',$,IFCLABEL('Vigas/ties laminadas'),$);
#6578=IFCPROPERTYSINGLEVALUE('Perfil',$,IFCLABEL('IPR 356x171'),$);
#6579=IFCPROPERTYSINGLEVALUE('Marca',$,IFCLABEL('TM-3'),$);
#6580=IFCPROPERTYSINGLEVALUE('HH_ton_taller',$,IFCREAL(20.),$);
#6581=IFCPROPERTYSINGLEVALUE('Longitud_m',$,IFCREAL(10.),$);
#6582=IFCPROPERTYSET('3G$9pofU5F98s8Jf4ipvfN',#19,'Pset_METALITEC',$,(#6577,#6578,#6579,#6580,#6581));
#6583=IFCRELDEFINESBYPROPERTIES('01j_iQhP56ehrRq0dzY4L7',#19,$,$,(#6575),#6582);
#6584=IFCCARTESIANPOINT((64000.,110000.,14000.));
#6585=IFCDIRECTION((0.,1.,0.));
#6586=IFCDIRECTION((0.,0.,1.));
#6587=IFCAXIS2PLACEMENT3D(#6584,#6585,#6586);
#6588=IFCLOCALPLACEMENT(#25,#6587);
#6589=IFCDIRECTION((0.,0.,1.));
#6590=IFCDIRECTION((1.,0.,0.));
#6591=IFCAXIS2PLACEMENT3D(#7,#6589,#6590);
#6592=IFCDIRECTION((0.,0.,1.));
#6593=IFCEXTRUDEDAREASOLID(#40,#6591,#6592,10000.);
#6594=IFCSHAPEREPRESENTATION(#13,'Body','SweptSolid',(#6593));
#6595=IFCCARTESIANPOINT((0.,0.,0.));
#6596=IFCCARTESIANPOINT((0.,0.,10000.));
#6597=IFCPOLYLINE((#6595,#6596));
#6598=IFCSHAPEREPRESENTATION(#14,'Axis','Curve3D',(#6597));
#6599=IFCPRODUCTDEFINITIONSHAPE($,$,(#6598,#6594));
#6600=IFCBEAM('1H0AekXo99UAkiYnkBvBqI',#19,'TM-3','IPR 356x171',$,#6588,#6599,$,$);
#6601=IFCRELASSOCIATESMATERIAL('0bWXUF$5H9perChGIjSnpd',#19,$,$,(#6600),#30);
#6602=IFCPROPERTYSINGLEVALUE('Familia',$,IFCLABEL('Vigas/ties laminadas'),$);
#6603=IFCPROPERTYSINGLEVALUE('Perfil',$,IFCLABEL('IPR 356x171'),$);
#6604=IFCPROPERTYSINGLEVALUE('Marca',$,IFCLABEL('TM-3'),$);
#6605=IFCPROPERTYSINGLEVALUE('HH_ton_taller',$,IFCREAL(20.),$);
#6606=IFCPROPERTYSINGLEVALUE('Longitud_m',$,IFCREAL(10.),$);
#6607=IFCPROPERTYSET('0aLc3XGd15bwTioNP3URpw',#19,'Pset_METALITEC',$,(#6602,#6603,#6604,#6605,#6606));
#6608=IFCRELDEFINESBYPROPERTIES('21u6Qv9Mz5FuqjUrME1czH',#19,$,$,(#6600),#6607);
#6609=IFCCARTESIANPOINT((64000.,120000.,14000.));
#6610=IFCDIRECTION((0.,1.,0.));
#6611=IFCDIRECTION((0.,0.,1.));
#6612=IFCAXIS2PLACEMENT3D(#6609,#6610,#6611);
#6613=IFCLOCALPLACEMENT(#25,#6612);
#6614=IFCDIRECTION((0.,0.,1.));
#6615=IFCDIRECTION((1.,0.,0.));
#6616=IFCAXIS2PLACEMENT3D(#7,#6614,#6615);
#6617=IFCDIRECTION((0.,0.,1.));
#6618=IFCEXTRUDEDAREASOLID(#40,#6616,#6617,10000.);
#6619=IFCSHAPEREPRESENTATION(#13,'Body','SweptSolid',(#6618));
#6620=IFCCARTESIANPOINT((0.,0.,0.));
#6621=IFCCARTESIANPOINT((0.,0.,10000.));
#6622=IFCPOLYLINE((#6620,#6621));
#6623=IFCSHAPEREPRESENTATION(#14,'Axis','Curve3D',(#6622));
#6624=IFCPRODUCTDEFINITIONSHAPE($,$,(#6623,#6619));
#6625=IFCBEAM('2heOCpM81AZhQOJM8zL07I',#19,'TM-3','IPR 356x171',$,#6613,#6624,$,$);
#6626=IFCRELASSOCIATESMATERIAL('3NBqyPC5f4cxBB57_ZLlfO',#19,$,$,(#6625),#30);
#6627=IFCPROPERTYSINGLEVALUE('Familia',$,IFCLABEL('Vigas/ties laminadas'),$);
#6628=IFCPROPERTYSINGLEVALUE('Perfil',$,IFCLABEL('IPR 356x171'),$);
#6629=IFCPROPERTYSINGLEVALUE('Marca',$,IFCLABEL('TM-3'),$);
#6630=IFCPROPERTYSINGLEVALUE('HH_ton_taller',$,IFCREAL(20.),$);
#6631=IFCPROPERTYSINGLEVALUE('Longitud_m',$,IFCREAL(10.),$);
#6632=IFCPROPERTYSET('0WPyM56CjD_O5qeJuSK0f8',#19,'Pset_METALITEC',$,(#6627,#6628,#6629,#6630,#6631));
#6633=IFCRELDEFINESBYPROPERTIES('3GwqefM152N9Epyee2p5fP',#19,$,$,(#6625),#6632);
#6634=IFCCARTESIANPOINT((64000.,130000.,14000.));
#6635=IFCDIRECTION((0.,1.,0.));
#6636=IFCDIRECTION((0.,0.,1.));
#6637=IFCAXIS2PLACEMENT3D(#6634,#6635,#6636);
#6638=IFCLOCALPLACEMENT(#25,#6637);
#6639=IFCDIRECTION((0.,0.,1.));
#6640=IFCDIRECTION((1.,0.,0.));
#6641=IFCAXIS2PLACEMENT3D(#7,#6639,#6640);
#6642=IFCDIRECTION((0.,0.,1.));
#6643=IFCEXTRUDEDAREASOLID(#40,#6641,#6642,10000.);
#6644=IFCSHAPEREPRESENTATION(#13,'Body','SweptSolid',(#6643));
#6645=IFCCARTESIANPOINT((0.,0.,0.));
#6646=IFCCARTESIANPOINT((0.,0.,10000.));
#6647=IFCPOLYLINE((#6645,#6646));
#6648=IFCSHAPEREPRESENTATION(#14,'Axis','Curve3D',(#6647));
#6649=IFCPRODUCTDEFINITIONSHAPE($,$,(#6648,#6644));
#6650=IFCBEAM('2m1Ho56KL66gMo8rSXd61J',#19,'TM-3','IPR 356x171',$,#6638,#6649,$,$);
#6651=IFCRELASSOCIATESMATERIAL('2NK2qbZzb32hwHNfF2JiHP',#19,$,$,(#6650),#30);
#6652=IFCPROPERTYSINGLEVALUE('Familia',$,IFCLABEL('Vigas/ties laminadas'),$);
#6653=IFCPROPERTYSINGLEVALUE('Perfil',$,IFCLABEL('IPR 356x171'),$);
#6654=IFCPROPERTYSINGLEVALUE('Marca',$,IFCLABEL('TM-3'),$);
#6655=IFCPROPERTYSINGLEVALUE('HH_ton_taller',$,IFCREAL(20.),$);
#6656=IFCPROPERTYSINGLEVALUE('Longitud_m',$,IFCREAL(10.),$);
#6657=IFCPROPERTYSET('1UyQoq8R19XQWYzzM7rq22',#19,'Pset_METALITEC',$,(#6652,#6653,#6654,#6655,#6656));
#6658=IFCRELDEFINESBYPROPERTIES('0pZVKB03b5lO5l23RCjk1g',#19,$,$,(#6650),#6657);
#6659=IFCCARTESIANPOINT((64000.,140000.,14000.));
#6660=IFCDIRECTION((0.,1.,0.));
#6661=IFCDIRECTION((0.,0.,1.));
#6662=IFCAXIS2PLACEMENT3D(#6659,#6660,#6661);
#6663=IFCLOCALPLACEMENT(#25,#6662);
#6664=IFCDIRECTION((0.,0.,1.));
#6665=IFCDIRECTION((1.,0.,0.));
#6666=IFCAXIS2PLACEMENT3D(#7,#6664,#6665);
#6667=IFCDIRECTION((0.,0.,1.));
#6668=IFCEXTRUDEDAREASOLID(#40,#6666,#6667,9500.);
#6669=IFCSHAPEREPRESENTATION(#13,'Body','SweptSolid',(#6668));
#6670=IFCCARTESIANPOINT((0.,0.,0.));
#6671=IFCCARTESIANPOINT((0.,0.,9500.));
#6672=IFCPOLYLINE((#6670,#6671));
#6673=IFCSHAPEREPRESENTATION(#14,'Axis','Curve3D',(#6672));
#6674=IFCPRODUCTDEFINITIONSHAPE($,$,(#6673,#6669));
#6675=IFCBEAM('15ljUHrUj6kwokxWpZi1KM',#19,'TM-3','IPR 356x171',$,#6663,#6674,$,$);
#6676=IFCRELASSOCIATESMATERIAL('3cQOAnDPj4qf_3Mo4vtMnK',#19,$,$,(#6675),#30);
#6677=IFCPROPERTYSINGLEVALUE('Familia',$,IFCLABEL('Vigas/ties laminadas'),$);
#6678=IFCPROPERTYSINGLEVALUE('Perfil',$,IFCLABEL('IPR 356x171'),$);
#6679=IFCPROPERTYSINGLEVALUE('Marca',$,IFCLABEL('TM-3'),$);
#6680=IFCPROPERTYSINGLEVALUE('HH_ton_taller',$,IFCREAL(20.),$);
#6681=IFCPROPERTYSINGLEVALUE('Longitud_m',$,IFCREAL(9.5),$);
#6682=IFCPROPERTYSET('0qIOlFSlb4yQZHjFY3QiNw',#19,'Pset_METALITEC',$,(#6677,#6678,#6679,#6680,#6681));
#6683=IFCRELDEFINESBYPROPERTIES('340D$$3tjCwRYKEDITOFV3',#19,$,$,(#6675),#6682);
#6684=IFCCARTESIANPOINT((1163.6363636363637,0.,12063.636363636364));
#6685=IFCDIRECTION((0.,1.,0.));
#6686=IFCDIRECTION((0.,0.,1.));
#6687=IFCAXIS2PLACEMENT3D(#6684,#6685,#6686);
#6688=IFCLOCALPLACEMENT(#25,#6687);
#6689=IFCDIRECTION((0.,0.,1.));
#6690=IFCDIRECTION((1.,0.,0.));
#6691=IFCAXIS2PLACEMENT3D(#7,#6689,#6690);
#6692=IFCDIRECTION((0.,0.,1.));
#6693=IFCEXTRUDEDAREASOLID(#46,#6691,#6692,149500.);
#6694=IFCSHAPEREPRESENTATION(#13,'Body','SweptSolid',(#6693));
#6695=IFCCARTESIANPOINT((0.,0.,0.));
#6696=IFCCARTESIANPOINT((0.,0.,149500.));
#6697=IFCPOLYLINE((#6695,#6696));
#6698=IFCSHAPEREPRESENTATION(#14,'Axis','Curve3D',(#6697));
#6699=IFCPRODUCTDEFINITIONSHAPE($,$,(#6698,#6694));
#6700=IFCBEAM('0dgTnV05f3owAG1cY4pT77',#19,'LF-1','ORR 152x51x4.8',$,#6688,#6699,$,$);
#6701=IFCRELASSOCIATESMATERIAL('2HPI826DL578FB3EaPZbD8',#19,$,$,(#6700),#30);
#6702=IFCPROPERTYSINGLEVALUE('Familia',$,IFCLABEL('Largueros de cubierta'),$);
#6703=IFCPROPERTYSINGLEVALUE('Perfil',$,IFCLABEL('ORR 152x51x4.8'),$);
#6704=IFCPROPERTYSINGLEVALUE('Marca',$,IFCLABEL('LF-1'),$);
#6705=IFCPROPERTYSINGLEVALUE('HH_ton_taller',$,IFCREAL(15.),$);
#6706=IFCPROPERTYSINGLEVALUE('Longitud_m',$,IFCREAL(149.5),$);
#6707=IFCPROPERTYSET('0bIYrvKBT6S8YnquFVacHP',#19,'Pset_METALITEC',$,(#6702,#6703,#6704,#6705,#6706));
#6708=IFCRELDEFINESBYPROPERTIES('1aDnFjs8f7fg8dXpfmoHVl',#19,$,$,(#6700),#6707);
#6709=IFCCARTESIANPOINT((2327.2727272727275,0.,12257.272727272728));
#6710=IFCDIRECTION((0.,1.,0.));
#6711=IFCDIRECTION((0.,0.,1.));
#6712=IFCAXIS2PLACEMENT3D(#6709,#6710,#6711);
#6713=IFCLOCALPLACEMENT(#25,#6712);
#6714=IFCDIRECTION((0.,0.,1.));
#6715=IFCDIRECTION((1.,0.,0.));
#6716=IFCAXIS2PLACEMENT3D(#7,#6714,#6715);
#6717=IFCDIRECTION((0.,0.,1.));
#6718=IFCEXTRUDEDAREASOLID(#46,#6716,#6717,149500.);
#6719=IFCSHAPEREPRESENTATION(#13,'Body','SweptSolid',(#6718));
#6720=IFCCARTESIANPOINT((0.,0.,0.));
#6721=IFCCARTESIANPOINT((0.,0.,149500.));
#6722=IFCPOLYLINE((#6720,#6721));
#6723=IFCSHAPEREPRESENTATION(#14,'Axis','Curve3D',(#6722));
#6724=IFCPRODUCTDEFINITIONSHAPE($,$,(#6723,#6719));
#6725=IFCBEAM('2KKZXoV0T35wMTFWq07IJK',#19,'LF-1','ORR 152x51x4.8',$,#6713,#6724,$,$);
#6726=IFCRELASSOCIATESMATERIAL('0y1PI91av1S8PQF3QiDAzH',#19,$,$,(#6725),#30);
#6727=IFCPROPERTYSINGLEVALUE('Familia',$,IFCLABEL('Largueros de cubierta'),$);
#6728=IFCPROPERTYSINGLEVALUE('Perfil',$,IFCLABEL('ORR 152x51x4.8'),$);
#6729=IFCPROPERTYSINGLEVALUE('Marca',$,IFCLABEL('LF-1'),$);
#6730=IFCPROPERTYSINGLEVALUE('HH_ton_taller',$,IFCREAL(15.),$);
#6731=IFCPROPERTYSINGLEVALUE('Longitud_m',$,IFCREAL(149.5),$);
#6732=IFCPROPERTYSET('1sCydeXhPD7RSI4v1prBvc',#19,'Pset_METALITEC',$,(#6727,#6728,#6729,#6730,#6731));
#6733=IFCRELDEFINESBYPROPERTIES('1EoVJhOGLDYuqNh9WwR3bq',#19,$,$,(#6725),#6732);
#6734=IFCCARTESIANPOINT((3490.9090909090905,0.,12450.90909090909));
#6735=IFCDIRECTION((0.,1.,0.));
#6736=IFCDIRECTION((0.,0.,1.));
#6737=IFCAXIS2PLACEMENT3D(#6734,#6735,#6736);
#6738=IFCLOCALPLACEMENT(#25,#6737);
#6739=IFCDIRECTION((0.,0.,1.));
#6740=IFCDIRECTION((1.,0.,0.));
#6741=IFCAXIS2PLACEMENT3D(#7,#6739,#6740);
#6742=IFCDIRECTION((0.,0.,1.));
#6743=IFCEXTRUDEDAREASOLID(#46,#6741,#6742,149500.);
#6744=IFCSHAPEREPRESENTATION(#13,'Body','SweptSolid',(#6743));
#6745=IFCCARTESIANPOINT((0.,0.,0.));
#6746=IFCCARTESIANPOINT((0.,0.,149500.));
#6747=IFCPOLYLINE((#6745,#6746));
#6748=IFCSHAPEREPRESENTATION(#14,'Axis','Curve3D',(#6747));
#6749=IFCPRODUCTDEFINITIONSHAPE($,$,(#6748,#6744));
#6750=IFCBEAM('05NupOdJzCvu_BIfvlBu4d',#19,'LF-1','ORR 152x51x4.8',$,#6738,#6749,$,$);
#6751=IFCRELASSOCIATESMATERIAL('0kITngosr1PQjoERHDJVPr',#19,$,$,(#6750),#30);
#6752=IFCPROPERTYSINGLEVALUE('Familia',$,IFCLABEL('Largueros de cubierta'),$);
#6753=IFCPROPERTYSINGLEVALUE('Perfil',$,IFCLABEL('ORR 152x51x4.8'),$);
#6754=IFCPROPERTYSINGLEVALUE('Marca',$,IFCLABEL('LF-1'),$);
#6755=IFCPROPERTYSINGLEVALUE('HH_ton_taller',$,IFCREAL(15.),$);
#6756=IFCPROPERTYSINGLEVALUE('Longitud_m',$,IFCREAL(149.5),$);
#6757=IFCPROPERTYSET('2bbHCrQGzC1BXmQQsY3nNT',#19,'Pset_METALITEC',$,(#6752,#6753,#6754,#6755,#6756));
#6758=IFCRELDEFINESBYPROPERTIES('2SsRNmQPf57B02DnWuP0r0',#19,$,$,(#6750),#6757);
#6759=IFCCARTESIANPOINT((4654.545454545455,0.,12644.545454545454));
#6760=IFCDIRECTION((0.,1.,0.));
#6761=IFCDIRECTION((0.,0.,1.));
#6762=IFCAXIS2PLACEMENT3D(#6759,#6760,#6761);
#6763=IFCLOCALPLACEMENT(#25,#6762);
#6764=IFCDIRECTION((0.,0.,1.));
#6765=IFCDIRECTION((1.,0.,0.));
#6766=IFCAXIS2PLACEMENT3D(#7,#6764,#6765);
#6767=IFCDIRECTION((0.,0.,1.));
#6768=IFCEXTRUDEDAREASOLID(#46,#6766,#6767,149500.);
#6769=IFCSHAPEREPRESENTATION(#13,'Body','SweptSolid',(#6768));
#6770=IFCCARTESIANPOINT((0.,0.,0.));
#6771=IFCCARTESIANPOINT((0.,0.,149500.));
#6772=IFCPOLYLINE((#6770,#6771));
#6773=IFCSHAPEREPRESENTATION(#14,'Axis','Curve3D',(#6772));
#6774=IFCPRODUCTDEFINITIONSHAPE($,$,(#6773,#6769));
#6775=IFCBEAM('2Z0Ssvy4H81AZ0JYk2n5EX',#19,'LF-1','ORR 152x51x4.8',$,#6763,#6774,$,$);
#6776=IFCRELASSOCIATESMATERIAL('1GgwwJeIzBWBZVJbjDANhD',#19,$,$,(#6775),#30);
#6777=IFCPROPERTYSINGLEVALUE('Familia',$,IFCLABEL('Largueros de cubierta'),$);
#6778=IFCPROPERTYSINGLEVALUE('Perfil',$,IFCLABEL('ORR 152x51x4.8'),$);
#6779=IFCPROPERTYSINGLEVALUE('Marca',$,IFCLABEL('LF-1'),$);
#6780=IFCPROPERTYSINGLEVALUE('HH_ton_taller',$,IFCREAL(15.),$);
#6781=IFCPROPERTYSINGLEVALUE('Longitud_m',$,IFCREAL(149.5),$);
#6782=IFCPROPERTYSET('0beJjnPpLEjPOlJZepgVer',#19,'Pset_METALITEC',$,(#6777,#6778,#6779,#6780,#6781));
#6783=IFCRELDEFINESBYPROPERTIES('0_0Xq6ksbC1xIwfiAFHuRw',#19,$,$,(#6775),#6782);
#6784=IFCCARTESIANPOINT((5818.181818181818,0.,12838.181818181818));
#6785=IFCDIRECTION((0.,1.,0.));
#6786=IFCDIRECTION((0.,0.,1.));
#6787=IFCAXIS2PLACEMENT3D(#6784,#6785,#6786);
#6788=IFCLOCALPLACEMENT(#25,#6787);
#6789=IFCDIRECTION((0.,0.,1.));
#6790=IFCDIRECTION((1.,0.,0.));
#6791=IFCAXIS2PLACEMENT3D(#7,#6789,#6790);
#6792=IFCDIRECTION((0.,0.,1.));
#6793=IFCEXTRUDEDAREASOLID(#46,#6791,#6792,149500.);
#6794=IFCSHAPEREPRESENTATION(#13,'Body','SweptSolid',(#6793));
#6795=IFCCARTESIANPOINT((0.,0.,0.));
#6796=IFCCARTESIANPOINT((0.,0.,149500.));
#6797=IFCPOLYLINE((#6795,#6796));
#6798=IFCSHAPEREPRESENTATION(#14,'Axis','Curve3D',(#6797));
#6799=IFCPRODUCTDEFINITIONSHAPE($,$,(#6798,#6794));
#6800=IFCBEAM('1wM5njO0b41hrG3sIdTDr5',#19,'LF-1','ORR 152x51x4.8',$,#6788,#6799,$,$);
#6801=IFCRELASSOCIATESMATERIAL('3DdlxXKR15c8Zn$g6$x23e',#19,$,$,(#6800),#30);
#6802=IFCPROPERTYSINGLEVALUE('Familia',$,IFCLABEL('Largueros de cubierta'),$);
#6803=IFCPROPERTYSINGLEVALUE('Perfil',$,IFCLABEL('ORR 152x51x4.8'),$);
#6804=IFCPROPERTYSINGLEVALUE('Marca',$,IFCLABEL('LF-1'),$);
#6805=IFCPROPERTYSINGLEVALUE('HH_ton_taller',$,IFCREAL(15.),$);
#6806=IFCPROPERTYSINGLEVALUE('Longitud_m',$,IFCREAL(149.5),$);
#6807=IFCPROPERTYSET('1mbvO0ltH4cxbG6z3Sknhn',#19,'Pset_METALITEC',$,(#6802,#6803,#6804,#6805,#6806));
#6808=IFCRELDEFINESBYPROPERTIES('1Gob4Je4DArAHQBnc1ARRm',#19,$,$,(#6800),#6807);
#6809=IFCCARTESIANPOINT((6981.8181818181811,0.,13031.818181818182));
#6810=IFCDIRECTION((0.,1.,0.));
#6811=IFCDIRECTION((0.,0.,1.));
#6812=IFCAXIS2PLACEMENT3D(#6809,#6810,#6811);
#6813=IFCLOCALPLACEMENT(#25,#6812);
#6814=IFCDIRECTION((0.,0.,1.));
#6815=IFCDIRECTION((1.,0.,0.));
#6816=IFCAXIS2PLACEMENT3D(#7,#6814,#6815);
#6817=IFCDIRECTION((0.,0.,1.));
#6818=IFCEXTRUDEDAREASOLID(#46,#6816,#6817,149500.);
#6819=IFCSHAPEREPRESENTATION(#13,'Body','SweptSolid',(#6818));
#6820=IFCCARTESIANPOINT((0.,0.,0.));
#6821=IFCCARTESIANPOINT((0.,0.,149500.));
#6822=IFCPOLYLINE((#6820,#6821));
#6823=IFCSHAPEREPRESENTATION(#14,'Axis','Curve3D',(#6822));
#6824=IFCPRODUCTDEFINITIONSHAPE($,$,(#6823,#6819));
#6825=IFCBEAM('2c0KuA2Vz8Ju36sZbU2vnz',#19,'LF-1','ORR 152x51x4.8',$,#6813,#6824,$,$);
#6826=IFCRELASSOCIATESMATERIAL('0$v0TQLH96RQEIlZMMwJwK',#19,$,$,(#6825),#30);
#6827=IFCPROPERTYSINGLEVALUE('Familia',$,IFCLABEL('Largueros de cubierta'),$);
#6828=IFCPROPERTYSINGLEVALUE('Perfil',$,IFCLABEL('ORR 152x51x4.8'),$);
#6829=IFCPROPERTYSINGLEVALUE('Marca',$,IFCLABEL('LF-1'),$);
#6830=IFCPROPERTYSINGLEVALUE('HH_ton_taller',$,IFCREAL(15.),$);
#6831=IFCPROPERTYSINGLEVALUE('Longitud_m',$,IFCREAL(149.5),$);
#6832=IFCPROPERTYSET('0LJE1V0wfCXwvvRQnSpjBc',#19,'Pset_METALITEC',$,(#6827,#6828,#6829,#6830,#6831));
#6833=IFCRELDEFINESBYPROPERTIES('2MHIJzukb0Vfwcvn12YjhZ',#19,$,$,(#6825),#6832);
#6834=IFCCARTESIANPOINT((8145.454545454545,0.,13225.454545454546));
#6835=IFCDIRECTION((0.,1.,0.));
#6836=IFCDIRECTION((0.,0.,1.));
#6837=IFCAXIS2PLACEMENT3D(#6834,#6835,#6836);
#6838=IFCLOCALPLACEMENT(#25,#6837);
#6839=IFCDIRECTION((0.,0.,1.));
#6840=IFCDIRECTION((1.,0.,0.));
#6841=IFCAXIS2PLACEMENT3D(#7,#6839,#6840);
#6842=IFCDIRECTION((0.,0.,1.));
#6843=IFCEXTRUDEDAREASOLID(#46,#6841,#6842,149500.);
#6844=IFCSHAPEREPRESENTATION(#13,'Body','SweptSolid',(#6843));
#6845=IFCCARTESIANPOINT((0.,0.,0.));
#6846=IFCCARTESIANPOINT((0.,0.,149500.));
#6847=IFCPOLYLINE((#6845,#6846));
#6848=IFCSHAPEREPRESENTATION(#14,'Axis','Curve3D',(#6847));
#6849=IFCPRODUCTDEFINITIONSHAPE($,$,(#6848,#6844));
#6850=IFCBEAM('35XNSzbIr65xwtgKx7qUo3',#19,'LF-1','ORR 152x51x4.8',$,#6838,#6849,$,$);
#6851=IFCRELASSOCIATESMATERIAL('13ZbukrCP1vgyd6OATHHf$',#19,$,$,(#6850),#30);
#6852=IFCPROPERTYSINGLEVALUE('Familia',$,IFCLABEL('Largueros de cubierta'),$);
#6853=IFCPROPERTYSINGLEVALUE('Perfil',$,IFCLABEL('ORR 152x51x4.8'),$);
#6854=IFCPROPERTYSINGLEVALUE('Marca',$,IFCLABEL('LF-1'),$);
#6855=IFCPROPERTYSINGLEVALUE('HH_ton_taller',$,IFCREAL(15.),$);
#6856=IFCPROPERTYSINGLEVALUE('Longitud_m',$,IFCREAL(149.5),$);
#6857=IFCPROPERTYSET('3USIk3dU98Zf$sN$$d5Qcm',#19,'Pset_METALITEC',$,(#6852,#6853,#6854,#6855,#6856));
#6858=IFCRELDEFINESBYPROPERTIES('2XM27dCLrDKBH1iooqVLUm',#19,$,$,(#6850),#6857);
#6859=IFCCARTESIANPOINT((9309.0909090909099,0.,13419.09090909091));
#6860=IFCDIRECTION((0.,1.,0.));
#6861=IFCDIRECTION((0.,0.,1.));
#6862=IFCAXIS2PLACEMENT3D(#6859,#6860,#6861);
#6863=IFCLOCALPLACEMENT(#25,#6862);
#6864=IFCDIRECTION((0.,0.,1.));
#6865=IFCDIRECTION((1.,0.,0.));
#6866=IFCAXIS2PLACEMENT3D(#7,#6864,#6865);
#6867=IFCDIRECTION((0.,0.,1.));
#6868=IFCEXTRUDEDAREASOLID(#46,#6866,#6867,149500.);
#6869=IFCSHAPEREPRESENTATION(#13,'Body','SweptSolid',(#6868));
#6870=IFCCARTESIANPOINT((0.,0.,0.));
#6871=IFCCARTESIANPOINT((0.,0.,149500.));
#6872=IFCPOLYLINE((#6870,#6871));
#6873=IFCSHAPEREPRESENTATION(#14,'Axis','Curve3D',(#6872));
#6874=IFCPRODUCTDEFINITIONSHAPE($,$,(#6873,#6869));
#6875=IFCBEAM('3gKdkKhfXEyumUwKxShiER',#19,'LF-1','ORR 152x51x4.8',$,#6863,#6874,$,$);
#6876=IFCRELASSOCIATESMATERIAL('3b1jh6a650_AumTRDMdyxn',#19,$,$,(#6875),#30);
#6877=IFCPROPERTYSINGLEVALUE('Familia',$,IFCLABEL('Largueros de cubierta'),$);
#6878=IFCPROPERTYSINGLEVALUE('Perfil',$,IFCLABEL('ORR 152x51x4.8'),$);
#6879=IFCPROPERTYSINGLEVALUE('Marca',$,IFCLABEL('LF-1'),$);
#6880=IFCPROPERTYSINGLEVALUE('HH_ton_taller',$,IFCREAL(15.),$);
#6881=IFCPROPERTYSINGLEVALUE('Longitud_m',$,IFCREAL(149.5),$);
#6882=IFCPROPERTYSET('0jEUkhukTB9Q8reK2i_aF6',#19,'Pset_METALITEC',$,(#6877,#6878,#6879,#6880,#6881));
#6883=IFCRELDEFINESBYPROPERTIES('0turXndKrA8BjDi$VXJhiT',#19,$,$,(#6875),#6882);
#6884=IFCCARTESIANPOINT((10472.727272727274,0.,13612.727272727272));
#6885=IFCDIRECTION((0.,1.,0.));
#6886=IFCDIRECTION((0.,0.,1.));
#6887=IFCAXIS2PLACEMENT3D(#6884,#6885,#6886);
#6888=IFCLOCALPLACEMENT(#25,#6887);
#6889=IFCDIRECTION((0.,0.,1.));
#6890=IFCDIRECTION((1.,0.,0.));
#6891=IFCAXIS2PLACEMENT3D(#7,#6889,#6890);
#6892=IFCDIRECTION((0.,0.,1.));
#6893=IFCEXTRUDEDAREASOLID(#46,#6891,#6892,149500.);
#6894=IFCSHAPEREPRESENTATION(#13,'Body','SweptSolid',(#6893));
#6895=IFCCARTESIANPOINT((0.,0.,0.));
#6896=IFCCARTESIANPOINT((0.,0.,149500.));
#6897=IFCPOLYLINE((#6895,#6896));
#6898=IFCSHAPEREPRESENTATION(#14,'Axis','Curve3D',(#6897));
#6899=IFCPRODUCTDEFINITIONSHAPE($,$,(#6898,#6894));
#6900=IFCBEAM('3ZeoZTqJvFa8RBqMlWkwg$',#19,'LF-1','ORR 152x51x4.8',$,#6888,#6899,$,$);
#6901=IFCRELASSOCIATESMATERIAL('0jSwc0Y7bEegB3K$ppM6aU',#19,$,$,(#6900),#30);
#6902=IFCPROPERTYSINGLEVALUE('Familia',$,IFCLABEL('Largueros de cubierta'),$);
#6903=IFCPROPERTYSINGLEVALUE('Perfil',$,IFCLABEL('ORR 152x51x4.8'),$);
#6904=IFCPROPERTYSINGLEVALUE('Marca',$,IFCLABEL('LF-1'),$);
#6905=IFCPROPERTYSINGLEVALUE('HH_ton_taller',$,IFCREAL(15.),$);
#6906=IFCPROPERTYSINGLEVALUE('Longitud_m',$,IFCREAL(149.5),$);
#6907=IFCPROPERTYSET('2Z_Vx9ubT5juuUet0LXSks',#19,'Pset_METALITEC',$,(#6902,#6903,#6904,#6905,#6906));
#6908=IFCRELDEFINESBYPROPERTIES('1ytn6f_DX9sedIk8vo$yLx',#19,$,$,(#6900),#6907);
#6909=IFCCARTESIANPOINT((11636.363636363636,0.,13806.363636363636));
#6910=IFCDIRECTION((0.,1.,0.));
#6911=IFCDIRECTION((0.,0.,1.));
#6912=IFCAXIS2PLACEMENT3D(#6909,#6910,#6911);
#6913=IFCLOCALPLACEMENT(#25,#6912);
#6914=IFCDIRECTION((0.,0.,1.));
#6915=IFCDIRECTION((1.,0.,0.));
#6916=IFCAXIS2PLACEMENT3D(#7,#6914,#6915);
#6917=IFCDIRECTION((0.,0.,1.));
#6918=IFCEXTRUDEDAREASOLID(#46,#6916,#6917,149500.);
#6919=IFCSHAPEREPRESENTATION(#13,'Body','SweptSolid',(#6918));
#6920=IFCCARTESIANPOINT((0.,0.,0.));
#6921=IFCCARTESIANPOINT((0.,0.,149500.));
#6922=IFCPOLYLINE((#6920,#6921));
#6923=IFCSHAPEREPRESENTATION(#14,'Axis','Curve3D',(#6922));
#6924=IFCPRODUCTDEFINITIONSHAPE($,$,(#6923,#6919));
#6925=IFCBEAM('3JjOHp7i1728XIhGbkPOKN',#19,'LF-1','ORR 152x51x4.8',$,#6913,#6924,$,$);
#6926=IFCRELASSOCIATESMATERIAL('05vh$DS_HAbwtfpPneqXXh',#19,$,$,(#6925),#30);
#6927=IFCPROPERTYSINGLEVALUE('Familia',$,IFCLABEL('Largueros de cubierta'),$);
#6928=IFCPROPERTYSINGLEVALUE('Perfil',$,IFCLABEL('ORR 152x51x4.8'),$);
#6929=IFCPROPERTYSINGLEVALUE('Marca',$,IFCLABEL('LF-1'),$);
#6930=IFCPROPERTYSINGLEVALUE('HH_ton_taller',$,IFCREAL(15.),$);
#6931=IFCPROPERTYSINGLEVALUE('Longitud_m',$,IFCREAL(149.5),$);
#6932=IFCPROPERTYSET('15117zEGn4CwJk7QKxNJRP',#19,'Pset_METALITEC',$,(#6927,#6928,#6929,#6930,#6931));
#6933=IFCRELDEFINESBYPROPERTIES('0U_KBq_sr17xajl00OCEvz',#19,$,$,(#6925),#6932);
#6934=IFCCARTESIANPOINT((13963.636363636364,0.,13806.363636363636));
#6935=IFCDIRECTION((0.,1.,0.));
#6936=IFCDIRECTION((0.,0.,1.));
#6937=IFCAXIS2PLACEMENT3D(#6934,#6935,#6936);
#6938=IFCLOCALPLACEMENT(#25,#6937);
#6939=IFCDIRECTION((0.,0.,1.));
#6940=IFCDIRECTION((1.,0.,0.));
#6941=IFCAXIS2PLACEMENT3D(#7,#6939,#6940);
#6942=IFCDIRECTION((0.,0.,1.));
#6943=IFCEXTRUDEDAREASOLID(#46,#6941,#6942,149500.);
#6944=IFCSHAPEREPRESENTATION(#13,'Body','SweptSolid',(#6943));
#6945=IFCCARTESIANPOINT((0.,0.,0.));
#6946=IFCCARTESIANPOINT((0.,0.,149500.));
#6947=IFCPOLYLINE((#6945,#6946));
#6948=IFCSHAPEREPRESENTATION(#14,'Axis','Curve3D',(#6947));
#6949=IFCPRODUCTDEFINITIONSHAPE($,$,(#6948,#6944));
#6950=IFCBEAM('2bESZti5fDoxJQsJyhT3W8',#19,'LF-1','ORR 152x51x4.8',$,#6938,#6949,$,$);
#6951=IFCRELASSOCIATESMATERIAL('3nIGUfXm5FIgg6OZRIK7hg',#19,$,$,(#6950),#30);
#6952=IFCPROPERTYSINGLEVALUE('Familia',$,IFCLABEL('Largueros de cubierta'),$);
#6953=IFCPROPERTYSINGLEVALUE('Perfil',$,IFCLABEL('ORR 152x51x4.8'),$);
#6954=IFCPROPERTYSINGLEVALUE('Marca',$,IFCLABEL('LF-1'),$);
#6955=IFCPROPERTYSINGLEVALUE('HH_ton_taller',$,IFCREAL(15.),$);
#6956=IFCPROPERTYSINGLEVALUE('Longitud_m',$,IFCREAL(149.5),$);
#6957=IFCPROPERTYSET('2h15LieI9BXuDVftG1RIQY',#19,'Pset_METALITEC',$,(#6952,#6953,#6954,#6955,#6956));
#6958=IFCRELDEFINESBYPROPERTIES('3KO7JHBPL3XByyZ3sv3OBV',#19,$,$,(#6950),#6957);
#6959=IFCCARTESIANPOINT((15127.272727272728,0.,13612.727272727272));
#6960=IFCDIRECTION((0.,1.,0.));
#6961=IFCDIRECTION((0.,0.,1.));
#6962=IFCAXIS2PLACEMENT3D(#6959,#6960,#6961);
#6963=IFCLOCALPLACEMENT(#25,#6962);
#6964=IFCDIRECTION((0.,0.,1.));
#6965=IFCDIRECTION((1.,0.,0.));
#6966=IFCAXIS2PLACEMENT3D(#7,#6964,#6965);
#6967=IFCDIRECTION((0.,0.,1.));
#6968=IFCEXTRUDEDAREASOLID(#46,#6966,#6967,149500.);
#6969=IFCSHAPEREPRESENTATION(#13,'Body','SweptSolid',(#6968));
#6970=IFCCARTESIANPOINT((0.,0.,0.));
#6971=IFCCARTESIANPOINT((0.,0.,149500.));
#6972=IFCPOLYLINE((#6970,#6971));
#6973=IFCSHAPEREPRESENTATION(#14,'Axis','Curve3D',(#6972));
#6974=IFCPRODUCTDEFINITIONSHAPE($,$,(#6973,#6969));
#6975=IFCBEAM('3noYCsk0H1hgdeyGzAkdsy',#19,'LF-1','ORR 152x51x4.8',$,#6963,#6974,$,$);
#6976=IFCRELASSOCIATESMATERIAL('0wNFBlSGn0Pxgs3nr4LGs3',#19,$,$,(#6975),#30);
#6977=IFCPROPERTYSINGLEVALUE('Familia',$,IFCLABEL('Largueros de cubierta'),$);
#6978=IFCPROPERTYSINGLEVALUE('Perfil',$,IFCLABEL('ORR 152x51x4.8'),$);
#6979=IFCPROPERTYSINGLEVALUE('Marca',$,IFCLABEL('LF-1'),$);
#6980=IFCPROPERTYSINGLEVALUE('HH_ton_taller',$,IFCREAL(15.),$);
#6981=IFCPROPERTYSINGLEVALUE('Longitud_m',$,IFCREAL(149.5),$);
#6982=IFCPROPERTYSET('1SZTkMMMzB_xppriNakStu',#19,'Pset_METALITEC',$,(#6977,#6978,#6979,#6980,#6981));
#6983=IFCRELDEFINESBYPROPERTIES('3jUOFwkZj8OOoZt41MTVEq',#19,$,$,(#6975),#6982);
#6984=IFCCARTESIANPOINT((16290.90909090909,0.,13419.09090909091));
#6985=IFCDIRECTION((0.,1.,0.));
#6986=IFCDIRECTION((0.,0.,1.));
#6987=IFCAXIS2PLACEMENT3D(#6984,#6985,#6986);
#6988=IFCLOCALPLACEMENT(#25,#6987);
#6989=IFCDIRECTION((0.,0.,1.));
#6990=IFCDIRECTION((1.,0.,0.));
#6991=IFCAXIS2PLACEMENT3D(#7,#6989,#6990);
#6992=IFCDIRECTION((0.,0.,1.));
#6993=IFCEXTRUDEDAREASOLID(#46,#6991,#6992,149500.);
#6994=IFCSHAPEREPRESENTATION(#13,'Body','SweptSolid',(#6993));
#6995=IFCCARTESIANPOINT((0.,0.,0.));
#6996=IFCCARTESIANPOINT((0.,0.,149500.));
#6997=IFCPOLYLINE((#6995,#6996));
#6998=IFCSHAPEREPRESENTATION(#14,'Axis','Curve3D',(#6997));
#6999=IFCPRODUCTDEFINITIONSHAPE($,$,(#6998,#6994));
#7000=IFCBEAM('1gGfnkOEH3ghhpno8QhXTi',#19,'LF-1','ORR 152x51x4.8',$,#6988,#6999,$,$);
#7001=IFCRELASSOCIATESMATERIAL('2EPsaRnBb8HQaNcUDdBDYw',#19,$,$,(#7000),#30);
#7002=IFCPROPERTYSINGLEVALUE('Familia',$,IFCLABEL('Largueros de cubierta'),$);
#7003=IFCPROPERTYSINGLEVALUE('Perfil',$,IFCLABEL('ORR 152x51x4.8'),$);
#7004=IFCPROPERTYSINGLEVALUE('Marca',$,IFCLABEL('LF-1'),$);
#7005=IFCPROPERTYSINGLEVALUE('HH_ton_taller',$,IFCREAL(15.),$);
#7006=IFCPROPERTYSINGLEVALUE('Longitud_m',$,IFCREAL(149.5),$);
#7007=IFCPROPERTYSET('1_mPoiX$T1vw1D6vaSSQC6',#19,'Pset_METALITEC',$,(#7002,#7003,#7004,#7005,#7006));
#7008=IFCRELDEFINESBYPROPERTIES('3lrbxs6lz72vauX$KUtsy0',#19,$,$,(#7000),#7007);
#7009=IFCCARTESIANPOINT((17454.545454545456,0.,13225.454545454546));
#7010=IFCDIRECTION((0.,1.,0.));
#7011=IFCDIRECTION((0.,0.,1.));
#7012=IFCAXIS2PLACEMENT3D(#7009,#7010,#7011);
#7013=IFCLOCALPLACEMENT(#25,#7012);
#7014=IFCDIRECTION((0.,0.,1.));
#7015=IFCDIRECTION((1.,0.,0.));
#7016=IFCAXIS2PLACEMENT3D(#7,#7014,#7015);
#7017=IFCDIRECTION((0.,0.,1.));
#7018=IFCEXTRUDEDAREASOLID(#46,#7016,#7017,149500.);
#7019=IFCSHAPEREPRESENTATION(#13,'Body','SweptSolid',(#7018));
#7020=IFCCARTESIANPOINT((0.,0.,0.));
#7021=IFCCARTESIANPOINT((0.,0.,149500.));
#7022=IFCPOLYLINE((#7020,#7021));
#7023=IFCSHAPEREPRESENTATION(#14,'Axis','Curve3D',(#7022));
#7024=IFCPRODUCTDEFINITIONSHAPE($,$,(#7023,#7019));
#7025=IFCBEAM('0bq_Z4Bk13r86mu4a4fpie',#19,'LF-1','ORR 152x51x4.8',$,#7013,#7024,$,$);
#7026=IFCRELASSOCIATESMATERIAL('2Fy9$oPTTATQBVMqlifyv3',#19,$,$,(#7025),#30);
#7027=IFCPROPERTYSINGLEVALUE('Familia',$,IFCLABEL('Largueros de cubierta'),$);
#7028=IFCPROPERTYSINGLEVALUE('Perfil',$,IFCLABEL('ORR 152x51x4.8'),$);
#7029=IFCPROPERTYSINGLEVALUE('Marca',$,IFCLABEL('LF-1'),$);
#7030=IFCPROPERTYSINGLEVALUE('HH_ton_taller',$,IFCREAL(15.),$);
#7031=IFCPROPERTYSINGLEVALUE('Longitud_m',$,IFCREAL(149.5),$);
#7032=IFCPROPERTYSET('0YzZjHWRj9cBIuUrUCUkP9',#19,'Pset_METALITEC',$,(#7027,#7028,#7029,#7030,#7031));
#7033=IFCRELDEFINESBYPROPERTIES('2ZkFWs8ST5kh7oq1jnoXJR',#19,$,$,(#7025),#7032);
#7034=IFCCARTESIANPOINT((18618.181818181816,0.,13031.818181818182));
#7035=IFCDIRECTION((0.,1.,0.));
#7036=IFCDIRECTION((0.,0.,1.));
#7037=IFCAXIS2PLACEMENT3D(#7034,#7035,#7036);
#7038=IFCLOCALPLACEMENT(#25,#7037);
#7039=IFCDIRECTION((0.,0.,1.));
#7040=IFCDIRECTION((1.,0.,0.));
#7041=IFCAXIS2PLACEMENT3D(#7,#7039,#7040);
#7042=IFCDIRECTION((0.,0.,1.));
#7043=IFCEXTRUDEDAREASOLID(#46,#7041,#7042,149500.);
#7044=IFCSHAPEREPRESENTATION(#13,'Body','SweptSolid',(#7043));
#7045=IFCCARTESIANPOINT((0.,0.,0.));
#7046=IFCCARTESIANPOINT((0.,0.,149500.));
#7047=IFCPOLYLINE((#7045,#7046));
#7048=IFCSHAPEREPRESENTATION(#14,'Axis','Curve3D',(#7047));
#7049=IFCPRODUCTDEFINITIONSHAPE($,$,(#7048,#7044));
#7050=IFCBEAM('3b0r3kkzn5BuXzDjB5d8hx',#19,'LF-1','ORR 152x51x4.8',$,#7038,#7049,$,$);
#7051=IFCRELASSOCIATESMATERIAL('3v5uxXcBv5CB$mUQcHzFCu',#19,$,$,(#7050),#30);
#7052=IFCPROPERTYSINGLEVALUE('Familia',$,IFCLABEL('Largueros de cubierta'),$);
#7053=IFCPROPERTYSINGLEVALUE('Perfil',$,IFCLABEL('ORR 152x51x4.8'),$);
#7054=IFCPROPERTYSINGLEVALUE('Marca',$,IFCLABEL('LF-1'),$);
#7055=IFCPROPERTYSINGLEVALUE('HH_ton_taller',$,IFCREAL(15.),$);
#7056=IFCPROPERTYSINGLEVALUE('Longitud_m',$,IFCREAL(149.5),$);
#7057=IFCPROPERTYSET('2_YNXW5Qv6EB67Wfq6$697',#19,'Pset_METALITEC',$,(#7052,#7053,#7054,#7055,#7056));
#7058=IFCRELDEFINESBYPROPERTIES('0QC2YXh8b0YOZS1L7u5Zc6',#19,$,$,(#7050),#7057);
#7059=IFCCARTESIANPOINT((19781.81818181818,0.,12838.181818181818));
#7060=IFCDIRECTION((0.,1.,0.));
#7061=IFCDIRECTION((0.,0.,1.));
#7062=IFCAXIS2PLACEMENT3D(#7059,#7060,#7061);
#7063=IFCLOCALPLACEMENT(#25,#7062);
#7064=IFCDIRECTION((0.,0.,1.));
#7065=IFCDIRECTION((1.,0.,0.));
#7066=IFCAXIS2PLACEMENT3D(#7,#7064,#7065);
#7067=IFCDIRECTION((0.,0.,1.));
#7068=IFCEXTRUDEDAREASOLID(#46,#7066,#7067,149500.);
#7069=IFCSHAPEREPRESENTATION(#13,'Body','SweptSolid',(#7068));
#7070=IFCCARTESIANPOINT((0.,0.,0.));
#7071=IFCCARTESIANPOINT((0.,0.,149500.));
#7072=IFCPOLYLINE((#7070,#7071));
#7073=IFCSHAPEREPRESENTATION(#14,'Axis','Curve3D',(#7072));
#7074=IFCPRODUCTDEFINITIONSHAPE($,$,(#7073,#7069));
#7075=IFCBEAM('05a_i996PBEwPAWoIXZ76E',#19,'LF-1','ORR 152x51x4.8',$,#7063,#7074,$,$);
#7076=IFCRELASSOCIATESMATERIAL('1y$3XRp11CaeolgslCYkWM',#19,$,$,(#7075),#30);
#7077=IFCPROPERTYSINGLEVALUE('Familia',$,IFCLABEL('Largueros de cubierta'),$);
#7078=IFCPROPERTYSINGLEVALUE('Perfil',$,IFCLABEL('ORR 152x51x4.8'),$);
#7079=IFCPROPERTYSINGLEVALUE('Marca',$,IFCLABEL('LF-1'),$);
#7080=IFCPROPERTYSINGLEVALUE('HH_ton_taller',$,IFCREAL(15.),$);
#7081=IFCPROPERTYSINGLEVALUE('Longitud_m',$,IFCREAL(149.5),$);
#7082=IFCPROPERTYSET('2EfhNGQs556BwTK$eEvXC$',#19,'Pset_METALITEC',$,(#7077,#7078,#7079,#7080,#7081));
#7083=IFCRELDEFINESBYPROPERTIES('2NVVcBmMb11RpiM2jEnJta',#19,$,$,(#7075),#7082);
#7084=IFCCARTESIANPOINT((20945.454545454544,0.,12644.545454545454));
#7085=IFCDIRECTION((0.,1.,0.));
#7086=IFCDIRECTION((0.,0.,1.));
#7087=IFCAXIS2PLACEMENT3D(#7084,#7085,#7086);
#7088=IFCLOCALPLACEMENT(#25,#7087);
#7089=IFCDIRECTION((0.,0.,1.));
#7090=IFCDIRECTION((1.,0.,0.));
#7091=IFCAXIS2PLACEMENT3D(#7,#7089,#7090);
#7092=IFCDIRECTION((0.,0.,1.));
#7093=IFCEXTRUDEDAREASOLID(#46,#7091,#7092,149500.);
#7094=IFCSHAPEREPRESENTATION(#13,'Body','SweptSolid',(#7093));
#7095=IFCCARTESIANPOINT((0.,0.,0.));
#7096=IFCCARTESIANPOINT((0.,0.,149500.));
#7097=IFCPOLYLINE((#7095,#7096));
#7098=IFCSHAPEREPRESENTATION(#14,'Axis','Curve3D',(#7097));
#7099=IFCPRODUCTDEFINITIONSHAPE($,$,(#7098,#7094));
#7100=IFCBEAM('3QJnJTEzb7mO0l7pqyZe5j',#19,'LF-1','ORR 152x51x4.8',$,#7088,#7099,$,$);
#7101=IFCRELASSOCIATESMATERIAL('06MnI04F92sfcQ1PD16A3s',#19,$,$,(#7100),#30);
#7102=IFCPROPERTYSINGLEVALUE('Familia',$,IFCLABEL('Largueros de cubierta'),$);
#7103=IFCPROPERTYSINGLEVALUE('Perfil',$,IFCLABEL('ORR 152x51x4.8'),$);
#7104=IFCPROPERTYSINGLEVALUE('Marca',$,IFCLABEL('LF-1'),$);
#7105=IFCPROPERTYSINGLEVALUE('HH_ton_taller',$,IFCREAL(15.),$);
#7106=IFCPROPERTYSINGLEVALUE('Longitud_m',$,IFCREAL(149.5),$);
#7107=IFCPROPERTYSET('2z3RhccUH8ZvL_OEFS3ckt',#19,'Pset_METALITEC',$,(#7102,#7103,#7104,#7105,#7106));
#7108=IFCRELDEFINESBYPROPERTIES('1xI3nrVzH43Qu7tHg3ifFi',#19,$,$,(#7100),#7107);
#7109=IFCCARTESIANPOINT((22109.090909090912,0.,12450.90909090909));
#7110=IFCDIRECTION((0.,1.,0.));
#7111=IFCDIRECTION((0.,0.,1.));
#7112=IFCAXIS2PLACEMENT3D(#7109,#7110,#7111);
#7113=IFCLOCALPLACEMENT(#25,#7112);
#7114=IFCDIRECTION((0.,0.,1.));
#7115=IFCDIRECTION((1.,0.,0.));
#7116=IFCAXIS2PLACEMENT3D(#7,#7114,#7115);
#7117=IFCDIRECTION((0.,0.,1.));
#7118=IFCEXTRUDEDAREASOLID(#46,#7116,#7117,149500.);
#7119=IFCSHAPEREPRESENTATION(#13,'Body','SweptSolid',(#7118));
#7120=IFCCARTESIANPOINT((0.,0.,0.));
#7121=IFCCARTESIANPOINT((0.,0.,149500.));
#7122=IFCPOLYLINE((#7120,#7121));
#7123=IFCSHAPEREPRESENTATION(#14,'Axis','Curve3D',(#7122));
#7124=IFCPRODUCTDEFINITIONSHAPE($,$,(#7123,#7119));
#7125=IFCBEAM('3KM7FlB_n4vOFvYvazJN5j',#19,'LF-1','ORR 152x51x4.8',$,#7113,#7124,$,$);
#7126=IFCRELASSOCIATESMATERIAL('21AcGusa95axky79NjSKpU',#19,$,$,(#7125),#30);
#7127=IFCPROPERTYSINGLEVALUE('Familia',$,IFCLABEL('Largueros de cubierta'),$);
#7128=IFCPROPERTYSINGLEVALUE('Perfil',$,IFCLABEL('ORR 152x51x4.8'),$);
#7129=IFCPROPERTYSINGLEVALUE('Marca',$,IFCLABEL('LF-1'),$);
#7130=IFCPROPERTYSINGLEVALUE('HH_ton_taller',$,IFCREAL(15.),$);
#7131=IFCPROPERTYSINGLEVALUE('Longitud_m',$,IFCREAL(149.5),$);
#7132=IFCPROPERTYSET('034ZX8l5X9m99nneX2Rkoz',#19,'Pset_METALITEC',$,(#7127,#7128,#7129,#7130,#7131));
#7133=IFCRELDEFINESBYPROPERTIES('14uhhC1f95Ue0R1f6$dbV3',#19,$,$,(#7125),#7132);
#7134=IFCCARTESIANPOINT((23272.727272727272,0.,12257.272727272728));
#7135=IFCDIRECTION((0.,1.,0.));
#7136=IFCDIRECTION((0.,0.,1.));
#7137=IFCAXIS2PLACEMENT3D(#7134,#7135,#7136);
#7138=IFCLOCALPLACEMENT(#25,#7137);
#7139=IFCDIRECTION((0.,0.,1.));
#7140=IFCDIRECTION((1.,0.,0.));
#7141=IFCAXIS2PLACEMENT3D(#7,#7139,#7140);
#7142=IFCDIRECTION((0.,0.,1.));
#7143=IFCEXTRUDEDAREASOLID(#46,#7141,#7142,149500.);
#7144=IFCSHAPEREPRESENTATION(#13,'Body','SweptSolid',(#7143));
#7145=IFCCARTESIANPOINT((0.,0.,0.));
#7146=IFCCARTESIANPOINT((0.,0.,149500.));
#7147=IFCPOLYLINE((#7145,#7146));
#7148=IFCSHAPEREPRESENTATION(#14,'Axis','Curve3D',(#7147));
#7149=IFCPRODUCTDEFINITIONSHAPE($,$,(#7148,#7144));
#7150=IFCBEAM('1QtQT4fKz6p8SUIeNrSGWO',#19,'LF-1','ORR 152x51x4.8',$,#7138,#7149,$,$);
#7151=IFCRELASSOCIATESMATERIAL('1CebZQR3v2vPGj2dTAbEXl',#19,$,$,(#7150),#30);
#7152=IFCPROPERTYSINGLEVALUE('Familia',$,IFCLABEL('Largueros de cubierta'),$);
#7153=IFCPROPERTYSINGLEVALUE('Perfil',$,IFCLABEL('ORR 152x51x4.8'),$);
#7154=IFCPROPERTYSINGLEVALUE('Marca',$,IFCLABEL('LF-1'),$);
#7155=IFCPROPERTYSINGLEVALUE('HH_ton_taller',$,IFCREAL(15.),$);
#7156=IFCPROPERTYSINGLEVALUE('Longitud_m',$,IFCREAL(149.5),$);
#7157=IFCPROPERTYSET('3WcRX7sLD85PQTd8aC0YVX',#19,'Pset_METALITEC',$,(#7152,#7153,#7154,#7155,#7156));
#7158=IFCRELDEFINESBYPROPERTIES('3Flwx7HDbDvvkTxH0JVkQn',#19,$,$,(#7150),#7157);
#7159=IFCCARTESIANPOINT((24436.363636363636,0.,12063.636363636364));
#7160=IFCDIRECTION((0.,1.,0.));
#7161=IFCDIRECTION((0.,0.,1.));
#7162=IFCAXIS2PLACEMENT3D(#7159,#7160,#7161);
#7163=IFCLOCALPLACEMENT(#25,#7162);
#7164=IFCDIRECTION((0.,0.,1.));
#7165=IFCDIRECTION((1.,0.,0.));
#7166=IFCAXIS2PLACEMENT3D(#7,#7164,#7165);
#7167=IFCDIRECTION((0.,0.,1.));
#7168=IFCEXTRUDEDAREASOLID(#46,#7166,#7167,149500.);
#7169=IFCSHAPEREPRESENTATION(#13,'Body','SweptSolid',(#7168));
#7170=IFCCARTESIANPOINT((0.,0.,0.));
#7171=IFCCARTESIANPOINT((0.,0.,149500.));
#7172=IFCPOLYLINE((#7170,#7171));
#7173=IFCSHAPEREPRESENTATION(#14,'Axis','Curve3D',(#7172));
#7174=IFCPRODUCTDEFINITIONSHAPE($,$,(#7173,#7169));
#7175=IFCBEAM('3T0pKLN1LEkfl_CLRmPXQB',#19,'LF-1','ORR 152x51x4.8',$,#7163,#7174,$,$);
#7176=IFCRELASSOCIATESMATERIAL('2FyqXyQ6vE0RHH8$VeoU5A',#19,$,$,(#7175),#30);
#7177=IFCPROPERTYSINGLEVALUE('Familia',$,IFCLABEL('Largueros de cubierta'),$);
#7178=IFCPROPERTYSINGLEVALUE('Perfil',$,IFCLABEL('ORR 152x51x4.8'),$);
#7179=IFCPROPERTYSINGLEVALUE('Marca',$,IFCLABEL('LF-1'),$);
#7180=IFCPROPERTYSINGLEVALUE('HH_ton_taller',$,IFCREAL(15.),$);
#7181=IFCPROPERTYSINGLEVALUE('Longitud_m',$,IFCREAL(149.5),$);
#7182=IFCPROPERTYSET('2uMBExQl11yPlw$IrCfQLT',#19,'Pset_METALITEC',$,(#7177,#7178,#7179,#7180,#7181));
#7183=IFCRELDEFINESBYPROPERTIES('26p_fcravEhuJ6ZeVKiT6v',#19,$,$,(#7175),#7182);
#7184=IFCCARTESIANPOINT((26763.636363636364,0.,12063.636363636364));
#7185=IFCDIRECTION((0.,1.,0.));
#7186=IFCDIRECTION((0.,0.,1.));
#7187=IFCAXIS2PLACEMENT3D(#7184,#7185,#7186);
#7188=IFCLOCALPLACEMENT(#25,#7187);
#7189=IFCDIRECTION((0.,0.,1.));
#7190=IFCDIRECTION((1.,0.,0.));
#7191=IFCAXIS2PLACEMENT3D(#7,#7189,#7190);
#7192=IFCDIRECTION((0.,0.,1.));
#7193=IFCEXTRUDEDAREASOLID(#46,#7191,#7192,149500.);
#7194=IFCSHAPEREPRESENTATION(#13,'Body','SweptSolid',(#7193));
#7195=IFCCARTESIANPOINT((0.,0.,0.));
#7196=IFCCARTESIANPOINT((0.,0.,149500.));
#7197=IFCPOLYLINE((#7195,#7196));
#7198=IFCSHAPEREPRESENTATION(#14,'Axis','Curve3D',(#7197));
#7199=IFCPRODUCTDEFINITIONSHAPE($,$,(#7198,#7194));
#7200=IFCBEAM('3WcV4yFrX0RxumJw3H0$te',#19,'LF-1','ORR 152x51x4.8',$,#7188,#7199,$,$);
#7201=IFCRELASSOCIATESMATERIAL('01q2oPFtbDMvNho747X$b8',#19,$,$,(#7200),#30);
#7202=IFCPROPERTYSINGLEVALUE('Familia',$,IFCLABEL('Largueros de cubierta'),$);
#7203=IFCPROPERTYSINGLEVALUE('Perfil',$,IFCLABEL('ORR 152x51x4.8'),$);
#7204=IFCPROPERTYSINGLEVALUE('Marca',$,IFCLABEL('LF-1'),$);
#7205=IFCPROPERTYSINGLEVALUE('HH_ton_taller',$,IFCREAL(15.),$);
#7206=IFCPROPERTYSINGLEVALUE('Longitud_m',$,IFCREAL(149.5),$);
#7207=IFCPROPERTYSET('1w9klrqqnDuhlvPxzx2cMD',#19,'Pset_METALITEC',$,(#7202,#7203,#7204,#7205,#7206));
#7208=IFCRELDEFINESBYPROPERTIES('3gL1xnGXv7YORi45HsDfPZ',#19,$,$,(#7200),#7207);
#7209=IFCCARTESIANPOINT((27927.272727272728,0.,12257.272727272728));
#7210=IFCDIRECTION((0.,1.,0.));
#7211=IFCDIRECTION((0.,0.,1.));
#7212=IFCAXIS2PLACEMENT3D(#7209,#7210,#7211);
#7213=IFCLOCALPLACEMENT(#25,#7212);
#7214=IFCDIRECTION((0.,0.,1.));
#7215=IFCDIRECTION((1.,0.,0.));
#7216=IFCAXIS2PLACEMENT3D(#7,#7214,#7215);
#7217=IFCDIRECTION((0.,0.,1.));
#7218=IFCEXTRUDEDAREASOLID(#46,#7216,#7217,149500.);
#7219=IFCSHAPEREPRESENTATION(#13,'Body','SweptSolid',(#7218));
#7220=IFCCARTESIANPOINT((0.,0.,0.));
#7221=IFCCARTESIANPOINT((0.,0.,149500.));
#7222=IFCPOLYLINE((#7220,#7221));
#7223=IFCSHAPEREPRESENTATION(#14,'Axis','Curve3D',(#7222));
#7224=IFCPRODUCTDEFINITIONSHAPE($,$,(#7223,#7219));
#7225=IFCBEAM('0yKVMVowr8aQNqpRJewUF4',#19,'LF-1','ORR 152x51x4.8',$,#7213,#7224,$,$);
#7226=IFCRELASSOCIATESMATERIAL('2R$xHez4H4lgn1ACv3gMuV',#19,$,$,(#7225),#30);
#7227=IFCPROPERTYSINGLEVALUE('Familia',$,IFCLABEL('Largueros de cubierta'),$);
#7228=IFCPROPERTYSINGLEVALUE('Perfil',$,IFCLABEL('ORR 152x51x4.8'),$);
#7229=IFCPROPERTYSINGLEVALUE('Marca',$,IFCLABEL('LF-1'),$);
#7230=IFCPROPERTYSINGLEVALUE('HH_ton_taller',$,IFCREAL(15.),$);
#7231=IFCPROPERTYSINGLEVALUE('Longitud_m',$,IFCREAL(149.5),$);
#7232=IFCPROPERTYSET('3QKakthP91ff6EZDCCfaPC',#19,'Pset_METALITEC',$,(#7227,#7228,#7229,#7230,#7231));
#7233=IFCRELDEFINESBYPROPERTIES('1$OGyZe3v1Ph8i0uuA1nGK',#19,$,$,(#7225),#7232);
#7234=IFCCARTESIANPOINT((29090.909090909092,0.,12450.90909090909));
#7235=IFCDIRECTION((0.,1.,0.));
#7236=IFCDIRECTION((0.,0.,1.));
#7237=IFCAXIS2PLACEMENT3D(#7234,#7235,#7236);
#7238=IFCLOCALPLACEMENT(#25,#7237);
#7239=IFCDIRECTION((0.,0.,1.));
#7240=IFCDIRECTION((1.,0.,0.));
#7241=IFCAXIS2PLACEMENT3D(#7,#7239,#7240);
#7242=IFCDIRECTION((0.,0.,1.));
#7243=IFCEXTRUDEDAREASOLID(#46,#7241,#7242,149500.);
#7244=IFCSHAPEREPRESENTATION(#13,'Body','SweptSolid',(#7243));
#7245=IFCCARTESIANPOINT((0.,0.,0.));
#7246=IFCCARTESIANPOINT((0.,0.,149500.));
#7247=IFCPOLYLINE((#7245,#7246));
#7248=IFCSHAPEREPRESENTATION(#14,'Axis','Curve3D',(#7247));
#7249=IFCPRODUCTDEFINITIONSHAPE($,$,(#7248,#7244));
#7250=IFCBEAM('0OuyH3OUTCC83TOZeIfVR0',#19,'LF-1','ORR 152x51x4.8',$,#7238,#7249,$,$);
#7251=IFCRELASSOCIATESMATERIAL('3hKPEweCXAy9N_Q5hav9JS',#19,$,$,(#7250),#30);
#7252=IFCPROPERTYSINGLEVALUE('Familia',$,IFCLABEL('Largueros de cubierta'),$);
#7253=IFCPROPERTYSINGLEVALUE('Perfil',$,IFCLABEL('ORR 152x51x4.8'),$);
#7254=IFCPROPERTYSINGLEVALUE('Marca',$,IFCLABEL('LF-1'),$);
#7255=IFCPROPERTYSINGLEVALUE('HH_ton_taller',$,IFCREAL(15.),$);
#7256=IFCPROPERTYSINGLEVALUE('Longitud_m',$,IFCREAL(149.5),$);
#7257=IFCPROPERTYSET('26BCwtBf18gv2ZdOKE$9sG',#19,'Pset_METALITEC',$,(#7252,#7253,#7254,#7255,#7256));
#7258=IFCRELDEFINESBYPROPERTIES('3MIyqEa3n9IRGEDqWQejuM',#19,$,$,(#7250),#7257);
#7259=IFCCARTESIANPOINT((30254.545454545456,0.,12644.545454545454));
#7260=IFCDIRECTION((0.,1.,0.));
#7261=IFCDIRECTION((0.,0.,1.));
#7262=IFCAXIS2PLACEMENT3D(#7259,#7260,#7261);
#7263=IFCLOCALPLACEMENT(#25,#7262);
#7264=IFCDIRECTION((0.,0.,1.));
#7265=IFCDIRECTION((1.,0.,0.));
#7266=IFCAXIS2PLACEMENT3D(#7,#7264,#7265);
#7267=IFCDIRECTION((0.,0.,1.));
#7268=IFCEXTRUDEDAREASOLID(#46,#7266,#7267,149500.);
#7269=IFCSHAPEREPRESENTATION(#13,'Body','SweptSolid',(#7268));
#7270=IFCCARTESIANPOINT((0.,0.,0.));
#7271=IFCCARTESIANPOINT((0.,0.,149500.));
#7272=IFCPOLYLINE((#7270,#7271));
#7273=IFCSHAPEREPRESENTATION(#14,'Axis','Curve3D',(#7272));
#7274=IFCPRODUCTDEFINITIONSHAPE($,$,(#7273,#7269));
#7275=IFCBEAM('3QCxiZLZbCLx5cyIVq0bVD',#19,'LF-1','ORR 152x51x4.8',$,#7263,#7274,$,$);
#7276=IFCRELASSOCIATESMATERIAL('2YAUYnPuf5$eEAUjHA472S',#19,$,$,(#7275),#30);
#7277=IFCPROPERTYSINGLEVALUE('Familia',$,IFCLABEL('Largueros de cubierta'),$);
#7278=IFCPROPERTYSINGLEVALUE('Perfil',$,IFCLABEL('ORR 152x51x4.8'),$);
#7279=IFCPROPERTYSINGLEVALUE('Marca',$,IFCLABEL('LF-1'),$);
#7280=IFCPROPERTYSINGLEVALUE('HH_ton_taller',$,IFCREAL(15.),$);
#7281=IFCPROPERTYSINGLEVALUE('Longitud_m',$,IFCREAL(149.5),$);
#7282=IFCPROPERTYSET('1c68qo2evEdByXmvm1IHwj',#19,'Pset_METALITEC',$,(#7277,#7278,#7279,#7280,#7281));
#7283=IFCRELDEFINESBYPROPERTIES('0529YFbCvDgwDeraLNiM3e',#19,$,$,(#7275),#7282);
#7284=IFCCARTESIANPOINT((31418.181818181816,0.,12838.181818181818));
#7285=IFCDIRECTION((0.,1.,0.));
#7286=IFCDIRECTION((0.,0.,1.));
#7287=IFCAXIS2PLACEMENT3D(#7284,#7285,#7286);
#7288=IFCLOCALPLACEMENT(#25,#7287);
#7289=IFCDIRECTION((0.,0.,1.));
#7290=IFCDIRECTION((1.,0.,0.));
#7291=IFCAXIS2PLACEMENT3D(#7,#7289,#7290);
#7292=IFCDIRECTION((0.,0.,1.));
#7293=IFCEXTRUDEDAREASOLID(#46,#7291,#7292,149500.);
#7294=IFCSHAPEREPRESENTATION(#13,'Body','SweptSolid',(#7293));
#7295=IFCCARTESIANPOINT((0.,0.,0.));
#7296=IFCCARTESIANPOINT((0.,0.,149500.));
#7297=IFCPOLYLINE((#7295,#7296));
#7298=IFCSHAPEREPRESENTATION(#14,'Axis','Curve3D',(#7297));
#7299=IFCPRODUCTDEFINITIONSHAPE($,$,(#7298,#7294));
#7300=IFCBEAM('0WLFvfoDr2pwT0WKiToGo6',#19,'LF-1','ORR 152x51x4.8',$,#7288,#7299,$,$);
#7301=IFCRELASSOCIATESMATERIAL('3o09THrzv8n8CuKSPMq7qh',#19,$,$,(#7300),#30);
#7302=IFCPROPERTYSINGLEVALUE('Familia',$,IFCLABEL('Largueros de cubierta'),$);
#7303=IFCPROPERTYSINGLEVALUE('Perfil',$,IFCLABEL('ORR 152x51x4.8'),$);
#7304=IFCPROPERTYSINGLEVALUE('Marca',$,IFCLABEL('LF-1'),$);
#7305=IFCPROPERTYSINGLEVALUE('HH_ton_taller',$,IFCREAL(15.),$);
#7306=IFCPROPERTYSINGLEVALUE('Longitud_m',$,IFCREAL(149.5),$);
#7307=IFCPROPERTYSET('0w508iacr6guoWuPTbsWxv',#19,'Pset_METALITEC',$,(#7302,#7303,#7304,#7305,#7306));
#7308=IFCRELDEFINESBYPROPERTIES('1KEYVq8x13Jg1vYpMn01ru',#19,$,$,(#7300),#7307);
#7309=IFCCARTESIANPOINT((32581.81818181818,0.,13031.818181818182));
#7310=IFCDIRECTION((0.,1.,0.));
#7311=IFCDIRECTION((0.,0.,1.));
#7312=IFCAXIS2PLACEMENT3D(#7309,#7310,#7311);
#7313=IFCLOCALPLACEMENT(#25,#7312);
#7314=IFCDIRECTION((0.,0.,1.));
#7315=IFCDIRECTION((1.,0.,0.));
#7316=IFCAXIS2PLACEMENT3D(#7,#7314,#7315);
#7317=IFCDIRECTION((0.,0.,1.));
#7318=IFCEXTRUDEDAREASOLID(#46,#7316,#7317,149500.);
#7319=IFCSHAPEREPRESENTATION(#13,'Body','SweptSolid',(#7318));
#7320=IFCCARTESIANPOINT((0.,0.,0.));
#7321=IFCCARTESIANPOINT((0.,0.,149500.));
#7322=IFCPOLYLINE((#7320,#7321));
#7323=IFCSHAPEREPRESENTATION(#14,'Axis','Curve3D',(#7322));
#7324=IFCPRODUCTDEFINITIONSHAPE($,$,(#7323,#7319));
#7325=IFCBEAM('2IjrjXfID04B$NbIWs4cb$',#19,'LF-1','ORR 152x51x4.8',$,#7313,#7324,$,$);
#7326=IFCRELASSOCIATESMATERIAL('24bDCC8f5C194YPYmiBT4x',#19,$,$,(#7325),#30);
#7327=IFCPROPERTYSINGLEVALUE('Familia',$,IFCLABEL('Largueros de cubierta'),$);
#7328=IFCPROPERTYSINGLEVALUE('Perfil',$,IFCLABEL('ORR 152x51x4.8'),$);
#7329=IFCPROPERTYSINGLEVALUE('Marca',$,IFCLABEL('LF-1'),$);
#7330=IFCPROPERTYSINGLEVALUE('HH_ton_taller',$,IFCREAL(15.),$);
#7331=IFCPROPERTYSINGLEVALUE('Longitud_m',$,IFCREAL(149.5),$);
#7332=IFCPROPERTYSET('1zR8aJgAf5pg8tDqoKLl6v',#19,'Pset_METALITEC',$,(#7327,#7328,#7329,#7330,#7331));
#7333=IFCRELDEFINESBYPROPERTIES('3tyCC9_qb2QQ0_qRLF3eG_',#19,$,$,(#7325),#7332);
#7334=IFCCARTESIANPOINT((33745.454545454544,0.,13225.454545454546));
#7335=IFCDIRECTION((0.,1.,0.));
#7336=IFCDIRECTION((0.,0.,1.));
#7337=IFCAXIS2PLACEMENT3D(#7334,#7335,#7336);
#7338=IFCLOCALPLACEMENT(#25,#7337);
#7339=IFCDIRECTION((0.,0.,1.));
#7340=IFCDIRECTION((1.,0.,0.));
#7341=IFCAXIS2PLACEMENT3D(#7,#7339,#7340);
#7342=IFCDIRECTION((0.,0.,1.));
#7343=IFCEXTRUDEDAREASOLID(#46,#7341,#7342,149500.);
#7344=IFCSHAPEREPRESENTATION(#13,'Body','SweptSolid',(#7343));
#7345=IFCCARTESIANPOINT((0.,0.,0.));
#7346=IFCCARTESIANPOINT((0.,0.,149500.));
#7347=IFCPOLYLINE((#7345,#7346));
#7348=IFCSHAPEREPRESENTATION(#14,'Axis','Curve3D',(#7347));
#7349=IFCPRODUCTDEFINITIONSHAPE($,$,(#7348,#7344));
#7350=IFCBEAM('0YPhHax8P949LKpWqlKilb',#19,'LF-1','ORR 152x51x4.8',$,#7338,#7349,$,$);
#7351=IFCRELASSOCIATESMATERIAL('3EgLTex5nAu9WxPCWrs9wu',#19,$,$,(#7350),#30);
#7352=IFCPROPERTYSINGLEVALUE('Familia',$,IFCLABEL('Largueros de cubierta'),$);
#7353=IFCPROPERTYSINGLEVALUE('Perfil',$,IFCLABEL('ORR 152x51x4.8'),$);
#7354=IFCPROPERTYSINGLEVALUE('Marca',$,IFCLABEL('LF-1'),$);
#7355=IFCPROPERTYSINGLEVALUE('HH_ton_taller',$,IFCREAL(15.),$);
#7356=IFCPROPERTYSINGLEVALUE('Longitud_m',$,IFCREAL(149.5),$);
#7357=IFCPROPERTYSET('3Bzu9HU_X61OVbkavb3aKM',#19,'Pset_METALITEC',$,(#7352,#7353,#7354,#7355,#7356));
#7358=IFCRELDEFINESBYPROPERTIES('1rmGuYsvnALx7WqmXMvI$7',#19,$,$,(#7350),#7357);
#7359=IFCCARTESIANPOINT((34909.090909090912,0.,13419.09090909091));
#7360=IFCDIRECTION((0.,1.,0.));
#7361=IFCDIRECTION((0.,0.,1.));
#7362=IFCAXIS2PLACEMENT3D(#7359,#7360,#7361);
#7363=IFCLOCALPLACEMENT(#25,#7362);
#7364=IFCDIRECTION((0.,0.,1.));
#7365=IFCDIRECTION((1.,0.,0.));
#7366=IFCAXIS2PLACEMENT3D(#7,#7364,#7365);
#7367=IFCDIRECTION((0.,0.,1.));
#7368=IFCEXTRUDEDAREASOLID(#46,#7366,#7367,149500.);
#7369=IFCSHAPEREPRESENTATION(#13,'Body','SweptSolid',(#7368));
#7370=IFCCARTESIANPOINT((0.,0.,0.));
#7371=IFCCARTESIANPOINT((0.,0.,149500.));
#7372=IFCPOLYLINE((#7370,#7371));
#7373=IFCSHAPEREPRESENTATION(#14,'Axis','Curve3D',(#7372));
#7374=IFCPRODUCTDEFINITIONSHAPE($,$,(#7373,#7369));
#7375=IFCBEAM('1RdmnIejj9OAGVXKsSh0rg',#19,'LF-1','ORR 152x51x4.8',$,#7363,#7374,$,$);
#7376=IFCRELASSOCIATESMATERIAL('23s_zJL5HBj9SA1rrjy0l7',#19,$,$,(#7375),#30);
#7377=IFCPROPERTYSINGLEVALUE('Familia',$,IFCLABEL('Largueros de cubierta'),$);
#7378=IFCPROPERTYSINGLEVALUE('Perfil',$,IFCLABEL('ORR 152x51x4.8'),$);
#7379=IFCPROPERTYSINGLEVALUE('Marca',$,IFCLABEL('LF-1'),$);
#7380=IFCPROPERTYSINGLEVALUE('HH_ton_taller',$,IFCREAL(15.),$);
#7381=IFCPROPERTYSINGLEVALUE('Longitud_m',$,IFCREAL(149.5),$);
#7382=IFCPROPERTYSET('0LCiZhUGn3jvxk2_hSTEgu',#19,'Pset_METALITEC',$,(#7377,#7378,#7379,#7380,#7381));
#7383=IFCRELDEFINESBYPROPERTIES('3pcSh1du93Qf787C7$UOmp',#19,$,$,(#7375),#7382);
#7384=IFCCARTESIANPOINT((36072.727272727272,0.,13612.727272727272));
#7385=IFCDIRECTION((0.,1.,0.));
#7386=IFCDIRECTION((0.,0.,1.));
#7387=IFCAXIS2PLACEMENT3D(#7384,#7385,#7386);
#7388=IFCLOCALPLACEMENT(#25,#7387);
#7389=IFCDIRECTION((0.,0.,1.));
#7390=IFCDIRECTION((1.,0.,0.));
#7391=IFCAXIS2PLACEMENT3D(#7,#7389,#7390);
#7392=IFCDIRECTION((0.,0.,1.));
#7393=IFCEXTRUDEDAREASOLID(#46,#7391,#7392,149500.);
#7394=IFCSHAPEREPRESENTATION(#13,'Body','SweptSolid',(#7393));
#7395=IFCCARTESIANPOINT((0.,0.,0.));
#7396=IFCCARTESIANPOINT((0.,0.,149500.));
#7397=IFCPOLYLINE((#7395,#7396));
#7398=IFCSHAPEREPRESENTATION(#14,'Axis','Curve3D',(#7397));
#7399=IFCPRODUCTDEFINITIONSHAPE($,$,(#7398,#7394));
#7400=IFCBEAM('0aYrg0DxT4DfOPMdbhATAm',#19,'LF-1','ORR 152x51x4.8',$,#7388,#7399,$,$);
#7401=IFCRELASSOCIATESMATERIAL('3555upZcv05PWK3OoYp7_r',#19,$,$,(#7400),#30);
#7402=IFCPROPERTYSINGLEVALUE('Familia',$,IFCLABEL('Largueros de cubierta'),$);
#7403=IFCPROPERTYSINGLEVALUE('Perfil',$,IFCLABEL('ORR 152x51x4.8'),$);
#7404=IFCPROPERTYSINGLEVALUE('Marca',$,IFCLABEL('LF-1'),$);
#7405=IFCPROPERTYSINGLEVALUE('HH_ton_taller',$,IFCREAL(15.),$);
#7406=IFCPROPERTYSINGLEVALUE('Longitud_m',$,IFCREAL(149.5),$);
#7407=IFCPROPERTYSET('3AdeHxrazAIQdkvUcM5l7g',#19,'Pset_METALITEC',$,(#7402,#7403,#7404,#7405,#7406));
#7408=IFCRELDEFINESBYPROPERTIES('0r9XfbpjLF6AdI2m1SVzsx',#19,$,$,(#7400),#7407);
#7409=IFCCARTESIANPOINT((37236.363636363632,0.,13806.363636363636));
#7410=IFCDIRECTION((0.,1.,0.));
#7411=IFCDIRECTION((0.,0.,1.));
#7412=IFCAXIS2PLACEMENT3D(#7409,#7410,#7411);
#7413=IFCLOCALPLACEMENT(#25,#7412);
#7414=IFCDIRECTION((0.,0.,1.));
#7415=IFCDIRECTION((1.,0.,0.));
#7416=IFCAXIS2PLACEMENT3D(#7,#7414,#7415);
#7417=IFCDIRECTION((0.,0.,1.));
#7418=IFCEXTRUDEDAREASOLID(#46,#7416,#7417,149500.);
#7419=IFCSHAPEREPRESENTATION(#13,'Body','SweptSolid',(#7418));
#7420=IFCCARTESIANPOINT((0.,0.,0.));
#7421=IFCCARTESIANPOINT((0.,0.,149500.));
#7422=IFCPOLYLINE((#7420,#7421));
#7423=IFCSHAPEREPRESENTATION(#14,'Axis','Curve3D',(#7422));
#7424=IFCPRODUCTDEFINITIONSHAPE($,$,(#7423,#7419));
#7425=IFCBEAM('3vTPnb_QzC4wH4DBEPWwTF',#19,'LF-1','ORR 152x51x4.8',$,#7413,#7424,$,$);
#7426=IFCRELASSOCIATESMATERIAL('3Vajc_$9n8whoZDIxvtVJZ',#19,$,$,(#7425),#30);
#7427=IFCPROPERTYSINGLEVALUE('Familia',$,IFCLABEL('Largueros de cubierta'),$);
#7428=IFCPROPERTYSINGLEVALUE('Perfil',$,IFCLABEL('ORR 152x51x4.8'),$);
#7429=IFCPROPERTYSINGLEVALUE('Marca',$,IFCLABEL('LF-1'),$);
#7430=IFCPROPERTYSINGLEVALUE('HH_ton_taller',$,IFCREAL(15.),$);
#7431=IFCPROPERTYSINGLEVALUE('Longitud_m',$,IFCREAL(149.5),$);
#7432=IFCPROPERTYSET('3kVNNmoov5gB5T3o9aZ8XA',#19,'Pset_METALITEC',$,(#7427,#7428,#7429,#7430,#7431));
#7433=IFCRELDEFINESBYPROPERTIES('3L7OeChc92Ze5yg8cHPcnR',#19,$,$,(#7425),#7432);
#7434=IFCCARTESIANPOINT((39563.63636363636,0.,13806.363636363636));
#7435=IFCDIRECTION((0.,1.,0.));
#7436=IFCDIRECTION((0.,0.,1.));
#7437=IFCAXIS2PLACEMENT3D(#7434,#7435,#7436);
#7438=IFCLOCALPLACEMENT(#25,#7437);
#7439=IFCDIRECTION((0.,0.,1.));
#7440=IFCDIRECTION((1.,0.,0.));
#7441=IFCAXIS2PLACEMENT3D(#7,#7439,#7440);
#7442=IFCDIRECTION((0.,0.,1.));
#7443=IFCEXTRUDEDAREASOLID(#46,#7441,#7442,149500.);
#7444=IFCSHAPEREPRESENTATION(#13,'Body','SweptSolid',(#7443));
#7445=IFCCARTESIANPOINT((0.,0.,0.));
#7446=IFCCARTESIANPOINT((0.,0.,149500.));
#7447=IFCPOLYLINE((#7445,#7446));
#7448=IFCSHAPEREPRESENTATION(#14,'Axis','Curve3D',(#7447));
#7449=IFCPRODUCTDEFINITIONSHAPE($,$,(#7448,#7444));
#7450=IFCBEAM('05fqpOmPv7UA1KqQuVxEQ6',#19,'LF-1','ORR 152x51x4.8',$,#7438,#7449,$,$);
#7451=IFCRELASSOCIATESMATERIAL('0qPY7sd891N8X64Ypuu1g7',#19,$,$,(#7450),#30);
#7452=IFCPROPERTYSINGLEVALUE('Familia',$,IFCLABEL('Largueros de cubierta'),$);
#7453=IFCPROPERTYSINGLEVALUE('Perfil',$,IFCLABEL('ORR 152x51x4.8'),$);
#7454=IFCPROPERTYSINGLEVALUE('Marca',$,IFCLABEL('LF-1'),$);
#7455=IFCPROPERTYSINGLEVALUE('HH_ton_taller',$,IFCREAL(15.),$);
#7456=IFCPROPERTYSINGLEVALUE('Longitud_m',$,IFCREAL(149.5),$);
#7457=IFCPROPERTYSET('28Z$eqEAT84hojeX_qR3BW',#19,'Pset_METALITEC',$,(#7452,#7453,#7454,#7455,#7456));
#7458=IFCRELDEFINESBYPROPERTIES('2UVPo_64LFpAPC91gHmDly',#19,$,$,(#7450),#7457);
#7459=IFCCARTESIANPOINT((40727.272727272728,0.,13612.727272727272));
#7460=IFCDIRECTION((0.,1.,0.));
#7461=IFCDIRECTION((0.,0.,1.));
#7462=IFCAXIS2PLACEMENT3D(#7459,#7460,#7461);
#7463=IFCLOCALPLACEMENT(#25,#7462);
#7464=IFCDIRECTION((0.,0.,1.));
#7465=IFCDIRECTION((1.,0.,0.));
#7466=IFCAXIS2PLACEMENT3D(#7,#7464,#7465);
#7467=IFCDIRECTION((0.,0.,1.));
#7468=IFCEXTRUDEDAREASOLID(#46,#7466,#7467,149500.);
#7469=IFCSHAPEREPRESENTATION(#13,'Body','SweptSolid',(#7468));
#7470=IFCCARTESIANPOINT((0.,0.,0.));
#7471=IFCCARTESIANPOINT((0.,0.,149500.));
#7472=IFCPOLYLINE((#7470,#7471));
#7473=IFCSHAPEREPRESENTATION(#14,'Axis','Curve3D',(#7472));
#7474=IFCPRODUCTDEFINITIONSHAPE($,$,(#7473,#7469));
#7475=IFCBEAM('3zHL9ChrbF$9PcK0mqa8Ww',#19,'LF-1','ORR 152x51x4.8',$,#7463,#7474,$,$);
#7476=IFCRELASSOCIATESMATERIAL('2Xnlfbmp9BVwO0WS9$IShl',#19,$,$,(#7475),#30);
#7477=IFCPROPERTYSINGLEVALUE('Familia',$,IFCLABEL('Largueros de cubierta'),$);
#7478=IFCPROPERTYSINGLEVALUE('Perfil',$,IFCLABEL('ORR 152x51x4.8'),$);
#7479=IFCPROPERTYSINGLEVALUE('Marca',$,IFCLABEL('LF-1'),$);
#7480=IFCPROPERTYSINGLEVALUE('HH_ton_taller',$,IFCREAL(15.),$);
#7481=IFCPROPERTYSINGLEVALUE('Longitud_m',$,IFCREAL(149.5),$);
#7482=IFCPROPERTYSET('0tjqC6wGH2lQSXcFr5dXD0',#19,'Pset_METALITEC',$,(#7477,#7478,#7479,#7480,#7481));
#7483=IFCRELDEFINESBYPROPERTIES('3GvMmDhlb4RRIcXZlT5rio',#19,$,$,(#7475),#7482);
#7484=IFCCARTESIANPOINT((41890.909090909088,0.,13419.09090909091));
#7485=IFCDIRECTION((0.,1.,0.));
#7486=IFCDIRECTION((0.,0.,1.));
#7487=IFCAXIS2PLACEMENT3D(#7484,#7485,#7486);
#7488=IFCLOCALPLACEMENT(#25,#7487);
#7489=IFCDIRECTION((0.,0.,1.));
#7490=IFCDIRECTION((1.,0.,0.));
#7491=IFCAXIS2PLACEMENT3D(#7,#7489,#7490);
#7492=IFCDIRECTION((0.,0.,1.));
#7493=IFCEXTRUDEDAREASOLID(#46,#7491,#7492,149500.);
#7494=IFCSHAPEREPRESENTATION(#13,'Body','SweptSolid',(#7493));
#7495=IFCCARTESIANPOINT((0.,0.,0.));
#7496=IFCCARTESIANPOINT((0.,0.,149500.));
#7497=IFCPOLYLINE((#7495,#7496));
#7498=IFCSHAPEREPRESENTATION(#14,'Axis','Curve3D',(#7497));
#7499=IFCPRODUCTDEFINITIONSHAPE($,$,(#7498,#7494));
#7500=IFCBEAM('0g4NrgPCrD3eavLz41jkzs',#19,'LF-1','ORR 152x51x4.8',$,#7488,#7499,$,$);
#7501=IFCRELASSOCIATESMATERIAL('1kaciTQ6L8_vN9K0CUnyU5',#19,$,$,(#7500),#30);
#7502=IFCPROPERTYSINGLEVALUE('Familia',$,IFCLABEL('Largueros de cubierta'),$);
#7503=IFCPROPERTYSINGLEVALUE('Perfil',$,IFCLABEL('ORR 152x51x4.8'),$);
#7504=IFCPROPERTYSINGLEVALUE('Marca',$,IFCLABEL('LF-1'),$);
#7505=IFCPROPERTYSINGLEVALUE('HH_ton_taller',$,IFCREAL(15.),$);
#7506=IFCPROPERTYSINGLEVALUE('Longitud_m',$,IFCREAL(149.5),$);
#7507=IFCPROPERTYSET('1$vN4ht9H3E9_cRmrJCCKe',#19,'Pset_METALITEC',$,(#7502,#7503,#7504,#7505,#7506));
#7508=IFCRELDEFINESBYPROPERTIES('1cWpYUiK168h7lxRCMxa9g',#19,$,$,(#7500),#7507);
#7509=IFCCARTESIANPOINT((43054.545454545456,0.,13225.454545454546));
#7510=IFCDIRECTION((0.,1.,0.));
#7511=IFCDIRECTION((0.,0.,1.));
#7512=IFCAXIS2PLACEMENT3D(#7509,#7510,#7511);
#7513=IFCLOCALPLACEMENT(#25,#7512);
#7514=IFCDIRECTION((0.,0.,1.));
#7515=IFCDIRECTION((1.,0.,0.));
#7516=IFCAXIS2PLACEMENT3D(#7,#7514,#7515);
#7517=IFCDIRECTION((0.,0.,1.));
#7518=IFCEXTRUDEDAREASOLID(#46,#7516,#7517,149500.);
#7519=IFCSHAPEREPRESENTATION(#13,'Body','SweptSolid',(#7518));
#7520=IFCCARTESIANPOINT((0.,0.,0.));
#7521=IFCCARTESIANPOINT((0.,0.,149500.));
#7522=IFCPOLYLINE((#7520,#7521));
#7523=IFCSHAPEREPRESENTATION(#14,'Axis','Curve3D',(#7522));
#7524=IFCPRODUCTDEFINITIONSHAPE($,$,(#7523,#7519));
#7525=IFCBEAM('1FUVu6WFzEQfOshyhwMcmh',#19,'LF-1','ORR 152x51x4.8',$,#7513,#7524,$,$);
#7526=IFCRELASSOCIATESMATERIAL('3FkQ7wUdf0Yw7hvnJqT705',#19,$,$,(#7525),#30);
#7527=IFCPROPERTYSINGLEVALUE('Familia',$,IFCLABEL('Largueros de cubierta'),$);
#7528=IFCPROPERTYSINGLEVALUE('Perfil',$,IFCLABEL('ORR 152x51x4.8'),$);
#7529=IFCPROPERTYSINGLEVALUE('Marca',$,IFCLABEL('LF-1'),$);
#7530=IFCPROPERTYSINGLEVALUE('HH_ton_taller',$,IFCREAL(15.),$);
#7531=IFCPROPERTYSINGLEVALUE('Longitud_m',$,IFCREAL(149.5),$);
#7532=IFCPROPERTYSET('1AGxDR26T8N96D2Johlwtb',#19,'Pset_METALITEC',$,(#7527,#7528,#7529,#7530,#7531));
#7533=IFCRELDEFINESBYPROPERTIES('3R3uQ8JM97S8vFn9Mu86rt',#19,$,$,(#7525),#7532);
#7534=IFCCARTESIANPOINT((44218.181818181816,0.,13031.818181818182));
#7535=IFCDIRECTION((0.,1.,0.));
#7536=IFCDIRECTION((0.,0.,1.));
#7537=IFCAXIS2PLACEMENT3D(#7534,#7535,#7536);
#7538=IFCLOCALPLACEMENT(#25,#7537);
#7539=IFCDIRECTION((0.,0.,1.));
#7540=IFCDIRECTION((1.,0.,0.));
#7541=IFCAXIS2PLACEMENT3D(#7,#7539,#7540);
#7542=IFCDIRECTION((0.,0.,1.));
#7543=IFCEXTRUDEDAREASOLID(#46,#7541,#7542,149500.);
#7544=IFCSHAPEREPRESENTATION(#13,'Body','SweptSolid',(#7543));
#7545=IFCCARTESIANPOINT((0.,0.,0.));
#7546=IFCCARTESIANPOINT((0.,0.,149500.));
#7547=IFCPOLYLINE((#7545,#7546));
#7548=IFCSHAPEREPRESENTATION(#14,'Axis','Curve3D',(#7547));
#7549=IFCPRODUCTDEFINITIONSHAPE($,$,(#7548,#7544));
#7550=IFCBEAM('36p5F8iJL14hFnYKhM7pdW',#19,'LF-1','ORR 152x51x4.8',$,#7538,#7549,$,$);
#7551=IFCRELASSOCIATESMATERIAL('13hPB$kff5cQe7EmVsZgG8',#19,$,$,(#7550),#30);
#7552=IFCPROPERTYSINGLEVALUE('Familia',$,IFCLABEL('Largueros de cubierta'),$);
#7553=IFCPROPERTYSINGLEVALUE('Perfil',$,IFCLABEL('ORR 152x51x4.8'),$);
#7554=IFCPROPERTYSINGLEVALUE('Marca',$,IFCLABEL('LF-1'),$);
#7555=IFCPROPERTYSINGLEVALUE('HH_ton_taller',$,IFCREAL(15.),$);
#7556=IFCPROPERTYSINGLEVALUE('Longitud_m',$,IFCREAL(149.5),$);
#7557=IFCPROPERTYSET('1QqCpItePDuwwZ9fLogAwo',#19,'Pset_METALITEC',$,(#7552,#7553,#7554,#7555,#7556));
#7558=IFCRELDEFINESBYPROPERTIES('2sZbvBHzTCqA7f6KwMem7L',#19,$,$,(#7550),#7557);
#7559=IFCCARTESIANPOINT((45381.818181818184,0.,12838.181818181818));
#7560=IFCDIRECTION((0.,1.,0.));
#7561=IFCDIRECTION((0.,0.,1.));
#7562=IFCAXIS2PLACEMENT3D(#7559,#7560,#7561);
#7563=IFCLOCALPLACEMENT(#25,#7562);
#7564=IFCDIRECTION((0.,0.,1.));
#7565=IFCDIRECTION((1.,0.,0.));
#7566=IFCAXIS2PLACEMENT3D(#7,#7564,#7565);
#7567=IFCDIRECTION((0.,0.,1.));
#7568=IFCEXTRUDEDAREASOLID(#46,#7566,#7567,149500.);
#7569=IFCSHAPEREPRESENTATION(#13,'Body','SweptSolid',(#7568));
#7570=IFCCARTESIANPOINT((0.,0.,0.));
#7571=IFCCARTESIANPOINT((0.,0.,149500.));
#7572=IFCPOLYLINE((#7570,#7571));
#7573=IFCSHAPEREPRESENTATION(#14,'Axis','Curve3D',(#7572));
#7574=IFCPRODUCTDEFINITIONSHAPE($,$,(#7573,#7569));
#7575=IFCBEAM('3dZUzjUwrB_xYiSzI6HOnA',#19,'LF-1','ORR 152x51x4.8',$,#7563,#7574,$,$);
#7576=IFCRELASSOCIATESMATERIAL('1G$4TJ1Nf3gu39RhoCQcJe',#19,$,$,(#7575),#30);
#7577=IFCPROPERTYSINGLEVALUE('Familia',$,IFCLABEL('Largueros de cubierta'),$);
#7578=IFCPROPERTYSINGLEVALUE('Perfil',$,IFCLABEL('ORR 152x51x4.8'),$);
#7579=IFCPROPERTYSINGLEVALUE('Marca',$,IFCLABEL('LF-1'),$);
#7580=IFCPROPERTYSINGLEVALUE('HH_ton_taller',$,IFCREAL(15.),$);
#7581=IFCPROPERTYSINGLEVALUE('Longitud_m',$,IFCREAL(149.5),$);
#7582=IFCPROPERTYSET('3Fe_MTBuvEoO09hsoHwtAV',#19,'Pset_METALITEC',$,(#7577,#7578,#7579,#7580,#7581));
#7583=IFCRELDEFINESBYPROPERTIES('0mTN1r0IH6hgrvaeVuGcEm',#19,$,$,(#7575),#7582);
#7584=IFCCARTESIANPOINT((46545.454545454544,0.,12644.545454545454));
#7585=IFCDIRECTION((0.,1.,0.));
#7586=IFCDIRECTION((0.,0.,1.));
#7587=IFCAXIS2PLACEMENT3D(#7584,#7585,#7586);
#7588=IFCLOCALPLACEMENT(#25,#7587);
#7589=IFCDIRECTION((0.,0.,1.));
#7590=IFCDIRECTION((1.,0.,0.));
#7591=IFCAXIS2PLACEMENT3D(#7,#7589,#7590);
#7592=IFCDIRECTION((0.,0.,1.));
#7593=IFCEXTRUDEDAREASOLID(#46,#7591,#7592,149500.);
#7594=IFCSHAPEREPRESENTATION(#13,'Body','SweptSolid',(#7593));
#7595=IFCCARTESIANPOINT((0.,0.,0.));
#7596=IFCCARTESIANPOINT((0.,0.,149500.));
#7597=IFCPOLYLINE((#7595,#7596));
#7598=IFCSHAPEREPRESENTATION(#14,'Axis','Curve3D',(#7597));
#7599=IFCPRODUCTDEFINITIONSHAPE($,$,(#7598,#7594));
#7600=IFCBEAM('1JgYBT4Xf19gviInU$wCa5',#19,'LF-1','ORR 152x51x4.8',$,#7588,#7599,$,$);
#7601=IFCRELASSOCIATESMATERIAL('3V77SAvrD0vAe$yQzvKwPn',#19,$,$,(#7600),#30);
#7602=IFCPROPERTYSINGLEVALUE('Familia',$,IFCLABEL('Largueros de cubierta'),$);
#7603=IFCPROPERTYSINGLEVALUE('Perfil',$,IFCLABEL('ORR 152x51x4.8'),$);
#7604=IFCPROPERTYSINGLEVALUE('Marca',$,IFCLABEL('LF-1'),$);
#7605=IFCPROPERTYSINGLEVALUE('HH_ton_taller',$,IFCREAL(15.),$);
#7606=IFCPROPERTYSINGLEVALUE('Longitud_m',$,IFCREAL(149.5),$);
#7607=IFCPROPERTYSET('1eOso0gg1E3O57B9HXKzku',#19,'Pset_METALITEC',$,(#7602,#7603,#7604,#7605,#7606));
#7608=IFCRELDEFINESBYPROPERTIES('0oSKPTAG587Aj1LsuRrH$7',#19,$,$,(#7600),#7607);
#7609=IFCCARTESIANPOINT((47709.090909090912,0.,12450.90909090909));
#7610=IFCDIRECTION((0.,1.,0.));
#7611=IFCDIRECTION((0.,0.,1.));
#7612=IFCAXIS2PLACEMENT3D(#7609,#7610,#7611);
#7613=IFCLOCALPLACEMENT(#25,#7612);
#7614=IFCDIRECTION((0.,0.,1.));
#7615=IFCDIRECTION((1.,0.,0.));
#7616=IFCAXIS2PLACEMENT3D(#7,#7614,#7615);
#7617=IFCDIRECTION((0.,0.,1.));
#7618=IFCEXTRUDEDAREASOLID(#46,#7616,#7617,149500.);
#7619=IFCSHAPEREPRESENTATION(#13,'Body','SweptSolid',(#7618));
#7620=IFCCARTESIANPOINT((0.,0.,0.));
#7621=IFCCARTESIANPOINT((0.,0.,149500.));
#7622=IFCPOLYLINE((#7620,#7621));
#7623=IFCSHAPEREPRESENTATION(#14,'Axis','Curve3D',(#7622));
#7624=IFCPRODUCTDEFINITIONSHAPE($,$,(#7623,#7619));
#7625=IFCBEAM('1fF2jrmbP5DOtj47D_Cl3t',#19,'LF-1','ORR 152x51x4.8',$,#7613,#7624,$,$);
#7626=IFCRELASSOCIATESMATERIAL('0YcfVlhUvBEwvddWYd7pku',#19,$,$,(#7625),#30);
#7627=IFCPROPERTYSINGLEVALUE('Familia',$,IFCLABEL('Largueros de cubierta'),$);
#7628=IFCPROPERTYSINGLEVALUE('Perfil',$,IFCLABEL('ORR 152x51x4.8'),$);
#7629=IFCPROPERTYSINGLEVALUE('Marca',$,IFCLABEL('LF-1'),$);
#7630=IFCPROPERTYSINGLEVALUE('HH_ton_taller',$,IFCREAL(15.),$);
#7631=IFCPROPERTYSINGLEVALUE('Longitud_m',$,IFCREAL(149.5),$);
#7632=IFCPROPERTYSET('2VdZqv_8XFbRAA0oBMnrfE',#19,'Pset_METALITEC',$,(#7627,#7628,#7629,#7630,#7631));
#7633=IFCRELDEFINESBYPROPERTIES('0vRE6o8QvFxBtc9wOf4hqK',#19,$,$,(#7625),#7632);
#7634=IFCCARTESIANPOINT((48872.727272727272,0.,12257.272727272728));
#7635=IFCDIRECTION((0.,1.,0.));
#7636=IFCDIRECTION((0.,0.,1.));
#7637=IFCAXIS2PLACEMENT3D(#7634,#7635,#7636);
#7638=IFCLOCALPLACEMENT(#25,#7637);
#7639=IFCDIRECTION((0.,0.,1.));
#7640=IFCDIRECTION((1.,0.,0.));
#7641=IFCAXIS2PLACEMENT3D(#7,#7639,#7640);
#7642=IFCDIRECTION((0.,0.,1.));
#7643=IFCEXTRUDEDAREASOLID(#46,#7641,#7642,149500.);
#7644=IFCSHAPEREPRESENTATION(#13,'Body','SweptSolid',(#7643));
#7645=IFCCARTESIANPOINT((0.,0.,0.));
#7646=IFCCARTESIANPOINT((0.,0.,149500.));
#7647=IFCPOLYLINE((#7645,#7646));
#7648=IFCSHAPEREPRESENTATION(#14,'Axis','Curve3D',(#7647));
#7649=IFCPRODUCTDEFINITIONSHAPE($,$,(#7648,#7644));
#7650=IFCBEAM('1QorzGSiDFuv9VmxUEYIwy',#19,'LF-1','ORR 152x51x4.8',$,#7638,#7649,$,$);
#7651=IFCRELASSOCIATESMATERIAL('1fQ76_kXfAIfaTIRdfQImn',#19,$,$,(#7650),#30);
#7652=IFCPROPERTYSINGLEVALUE('Familia',$,IFCLABEL('Largueros de cubierta'),$);
#7653=IFCPROPERTYSINGLEVALUE('Perfil',$,IFCLABEL('ORR 152x51x4.8'),$);
#7654=IFCPROPERTYSINGLEVALUE('Marca',$,IFCLABEL('LF-1'),$);
#7655=IFCPROPERTYSINGLEVALUE('HH_ton_taller',$,IFCREAL(15.),$);
#7656=IFCPROPERTYSINGLEVALUE('Longitud_m',$,IFCREAL(149.5),$);
#7657=IFCPROPERTYSET('2Zsjxxl8H7WhfezuyqO$nr',#19,'Pset_METALITEC',$,(#7652,#7653,#7654,#7655,#7656));
#7658=IFCRELDEFINESBYPROPERTIES('2jPa14o4L5LA1Py8yHt2B3',#19,$,$,(#7650),#7657);
#7659=IFCCARTESIANPOINT((50036.363636363632,0.,12063.636363636364));
#7660=IFCDIRECTION((0.,1.,0.));
#7661=IFCDIRECTION((0.,0.,1.));
#7662=IFCAXIS2PLACEMENT3D(#7659,#7660,#7661);
#7663=IFCLOCALPLACEMENT(#25,#7662);
#7664=IFCDIRECTION((0.,0.,1.));
#7665=IFCDIRECTION((1.,0.,0.));
#7666=IFCAXIS2PLACEMENT3D(#7,#7664,#7665);
#7667=IFCDIRECTION((0.,0.,1.));
#7668=IFCEXTRUDEDAREASOLID(#46,#7666,#7667,149500.);
#7669=IFCSHAPEREPRESENTATION(#13,'Body','SweptSolid',(#7668));
#7670=IFCCARTESIANPOINT((0.,0.,0.));
#7671=IFCCARTESIANPOINT((0.,0.,149500.));
#7672=IFCPOLYLINE((#7670,#7671));
#7673=IFCSHAPEREPRESENTATION(#14,'Axis','Curve3D',(#7672));
#7674=IFCPRODUCTDEFINITIONSHAPE($,$,(#7673,#7669));
#7675=IFCBEAM('0_FNB$sSHD7Q65vbI$ura1',#19,'LF-1','ORR 152x51x4.8',$,#7663,#7674,$,$);
#7676=IFCRELASSOCIATESMATERIAL('1t5ijleXXCX8v7i4RpqqJ6',#19,$,$,(#7675),#30);
#7677=IFCPROPERTYSINGLEVALUE('Familia',$,IFCLABEL('Largueros de cubierta'),$);
#7678=IFCPROPERTYSINGLEVALUE('Perfil',$,IFCLABEL('ORR 152x51x4.8'),$);
#7679=IFCPROPERTYSINGLEVALUE('Marca',$,IFCLABEL('LF-1'),$);
#7680=IFCPROPERTYSINGLEVALUE('HH_ton_taller',$,IFCREAL(15.),$);
#7681=IFCPROPERTYSINGLEVALUE('Longitud_m',$,IFCREAL(149.5),$);
#7682=IFCPROPERTYSET('3Zo7sEIRbB1855YOwQAvoO',#19,'Pset_METALITEC',$,(#7677,#7678,#7679,#7680,#7681));
#7683=IFCRELDEFINESBYPROPERTIES('3fCB$pup1EyOk_Uafqx1a6',#19,$,$,(#7675),#7682);
#7684=IFCCARTESIANPOINT((52363.63636363636,0.,12063.636363636364));
#7685=IFCDIRECTION((0.,1.,0.));
#7686=IFCDIRECTION((0.,0.,1.));
#7687=IFCAXIS2PLACEMENT3D(#7684,#7685,#7686);
#7688=IFCLOCALPLACEMENT(#25,#7687);
#7689=IFCDIRECTION((0.,0.,1.));
#7690=IFCDIRECTION((1.,0.,0.));
#7691=IFCAXIS2PLACEMENT3D(#7,#7689,#7690);
#7692=IFCDIRECTION((0.,0.,1.));
#7693=IFCEXTRUDEDAREASOLID(#46,#7691,#7692,149500.);
#7694=IFCSHAPEREPRESENTATION(#13,'Body','SweptSolid',(#7693));
#7695=IFCCARTESIANPOINT((0.,0.,0.));
#7696=IFCCARTESIANPOINT((0.,0.,149500.));
#7697=IFCPOLYLINE((#7695,#7696));
#7698=IFCSHAPEREPRESENTATION(#14,'Axis','Curve3D',(#7697));
#7699=IFCPRODUCTDEFINITIONSHAPE($,$,(#7698,#7694));
#7700=IFCBEAM('17HrP44GX7HBjhLOy8fpYX',#19,'LF-1','ORR 152x51x4.8',$,#7688,#7699,$,$);
#7701=IFCRELASSOCIATESMATERIAL('3UuX92a2fALfN_RCAEqBlK',#19,$,$,(#7700),#30);
#7702=IFCPROPERTYSINGLEVALUE('Familia',$,IFCLABEL('Largueros de cubierta'),$);
#7703=IFCPROPERTYSINGLEVALUE('Perfil',$,IFCLABEL('ORR 152x51x4.8'),$);
#7704=IFCPROPERTYSINGLEVALUE('Marca',$,IFCLABEL('LF-1'),$);
#7705=IFCPROPERTYSINGLEVALUE('HH_ton_taller',$,IFCREAL(15.),$);
#7706=IFCPROPERTYSINGLEVALUE('Longitud_m',$,IFCREAL(149.5),$);
#7707=IFCPROPERTYSET('29OHI2EYHF7uVooiaCrj9c',#19,'Pset_METALITEC',$,(#7702,#7703,#7704,#7705,#7706));
#7708=IFCRELDEFINESBYPROPERTIES('1r2pMkkEb5sgisIp0nNqeS',#19,$,$,(#7700),#7707);
#7709=IFCCARTESIANPOINT((53527.272727272728,0.,12257.272727272728));
#7710=IFCDIRECTION((0.,1.,0.));
#7711=IFCDIRECTION((0.,0.,1.));
#7712=IFCAXIS2PLACEMENT3D(#7709,#7710,#7711);
#7713=IFCLOCALPLACEMENT(#25,#7712);
#7714=IFCDIRECTION((0.,0.,1.));
#7715=IFCDIRECTION((1.,0.,0.));
#7716=IFCAXIS2PLACEMENT3D(#7,#7714,#7715);
#7717=IFCDIRECTION((0.,0.,1.));
#7718=IFCEXTRUDEDAREASOLID(#46,#7716,#7717,149500.);
#7719=IFCSHAPEREPRESENTATION(#13,'Body','SweptSolid',(#7718));
#7720=IFCCARTESIANPOINT((0.,0.,0.));
#7721=IFCCARTESIANPOINT((0.,0.,149500.));
#7722=IFCPOLYLINE((#7720,#7721));
#7723=IFCSHAPEREPRESENTATION(#14,'Axis','Curve3D',(#7722));
#7724=IFCPRODUCTDEFINITIONSHAPE($,$,(#7723,#7719));
#7725=IFCBEAM('2uUNSEtRr8Y8f5YlRhyuAI',#19,'LF-1','ORR 152x51x4.8',$,#7713,#7724,$,$);
#7726=IFCRELASSOCIATESMATERIAL('2QgXwC0s12RvtKkKIAfUbV',#19,$,$,(#7725),#30);
#7727=IFCPROPERTYSINGLEVALUE('Familia',$,IFCLABEL('Largueros de cubierta'),$);
#7728=IFCPROPERTYSINGLEVALUE('Perfil',$,IFCLABEL('ORR 152x51x4.8'),$);
#7729=IFCPROPERTYSINGLEVALUE('Marca',$,IFCLABEL('LF-1'),$);
#7730=IFCPROPERTYSINGLEVALUE('HH_ton_taller',$,IFCREAL(15.),$);
#7731=IFCPROPERTYSINGLEVALUE('Longitud_m',$,IFCREAL(149.5),$);
#7732=IFCPROPERTYSET('0B4WZPncj1S9t2wY0_Yf_v',#19,'Pset_METALITEC',$,(#7727,#7728,#7729,#7730,#7731));
#7733=IFCRELDEFINESBYPROPERTIES('2D90OvPXTEMx8sBke4cDie',#19,$,$,(#7725),#7732);
#7734=IFCCARTESIANPOINT((54690.909090909088,0.,12450.90909090909));
#7735=IFCDIRECTION((0.,1.,0.));
#7736=IFCDIRECTION((0.,0.,1.));
#7737=IFCAXIS2PLACEMENT3D(#7734,#7735,#7736);
#7738=IFCLOCALPLACEMENT(#25,#7737);
#7739=IFCDIRECTION((0.,0.,1.));
#7740=IFCDIRECTION((1.,0.,0.));
#7741=IFCAXIS2PLACEMENT3D(#7,#7739,#7740);
#7742=IFCDIRECTION((0.,0.,1.));
#7743=IFCEXTRUDEDAREASOLID(#46,#7741,#7742,149500.);
#7744=IFCSHAPEREPRESENTATION(#13,'Body','SweptSolid',(#7743));
#7745=IFCCARTESIANPOINT((0.,0.,0.));
#7746=IFCCARTESIANPOINT((0.,0.,149500.));
#7747=IFCPOLYLINE((#7745,#7746));
#7748=IFCSHAPEREPRESENTATION(#14,'Axis','Curve3D',(#7747));
#7749=IFCPRODUCTDEFINITIONSHAPE($,$,(#7748,#7744));
#7750=IFCBEAM('2oso1Eu2D84xf$Y9piVMHL',#19,'LF-1','ORR 152x51x4.8',$,#7738,#7749,$,$);
#7751=IFCRELASSOCIATESMATERIAL('1Nn_ls6gjAy9wFm3VUjU1v',#19,$,$,(#7750),#30);
#7752=IFCPROPERTYSINGLEVALUE('Familia',$,IFCLABEL('Largueros de cubierta'),$);
#7753=IFCPROPERTYSINGLEVALUE('Perfil',$,IFCLABEL('ORR 152x51x4.8'),$);
#7754=IFCPROPERTYSINGLEVALUE('Marca',$,IFCLABEL('LF-1'),$);
#7755=IFCPROPERTYSINGLEVALUE('HH_ton_taller',$,IFCREAL(15.),$);
#7756=IFCPROPERTYSINGLEVALUE('Longitud_m',$,IFCREAL(149.5),$);
#7757=IFCPROPERTYSET('2WGKF8lErAbg4L_1$48yM7',#19,'Pset_METALITEC',$,(#7752,#7753,#7754,#7755,#7756));
#7758=IFCRELDEFINESBYPROPERTIES('1q5X2Tov96HepDarus8egK',#19,$,$,(#7750),#7757);
#7759=IFCCARTESIANPOINT((55854.545454545456,0.,12644.545454545454));
#7760=IFCDIRECTION((0.,1.,0.));
#7761=IFCDIRECTION((0.,0.,1.));
#7762=IFCAXIS2PLACEMENT3D(#7759,#7760,#7761);
#7763=IFCLOCALPLACEMENT(#25,#7762);
#7764=IFCDIRECTION((0.,0.,1.));
#7765=IFCDIRECTION((1.,0.,0.));
#7766=IFCAXIS2PLACEMENT3D(#7,#7764,#7765);
#7767=IFCDIRECTION((0.,0.,1.));
#7768=IFCEXTRUDEDAREASOLID(#46,#7766,#7767,149500.);
#7769=IFCSHAPEREPRESENTATION(#13,'Body','SweptSolid',(#7768));
#7770=IFCCARTESIANPOINT((0.,0.,0.));
#7771=IFCCARTESIANPOINT((0.,0.,149500.));
#7772=IFCPOLYLINE((#7770,#7771));
#7773=IFCSHAPEREPRESENTATION(#14,'Axis','Curve3D',(#7772));
#7774=IFCPRODUCTDEFINITIONSHAPE($,$,(#7773,#7769));
#7775=IFCBEAM('3apVuMGCPCBBxhPkVa$TZd',#19,'LF-1','ORR 152x51x4.8',$,#7763,#7774,$,$);
#7776=IFCRELASSOCIATESMATERIAL('2OZL75XHD4MRkY9l4jIAXX',#19,$,$,(#7775),#30);
#7777=IFCPROPERTYSINGLEVALUE('Familia',$,IFCLABEL('Largueros de cubierta'),$);
#7778=IFCPROPERTYSINGLEVALUE('Perfil',$,IFCLABEL('ORR 152x51x4.8'),$);
#7779=IFCPROPERTYSINGLEVALUE('Marca',$,IFCLABEL('LF-1'),$);
#7780=IFCPROPERTYSINGLEVALUE('HH_ton_taller',$,IFCREAL(15.),$);
#7781=IFCPROPERTYSINGLEVALUE('Longitud_m',$,IFCREAL(149.5),$);
#7782=IFCPROPERTYSET('2ZGK9wsCj0nhHP_OgRNRn6',#19,'Pset_METALITEC',$,(#7777,#7778,#7779,#7780,#7781));
#7783=IFCRELDEFINESBYPROPERTIES('2rR3w$O1TCcPfH9$6lrhXt',#19,$,$,(#7775),#7782);
#7784=IFCCARTESIANPOINT((57018.181818181816,0.,12838.181818181818));
#7785=IFCDIRECTION((0.,1.,0.));
#7786=IFCDIRECTION((0.,0.,1.));
#7787=IFCAXIS2PLACEMENT3D(#7784,#7785,#7786);
#7788=IFCLOCALPLACEMENT(#25,#7787);
#7789=IFCDIRECTION((0.,0.,1.));
#7790=IFCDIRECTION((1.,0.,0.));
#7791=IFCAXIS2PLACEMENT3D(#7,#7789,#7790);
#7792=IFCDIRECTION((0.,0.,1.));
#7793=IFCEXTRUDEDAREASOLID(#46,#7791,#7792,149500.);
#7794=IFCSHAPEREPRESENTATION(#13,'Body','SweptSolid',(#7793));
#7795=IFCCARTESIANPOINT((0.,0.,0.));
#7796=IFCCARTESIANPOINT((0.,0.,149500.));
#7797=IFCPOLYLINE((#7795,#7796));
#7798=IFCSHAPEREPRESENTATION(#14,'Axis','Curve3D',(#7797));
#7799=IFCPRODUCTDEFINITIONSHAPE($,$,(#7798,#7794));
#7800=IFCBEAM('2zkIvnUyT0Sv3tQETLb496',#19,'LF-1','ORR 152x51x4.8',$,#7788,#7799,$,$);
#7801=IFCRELASSOCIATESMATERIAL('3LL8FgjePEPxcqkaflj6NV',#19,$,$,(#7800),#30);
#7802=IFCPROPERTYSINGLEVALUE('Familia',$,IFCLABEL('Largueros de cubierta'),$);
#7803=IFCPROPERTYSINGLEVALUE('Perfil',$,IFCLABEL('ORR 152x51x4.8'),$);
#7804=IFCPROPERTYSINGLEVALUE('Marca',$,IFCLABEL('LF-1'),$);
#7805=IFCPROPERTYSINGLEVALUE('HH_ton_taller',$,IFCREAL(15.),$);
#7806=IFCPROPERTYSINGLEVALUE('Longitud_m',$,IFCREAL(149.5),$);
#7807=IFCPROPERTYSET('33vo9JWQjFVgdCsE12wJ4b',#19,'Pset_METALITEC',$,(#7802,#7803,#7804,#7805,#7806));
#7808=IFCRELDEFINESBYPROPERTIES('2WAPzTIP52rAnJESVPI44D',#19,$,$,(#7800),#7807);
#7809=IFCCARTESIANPOINT((58181.818181818184,0.,13031.818181818182));
#7810=IFCDIRECTION((0.,1.,0.));
#7811=IFCDIRECTION((0.,0.,1.));
#7812=IFCAXIS2PLACEMENT3D(#7809,#7810,#7811);
#7813=IFCLOCALPLACEMENT(#25,#7812);
#7814=IFCDIRECTION((0.,0.,1.));
#7815=IFCDIRECTION((1.,0.,0.));
#7816=IFCAXIS2PLACEMENT3D(#7,#7814,#7815);
#7817=IFCDIRECTION((0.,0.,1.));
#7818=IFCEXTRUDEDAREASOLID(#46,#7816,#7817,149500.);
#7819=IFCSHAPEREPRESENTATION(#13,'Body','SweptSolid',(#7818));
#7820=IFCCARTESIANPOINT((0.,0.,0.));
#7821=IFCCARTESIANPOINT((0.,0.,149500.));
#7822=IFCPOLYLINE((#7820,#7821));
#7823=IFCSHAPEREPRESENTATION(#14,'Axis','Curve3D',(#7822));
#7824=IFCPRODUCTDEFINITIONSHAPE($,$,(#7823,#7819));
#7825=IFCBEAM('34K32fZgb4txgIfsBvMCy8',#19,'LF-1','ORR 152x51x4.8',$,#7813,#7824,$,$);
#7826=IFCRELASSOCIATESMATERIAL('0ZEBBy5Mz9oeEU7T63w6Vq',#19,$,$,(#7825),#30);
#7827=IFCPROPERTYSINGLEVALUE('Familia',$,IFCLABEL('Largueros de cubierta'),$);
#7828=IFCPROPERTYSINGLEVALUE('Perfil',$,IFCLABEL('ORR 152x51x4.8'),$);
#7829=IFCPROPERTYSINGLEVALUE('Marca',$,IFCLABEL('LF-1'),$);
#7830=IFCPROPERTYSINGLEVALUE('HH_ton_taller',$,IFCREAL(15.),$);
#7831=IFCPROPERTYSINGLEVALUE('Longitud_m',$,IFCREAL(149.5),$);
#7832=IFCPROPERTYSET('3ViBSHDyf5evl8vVbmWsCs',#19,'Pset_METALITEC',$,(#7827,#7828,#7829,#7830,#7831));
#7833=IFCRELDEFINESBYPROPERTIES('0UyuVJIRbEPQsatifCjxio',#19,$,$,(#7825),#7832);
#7834=IFCCARTESIANPOINT((59345.454545454544,0.,13225.454545454546));
#7835=IFCDIRECTION((0.,1.,0.));
#7836=IFCDIRECTION((0.,0.,1.));
#7837=IFCAXIS2PLACEMENT3D(#7834,#7835,#7836);
#7838=IFCLOCALPLACEMENT(#25,#7837);
#7839=IFCDIRECTION((0.,0.,1.));
#7840=IFCDIRECTION((1.,0.,0.));
#7841=IFCAXIS2PLACEMENT3D(#7,#7839,#7840);
#7842=IFCDIRECTION((0.,0.,1.));
#7843=IFCEXTRUDEDAREASOLID(#46,#7841,#7842,149500.);
#7844=IFCSHAPEREPRESENTATION(#13,'Body','SweptSolid',(#7843));
#7845=IFCCARTESIANPOINT((0.,0.,0.));
#7846=IFCCARTESIANPOINT((0.,0.,149500.));
#7847=IFCPOLYLINE((#7845,#7846));
#7848=IFCSHAPEREPRESENTATION(#14,'Axis','Curve3D',(#7847));
#7849=IFCPRODUCTDEFINITIONSHAPE($,$,(#7848,#7844));
#7850=IFCBEAM('2lzz_WEPr8$8ZsS6rKGxjX',#19,'LF-1','ORR 152x51x4.8',$,#7838,#7849,$,$);
#7851=IFCRELASSOCIATESMATERIAL('0yLS8_dxH1Fe6xq6BiUwAR',#19,$,$,(#7850),#30);
#7852=IFCPROPERTYSINGLEVALUE('Familia',$,IFCLABEL('Largueros de cubierta'),$);
#7853=IFCPROPERTYSINGLEVALUE('Perfil',$,IFCLABEL('ORR 152x51x4.8'),$);
#7854=IFCPROPERTYSINGLEVALUE('Marca',$,IFCLABEL('LF-1'),$);
#7855=IFCPROPERTYSINGLEVALUE('HH_ton_taller',$,IFCREAL(15.),$);
#7856=IFCPROPERTYSINGLEVALUE('Longitud_m',$,IFCREAL(149.5),$);
#7857=IFCPROPERTYSET('3hwTqQcVPCp8fQZ40QalrL',#19,'Pset_METALITEC',$,(#7852,#7853,#7854,#7855,#7856));
#7858=IFCRELDEFINESBYPROPERTIES('1qnHodxOfFfBgsKoztg1An',#19,$,$,(#7850),#7857);
#7859=IFCCARTESIANPOINT((60509.090909090912,0.,13419.09090909091));
#7860=IFCDIRECTION((0.,1.,0.));
#7861=IFCDIRECTION((0.,0.,1.));
#7862=IFCAXIS2PLACEMENT3D(#7859,#7860,#7861);
#7863=IFCLOCALPLACEMENT(#25,#7862);
#7864=IFCDIRECTION((0.,0.,1.));
#7865=IFCDIRECTION((1.,0.,0.));
#7866=IFCAXIS2PLACEMENT3D(#7,#7864,#7865);
#7867=IFCDIRECTION((0.,0.,1.));
#7868=IFCEXTRUDEDAREASOLID(#46,#7866,#7867,149500.);
#7869=IFCSHAPEREPRESENTATION(#13,'Body','SweptSolid',(#7868));
#7870=IFCCARTESIANPOINT((0.,0.,0.));
#7871=IFCCARTESIANPOINT((0.,0.,149500.));
#7872=IFCPOLYLINE((#7870,#7871));
#7873=IFCSHAPEREPRESENTATION(#14,'Axis','Curve3D',(#7872));
#7874=IFCPRODUCTDEFINITIONSHAPE($,$,(#7873,#7869));
#7875=IFCBEAM('0yrWptP3L0hBzt4fvOl_Za',#19,'LF-1','ORR 152x51x4.8',$,#7863,#7874,$,$);
#7876=IFCRELASSOCIATESMATERIAL('21rfbXtBz5cugIFvTNNmJ3',#19,$,$,(#7875),#30);
#7877=IFCPROPERTYSINGLEVALUE('Familia',$,IFCLABEL('Largueros de cubierta'),$);
#7878=IFCPROPERTYSINGLEVALUE('Perfil',$,IFCLABEL('ORR 152x51x4.8'),$);
#7879=IFCPROPERTYSINGLEVALUE('Marca',$,IFCLABEL('LF-1'),$);
#7880=IFCPROPERTYSINGLEVALUE('HH_ton_taller',$,IFCREAL(15.),$);
#7881=IFCPROPERTYSINGLEVALUE('Longitud_m',$,IFCREAL(149.5),$);
#7882=IFCPROPERTYSET('38hw6$KRL8W9hwuhiEYecv',#19,'Pset_METALITEC',$,(#7877,#7878,#7879,#7880,#7881));
#7883=IFCRELDEFINESBYPROPERTIES('2VzKkFCT17jxYKUzoiSDZG',#19,$,$,(#7875),#7882);
#7884=IFCCARTESIANPOINT((61672.727272727272,0.,13612.727272727272));
#7885=IFCDIRECTION((0.,1.,0.));
#7886=IFCDIRECTION((0.,0.,1.));
#7887=IFCAXIS2PLACEMENT3D(#7884,#7885,#7886);
#7888=IFCLOCALPLACEMENT(#25,#7887);
#7889=IFCDIRECTION((0.,0.,1.));
#7890=IFCDIRECTION((1.,0.,0.));
#7891=IFCAXIS2PLACEMENT3D(#7,#7889,#7890);
#7892=IFCDIRECTION((0.,0.,1.));
#7893=IFCEXTRUDEDAREASOLID(#46,#7891,#7892,149500.);
#7894=IFCSHAPEREPRESENTATION(#13,'Body','SweptSolid',(#7893));
#7895=IFCCARTESIANPOINT((0.,0.,0.));
#7896=IFCCARTESIANPOINT((0.,0.,149500.));
#7897=IFCPOLYLINE((#7895,#7896));
#7898=IFCSHAPEREPRESENTATION(#14,'Axis','Curve3D',(#7897));
#7899=IFCPRODUCTDEFINITIONSHAPE($,$,(#7898,#7894));
#7900=IFCBEAM('3CQcjtRKPDte7Qv10Y5KCi',#19,'LF-1','ORR 152x51x4.8',$,#7888,#7899,$,$);
#7901=IFCRELASSOCIATESMATERIAL('106V1_QT9D6fD81NkCIdd6',#19,$,$,(#7900),#30);
#7902=IFCPROPERTYSINGLEVALUE('Familia',$,IFCLABEL('Largueros de cubierta'),$);
#7903=IFCPROPERTYSINGLEVALUE('Perfil',$,IFCLABEL('ORR 152x51x4.8'),$);
#7904=IFCPROPERTYSINGLEVALUE('Marca',$,IFCLABEL('LF-1'),$);
#7905=IFCPROPERTYSINGLEVALUE('HH_ton_taller',$,IFCREAL(15.),$);
#7906=IFCPROPERTYSINGLEVALUE('Longitud_m',$,IFCREAL(149.5),$);
#7907=IFCPROPERTYSET('2gGwGaeAT72vRWfboM9vdd',#19,'Pset_METALITEC',$,(#7902,#7903,#7904,#7905,#7906));
#7908=IFCRELDEFINESBYPROPERTIES('3uH5vBnB52wOAY8xvz7G2L',#19,$,$,(#7900),#7907);
#7909=IFCCARTESIANPOINT((62836.363636363632,0.,13806.363636363636));
#7910=IFCDIRECTION((0.,1.,0.));
#7911=IFCDIRECTION((0.,0.,1.));
#7912=IFCAXIS2PLACEMENT3D(#7909,#7910,#7911);
#7913=IFCLOCALPLACEMENT(#25,#7912);
#7914=IFCDIRECTION((0.,0.,1.));
#7915=IFCDIRECTION((1.,0.,0.));
#7916=IFCAXIS2PLACEMENT3D(#7,#7914,#7915);
#7917=IFCDIRECTION((0.,0.,1.));
#7918=IFCEXTRUDEDAREASOLID(#46,#7916,#7917,149500.);
#7919=IFCSHAPEREPRESENTATION(#13,'Body','SweptSolid',(#7918));
#7920=IFCCARTESIANPOINT((0.,0.,0.));
#7921=IFCCARTESIANPOINT((0.,0.,149500.));
#7922=IFCPOLYLINE((#7920,#7921));
#7923=IFCSHAPEREPRESENTATION(#14,'Axis','Curve3D',(#7922));
#7924=IFCPRODUCTDEFINITIONSHAPE($,$,(#7923,#7919));
#7925=IFCBEAM('3jHurr1K97yfRtpZDETGi0',#19,'LF-1','ORR 152x51x4.8',$,#7913,#7924,$,$);
#7926=IFCRELASSOCIATESMATERIAL('0oDfWNIxz9ahjZ1ZWNCjWu',#19,$,$,(#7925),#30);
#7927=IFCPROPERTYSINGLEVALUE('Familia',$,IFCLABEL('Largueros de cubierta'),$);
#7928=IFCPROPERTYSINGLEVALUE('Perfil',$,IFCLABEL('ORR 152x51x4.8'),$);
#7929=IFCPROPERTYSINGLEVALUE('Marca',$,IFCLABEL('LF-1'),$);
#7930=IFCPROPERTYSINGLEVALUE('HH_ton_taller',$,IFCREAL(15.),$);
#7931=IFCPROPERTYSINGLEVALUE('Longitud_m',$,IFCREAL(149.5),$);
#7932=IFCPROPERTYSET('01Hi4hPMj3qgqAcf7HRv53',#19,'Pset_METALITEC',$,(#7927,#7928,#7929,#7930,#7931));
#7933=IFCRELDEFINESBYPROPERTIES('0hDDhRff9C6gOKTKrm4FCm',#19,$,$,(#7925),#7932);
#7934=IFCCARTESIANPOINT((65163.63636363636,0.,13806.363636363636));
#7935=IFCDIRECTION((0.,1.,0.));
#7936=IFCDIRECTION((0.,0.,1.));
#7937=IFCAXIS2PLACEMENT3D(#7934,#7935,#7936);
#7938=IFCLOCALPLACEMENT(#25,#7937);
#7939=IFCDIRECTION((0.,0.,1.));
#7940=IFCDIRECTION((1.,0.,0.));
#7941=IFCAXIS2PLACEMENT3D(#7,#7939,#7940);
#7942=IFCDIRECTION((0.,0.,1.));
#7943=IFCEXTRUDEDAREASOLID(#46,#7941,#7942,149500.);
#7944=IFCSHAPEREPRESENTATION(#13,'Body','SweptSolid',(#7943));
#7945=IFCCARTESIANPOINT((0.,0.,0.));
#7946=IFCCARTESIANPOINT((0.,0.,149500.));
#7947=IFCPOLYLINE((#7945,#7946));
#7948=IFCSHAPEREPRESENTATION(#14,'Axis','Curve3D',(#7947));
#7949=IFCPRODUCTDEFINITIONSHAPE($,$,(#7948,#7944));
#7950=IFCBEAM('3ewDdIPHb31OoSJuvSP_9Z',#19,'LF-1','ORR 152x51x4.8',$,#7938,#7949,$,$);
#7951=IFCRELASSOCIATESMATERIAL('19YReRTTj7ax5noWQA1BiI',#19,$,$,(#7950),#30);
#7952=IFCPROPERTYSINGLEVALUE('Familia',$,IFCLABEL('Largueros de cubierta'),$);
#7953=IFCPROPERTYSINGLEVALUE('Perfil',$,IFCLABEL('ORR 152x51x4.8'),$);
#7954=IFCPROPERTYSINGLEVALUE('Marca',$,IFCLABEL('LF-1'),$);
#7955=IFCPROPERTYSINGLEVALUE('HH_ton_taller',$,IFCREAL(15.),$);
#7956=IFCPROPERTYSINGLEVALUE('Longitud_m',$,IFCREAL(149.5),$);
#7957=IFCPROPERTYSET('1reWaYhDz5oAp0cubL_KDn',#19,'Pset_METALITEC',$,(#7952,#7953,#7954,#7955,#7956));
#7958=IFCRELDEFINESBYPROPERTIES('3EaC9TmnX5PfkOvr7pRT4A',#19,$,$,(#7950),#7957);
#7959=IFCCARTESIANPOINT((66327.272727272721,0.,13612.727272727272));
#7960=IFCDIRECTION((0.,1.,0.));
#7961=IFCDIRECTION((0.,0.,1.));
#7962=IFCAXIS2PLACEMENT3D(#7959,#7960,#7961);
#7963=IFCLOCALPLACEMENT(#25,#7962);
#7964=IFCDIRECTION((0.,0.,1.));
#7965=IFCDIRECTION((1.,0.,0.));
#7966=IFCAXIS2PLACEMENT3D(#7,#7964,#7965);
#7967=IFCDIRECTION((0.,0.,1.));
#7968=IFCEXTRUDEDAREASOLID(#46,#7966,#7967,149500.);
#7969=IFCSHAPEREPRESENTATION(#13,'Body','SweptSolid',(#7968));
#7970=IFCCARTESIANPOINT((0.,0.,0.));
#7971=IFCCARTESIANPOINT((0.,0.,149500.));
#7972=IFCPOLYLINE((#7970,#7971));
#7973=IFCSHAPEREPRESENTATION(#14,'Axis','Curve3D',(#7972));
#7974=IFCPRODUCTDEFINITIONSHAPE($,$,(#7973,#7969));
#7975=IFCBEAM('0bIclK$0rA$PMK$cQDLuAy',#19,'LF-1','ORR 152x51x4.8',$,#7963,#7974,$,$);
#7976=IFCRELASSOCIATESMATERIAL('3j1rkE8J97JBn06ZIqJiay',#19,$,$,(#7975),#30);
#7977=IFCPROPERTYSINGLEVALUE('Familia',$,IFCLABEL('Largueros de cubierta'),$);
#7978=IFCPROPERTYSINGLEVALUE('Perfil',$,IFCLABEL('ORR 152x51x4.8'),$);
#7979=IFCPROPERTYSINGLEVALUE('Marca',$,IFCLABEL('LF-1'),$);
#7980=IFCPROPERTYSINGLEVALUE('HH_ton_taller',$,IFCREAL(15.),$);
#7981=IFCPROPERTYSINGLEVALUE('Longitud_m',$,IFCREAL(149.5),$);
#7982=IFCPROPERTYSET('1kgYdtknLDgvnuSEV2avVY',#19,'Pset_METALITEC',$,(#7977,#7978,#7979,#7980,#7981));
#7983=IFCRELDEFINESBYPROPERTIES('3jaxQxL6DBrBMYS_HXZZ9l',#19,$,$,(#7975),#7982);
#7984=IFCCARTESIANPOINT((67490.909090909088,0.,13419.09090909091));
#7985=IFCDIRECTION((0.,1.,0.));
#7986=IFCDIRECTION((0.,0.,1.));
#7987=IFCAXIS2PLACEMENT3D(#7984,#7985,#7986);
#7988=IFCLOCALPLACEMENT(#25,#7987);
#7989=IFCDIRECTION((0.,0.,1.));
#7990=IFCDIRECTION((1.,0.,0.));
#7991=IFCAXIS2PLACEMENT3D(#7,#7989,#7990);
#7992=IFCDIRECTION((0.,0.,1.));
#7993=IFCEXTRUDEDAREASOLID(#46,#7991,#7992,149500.);
#7994=IFCSHAPEREPRESENTATION(#13,'Body','SweptSolid',(#7993));
#7995=IFCCARTESIANPOINT((0.,0.,0.));
#7996=IFCCARTESIANPOINT((0.,0.,149500.));
#7997=IFCPOLYLINE((#7995,#7996));
#7998=IFCSHAPEREPRESENTATION(#14,'Axis','Curve3D',(#7997));
#7999=IFCPRODUCTDEFINITIONSHAPE($,$,(#7998,#7994));
#8000=IFCBEAM('2IkvA_l$X8KRpPGmfQnObw',#19,'LF-1','ORR 152x51x4.8',$,#7988,#7999,$,$);
#8001=IFCRELASSOCIATESMATERIAL('2BkOsewpb0yui01Q_0eX4g',#19,$,$,(#8000),#30);
#8002=IFCPROPERTYSINGLEVALUE('Familia',$,IFCLABEL('Largueros de cubierta'),$);
#8003=IFCPROPERTYSINGLEVALUE('Perfil',$,IFCLABEL('ORR 152x51x4.8'),$);
#8004=IFCPROPERTYSINGLEVALUE('Marca',$,IFCLABEL('LF-1'),$);
#8005=IFCPROPERTYSINGLEVALUE('HH_ton_taller',$,IFCREAL(15.),$);
#8006=IFCPROPERTYSINGLEVALUE('Longitud_m',$,IFCREAL(149.5),$);
#8007=IFCPROPERTYSET('22_d2coJ53auYkJg3CMl3J',#19,'Pset_METALITEC',$,(#8002,#8003,#8004,#8005,#8006));
#8008=IFCRELDEFINESBYPROPERTIES('2twSFoSeP8aui_Isy_8pyD',#19,$,$,(#8000),#8007);
#8009=IFCCARTESIANPOINT((68654.545454545456,0.,13225.454545454546));
#8010=IFCDIRECTION((0.,1.,0.));
#8011=IFCDIRECTION((0.,0.,1.));
#8012=IFCAXIS2PLACEMENT3D(#8009,#8010,#8011);
#8013=IFCLOCALPLACEMENT(#25,#8012);
#8014=IFCDIRECTION((0.,0.,1.));
#8015=IFCDIRECTION((1.,0.,0.));
#8016=IFCAXIS2PLACEMENT3D(#7,#8014,#8015);
#8017=IFCDIRECTION((0.,0.,1.));
#8018=IFCEXTRUDEDAREASOLID(#46,#8016,#8017,149500.);
#8019=IFCSHAPEREPRESENTATION(#13,'Body','SweptSolid',(#8018));
#8020=IFCCARTESIANPOINT((0.,0.,0.));
#8021=IFCCARTESIANPOINT((0.,0.,149500.));
#8022=IFCPOLYLINE((#8020,#8021));
#8023=IFCSHAPEREPRESENTATION(#14,'Axis','Curve3D',(#8022));
#8024=IFCPRODUCTDEFINITIONSHAPE($,$,(#8023,#8019));
#8025=IFCBEAM('3I_Wp1NVjEKg5GI4b9$vON',#19,'LF-1','ORR 152x51x4.8',$,#8013,#8024,$,$);
#8026=IFCRELASSOCIATESMATERIAL('0HqBgdzSr39h_buytSF7P6',#19,$,$,(#8025),#30);
#8027=IFCPROPERTYSINGLEVALUE('Familia',$,IFCLABEL('Largueros de cubierta'),$);
#8028=IFCPROPERTYSINGLEVALUE('Perfil',$,IFCLABEL('ORR 152x51x4.8'),$);
#8029=IFCPROPERTYSINGLEVALUE('Marca',$,IFCLABEL('LF-1'),$);
#8030=IFCPROPERTYSINGLEVALUE('HH_ton_taller',$,IFCREAL(15.),$);
#8031=IFCPROPERTYSINGLEVALUE('Longitud_m',$,IFCREAL(149.5),$);
#8032=IFCPROPERTYSET('1C_8m7xEH30BzD_TsQJ9ED',#19,'Pset_METALITEC',$,(#8027,#8028,#8029,#8030,#8031));
#8033=IFCRELDEFINESBYPROPERTIES('3H9TVvLb5CcuUq0ecFc$Az',#19,$,$,(#8025),#8032);
#8034=IFCCARTESIANPOINT((69818.181818181823,0.,13031.818181818182));
#8035=IFCDIRECTION((0.,1.,0.));
#8036=IFCDIRECTION((0.,0.,1.));
#8037=IFCAXIS2PLACEMENT3D(#8034,#8035,#8036);
#8038=IFCLOCALPLACEMENT(#25,#8037);
#8039=IFCDIRECTION((0.,0.,1.));
#8040=IFCDIRECTION((1.,0.,0.));
#8041=IFCAXIS2PLACEMENT3D(#7,#8039,#8040);
#8042=IFCDIRECTION((0.,0.,1.));
#8043=IFCEXTRUDEDAREASOLID(#46,#8041,#8042,149500.);
#8044=IFCSHAPEREPRESENTATION(#13,'Body','SweptSolid',(#8043));
#8045=IFCCARTESIANPOINT((0.,0.,0.));
#8046=IFCCARTESIANPOINT((0.,0.,149500.));
#8047=IFCPOLYLINE((#8045,#8046));
#8048=IFCSHAPEREPRESENTATION(#14,'Axis','Curve3D',(#8047));
#8049=IFCPRODUCTDEFINITIONSHAPE($,$,(#8048,#8044));
#8050=IFCBEAM('1YyPztCf93xR1e1tS_OoJw',#19,'LF-1','ORR 152x51x4.8',$,#8038,#8049,$,$);
#8051=IFCRELASSOCIATESMATERIAL('1V6zJlbY5ACxA_O7oBa$u4',#19,$,$,(#8050),#30);
#8052=IFCPROPERTYSINGLEVALUE('Familia',$,IFCLABEL('Largueros de cubierta'),$);
#8053=IFCPROPERTYSINGLEVALUE('Perfil',$,IFCLABEL('ORR 152x51x4.8'),$);
#8054=IFCPROPERTYSINGLEVALUE('Marca',$,IFCLABEL('LF-1'),$);
#8055=IFCPROPERTYSINGLEVALUE('HH_ton_taller',$,IFCREAL(15.),$);
#8056=IFCPROPERTYSINGLEVALUE('Longitud_m',$,IFCREAL(149.5),$);
#8057=IFCPROPERTYSET('2lQEeJsWLBOQO1KQU90_Xu',#19,'Pset_METALITEC',$,(#8052,#8053,#8054,#8055,#8056));
#8058=IFCRELDEFINESBYPROPERTIES('1Efo_bjWX9Ahg3U5DbDJws',#19,$,$,(#8050),#8057);
#8059=IFCCARTESIANPOINT((70981.818181818177,0.,12838.181818181818));
#8060=IFCDIRECTION((0.,1.,0.));
#8061=IFCDIRECTION((0.,0.,1.));
#8062=IFCAXIS2PLACEMENT3D(#8059,#8060,#8061);
#8063=IFCLOCALPLACEMENT(#25,#8062);
#8064=IFCDIRECTION((0.,0.,1.));
#8065=IFCDIRECTION((1.,0.,0.));
#8066=IFCAXIS2PLACEMENT3D(#7,#8064,#8065);
#8067=IFCDIRECTION((0.,0.,1.));
#8068=IFCEXTRUDEDAREASOLID(#46,#8066,#8067,149500.);
#8069=IFCSHAPEREPRESENTATION(#13,'Body','SweptSolid',(#8068));
#8070=IFCCARTESIANPOINT((0.,0.,0.));
#8071=IFCCARTESIANPOINT((0.,0.,149500.));
#8072=IFCPOLYLINE((#8070,#8071));
#8073=IFCSHAPEREPRESENTATION(#14,'Axis','Curve3D',(#8072));
#8074=IFCPRODUCTDEFINITIONSHAPE($,$,(#8073,#8069));
#8075=IFCBEAM('22BoSOtq9AIQ2Kybur4_Zd',#19,'LF-1','ORR 152x51x4.8',$,#8063,#8074,$,$);
#8076=IFCRELASSOCIATESMATERIAL('0rw763KrTBlhoMH21$J$G_',#19,$,$,(#8075),#30);
#8077=IFCPROPERTYSINGLEVALUE('Familia',$,IFCLABEL('Largueros de cubierta'),$);
#8078=IFCPROPERTYSINGLEVALUE('Perfil',$,IFCLABEL('ORR 152x51x4.8'),$);
#8079=IFCPROPERTYSINGLEVALUE('Marca',$,IFCLABEL('LF-1'),$);
#8080=IFCPROPERTYSINGLEVALUE('HH_ton_taller',$,IFCREAL(15.),$);
#8081=IFCPROPERTYSINGLEVALUE('Longitud_m',$,IFCREAL(149.5),$);
#8082=IFCPROPERTYSET('3fkwnlqWr9XvpODY8KiSZ0',#19,'Pset_METALITEC',$,(#8077,#8078,#8079,#8080,#8081));
#8083=IFCRELDEFINESBYPROPERTIES('0EPG19baP3QvpLXDvr_TgM',#19,$,$,(#8075),#8082);
#8084=IFCCARTESIANPOINT((72145.454545454544,0.,12644.545454545454));
#8085=IFCDIRECTION((0.,1.,0.));
#8086=IFCDIRECTION((0.,0.,1.));
#8087=IFCAXIS2PLACEMENT3D(#8084,#8085,#8086);
#8088=IFCLOCALPLACEMENT(#25,#8087);
#8089=IFCDIRECTION((0.,0.,1.));
#8090=IFCDIRECTION((1.,0.,0.));
#8091=IFCAXIS2PLACEMENT3D(#7,#8089,#8090);
#8092=IFCDIRECTION((0.,0.,1.));
#8093=IFCEXTRUDEDAREASOLID(#46,#8091,#8092,149500.);
#8094=IFCSHAPEREPRESENTATION(#13,'Body','SweptSolid',(#8093));
#8095=IFCCARTESIANPOINT((0.,0.,0.));
#8096=IFCCARTESIANPOINT((0.,0.,149500.));
#8097=IFCPOLYLINE((#8095,#8096));
#8098=IFCSHAPEREPRESENTATION(#14,'Axis','Curve3D',(#8097));
#8099=IFCPRODUCTDEFINITIONSHAPE($,$,(#8098,#8094));
#8100=IFCBEAM('2YSmQL6UXDexrshIaOaM4S',#19,'LF-1','ORR 152x51x4.8',$,#8088,#8099,$,$);
#8101=IFCRELASSOCIATESMATERIAL('1_R4LjbPf9vRnpeHFYEotc',#19,$,$,(#8100),#30);
#8102=IFCPROPERTYSINGLEVALUE('Familia',$,IFCLABEL('Largueros de cubierta'),$);
#8103=IFCPROPERTYSINGLEVALUE('Perfil',$,IFCLABEL('ORR 152x51x4.8'),$);
#8104=IFCPROPERTYSINGLEVALUE('Marca',$,IFCLABEL('LF-1'),$);
#8105=IFCPROPERTYSINGLEVALUE('HH_ton_taller',$,IFCREAL(15.),$);
#8106=IFCPROPERTYSINGLEVALUE('Longitud_m',$,IFCREAL(149.5),$);
#8107=IFCPROPERTYSET('08qtI114517QIBn7dETuUV',#19,'Pset_METALITEC',$,(#8102,#8103,#8104,#8105,#8106));
#8108=IFCRELDEFINESBYPROPERTIES('1d671z$ynETQ3eUrw_Wwrp',#19,$,$,(#8100),#8107);
#8109=IFCCARTESIANPOINT((73309.090909090912,0.,12450.90909090909));
#8110=IFCDIRECTION((0.,1.,0.));
#8111=IFCDIRECTION((0.,0.,1.));
#8112=IFCAXIS2PLACEMENT3D(#8109,#8110,#8111);
#8113=IFCLOCALPLACEMENT(#25,#8112);
#8114=IFCDIRECTION((0.,0.,1.));
#8115=IFCDIRECTION((1.,0.,0.));
#8116=IFCAXIS2PLACEMENT3D(#7,#8114,#8115);
#8117=IFCDIRECTION((0.,0.,1.));
#8118=IFCEXTRUDEDAREASOLID(#46,#8116,#8117,149500.);
#8119=IFCSHAPEREPRESENTATION(#13,'Body','SweptSolid',(#8118));
#8120=IFCCARTESIANPOINT((0.,0.,0.));
#8121=IFCCARTESIANPOINT((0.,0.,149500.));
#8122=IFCPOLYLINE((#8120,#8121));
#8123=IFCSHAPEREPRESENTATION(#14,'Axis','Curve3D',(#8122));
#8124=IFCPRODUCTDEFINITIONSHAPE($,$,(#8123,#8119));
#8125=IFCBEAM('2mpIlzJOH8AR7uKBFIZAIm',#19,'LF-1','ORR 152x51x4.8',$,#8113,#8124,$,$);
#8126=IFCRELASSOCIATESMATERIAL('3p8g7n1$n969xpGaivwA80',#19,$,$,(#8125),#30);
#8127=IFCPROPERTYSINGLEVALUE('Familia',$,IFCLABEL('Largueros de cubierta'),$);
#8128=IFCPROPERTYSINGLEVALUE('Perfil',$,IFCLABEL('ORR 152x51x4.8'),$);
#8129=IFCPROPERTYSINGLEVALUE('Marca',$,IFCLABEL('LF-1'),$);
#8130=IFCPROPERTYSINGLEVALUE('HH_ton_taller',$,IFCREAL(15.),$);
#8131=IFCPROPERTYSINGLEVALUE('Longitud_m',$,IFCREAL(149.5),$);
#8132=IFCPROPERTYSET('3OGDVokH14HQd8iKKj8L1e',#19,'Pset_METALITEC',$,(#8127,#8128,#8129,#8130,#8131));
#8133=IFCRELDEFINESBYPROPERTIES('1IvQFnIzn2ZhUEUJAr$daG',#19,$,$,(#8125),#8132);
#8134=IFCCARTESIANPOINT((74472.727272727279,0.,12257.272727272728));
#8135=IFCDIRECTION((0.,1.,0.));
#8136=IFCDIRECTION((0.,0.,1.));
#8137=IFCAXIS2PLACEMENT3D(#8134,#8135,#8136);
#8138=IFCLOCALPLACEMENT(#25,#8137);
#8139=IFCDIRECTION((0.,0.,1.));
#8140=IFCDIRECTION((1.,0.,0.));
#8141=IFCAXIS2PLACEMENT3D(#7,#8139,#8140);
#8142=IFCDIRECTION((0.,0.,1.));
#8143=IFCEXTRUDEDAREASOLID(#46,#8141,#8142,149500.);
#8144=IFCSHAPEREPRESENTATION(#13,'Body','SweptSolid',(#8143));
#8145=IFCCARTESIANPOINT((0.,0.,0.));
#8146=IFCCARTESIANPOINT((0.,0.,149500.));
#8147=IFCPOLYLINE((#8145,#8146));
#8148=IFCSHAPEREPRESENTATION(#14,'Axis','Curve3D',(#8147));
#8149=IFCPRODUCTDEFINITIONSHAPE($,$,(#8148,#8144));
#8150=IFCBEAM('3LrqqGZYvB_hq$h8s8JH4L',#19,'LF-1','ORR 152x51x4.8',$,#8138,#8149,$,$);
#8151=IFCRELASSOCIATESMATERIAL('3XTT92sW97xfawMT5cBqbq',#19,$,$,(#8150),#30);
#8152=IFCPROPERTYSINGLEVALUE('Familia',$,IFCLABEL('Largueros de cubierta'),$);
#8153=IFCPROPERTYSINGLEVALUE('Perfil',$,IFCLABEL('ORR 152x51x4.8'),$);
#8154=IFCPROPERTYSINGLEVALUE('Marca',$,IFCLABEL('LF-1'),$);
#8155=IFCPROPERTYSINGLEVALUE('HH_ton_taller',$,IFCREAL(15.),$);
#8156=IFCPROPERTYSINGLEVALUE('Longitud_m',$,IFCREAL(149.5),$);
#8157=IFCPROPERTYSET('1XJVkg7UTApw4$eczVnwvH',#19,'Pset_METALITEC',$,(#8152,#8153,#8154,#8155,#8156));
#8158=IFCRELDEFINESBYPROPERTIES('1PNL9C69fB4uvFBTC_nGVN',#19,$,$,(#8150),#8157);
#8159=IFCCARTESIANPOINT((75636.363636363632,0.,12063.636363636364));
#8160=IFCDIRECTION((0.,1.,0.));
#8161=IFCDIRECTION((0.,0.,1.));
#8162=IFCAXIS2PLACEMENT3D(#8159,#8160,#8161);
#8163=IFCLOCALPLACEMENT(#25,#8162);
#8164=IFCDIRECTION((0.,0.,1.));
#8165=IFCDIRECTION((1.,0.,0.));
#8166=IFCAXIS2PLACEMENT3D(#7,#8164,#8165);
#8167=IFCDIRECTION((0.,0.,1.));
#8168=IFCEXTRUDEDAREASOLID(#46,#8166,#8167,149500.);
#8169=IFCSHAPEREPRESENTATION(#13,'Body','SweptSolid',(#8168));
#8170=IFCCARTESIANPOINT((0.,0.,0.));
#8171=IFCCARTESIANPOINT((0.,0.,149500.));
#8172=IFCPOLYLINE((#8170,#8171));
#8173=IFCSHAPEREPRESENTATION(#14,'Axis','Curve3D',(#8172));
#8174=IFCPRODUCTDEFINITIONSHAPE($,$,(#8173,#8169));
#8175=IFCBEAM('1lVah9bl99gfZW_GCYN23l',#19,'LF-1','ORR 152x51x4.8',$,#8163,#8174,$,$);
#8176=IFCRELASSOCIATESMATERIAL('0poRWF_Fr6sAG3Ik79pz5D',#19,$,$,(#8175),#30);
#8177=IFCPROPERTYSINGLEVALUE('Familia',$,IFCLABEL('Largueros de cubierta'),$);
#8178=IFCPROPERTYSINGLEVALUE('Perfil',$,IFCLABEL('ORR 152x51x4.8'),$);
#8179=IFCPROPERTYSINGLEVALUE('Marca',$,IFCLABEL('LF-1'),$);
#8180=IFCPROPERTYSINGLEVALUE('HH_ton_taller',$,IFCREAL(15.),$);
#8181=IFCPROPERTYSINGLEVALUE('Longitud_m',$,IFCREAL(149.5),$);
#8182=IFCPROPERTYSET('2lCH7L6kX8w8zznV6GzuDj',#19,'Pset_METALITEC',$,(#8177,#8178,#8179,#8180,#8181));
#8183=IFCRELDEFINESBYPROPERTIES('3ryKyznfH9eP1g2OWupGUM',#19,$,$,(#8175),#8182);
#8184=IFCCARTESIANPOINT((0.,0.,0.));
#8185=IFCDIRECTION((0.90722155647090841,0.,0.42065312012928446));
#8186=IFCDIRECTION((0.42065312012928452,0.,-0.90722155647090852));
#8187=IFCAXIS2PLACEMENT3D(#8184,#8185,#8186);
#8188=IFCLOCALPLACEMENT(#25,#8187);
#8189=IFCDIRECTION((0.,0.,1.));
#8190=IFCDIRECTION((1.,0.,0.));
#8191=IFCAXIS2PLACEMENT3D(#7,#8189,#8190);
#8192=IFCDIRECTION((0.,0.,1.));
#8193=IFCEXTRUDEDAREASOLID(#55,#8191,#8192,28218.024381589865);
#8194=IFCSHAPEREPRESENTATION(#13,'Body','SweptSolid',(#8193));
#8195=IFCCARTESIANPOINT((0.,0.,0.));
#8196=IFCCARTESIANPOINT((0.,0.,28218.024381589865));
#8197=IFCPOLYLINE((#8195,#8196));
#8198=IFCSHAPEREPRESENTATION(#14,'Axis','Curve3D',(#8197));
#8199=IFCPRODUCTDEFINITIONSHAPE($,$,(#8198,#8194));
#8200=IFCMEMBER('0WhcRQT7z36QnwOETaN6oZ',#19,'CV-2','L 76x76x6',$,#8188,#8199,$,$);
#8201=IFCRELASSOCIATESMATERIAL('3JkoFnY4DDiglRKcHiB3gg',#19,$,$,(#8200),#30);
#8202=IFCPROPERTYSINGLEVALUE('Familia',$,IFCLABEL('Contraventeos y montantes'),$);
#8203=IFCPROPERTYSINGLEVALUE('Perfil',$,IFCLABEL('L 76x76x6'),$);
#8204=IFCPROPERTYSINGLEVALUE('Marca',$,IFCLABEL('CV-2'),$);
#8205=IFCPROPERTYSINGLEVALUE('HH_ton_taller',$,IFCREAL(20.),$);
#8206=IFCPROPERTYSINGLEVALUE('Longitud_m',$,IFCREAL(28.218),$);
#8207=IFCPROPERTYSET('0U44e5erDCBB2S6QKR9Wfp',#19,'Pset_METALITEC',$,(#8202,#8203,#8204,#8205,#8206));
#8208=IFCRELDEFINESBYPROPERTIES('077vyBWSz3NxqcfGsULsEi',#19,$,$,(#8200),#8207);
#8209=IFCCARTESIANPOINT((25600.,0.,0.));
#8210=IFCDIRECTION((-0.90722155647090841,0.,0.42065312012928446));
#8211=IFCDIRECTION((0.42065312012928452,-0.,0.90722155647090852));
#8212=IFCAXIS2PLACEMENT3D(#8209,#8210,#8211);
#8213=IFCLOCALPLACEMENT(#25,#8212);
#8214=IFCDIRECTION((0.,0.,1.));
#8215=IFCDIRECTION((1.,0.,0.));
#8216=IFCAXIS2PLACEMENT3D(#7,#8214,#8215);
#8217=IFCDIRECTION((0.,0.,1.));
#8218=IFCEXTRUDEDAREASOLID(#55,#8216,#8217,28218.024381589865);
#8219=IFCSHAPEREPRESENTATION(#13,'Body','SweptSolid',(#8218));
#8220=IFCCARTESIANPOINT((0.,0.,0.));
#8221=IFCCARTESIANPOINT((0.,0.,28218.024381589865));
#8222=IFCPOLYLINE((#8220,#8221));
#8223=IFCSHAPEREPRESENTATION(#14,'Axis','Curve3D',(#8222));
#8224=IFCPRODUCTDEFINITIONSHAPE($,$,(#8223,#8219));
#8225=IFCMEMBER('3TTXYQGID5xfxIh$xGAhEj',#19,'CV-2','L 76x76x6',$,#8213,#8224,$,$);
#8226=IFCRELASSOCIATESMATERIAL('0d2EgmpOXAjQTLQ9ICDDgB',#19,$,$,(#8225),#30);
#8227=IFCPROPERTYSINGLEVALUE('Familia',$,IFCLABEL('Contraventeos y montantes'),$);
#8228=IFCPROPERTYSINGLEVALUE('Perfil',$,IFCLABEL('L 76x76x6'),$);
#8229=IFCPROPERTYSINGLEVALUE('Marca',$,IFCLABEL('CV-2'),$);
#8230=IFCPROPERTYSINGLEVALUE('HH_ton_taller',$,IFCREAL(20.),$);
#8231=IFCPROPERTYSINGLEVALUE('Longitud_m',$,IFCREAL(28.218),$);
#8232=IFCPROPERTYSET('0cSEYFANP2Subspv$crr8o',#19,'Pset_METALITEC',$,(#8227,#8228,#8229,#8230,#8231));
#8233=IFCRELDEFINESBYPROPERTIES('27hnPUqgj8Chr29HKcdQ3Q',#19,$,$,(#8225),#8232);
#8234=IFCCARTESIANPOINT((25600.,0.,0.));
#8235=IFCDIRECTION((0.90722155647090841,0.,0.42065312012928446));
#8236=IFCDIRECTION((0.42065312012928452,0.,-0.90722155647090852));
#8237=IFCAXIS2PLACEMENT3D(#8234,#8235,#8236);
#8238=IFCLOCALPLACEMENT(#25,#8237);
#8239=IFCDIRECTION((0.,0.,1.));
#8240=IFCDIRECTION((1.,0.,0.));
#8241=IFCAXIS2PLACEMENT3D(#7,#8239,#8240);
#8242=IFCDIRECTION((0.,0.,1.));
#8243=IFCEXTRUDEDAREASOLID(#55,#8241,#8242,28218.024381589865);
#8244=IFCSHAPEREPRESENTATION(#13,'Body','SweptSolid',(#8243));
#8245=IFCCARTESIANPOINT((0.,0.,0.));
#8246=IFCCARTESIANPOINT((0.,0.,28218.024381589865));
#8247=IFCPOLYLINE((#8245,#8246));
#8248=IFCSHAPEREPRESENTATION(#14,'Axis','Curve3D',(#8247));
#8249=IFCPRODUCTDEFINITIONSHAPE($,$,(#8248,#8244));
#8250=IFCMEMBER('04Hj7kXmzBF8PM2KtU5w7i',#19,'CV-2','L 76x76x6',$,#8238,#8249,$,$);
#8251=IFCRELASSOCIATESMATERIAL('3s4YxCZHb98gFOlibMSj0p',#19,$,$,(#8250),#30);
#8252=IFCPROPERTYSINGLEVALUE('Familia',$,IFCLABEL('Contraventeos y montantes'),$);
#8253=IFCPROPERTYSINGLEVALUE('Perfil',$,IFCLABEL('L 76x76x6'),$);
#8254=IFCPROPERTYSINGLEVALUE('Marca',$,IFCLABEL('CV-2'),$);
#8255=IFCPROPERTYSINGLEVALUE('HH_ton_taller',$,IFCREAL(20.),$);
#8256=IFCPROPERTYSINGLEVALUE('Longitud_m',$,IFCREAL(28.218),$);
#8257=IFCPROPERTYSET('1Mt4YaNZ1398GLYWkHp2dN',#19,'Pset_METALITEC',$,(#8252,#8253,#8254,#8255,#8256));
#8258=IFCRELDEFINESBYPROPERTIES('1PKtXyFIT1QAdi9dKQkT3S',#19,$,$,(#8250),#8257);
#8259=IFCCARTESIANPOINT((51200.,0.,0.));
#8260=IFCDIRECTION((-0.90722155647090841,0.,0.42065312012928446));
#8261=IFCDIRECTION((0.42065312012928452,-0.,0.90722155647090852));
#8262=IFCAXIS2PLACEMENT3D(#8259,#8260,#8261);
#8263=IFCLOCALPLACEMENT(#25,#8262);
#8264=IFCDIRECTION((0.,0.,1.));
#8265=IFCDIRECTION((1.,0.,0.));
#8266=IFCAXIS2PLACEMENT3D(#7,#8264,#8265);
#8267=IFCDIRECTION((0.,0.,1.));
#8268=IFCEXTRUDEDAREASOLID(#55,#8266,#8267,28218.024381589865);
#8269=IFCSHAPEREPRESENTATION(#13,'Body','SweptSolid',(#8268));
#8270=IFCCARTESIANPOINT((0.,0.,0.));
#8271=IFCCARTESIANPOINT((0.,0.,28218.024381589865));
#8272=IFCPOLYLINE((#8270,#8271));
#8273=IFCSHAPEREPRESENTATION(#14,'Axis','Curve3D',(#8272));
#8274=IFCPRODUCTDEFINITIONSHAPE($,$,(#8273,#8269));
#8275=IFCMEMBER('21UDQ$AHjF$8dX$I0LZ$xD',#19,'CV-2','L 76x76x6',$,#8263,#8274,$,$);
#8276=IFCRELASSOCIATESMATERIAL('0DLe1eHVbBD911j3zfAx3Q',#19,$,$,(#8275),#30);
#8277=IFCPROPERTYSINGLEVALUE('Familia',$,IFCLABEL('Contraventeos y montantes'),$);
#8278=IFCPROPERTYSINGLEVALUE('Perfil',$,IFCLABEL('L 76x76x6'),$);
#8279=IFCPROPERTYSINGLEVALUE('Marca',$,IFCLABEL('CV-2'),$);
#8280=IFCPROPERTYSINGLEVALUE('HH_ton_taller',$,IFCREAL(20.),$);
#8281=IFCPROPERTYSINGLEVALUE('Longitud_m',$,IFCREAL(28.218),$);
#8282=IFCPROPERTYSET('3Seo1Spu504gFv9QFOegyE',#19,'Pset_METALITEC',$,(#8277,#8278,#8279,#8280,#8281));
#8283=IFCRELDEFINESBYPROPERTIES('13cjb3QcDA08AZuPoa_N1j',#19,$,$,(#8275),#8282);
#8284=IFCCARTESIANPOINT((51200.,0.,0.));
#8285=IFCDIRECTION((0.90722155647090841,0.,0.42065312012928446));
#8286=IFCDIRECTION((0.42065312012928452,0.,-0.90722155647090852));
#8287=IFCAXIS2PLACEMENT3D(#8284,#8285,#8286);
#8288=IFCLOCALPLACEMENT(#25,#8287);
#8289=IFCDIRECTION((0.,0.,1.));
#8290=IFCDIRECTION((1.,0.,0.));
#8291=IFCAXIS2PLACEMENT3D(#7,#8289,#8290);
#8292=IFCDIRECTION((0.,0.,1.));
#8293=IFCEXTRUDEDAREASOLID(#55,#8291,#8292,28218.024381589865);
#8294=IFCSHAPEREPRESENTATION(#13,'Body','SweptSolid',(#8293));
#8295=IFCCARTESIANPOINT((0.,0.,0.));
#8296=IFCCARTESIANPOINT((0.,0.,28218.024381589865));
#8297=IFCPOLYLINE((#8295,#8296));
#8298=IFCSHAPEREPRESENTATION(#14,'Axis','Curve3D',(#8297));
#8299=IFCPRODUCTDEFINITIONSHAPE($,$,(#8298,#8294));
#8300=IFCMEMBER('2YCxAnsnn7YAy6ToEKC5UC',#19,'CV-2','L 76x76x6',$,#8288,#8299,$,$);
#8301=IFCRELASSOCIATESMATERIAL('2Hyh4kekvCxgmrc7S4hpmT',#19,$,$,(#8300),#30);
#8302=IFCPROPERTYSINGLEVALUE('Familia',$,IFCLABEL('Contraventeos y montantes'),$);
#8303=IFCPROPERTYSINGLEVALUE('Perfil',$,IFCLABEL('L 76x76x6'),$);
#8304=IFCPROPERTYSINGLEVALUE('Marca',$,IFCLABEL('CV-2'),$);
#8305=IFCPROPERTYSINGLEVALUE('HH_ton_taller',$,IFCREAL(20.),$);
#8306=IFCPROPERTYSINGLEVALUE('Longitud_m',$,IFCREAL(28.218),$);
#8307=IFCPROPERTYSET('33sr1Hb0n3Y9PvPpRxyEhd',#19,'Pset_METALITEC',$,(#8302,#8303,#8304,#8305,#8306));
#8308=IFCRELDEFINESBYPROPERTIES('18H8VPrtrDEBRKCSbeEQ2K',#19,$,$,(#8300),#8307);
#8309=IFCCARTESIANPOINT((76800.,0.,0.));
#8310=IFCDIRECTION((-0.90722155647090841,0.,0.42065312012928446));
#8311=IFCDIRECTION((0.42065312012928452,-0.,0.90722155647090852));
#8312=IFCAXIS2PLACEMENT3D(#8309,#8310,#8311);
#8313=IFCLOCALPLACEMENT(#25,#8312);
#8314=IFCDIRECTION((0.,0.,1.));
#8315=IFCDIRECTION((1.,0.,0.));
#8316=IFCAXIS2PLACEMENT3D(#7,#8314,#8315);
#8317=IFCDIRECTION((0.,0.,1.));
#8318=IFCEXTRUDEDAREASOLID(#55,#8316,#8317,28218.024381589865);
#8319=IFCSHAPEREPRESENTATION(#13,'Body','SweptSolid',(#8318));
#8320=IFCCARTESIANPOINT((0.,0.,0.));
#8321=IFCCARTESIANPOINT((0.,0.,28218.024381589865));
#8322=IFCPOLYLINE((#8320,#8321));
#8323=IFCSHAPEREPRESENTATION(#14,'Axis','Curve3D',(#8322));
#8324=IFCPRODUCTDEFINITIONSHAPE($,$,(#8323,#8319));
#8325=IFCMEMBER('3ggpuvbPbEH8dpz55xWk2X',#19,'CV-2','L 76x76x6',$,#8313,#8324,$,$);
#8326=IFCRELASSOCIATESMATERIAL('2izkGhRYD7EBGJIlEKYHcJ',#19,$,$,(#8325),#30);
#8327=IFCPROPERTYSINGLEVALUE('Familia',$,IFCLABEL('Contraventeos y montantes'),$);
#8328=IFCPROPERTYSINGLEVALUE('Perfil',$,IFCLABEL('L 76x76x6'),$);
#8329=IFCPROPERTYSINGLEVALUE('Marca',$,IFCLABEL('CV-2'),$);
#8330=IFCPROPERTYSINGLEVALUE('HH_ton_taller',$,IFCREAL(20.),$);
#8331=IFCPROPERTYSINGLEVALUE('Longitud_m',$,IFCREAL(28.218),$);
#8332=IFCPROPERTYSET('2$zayhne9BtvZEZHayig_6',#19,'Pset_METALITEC',$,(#8327,#8328,#8329,#8330,#8331));
#8333=IFCRELDEFINESBYPROPERTIES('3S7hOjWSDBWhl5AVxoXXcA',#19,$,$,(#8325),#8332);
#8334=IFCCARTESIANPOINT((0.,149500.,0.));
#8335=IFCDIRECTION((0.90722155647090841,0.,0.42065312012928446));
#8336=IFCDIRECTION((0.42065312012928452,0.,-0.90722155647090852));
#8337=IFCAXIS2PLACEMENT3D(#8334,#8335,#8336);
#8338=IFCLOCALPLACEMENT(#25,#8337);
#8339=IFCDIRECTION((0.,0.,1.));
#8340=IFCDIRECTION((1.,0.,0.));
#8341=IFCAXIS2PLACEMENT3D(#7,#8339,#8340);
#8342=IFCDIRECTION((0.,0.,1.));
#8343=IFCEXTRUDEDAREASOLID(#55,#8341,#8342,28218.024381589865);
#8344=IFCSHAPEREPRESENTATION(#13,'Body','SweptSolid',(#8343));
#8345=IFCCARTESIANPOINT((0.,0.,0.));
#8346=IFCCARTESIANPOINT((0.,0.,28218.024381589865));
#8347=IFCPOLYLINE((#8345,#8346));
#8348=IFCSHAPEREPRESENTATION(#14,'Axis','Curve3D',(#8347));
#8349=IFCPRODUCTDEFINITIONSHAPE($,$,(#8348,#8344));
#8350=IFCMEMBER('0SwMNjGDb9thWdWM9iCs5Z',#19,'CV-2','L 76x76x6',$,#8338,#8349,$,$);
#8351=IFCRELASSOCIATESMATERIAL('1ZBp6uPKPCBhtQRYqqRrie',#19,$,$,(#8350),#30);
#8352=IFCPROPERTYSINGLEVALUE('Familia',$,IFCLABEL('Contraventeos y montantes'),$);
#8353=IFCPROPERTYSINGLEVALUE('Perfil',$,IFCLABEL('L 76x76x6'),$);
#8354=IFCPROPERTYSINGLEVALUE('Marca',$,IFCLABEL('CV-2'),$);
#8355=IFCPROPERTYSINGLEVALUE('HH_ton_taller',$,IFCREAL(20.),$);
#8356=IFCPROPERTYSINGLEVALUE('Longitud_m',$,IFCREAL(28.218),$);
#8357=IFCPROPERTYSET('0ln2EvlNv2iwB2TqOUgUdB',#19,'Pset_METALITEC',$,(#8352,#8353,#8354,#8355,#8356));
#8358=IFCRELDEFINESBYPROPERTIES('16nMh7OUTDDfsZLsL8IdGI',#19,$,$,(#8350),#8357);
#8359=IFCCARTESIANPOINT((25600.,149500.,0.));
#8360=IFCDIRECTION((-0.90722155647090841,0.,0.42065312012928446));
#8361=IFCDIRECTION((0.42065312012928452,-0.,0.90722155647090852));
#8362=IFCAXIS2PLACEMENT3D(#8359,#8360,#8361);
#8363=IFCLOCALPLACEMENT(#25,#8362);
#8364=IFCDIRECTION((0.,0.,1.));
#8365=IFCDIRECTION((1.,0.,0.));
#8366=IFCAXIS2PLACEMENT3D(#7,#8364,#8365);
#8367=IFCDIRECTION((0.,0.,1.));
#8368=IFCEXTRUDEDAREASOLID(#55,#8366,#8367,28218.024381589865);
#8369=IFCSHAPEREPRESENTATION(#13,'Body','SweptSolid',(#8368));
#8370=IFCCARTESIANPOINT((0.,0.,0.));
#8371=IFCCARTESIANPOINT((0.,0.,28218.024381589865));
#8372=IFCPOLYLINE((#8370,#8371));
#8373=IFCSHAPEREPRESENTATION(#14,'Axis','Curve3D',(#8372));
#8374=IFCPRODUCTDEFINITIONSHAPE($,$,(#8373,#8369));
#8375=IFCMEMBER('2sjnyOaY9DQOQ_J4JU4QOO',#19,'CV-2','L 76x76x6',$,#8363,#8374,$,$);
#8376=IFCRELASSOCIATESMATERIAL('2Q7BMy$3b4R8$dA7T8u7aD',#19,$,$,(#8375),#30);
#8377=IFCPROPERTYSINGLEVALUE('Familia',$,IFCLABEL('Contraventeos y montantes'),$);
#8378=IFCPROPERTYSINGLEVALUE('Perfil',$,IFCLABEL('L 76x76x6'),$);
#8379=IFCPROPERTYSINGLEVALUE('Marca',$,IFCLABEL('CV-2'),$);
#8380=IFCPROPERTYSINGLEVALUE('HH_ton_taller',$,IFCREAL(20.),$);
#8381=IFCPROPERTYSINGLEVALUE('Longitud_m',$,IFCREAL(28.218),$);
#8382=IFCPROPERTYSET('1mSyEqfBP6396c5cShC0W9',#19,'Pset_METALITEC',$,(#8377,#8378,#8379,#8380,#8381));
#8383=IFCRELDEFINESBYPROPERTIES('2v5AthD1z7z8q9vBT9oeiF',#19,$,$,(#8375),#8382);
#8384=IFCCARTESIANPOINT((25600.,149500.,0.));
#8385=IFCDIRECTION((0.90722155647090841,0.,0.42065312012928446));
#8386=IFCDIRECTION((0.42065312012928452,0.,-0.90722155647090852));
#8387=IFCAXIS2PLACEMENT3D(#8384,#8385,#8386);
#8388=IFCLOCALPLACEMENT(#25,#8387);
#8389=IFCDIRECTION((0.,0.,1.));
#8390=IFCDIRECTION((1.,0.,0.));
#8391=IFCAXIS2PLACEMENT3D(#7,#8389,#8390);
#8392=IFCDIRECTION((0.,0.,1.));
#8393=IFCEXTRUDEDAREASOLID(#55,#8391,#8392,28218.024381589865);
#8394=IFCSHAPEREPRESENTATION(#13,'Body','SweptSolid',(#8393));
#8395=IFCCARTESIANPOINT((0.,0.,0.));
#8396=IFCCARTESIANPOINT((0.,0.,28218.024381589865));
#8397=IFCPOLYLINE((#8395,#8396));
#8398=IFCSHAPEREPRESENTATION(#14,'Axis','Curve3D',(#8397));
#8399=IFCPRODUCTDEFINITIONSHAPE($,$,(#8398,#8394));
#8400=IFCMEMBER('2NQLs$GSL63elgZkI1TKRJ',#19,'CV-2','L 76x76x6',$,#8388,#8399,$,$);
#8401=IFCRELASSOCIATESMATERIAL('3CKSxOqDDCAu189EGYM9Bg',#19,$,$,(#8400),#30);
#8402=IFCPROPERTYSINGLEVALUE('Familia',$,IFCLABEL('Contraventeos y montantes'),$);
#8403=IFCPROPERTYSINGLEVALUE('Perfil',$,IFCLABEL('L 76x76x6'),$);
#8404=IFCPROPERTYSINGLEVALUE('Marca',$,IFCLABEL('CV-2'),$);
#8405=IFCPROPERTYSINGLEVALUE('HH_ton_taller',$,IFCREAL(20.),$);
#8406=IFCPROPERTYSINGLEVALUE('Longitud_m',$,IFCREAL(28.218),$);
#8407=IFCPROPERTYSET('3kXEivVk90lw1DCe4P1$Yd',#19,'Pset_METALITEC',$,(#8402,#8403,#8404,#8405,#8406));
#8408=IFCRELDEFINESBYPROPERTIES('2qnxJwV553bRL0KRngignw',#19,$,$,(#8400),#8407);
#8409=IFCCARTESIANPOINT((51200.,149500.,0.));
#8410=IFCDIRECTION((-0.90722155647090841,0.,0.42065312012928446));
#8411=IFCDIRECTION((0.42065312012928452,-0.,0.90722155647090852));
#8412=IFCAXIS2PLACEMENT3D(#8409,#8410,#8411);
#8413=IFCLOCALPLACEMENT(#25,#8412);
#8414=IFCDIRECTION((0.,0.,1.));
#8415=IFCDIRECTION((1.,0.,0.));
#8416=IFCAXIS2PLACEMENT3D(#7,#8414,#8415);
#8417=IFCDIRECTION((0.,0.,1.));
#8418=IFCEXTRUDEDAREASOLID(#55,#8416,#8417,28218.024381589865);
#8419=IFCSHAPEREPRESENTATION(#13,'Body','SweptSolid',(#8418));
#8420=IFCCARTESIANPOINT((0.,0.,0.));
#8421=IFCCARTESIANPOINT((0.,0.,28218.024381589865));
#8422=IFCPOLYLINE((#8420,#8421));
#8423=IFCSHAPEREPRESENTATION(#14,'Axis','Curve3D',(#8422));
#8424=IFCPRODUCTDEFINITIONSHAPE($,$,(#8423,#8419));
#8425=IFCMEMBER('1VUrkoEpL0lxGXUUw2Fh7v',#19,'CV-2','L 76x76x6',$,#8413,#8424,$,$);
#8426=IFCRELASSOCIATESMATERIAL('2lgLmYXf1DPOiiITwoUhhy',#19,$,$,(#8425),#30);
#8427=IFCPROPERTYSINGLEVALUE('Familia',$,IFCLABEL('Contraventeos y montantes'),$);
#8428=IFCPROPERTYSINGLEVALUE('Perfil',$,IFCLABEL('L 76x76x6'),$);
#8429=IFCPROPERTYSINGLEVALUE('Marca',$,IFCLABEL('CV-2'),$);
#8430=IFCPROPERTYSINGLEVALUE('HH_ton_taller',$,IFCREAL(20.),$);
#8431=IFCPROPERTYSINGLEVALUE('Longitud_m',$,IFCREAL(28.218),$);
#8432=IFCPROPERTYSET('33t69E9kzAhgl2qJp5ViYi',#19,'Pset_METALITEC',$,(#8427,#8428,#8429,#8430,#8431));
#8433=IFCRELDEFINESBYPROPERTIES('01gW5WZnb8UAqsMau_L2yK',#19,$,$,(#8425),#8432);
#8434=IFCCARTESIANPOINT((51200.,149500.,0.));
#8435=IFCDIRECTION((0.90722155647090841,0.,0.42065312012928446));
#8436=IFCDIRECTION((0.42065312012928452,0.,-0.90722155647090852));
#8437=IFCAXIS2PLACEMENT3D(#8434,#8435,#8436);
#8438=IFCLOCALPLACEMENT(#25,#8437);
#8439=IFCDIRECTION((0.,0.,1.));
#8440=IFCDIRECTION((1.,0.,0.));
#8441=IFCAXIS2PLACEMENT3D(#7,#8439,#8440);
#8442=IFCDIRECTION((0.,0.,1.));
#8443=IFCEXTRUDEDAREASOLID(#55,#8441,#8442,28218.024381589865);
#8444=IFCSHAPEREPRESENTATION(#13,'Body','SweptSolid',(#8443));
#8445=IFCCARTESIANPOINT((0.,0.,0.));
#8446=IFCCARTESIANPOINT((0.,0.,28218.024381589865));
#8447=IFCPOLYLINE((#8445,#8446));
#8448=IFCSHAPEREPRESENTATION(#14,'Axis','Curve3D',(#8447));
#8449=IFCPRODUCTDEFINITIONSHAPE($,$,(#8448,#8444));
#8450=IFCMEMBER('3DAGK2mMXBRQU$vWC8sf5U',#19,'CV-2','L 76x76x6',$,#8438,#8449,$,$);
#8451=IFCRELASSOCIATESMATERIAL('0oY4uKaTTFZP$Uixy2JBJX',#19,$,$,(#8450),#30);
#8452=IFCPROPERTYSINGLEVALUE('Familia',$,IFCLABEL('Contraventeos y montantes'),$);
#8453=IFCPROPERTYSINGLEVALUE('Perfil',$,IFCLABEL('L 76x76x6'),$);
#8454=IFCPROPERTYSINGLEVALUE('Marca',$,IFCLABEL('CV-2'),$);
#8455=IFCPROPERTYSINGLEVALUE('HH_ton_taller',$,IFCREAL(20.),$);
#8456=IFCPROPERTYSINGLEVALUE('Longitud_m',$,IFCREAL(28.218),$);
#8457=IFCPROPERTYSET('0vfFCYF1f0bfD0JD2IoSPZ',#19,'Pset_METALITEC',$,(#8452,#8453,#8454,#8455,#8456));
#8458=IFCRELDEFINESBYPROPERTIES('30$urzX3z3svtTYMd0G1Vd',#19,$,$,(#8450),#8457);
#8459=IFCCARTESIANPOINT((76800.,149500.,0.));
#8460=IFCDIRECTION((-0.90722155647090841,0.,0.42065312012928446));
#8461=IFCDIRECTION((0.42065312012928452,-0.,0.90722155647090852));
#8462=IFCAXIS2PLACEMENT3D(#8459,#8460,#8461);
#8463=IFCLOCALPLACEMENT(#25,#8462);
#8464=IFCDIRECTION((0.,0.,1.));
#8465=IFCDIRECTION((1.,0.,0.));
#8466=IFCAXIS2PLACEMENT3D(#7,#8464,#8465);
#8467=IFCDIRECTION((0.,0.,1.));
#8468=IFCEXTRUDEDAREASOLID(#55,#8466,#8467,28218.024381589865);
#8469=IFCSHAPEREPRESENTATION(#13,'Body','SweptSolid',(#8468));
#8470=IFCCARTESIANPOINT((0.,0.,0.));
#8471=IFCCARTESIANPOINT((0.,0.,28218.024381589865));
#8472=IFCPOLYLINE((#8470,#8471));
#8473=IFCSHAPEREPRESENTATION(#14,'Axis','Curve3D',(#8472));
#8474=IFCPRODUCTDEFINITIONSHAPE($,$,(#8473,#8469));
#8475=IFCMEMBER('1fqTeJGAnFB9oEG9MZuvVF',#19,'CV-2','L 76x76x6',$,#8463,#8474,$,$);
#8476=IFCRELASSOCIATESMATERIAL('06NeDwDen8Wf7LAhHiE5Td',#19,$,$,(#8475),#30);
#8477=IFCPROPERTYSINGLEVALUE('Familia',$,IFCLABEL('Contraventeos y montantes'),$);
#8478=IFCPROPERTYSINGLEVALUE('Perfil',$,IFCLABEL('L 76x76x6'),$);
#8479=IFCPROPERTYSINGLEVALUE('Marca',$,IFCLABEL('CV-2'),$);
#8480=IFCPROPERTYSINGLEVALUE('HH_ton_taller',$,IFCREAL(20.),$);
#8481=IFCPROPERTYSINGLEVALUE('Longitud_m',$,IFCREAL(28.218),$);
#8482=IFCPROPERTYSET('3pfoHtHu178glTRccf2c5$',#19,'Pset_METALITEC',$,(#8477,#8478,#8479,#8480,#8481));
#8483=IFCRELDEFINESBYPROPERTIES('17wavgrc51qwNlDAW1cgtI',#19,$,$,(#8475),#8482);
#8484=IFCCARTESIANPOINT((0.,0.,0.));
#8485=IFCDIRECTION((0.,0.64429445599479074,0.76477751926581661));
#8486=IFCDIRECTION((0.,-0.76477751926581672,0.64429445599479085));
#8487=IFCAXIS2PLACEMENT3D(#8484,#8485,#8486);
#8488=IFCLOCALPLACEMENT(#25,#8487);
#8489=IFCDIRECTION((0.,0.,1.));
#8490=IFCDIRECTION((1.,0.,0.));
#8491=IFCAXIS2PLACEMENT3D(#7,#8489,#8490);
#8492=IFCDIRECTION((0.,0.,1.));
#8493=IFCEXTRUDEDAREASOLID(#55,#8491,#8492,15520.853713633152);
#8494=IFCSHAPEREPRESENTATION(#13,'Body','SweptSolid',(#8493));
#8495=IFCCARTESIANPOINT((0.,0.,0.));
#8496=IFCCARTESIANPOINT((0.,0.,15520.853713633152));
#8497=IFCPOLYLINE((#8495,#8496));
#8498=IFCSHAPEREPRESENTATION(#14,'Axis','Curve3D',(#8497));
#8499=IFCPRODUCTDEFINITIONSHAPE($,$,(#8498,#8494));
#8500=IFCMEMBER('2jHFek$y16nRs2tl1rwbuy',#19,'CV-2','L 76x76x6',$,#8488,#8499,$,$);
#8501=IFCRELASSOCIATESMATERIAL('0QD6Dk5jX7d9LZcle7jpOF',#19,$,$,(#8500),#30);
#8502=IFCPROPERTYSINGLEVALUE('Familia',$,IFCLABEL('Contraventeos y montantes'),$);
#8503=IFCPROPERTYSINGLEVALUE('Perfil',$,IFCLABEL('L 76x76x6'),$);
#8504=IFCPROPERTYSINGLEVALUE('Marca',$,IFCLABEL('CV-2'),$);
#8505=IFCPROPERTYSINGLEVALUE('HH_ton_taller',$,IFCREAL(20.),$);
#8506=IFCPROPERTYSINGLEVALUE('Longitud_m',$,IFCREAL(15.521000000000001),$);
#8507=IFCPROPERTYSET('0tW3BEmOnC6RWKtpbQ2w5H',#19,'Pset_METALITEC',$,(#8502,#8503,#8504,#8505,#8506));
#8508=IFCRELDEFINESBYPROPERTIES('0z0tE3rJX2tRd_1q$pFJ12',#19,$,$,(#8500),#8507);
#8509=IFCCARTESIANPOINT((0.,10000.,0.));
#8510=IFCDIRECTION((0.,-0.64429445599479074,0.76477751926581661));
#8511=IFCDIRECTION((0.,-0.76477751926581672,-0.64429445599479085));
#8512=IFCAXIS2PLACEMENT3D(#8509,#8510,#8511);
#8513=IFCLOCALPLACEMENT(#25,#8512);
#8514=IFCDIRECTION((0.,0.,1.));
#8515=IFCDIRECTION((1.,0.,0.));
#8516=IFCAXIS2PLACEMENT3D(#7,#8514,#8515);
#8517=IFCDIRECTION((0.,0.,1.));
#8518=IFCEXTRUDEDAREASOLID(#55,#8516,#8517,15520.853713633152);
#8519=IFCSHAPEREPRESENTATION(#13,'Body','SweptSolid',(#8518));
#8520=IFCCARTESIANPOINT((0.,0.,0.));
#8521=IFCCARTESIANPOINT((0.,0.,15520.853713633152));
#8522=IFCPOLYLINE((#8520,#8521));
#8523=IFCSHAPEREPRESENTATION(#14,'Axis','Curve3D',(#8522));
#8524=IFCPRODUCTDEFINITIONSHAPE($,$,(#8523,#8519));
#8525=IFCMEMBER('34boKq82j7_gKRpyduOSTV',#19,'CV-2','L 76x76x6',$,#8513,#8524,$,$);
#8526=IFCRELASSOCIATESMATERIAL('0UZweeX7nAlPDaGeKsnjrN',#19,$,$,(#8525),#30);
#8527=IFCPROPERTYSINGLEVALUE('Familia',$,IFCLABEL('Contraventeos y montantes'),$);
#8528=IFCPROPERTYSINGLEVALUE('Perfil',$,IFCLABEL('L 76x76x6'),$);
#8529=IFCPROPERTYSINGLEVALUE('Marca',$,IFCLABEL('CV-2'),$);
#8530=IFCPROPERTYSINGLEVALUE('HH_ton_taller',$,IFCREAL(20.),$);
#8531=IFCPROPERTYSINGLEVALUE('Longitud_m',$,IFCREAL(15.521000000000001),$);
#8532=IFCPROPERTYSET('335INhN35FbPJ9wXqcSwGP',#19,'Pset_METALITEC',$,(#8527,#8528,#8529,#8530,#8531));
#8533=IFCRELDEFINESBYPROPERTIES('059j$Jl0bFGeN0Wozf9t3u',#19,$,$,(#8525),#8532);
#8534=IFCCARTESIANPOINT((0.,140000.,0.));
#8535=IFCDIRECTION((0.,0.62485545939273057,0.78074045294649597));
#8536=IFCDIRECTION((0.,-0.78074045294649597,0.62485545939273057));
#8537=IFCAXIS2PLACEMENT3D(#8534,#8535,#8536);
#8538=IFCLOCALPLACEMENT(#25,#8537);
#8539=IFCDIRECTION((0.,0.,1.));
#8540=IFCDIRECTION((1.,0.,0.));
#8541=IFCAXIS2PLACEMENT3D(#7,#8539,#8540);
#8542=IFCDIRECTION((0.,0.,1.));
#8543=IFCEXTRUDEDAREASOLID(#55,#8541,#8542,15203.516040705847);
#8544=IFCSHAPEREPRESENTATION(#13,'Body','SweptSolid',(#8543));
#8545=IFCCARTESIANPOINT((0.,0.,0.));
#8546=IFCCARTESIANPOINT((0.,0.,15203.516040705847));
#8547=IFCPOLYLINE((#8545,#8546));
#8548=IFCSHAPEREPRESENTATION(#14,'Axis','Curve3D',(#8547));
#8549=IFCPRODUCTDEFINITIONSHAPE($,$,(#8548,#8544));
#8550=IFCMEMBER('0aoOW0sxz2mPSg8BV8E$CX',#19,'CV-2','L 76x76x6',$,#8538,#8549,$,$);
#8551=IFCRELASSOCIATESMATERIAL('2hgMmUa69DaApNylJTaSjt',#19,$,$,(#8550),#30);
#8552=IFCPROPERTYSINGLEVALUE('Familia',$,IFCLABEL('Contraventeos y montantes'),$);
#8553=IFCPROPERTYSINGLEVALUE('Perfil',$,IFCLABEL('L 76x76x6'),$);
#8554=IFCPROPERTYSINGLEVALUE('Marca',$,IFCLABEL('CV-2'),$);
#8555=IFCPROPERTYSINGLEVALUE('HH_ton_taller',$,IFCREAL(20.),$);
#8556=IFCPROPERTYSINGLEVALUE('Longitud_m',$,IFCREAL(15.204000000000001),$);
#8557=IFCPROPERTYSET('3YgJwMuJL29uW5u9kmUf55',#19,'Pset_METALITEC',$,(#8552,#8553,#8554,#8555,#8556));
#8558=IFCRELDEFINESBYPROPERTIES('06P3ZYXJLDFfccAZOeyZ8z',#19,$,$,(#8550),#8557);
#8559=IFCCARTESIANPOINT((0.,149500.,0.));
#8560=IFCDIRECTION((0.,-0.62485545939273057,0.78074045294649597));
#8561=IFCDIRECTION((0.,-0.78074045294649597,-0.62485545939273057));
#8562=IFCAXIS2PLACEMENT3D(#8559,#8560,#8561);
#8563=IFCLOCALPLACEMENT(#25,#8562);
#8564=IFCDIRECTION((0.,0.,1.));
#8565=IFCDIRECTION((1.,0.,0.));
#8566=IFCAXIS2PLACEMENT3D(#7,#8564,#8565);
#8567=IFCDIRECTION((0.,0.,1.));
#8568=IFCEXTRUDEDAREASOLID(#55,#8566,#8567,15203.516040705847);
#8569=IFCSHAPEREPRESENTATION(#13,'Body','SweptSolid',(#8568));
#8570=IFCCARTESIANPOINT((0.,0.,0.));
#8571=IFCCARTESIANPOINT((0.,0.,15203.516040705847));
#8572=IFCPOLYLINE((#8570,#8571));
#8573=IFCSHAPEREPRESENTATION(#14,'Axis','Curve3D',(#8572));
#8574=IFCPRODUCTDEFINITIONSHAPE($,$,(#8573,#8569));
#8575=IFCMEMBER('0DEtJHUgH83xevYhs5zThg',#19,'CV-2','L 76x76x6',$,#8563,#8574,$,$);
#8576=IFCRELASSOCIATESMATERIAL('1m6M1W0SP4ygSIo0gc8xAh',#19,$,$,(#8575),#30);
#8577=IFCPROPERTYSINGLEVALUE('Familia',$,IFCLABEL('Contraventeos y montantes'),$);
#8578=IFCPROPERTYSINGLEVALUE('Perfil',$,IFCLABEL('L 76x76x6'),$);
#8579=IFCPROPERTYSINGLEVALUE('Marca',$,IFCLABEL('CV-2'),$);
#8580=IFCPROPERTYSINGLEVALUE('HH_ton_taller',$,IFCREAL(20.),$);
#8581=IFCPROPERTYSINGLEVALUE('Longitud_m',$,IFCREAL(15.204000000000001),$);
#8582=IFCPROPERTYSET('0iHZviB8jCcPG2CJg8uEhn',#19,'Pset_METALITEC',$,(#8577,#8578,#8579,#8580,#8581));
#8583=IFCRELDEFINESBYPROPERTIES('0wvfSW9Vn2Ef1Qg3lE6pN9',#19,$,$,(#8575),#8582);
#8584=IFCCARTESIANPOINT((76800.,0.,0.));
#8585=IFCDIRECTION((0.,0.64429445599479074,0.76477751926581661));
#8586=IFCDIRECTION((0.,-0.76477751926581672,0.64429445599479085));
#8587=IFCAXIS2PLACEMENT3D(#8584,#8585,#8586);
#8588=IFCLOCALPLACEMENT(#25,#8587);
#8589=IFCDIRECTION((0.,0.,1.));
#8590=IFCDIRECTION((1.,0.,0.));
#8591=IFCAXIS2PLACEMENT3D(#7,#8589,#8590);
#8592=IFCDIRECTION((0.,0.,1.));
#8593=IFCEXTRUDEDAREASOLID(#55,#8591,#8592,15520.853713633152);
#8594=IFCSHAPEREPRESENTATION(#13,'Body','SweptSolid',(#8593));
#8595=IFCCARTESIANPOINT((0.,0.,0.));
#8596=IFCCARTESIANPOINT((0.,0.,15520.853713633152));
#8597=IFCPOLYLINE((#8595,#8596));
#8598=IFCSHAPEREPRESENTATION(#14,'Axis','Curve3D',(#8597));
#8599=IFCPRODUCTDEFINITIONSHAPE($,$,(#8598,#8594));
#8600=IFCMEMBER('1tVK4bL$57bxkPZURaPHh3',#19,'CV-2','L 76x76x6',$,#8588,#8599,$,$);
#8601=IFCRELASSOCIATESMATERIAL('3b5__xjGj2oOhOQvTk6q5a',#19,$,$,(#8600),#30);
#8602=IFCPROPERTYSINGLEVALUE('Familia',$,IFCLABEL('Contraventeos y montantes'),$);
#8603=IFCPROPERTYSINGLEVALUE('Perfil',$,IFCLABEL('L 76x76x6'),$);
#8604=IFCPROPERTYSINGLEVALUE('Marca',$,IFCLABEL('CV-2'),$);
#8605=IFCPROPERTYSINGLEVALUE('HH_ton_taller',$,IFCREAL(20.),$);
#8606=IFCPROPERTYSINGLEVALUE('Longitud_m',$,IFCREAL(15.521000000000001),$);
#8607=IFCPROPERTYSET('3EBH0ZlBf3$xk1q4uIL7US',#19,'Pset_METALITEC',$,(#8602,#8603,#8604,#8605,#8606));
#8608=IFCRELDEFINESBYPROPERTIES('1Ue67flc5FuB22hvsssvRh',#19,$,$,(#8600),#8607);
#8609=IFCCARTESIANPOINT((76800.,10000.,0.));
#8610=IFCDIRECTION((0.,-0.64429445599479074,0.76477751926581661));
#8611=IFCDIRECTION((0.,-0.76477751926581672,-0.64429445599479085));
#8612=IFCAXIS2PLACEMENT3D(#8609,#8610,#8611);
#8613=IFCLOCALPLACEMENT(#25,#8612);
#8614=IFCDIRECTION((0.,0.,1.));
#8615=IFCDIRECTION((1.,0.,0.));
#8616=IFCAXIS2PLACEMENT3D(#7,#8614,#8615);
#8617=IFCDIRECTION((0.,0.,1.));
#8618=IFCEXTRUDEDAREASOLID(#55,#8616,#8617,15520.853713633152);
#8619=IFCSHAPEREPRESENTATION(#13,'Body','SweptSolid',(#8618));
#8620=IFCCARTESIANPOINT((0.,0.,0.));
#8621=IFCCARTESIANPOINT((0.,0.,15520.853713633152));
#8622=IFCPOLYLINE((#8620,#8621));
#8623=IFCSHAPEREPRESENTATION(#14,'Axis','Curve3D',(#8622));
#8624=IFCPRODUCTDEFINITIONSHAPE($,$,(#8623,#8619));
#8625=IFCMEMBER('1vEJB4dSTD$fv6$xnihUmA',#19,'CV-2','L 76x76x6',$,#8613,#8624,$,$);
#8626=IFCRELASSOCIATESMATERIAL('1i7R01wKr3QfeoUe9W7H9R',#19,$,$,(#8625),#30);
#8627=IFCPROPERTYSINGLEVALUE('Familia',$,IFCLABEL('Contraventeos y montantes'),$);
#8628=IFCPROPERTYSINGLEVALUE('Perfil',$,IFCLABEL('L 76x76x6'),$);
#8629=IFCPROPERTYSINGLEVALUE('Marca',$,IFCLABEL('CV-2'),$);
#8630=IFCPROPERTYSINGLEVALUE('HH_ton_taller',$,IFCREAL(20.),$);
#8631=IFCPROPERTYSINGLEVALUE('Longitud_m',$,IFCREAL(15.521000000000001),$);
#8632=IFCPROPERTYSET('1CigGak6nDHhSO3tpaYjZX',#19,'Pset_METALITEC',$,(#8627,#8628,#8629,#8630,#8631));
#8633=IFCRELDEFINESBYPROPERTIES('0vjAEgwj9AbfAFqxQD$kCg',#19,$,$,(#8625),#8632);
#8634=IFCCARTESIANPOINT((76800.,140000.,0.));
#8635=IFCDIRECTION((0.,0.62485545939273057,0.78074045294649597));
#8636=IFCDIRECTION((0.,-0.78074045294649597,0.62485545939273057));
#8637=IFCAXIS2PLACEMENT3D(#8634,#8635,#8636);
#8638=IFCLOCALPLACEMENT(#25,#8637);
#8639=IFCDIRECTION((0.,0.,1.));
#8640=IFCDIRECTION((1.,0.,0.));
#8641=IFCAXIS2PLACEMENT3D(#7,#8639,#8640);
#8642=IFCDIRECTION((0.,0.,1.));
#8643=IFCEXTRUDEDAREASOLID(#55,#8641,#8642,15203.516040705847);
#8644=IFCSHAPEREPRESENTATION(#13,'Body','SweptSolid',(#8643));
#8645=IFCCARTESIANPOINT((0.,0.,0.));
#8646=IFCCARTESIANPOINT((0.,0.,15203.516040705847));
#8647=IFCPOLYLINE((#8645,#8646));
#8648=IFCSHAPEREPRESENTATION(#14,'Axis','Curve3D',(#8647));
#8649=IFCPRODUCTDEFINITIONSHAPE($,$,(#8648,#8644));
#8650=IFCMEMBER('3B8UIpqED53wipbjaSjtBR',#19,'CV-2','L 76x76x6',$,#8638,#8649,$,$);
#8651=IFCRELASSOCIATESMATERIAL('3gMAZqRCTCEBKa7h4ewjHd',#19,$,$,(#8650),#30);
#8652=IFCPROPERTYSINGLEVALUE('Familia',$,IFCLABEL('Contraventeos y montantes'),$);
#8653=IFCPROPERTYSINGLEVALUE('Perfil',$,IFCLABEL('L 76x76x6'),$);
#8654=IFCPROPERTYSINGLEVALUE('Marca',$,IFCLABEL('CV-2'),$);
#8655=IFCPROPERTYSINGLEVALUE('HH_ton_taller',$,IFCREAL(20.),$);
#8656=IFCPROPERTYSINGLEVALUE('Longitud_m',$,IFCREAL(15.204000000000001),$);
#8657=IFCPROPERTYSET('0wmMtE6Wv8YxwHgtpaP2dm',#19,'Pset_METALITEC',$,(#8652,#8653,#8654,#8655,#8656));
#8658=IFCRELDEFINESBYPROPERTIES('0BEvamkO502hbASa12hHlG',#19,$,$,(#8650),#8657);
#8659=IFCCARTESIANPOINT((76800.,149500.,0.));
#8660=IFCDIRECTION((0.,-0.62485545939273057,0.78074045294649597));
#8661=IFCDIRECTION((0.,-0.78074045294649597,-0.62485545939273057));
#8662=IFCAXIS2PLACEMENT3D(#8659,#8660,#8661);
#8663=IFCLOCALPLACEMENT(#25,#8662);
#8664=IFCDIRECTION((0.,0.,1.));
#8665=IFCDIRECTION((1.,0.,0.));
#8666=IFCAXIS2PLACEMENT3D(#7,#8664,#8665);
#8667=IFCDIRECTION((0.,0.,1.));
#8668=IFCEXTRUDEDAREASOLID(#55,#8666,#8667,15203.516040705847);
#8669=IFCSHAPEREPRESENTATION(#13,'Body','SweptSolid',(#8668));
#8670=IFCCARTESIANPOINT((0.,0.,0.));
#8671=IFCCARTESIANPOINT((0.,0.,15203.516040705847));
#8672=IFCPOLYLINE((#8670,#8671));
#8673=IFCSHAPEREPRESENTATION(#14,'Axis','Curve3D',(#8672));
#8674=IFCPRODUCTDEFINITIONSHAPE($,$,(#8673,#8669));
#8675=IFCMEMBER('3PgZ5S$B16_gOtfFowB33o',#19,'CV-2','L 76x76x6',$,#8663,#8674,$,$);
#8676=IFCRELASSOCIATESMATERIAL('0Sq2wT3_v41x2c$gLUcgCC',#19,$,$,(#8675),#30);
#8677=IFCPROPERTYSINGLEVALUE('Familia',$,IFCLABEL('Contraventeos y montantes'),$);
#8678=IFCPROPERTYSINGLEVALUE('Perfil',$,IFCLABEL('L 76x76x6'),$);
#8679=IFCPROPERTYSINGLEVALUE('Marca',$,IFCLABEL('CV-2'),$);
#8680=IFCPROPERTYSINGLEVALUE('HH_ton_taller',$,IFCREAL(20.),$);
#8681=IFCPROPERTYSINGLEVALUE('Longitud_m',$,IFCREAL(15.204000000000001),$);
#8682=IFCPROPERTYSET('1x27ypRq5AdA$btVzzfT5y',#19,'Pset_METALITEC',$,(#8677,#8678,#8679,#8680,#8681));
#8683=IFCRELDEFINESBYPROPERTIES('241PB$6Kj7gPgsWXDwk49V',#19,$,$,(#8675),#8682);
#8684=IFCCARTESIANPOINT((0.,0.,0.));
#8685=IFCDIRECTION((0.,0.,1.));
#8686=IFCDIRECTION((1.,0.,0.));
#8687=IFCAXIS2PLACEMENT3D(#8684,#8685,#8686);
#8688=IFCLOCALPLACEMENT(#25,#8687);
#8689=IFCDIRECTION((0.,0.,1.));
#8690=IFCDIRECTION((1.,0.,0.));
#8691=IFCAXIS2PLACEMENT3D(#7,#8689,#8690);
#8692=IFCDIRECTION((0.,0.,1.));
#8693=IFCEXTRUDEDAREASOLID(#58,#8691,#8692,25.);
#8694=IFCSHAPEREPRESENTATION(#13,'Body','SweptSolid',(#8693));
#8695=IFCPRODUCTDEFINITIONSHAPE($,$,(#8694));
#8696=IFCPLATE('3EHUfKnEXEsuIxg7F85idg',#19,'PB-1','Placa base 500x500x25 / 400x400x19',$,#8688,#8695,$,$);
#8697=IFCRELASSOCIATESMATERIAL('3vF0FHoKf9xPomRWbR23vt',#19,$,$,(#8696),#30);
#8698=IFCCARTESIANPOINT((25600.,0.,0.));
#8699=IFCDIRECTION((0.,0.,1.));
#8700=IFCDIRECTION((1.,0.,0.));
#8701=IFCAXIS2PLACEMENT3D(#8698,#8699,#8700);
#8702=IFCLOCALPLACEMENT(#25,#8701);
#8703=IFCDIRECTION((0.,0.,1.));
#8704=IFCDIRECTION((1.,0.,0.));
#8705=IFCAXIS2PLACEMENT3D(#7,#8703,#8704);
#8706=IFCDIRECTION((0.,0.,1.));
#8707=IFCEXTRUDEDAREASOLID(#58,#8705,#8706,25.);
#8708=IFCSHAPEREPRESENTATION(#13,'Body','SweptSolid',(#8707));
#8709=IFCPRODUCTDEFINITIONSHAPE($,$,(#8708));
#8710=IFCPLATE('1$TrHnMgX6MPr65QG1fjWE',#19,'PB-2','Placa base 500x500x25 / 400x400x19',$,#8702,#8709,$,$);
#8711=IFCRELASSOCIATESMATERIAL('1xaxMdj8z1CueQGh9831P2',#19,$,$,(#8710),#30);
#8712=IFCCARTESIANPOINT((51200.,0.,0.));
#8713=IFCDIRECTION((0.,0.,1.));
#8714=IFCDIRECTION((1.,0.,0.));
#8715=IFCAXIS2PLACEMENT3D(#8712,#8713,#8714);
#8716=IFCLOCALPLACEMENT(#25,#8715);
#8717=IFCDIRECTION((0.,0.,1.));
#8718=IFCDIRECTION((1.,0.,0.));
#8719=IFCAXIS2PLACEMENT3D(#7,#8717,#8718);
#8720=IFCDIRECTION((0.,0.,1.));
#8721=IFCEXTRUDEDAREASOLID(#58,#8719,#8720,25.);
#8722=IFCSHAPEREPRESENTATION(#13,'Body','SweptSolid',(#8721));
#8723=IFCPRODUCTDEFINITIONSHAPE($,$,(#8722));
#8724=IFCPLATE('34MZLciBHEBxhuDl9YU0n$',#19,'PB-2','Placa base 500x500x25 / 400x400x19',$,#8716,#8723,$,$);
#8725=IFCRELASSOCIATESMATERIAL('2h8hAeMJDFAwJrDhNX8DmK',#19,$,$,(#8724),#30);
#8726=IFCCARTESIANPOINT((76800.,0.,0.));
#8727=IFCDIRECTION((0.,0.,1.));
#8728=IFCDIRECTION((1.,0.,0.));
#8729=IFCAXIS2PLACEMENT3D(#8726,#8727,#8728);
#8730=IFCLOCALPLACEMENT(#25,#8729);
#8731=IFCDIRECTION((0.,0.,1.));
#8732=IFCDIRECTION((1.,0.,0.));
#8733=IFCAXIS2PLACEMENT3D(#7,#8731,#8732);
#8734=IFCDIRECTION((0.,0.,1.));
#8735=IFCEXTRUDEDAREASOLID(#58,#8733,#8734,25.);
#8736=IFCSHAPEREPRESENTATION(#13,'Body','SweptSolid',(#8735));
#8737=IFCPRODUCTDEFINITIONSHAPE($,$,(#8736));
#8738=IFCPLATE('1uJ6XeJfP7Vha4ZjpvDkLB',#19,'PB-1','Placa base 500x500x25 / 400x400x19',$,#8730,#8737,$,$);
#8739=IFCRELASSOCIATESMATERIAL('36Bg8IQ7v6D8Kmv90V2LiS',#19,$,$,(#8738),#30);
#8740=IFCCARTESIANPOINT((0.,10000.,0.));
#8741=IFCDIRECTION((0.,0.,1.));
#8742=IFCDIRECTION((1.,0.,0.));
#8743=IFCAXIS2PLACEMENT3D(#8740,#8741,#8742);
#8744=IFCLOCALPLACEMENT(#25,#8743);
#8745=IFCDIRECTION((0.,0.,1.));
#8746=IFCDIRECTION((1.,0.,0.));
#8747=IFCAXIS2PLACEMENT3D(#7,#8745,#8746);
#8748=IFCDIRECTION((0.,0.,1.));
#8749=IFCEXTRUDEDAREASOLID(#58,#8747,#8748,25.);
#8750=IFCSHAPEREPRESENTATION(#13,'Body','SweptSolid',(#8749));
#8751=IFCPRODUCTDEFINITIONSHAPE($,$,(#8750));
#8752=IFCPLATE('2dbZxTZ9HAaQKbKEGPa_Uk',#19,'PB-1','Placa base 500x500x25 / 400x400x19',$,#8744,#8751,$,$);
#8753=IFCRELASSOCIATESMATERIAL('1c95I6btLCgeqnrS9crUmc',#19,$,$,(#8752),#30);
#8754=IFCCARTESIANPOINT((25600.,10000.,0.));
#8755=IFCDIRECTION((0.,0.,1.));
#8756=IFCDIRECTION((1.,0.,0.));
#8757=IFCAXIS2PLACEMENT3D(#8754,#8755,#8756);
#8758=IFCLOCALPLACEMENT(#25,#8757);
#8759=IFCDIRECTION((0.,0.,1.));
#8760=IFCDIRECTION((1.,0.,0.));
#8761=IFCAXIS2PLACEMENT3D(#7,#8759,#8760);
#8762=IFCDIRECTION((0.,0.,1.));
#8763=IFCEXTRUDEDAREASOLID(#58,#8761,#8762,25.);
#8764=IFCSHAPEREPRESENTATION(#13,'Body','SweptSolid',(#8763));
#8765=IFCPRODUCTDEFINITIONSHAPE($,$,(#8764));
#8766=IFCPLATE('3q1rQY9mX8iRXYM_N7$gPU',#19,'PB-2','Placa base 500x500x25 / 400x400x19',$,#8758,#8765,$,$);
#8767=IFCRELASSOCIATESMATERIAL('12PobR56z8O8fT1FD95PRX',#19,$,$,(#8766),#30);
#8768=IFCCARTESIANPOINT((51200.,10000.,0.));
#8769=IFCDIRECTION((0.,0.,1.));
#8770=IFCDIRECTION((1.,0.,0.));
#8771=IFCAXIS2PLACEMENT3D(#8768,#8769,#8770);
#8772=IFCLOCALPLACEMENT(#25,#8771);
#8773=IFCDIRECTION((0.,0.,1.));
#8774=IFCDIRECTION((1.,0.,0.));
#8775=IFCAXIS2PLACEMENT3D(#7,#8773,#8774);
#8776=IFCDIRECTION((0.,0.,1.));
#8777=IFCEXTRUDEDAREASOLID(#58,#8775,#8776,25.);
#8778=IFCSHAPEREPRESENTATION(#13,'Body','SweptSolid',(#8777));
#8779=IFCPRODUCTDEFINITIONSHAPE($,$,(#8778));
#8780=IFCPLATE('1fhYbbFcf6dhi5$_8sdXh4',#19,'PB-2','Placa base 500x500x25 / 400x400x19',$,#8772,#8779,$,$);
#8781=IFCRELASSOCIATESMATERIAL('1gqQJr5ZHDAwxP5yeQgGNw',#19,$,$,(#8780),#30);
#8782=IFCCARTESIANPOINT((76800.,10000.,0.));
#8783=IFCDIRECTION((0.,0.,1.));
#8784=IFCDIRECTION((1.,0.,0.));
#8785=IFCAXIS2PLACEMENT3D(#8782,#8783,#8784);
#8786=IFCLOCALPLACEMENT(#25,#8785);
#8787=IFCDIRECTION((0.,0.,1.));
#8788=IFCDIRECTION((1.,0.,0.));
#8789=IFCAXIS2PLACEMENT3D(#7,#8787,#8788);
#8790=IFCDIRECTION((0.,0.,1.));
#8791=IFCEXTRUDEDAREASOLID(#58,#8789,#8790,25.);
#8792=IFCSHAPEREPRESENTATION(#13,'Body','SweptSolid',(#8791));
#8793=IFCPRODUCTDEFINITIONSHAPE($,$,(#8792));
#8794=IFCPLATE('04sI2tHUL0ugw6Vzn$Dm$0',#19,'PB-1','Placa base 500x500x25 / 400x400x19',$,#8786,#8793,$,$);
#8795=IFCRELASSOCIATESMATERIAL('3dyj0CGAz4LubXVTsIs$8p',#19,$,$,(#8794),#30);
#8796=IFCCARTESIANPOINT((0.,20000.,0.));
#8797=IFCDIRECTION((0.,0.,1.));
#8798=IFCDIRECTION((1.,0.,0.));
#8799=IFCAXIS2PLACEMENT3D(#8796,#8797,#8798);
#8800=IFCLOCALPLACEMENT(#25,#8799);
#8801=IFCDIRECTION((0.,0.,1.));
#8802=IFCDIRECTION((1.,0.,0.));
#8803=IFCAXIS2PLACEMENT3D(#7,#8801,#8802);
#8804=IFCDIRECTION((0.,0.,1.));
#8805=IFCEXTRUDEDAREASOLID(#58,#8803,#8804,25.);
#8806=IFCSHAPEREPRESENTATION(#13,'Body','SweptSolid',(#8805));
#8807=IFCPRODUCTDEFINITIONSHAPE($,$,(#8806));
#8808=IFCPLATE('0fkpkdUeb2PuYFLXRrkRXm',#19,'PB-1','Placa base 500x500x25 / 400x400x19',$,#8800,#8807,$,$);
#8809=IFCRELASSOCIATESMATERIAL('3TstEf$lPB7vleOvp7Zz6O',#19,$,$,(#8808),#30);
#8810=IFCCARTESIANPOINT((25600.,20000.,0.));
#8811=IFCDIRECTION((0.,0.,1.));
#8812=IFCDIRECTION((1.,0.,0.));
#8813=IFCAXIS2PLACEMENT3D(#8810,#8811,#8812);
#8814=IFCLOCALPLACEMENT(#25,#8813);
#8815=IFCDIRECTION((0.,0.,1.));
#8816=IFCDIRECTION((1.,0.,0.));
#8817=IFCAXIS2PLACEMENT3D(#7,#8815,#8816);
#8818=IFCDIRECTION((0.,0.,1.));
#8819=IFCEXTRUDEDAREASOLID(#58,#8817,#8818,25.);
#8820=IFCSHAPEREPRESENTATION(#13,'Body','SweptSolid',(#8819));
#8821=IFCPRODUCTDEFINITIONSHAPE($,$,(#8820));
#8822=IFCPLATE('29Nkdl3CbCCO8cxRGqr2Or',#19,'PB-2','Placa base 500x500x25 / 400x400x19',$,#8814,#8821,$,$);
#8823=IFCRELASSOCIATESMATERIAL('1vJFF78gT09hCGWQ1ot8u4',#19,$,$,(#8822),#30);
#8824=IFCCARTESIANPOINT((51200.,20000.,0.));
#8825=IFCDIRECTION((0.,0.,1.));
#8826=IFCDIRECTION((1.,0.,0.));
#8827=IFCAXIS2PLACEMENT3D(#8824,#8825,#8826);
#8828=IFCLOCALPLACEMENT(#25,#8827);
#8829=IFCDIRECTION((0.,0.,1.));
#8830=IFCDIRECTION((1.,0.,0.));
#8831=IFCAXIS2PLACEMENT3D(#7,#8829,#8830);
#8832=IFCDIRECTION((0.,0.,1.));
#8833=IFCEXTRUDEDAREASOLID(#58,#8831,#8832,25.);
#8834=IFCSHAPEREPRESENTATION(#13,'Body','SweptSolid',(#8833));
#8835=IFCPRODUCTDEFINITIONSHAPE($,$,(#8834));
#8836=IFCPLATE('1zGFV1HzX5zQ5TxR$ZDAG5',#19,'PB-2','Placa base 500x500x25 / 400x400x19',$,#8828,#8835,$,$);
#8837=IFCRELASSOCIATESMATERIAL('2vkiGG8bvBheYfN8QzQJzX',#19,$,$,(#8836),#30);
#8838=IFCCARTESIANPOINT((76800.,20000.,0.));
#8839=IFCDIRECTION((0.,0.,1.));
#8840=IFCDIRECTION((1.,0.,0.));
#8841=IFCAXIS2PLACEMENT3D(#8838,#8839,#8840);
#8842=IFCLOCALPLACEMENT(#25,#8841);
#8843=IFCDIRECTION((0.,0.,1.));
#8844=IFCDIRECTION((1.,0.,0.));
#8845=IFCAXIS2PLACEMENT3D(#7,#8843,#8844);
#8846=IFCDIRECTION((0.,0.,1.));
#8847=IFCEXTRUDEDAREASOLID(#58,#8845,#8846,25.);
#8848=IFCSHAPEREPRESENTATION(#13,'Body','SweptSolid',(#8847));
#8849=IFCPRODUCTDEFINITIONSHAPE($,$,(#8848));
#8850=IFCPLATE('3v9p_loo17jwZtfPmLzqXb',#19,'PB-1','Placa base 500x500x25 / 400x400x19',$,#8842,#8849,$,$);
#8851=IFCRELASSOCIATESMATERIAL('1AkqnhDKrAhBfyV7ZYKjH3',#19,$,$,(#8850),#30);
#8852=IFCCARTESIANPOINT((0.,30000.,0.));
#8853=IFCDIRECTION((0.,0.,1.));
#8854=IFCDIRECTION((1.,0.,0.));
#8855=IFCAXIS2PLACEMENT3D(#8852,#8853,#8854);
#8856=IFCLOCALPLACEMENT(#25,#8855);
#8857=IFCDIRECTION((0.,0.,1.));
#8858=IFCDIRECTION((1.,0.,0.));
#8859=IFCAXIS2PLACEMENT3D(#7,#8857,#8858);
#8860=IFCDIRECTION((0.,0.,1.));
#8861=IFCEXTRUDEDAREASOLID(#58,#8859,#8860,25.);
#8862=IFCSHAPEREPRESENTATION(#13,'Body','SweptSolid',(#8861));
#8863=IFCPRODUCTDEFINITIONSHAPE($,$,(#8862));
#8864=IFCPLATE('2oJI3B$Xj7J9Kgm7duqJfL',#19,'PB-1','Placa base 500x500x25 / 400x400x19',$,#8856,#8863,$,$);
#8865=IFCRELASSOCIATESMATERIAL('2ZAo1PQCb0qhSKTSX1D_aQ',#19,$,$,(#8864),#30);
#8866=IFCCARTESIANPOINT((25600.,30000.,0.));
#8867=IFCDIRECTION((0.,0.,1.));
#8868=IFCDIRECTION((1.,0.,0.));
#8869=IFCAXIS2PLACEMENT3D(#8866,#8867,#8868);
#8870=IFCLOCALPLACEMENT(#25,#8869);
#8871=IFCDIRECTION((0.,0.,1.));
#8872=IFCDIRECTION((1.,0.,0.));
#8873=IFCAXIS2PLACEMENT3D(#7,#8871,#8872);
#8874=IFCDIRECTION((0.,0.,1.));
#8875=IFCEXTRUDEDAREASOLID(#58,#8873,#8874,25.);
#8876=IFCSHAPEREPRESENTATION(#13,'Body','SweptSolid',(#8875));
#8877=IFCPRODUCTDEFINITIONSHAPE($,$,(#8876));
#8878=IFCPLATE('1RtVGg34D0zhfze3SGyqOd',#19,'PB-2','Placa base 500x500x25 / 400x400x19',$,#8870,#8877,$,$);
#8879=IFCRELASSOCIATESMATERIAL('1Gy6pvTzL7LPsqDYQK7qdz',#19,$,$,(#8878),#30);
#8880=IFCCARTESIANPOINT((51200.,30000.,0.));
#8881=IFCDIRECTION((0.,0.,1.));
#8882=IFCDIRECTION((1.,0.,0.));
#8883=IFCAXIS2PLACEMENT3D(#8880,#8881,#8882);
#8884=IFCLOCALPLACEMENT(#25,#8883);
#8885=IFCDIRECTION((0.,0.,1.));
#8886=IFCDIRECTION((1.,0.,0.));
#8887=IFCAXIS2PLACEMENT3D(#7,#8885,#8886);
#8888=IFCDIRECTION((0.,0.,1.));
#8889=IFCEXTRUDEDAREASOLID(#58,#8887,#8888,25.);
#8890=IFCSHAPEREPRESENTATION(#13,'Body','SweptSolid',(#8889));
#8891=IFCPRODUCTDEFINITIONSHAPE($,$,(#8890));
#8892=IFCPLATE('2h0Hu20Ev2JOlWeJ4hoIZq',#19,'PB-2','Placa base 500x500x25 / 400x400x19',$,#8884,#8891,$,$);
#8893=IFCRELASSOCIATESMATERIAL('3FaNJ1_Lf1OhZja7WSifWH',#19,$,$,(#8892),#30);
#8894=IFCCARTESIANPOINT((76800.,30000.,0.));
#8895=IFCDIRECTION((0.,0.,1.));
#8896=IFCDIRECTION((1.,0.,0.));
#8897=IFCAXIS2PLACEMENT3D(#8894,#8895,#8896);
#8898=IFCLOCALPLACEMENT(#25,#8897);
#8899=IFCDIRECTION((0.,0.,1.));
#8900=IFCDIRECTION((1.,0.,0.));
#8901=IFCAXIS2PLACEMENT3D(#7,#8899,#8900);
#8902=IFCDIRECTION((0.,0.,1.));
#8903=IFCEXTRUDEDAREASOLID(#58,#8901,#8902,25.);
#8904=IFCSHAPEREPRESENTATION(#13,'Body','SweptSolid',(#8903));
#8905=IFCPRODUCTDEFINITIONSHAPE($,$,(#8904));
#8906=IFCPLATE('2IOgUwh0H4eAxf0c28O114',#19,'PB-1','Placa base 500x500x25 / 400x400x19',$,#8898,#8905,$,$);
#8907=IFCRELASSOCIATESMATERIAL('2lerjvBHbCvgOZuyK04k7G',#19,$,$,(#8906),#30);
#8908=IFCCARTESIANPOINT((0.,40000.,0.));
#8909=IFCDIRECTION((0.,0.,1.));
#8910=IFCDIRECTION((1.,0.,0.));
#8911=IFCAXIS2PLACEMENT3D(#8908,#8909,#8910);
#8912=IFCLOCALPLACEMENT(#25,#8911);
#8913=IFCDIRECTION((0.,0.,1.));
#8914=IFCDIRECTION((1.,0.,0.));
#8915=IFCAXIS2PLACEMENT3D(#7,#8913,#8914);
#8916=IFCDIRECTION((0.,0.,1.));
#8917=IFCEXTRUDEDAREASOLID(#58,#8915,#8916,25.);
#8918=IFCSHAPEREPRESENTATION(#13,'Body','SweptSolid',(#8917));
#8919=IFCPRODUCTDEFINITIONSHAPE($,$,(#8918));
#8920=IFCPLATE('17esUe8FT9KwoSYc65uF2H',#19,'PB-1','Placa base 500x500x25 / 400x400x19',$,#8912,#8919,$,$);
#8921=IFCRELASSOCIATESMATERIAL('2mwZ0YIPnAbQJzsZof0Ro0',#19,$,$,(#8920),#30);
#8922=IFCCARTESIANPOINT((25600.,40000.,0.));
#8923=IFCDIRECTION((0.,0.,1.));
#8924=IFCDIRECTION((1.,0.,0.));
#8925=IFCAXIS2PLACEMENT3D(#8922,#8923,#8924);
#8926=IFCLOCALPLACEMENT(#25,#8925);
#8927=IFCDIRECTION((0.,0.,1.));
#8928=IFCDIRECTION((1.,0.,0.));
#8929=IFCAXIS2PLACEMENT3D(#7,#8927,#8928);
#8930=IFCDIRECTION((0.,0.,1.));
#8931=IFCEXTRUDEDAREASOLID(#58,#8929,#8930,25.);
#8932=IFCSHAPEREPRESENTATION(#13,'Body','SweptSolid',(#8931));
#8933=IFCPRODUCTDEFINITIONSHAPE($,$,(#8932));
#8934=IFCPLATE('10ddPGEC5ElQhu89FzCjaW',#19,'PB-2','Placa base 500x500x25 / 400x400x19',$,#8926,#8933,$,$);
#8935=IFCRELASSOCIATESMATERIAL('1kL46436DBev0qWdexE_O8',#19,$,$,(#8934),#30);
#8936=IFCCARTESIANPOINT((51200.,40000.,0.));
#8937=IFCDIRECTION((0.,0.,1.));
#8938=IFCDIRECTION((1.,0.,0.));
#8939=IFCAXIS2PLACEMENT3D(#8936,#8937,#8938);
#8940=IFCLOCALPLACEMENT(#25,#8939);
#8941=IFCDIRECTION((0.,0.,1.));
#8942=IFCDIRECTION((1.,0.,0.));
#8943=IFCAXIS2PLACEMENT3D(#7,#8941,#8942);
#8944=IFCDIRECTION((0.,0.,1.));
#8945=IFCEXTRUDEDAREASOLID(#58,#8943,#8944,25.);
#8946=IFCSHAPEREPRESENTATION(#13,'Body','SweptSolid',(#8945));
#8947=IFCPRODUCTDEFINITIONSHAPE($,$,(#8946));
#8948=IFCPLATE('0Bn_bGNuT75eZLthFVDfLR',#19,'PB-2','Placa base 500x500x25 / 400x400x19',$,#8940,#8947,$,$);
#8949=IFCRELASSOCIATESMATERIAL('02HCLSnvT0AObsm1zzXgN0',#19,$,$,(#8948),#30);
#8950=IFCCARTESIANPOINT((76800.,40000.,0.));
#8951=IFCDIRECTION((0.,0.,1.));
#8952=IFCDIRECTION((1.,0.,0.));
#8953=IFCAXIS2PLACEMENT3D(#8950,#8951,#8952);
#8954=IFCLOCALPLACEMENT(#25,#8953);
#8955=IFCDIRECTION((0.,0.,1.));
#8956=IFCDIRECTION((1.,0.,0.));
#8957=IFCAXIS2PLACEMENT3D(#7,#8955,#8956);
#8958=IFCDIRECTION((0.,0.,1.));
#8959=IFCEXTRUDEDAREASOLID(#58,#8957,#8958,25.);
#8960=IFCSHAPEREPRESENTATION(#13,'Body','SweptSolid',(#8959));
#8961=IFCPRODUCTDEFINITIONSHAPE($,$,(#8960));
#8962=IFCPLATE('3WXIJH8DzDBRosBoAObkDP',#19,'PB-1','Placa base 500x500x25 / 400x400x19',$,#8954,#8961,$,$);
#8963=IFCRELASSOCIATESMATERIAL('0_Q0OofeH9vOf7krH1ASSY',#19,$,$,(#8962),#30);
#8964=IFCCARTESIANPOINT((0.,50000.,0.));
#8965=IFCDIRECTION((0.,0.,1.));
#8966=IFCDIRECTION((1.,0.,0.));
#8967=IFCAXIS2PLACEMENT3D(#8964,#8965,#8966);
#8968=IFCLOCALPLACEMENT(#25,#8967);
#8969=IFCDIRECTION((0.,0.,1.));
#8970=IFCDIRECTION((1.,0.,0.));
#8971=IFCAXIS2PLACEMENT3D(#7,#8969,#8970);
#8972=IFCDIRECTION((0.,0.,1.));
#8973=IFCEXTRUDEDAREASOLID(#58,#8971,#8972,25.);
#8974=IFCSHAPEREPRESENTATION(#13,'Body','SweptSolid',(#8973));
#8975=IFCPRODUCTDEFINITIONSHAPE($,$,(#8974));
#8976=IFCPLATE('14AsYjAMv1eApOs6JHzDU6',#19,'PB-1','Placa base 500x500x25 / 400x400x19',$,#8968,#8975,$,$);
#8977=IFCRELASSOCIATESMATERIAL('1WpuBbExPEaRhvuGlTzzd_',#19,$,$,(#8976),#30);
#8978=IFCCARTESIANPOINT((25600.,50000.,0.));
#8979=IFCDIRECTION((0.,0.,1.));
#8980=IFCDIRECTION((1.,0.,0.));
#8981=IFCAXIS2PLACEMENT3D(#8978,#8979,#8980);
#8982=IFCLOCALPLACEMENT(#25,#8981);
#8983=IFCDIRECTION((0.,0.,1.));
#8984=IFCDIRECTION((1.,0.,0.));
#8985=IFCAXIS2PLACEMENT3D(#7,#8983,#8984);
#8986=IFCDIRECTION((0.,0.,1.));
#8987=IFCEXTRUDEDAREASOLID(#58,#8985,#8986,25.);
#8988=IFCSHAPEREPRESENTATION(#13,'Body','SweptSolid',(#8987));
#8989=IFCPRODUCTDEFINITIONSHAPE($,$,(#8988));
#8990=IFCPLATE('3ENUUS$rv2Ieugjc$oRCz7',#19,'PB-2','Placa base 500x500x25 / 400x400x19',$,#8982,#8989,$,$);
#8991=IFCRELASSOCIATESMATERIAL('3J4QkKgVr8hOxHvpgj0BS2',#19,$,$,(#8990),#30);
#8992=IFCCARTESIANPOINT((51200.,50000.,0.));
#8993=IFCDIRECTION((0.,0.,1.));
#8994=IFCDIRECTION((1.,0.,0.));
#8995=IFCAXIS2PLACEMENT3D(#8992,#8993,#8994);
#8996=IFCLOCALPLACEMENT(#25,#8995);
#8997=IFCDIRECTION((0.,0.,1.));
#8998=IFCDIRECTION((1.,0.,0.));
#8999=IFCAXIS2PLACEMENT3D(#7,#8997,#8998);
#9000=IFCDIRECTION((0.,0.,1.));
#9001=IFCEXTRUDEDAREASOLID(#58,#8999,#9000,25.);
#9002=IFCSHAPEREPRESENTATION(#13,'Body','SweptSolid',(#9001));
#9003=IFCPRODUCTDEFINITIONSHAPE($,$,(#9002));
#9004=IFCPLATE('2CW3HMyRf9nA61N0FWpW1N',#19,'PB-2','Placa base 500x500x25 / 400x400x19',$,#8996,#9003,$,$);
#9005=IFCRELASSOCIATESMATERIAL('019HCWMSnDpxphDARoz4It',#19,$,$,(#9004),#30);
#9006=IFCCARTESIANPOINT((76800.,50000.,0.));
#9007=IFCDIRECTION((0.,0.,1.));
#9008=IFCDIRECTION((1.,0.,0.));
#9009=IFCAXIS2PLACEMENT3D(#9006,#9007,#9008);
#9010=IFCLOCALPLACEMENT(#25,#9009);
#9011=IFCDIRECTION((0.,0.,1.));
#9012=IFCDIRECTION((1.,0.,0.));
#9013=IFCAXIS2PLACEMENT3D(#7,#9011,#9012);
#9014=IFCDIRECTION((0.,0.,1.));
#9015=IFCEXTRUDEDAREASOLID(#58,#9013,#9014,25.);
#9016=IFCSHAPEREPRESENTATION(#13,'Body','SweptSolid',(#9015));
#9017=IFCPRODUCTDEFINITIONSHAPE($,$,(#9016));
#9018=IFCPLATE('238WLKuEXBzBcZ3SM_6Etk',#19,'PB-1','Placa base 500x500x25 / 400x400x19',$,#9010,#9017,$,$);
#9019=IFCRELASSOCIATESMATERIAL('3UNgUR3rTE2g5Z4_yVJBZB',#19,$,$,(#9018),#30);
#9020=IFCCARTESIANPOINT((0.,60000.,0.));
#9021=IFCDIRECTION((0.,0.,1.));
#9022=IFCDIRECTION((1.,0.,0.));
#9023=IFCAXIS2PLACEMENT3D(#9020,#9021,#9022);
#9024=IFCLOCALPLACEMENT(#25,#9023);
#9025=IFCDIRECTION((0.,0.,1.));
#9026=IFCDIRECTION((1.,0.,0.));
#9027=IFCAXIS2PLACEMENT3D(#7,#9025,#9026);
#9028=IFCDIRECTION((0.,0.,1.));
#9029=IFCEXTRUDEDAREASOLID(#58,#9027,#9028,25.);
#9030=IFCSHAPEREPRESENTATION(#13,'Body','SweptSolid',(#9029));
#9031=IFCPRODUCTDEFINITIONSHAPE($,$,(#9030));
#9032=IFCPLATE('2N1HqGcIP8b8UUnufsyU6g',#19,'PB-1','Placa base 500x500x25 / 400x400x19',$,#9024,#9031,$,$);
#9033=IFCRELASSOCIATESMATERIAL('2Uzyw$69T4TepvNtN28LyL',#19,$,$,(#9032),#30);
#9034=IFCCARTESIANPOINT((25600.,60000.,0.));
#9035=IFCDIRECTION((0.,0.,1.));
#9036=IFCDIRECTION((1.,0.,0.));
#9037=IFCAXIS2PLACEMENT3D(#9034,#9035,#9036);
#9038=IFCLOCALPLACEMENT(#25,#9037);
#9039=IFCDIRECTION((0.,0.,1.));
#9040=IFCDIRECTION((1.,0.,0.));
#9041=IFCAXIS2PLACEMENT3D(#7,#9039,#9040);
#9042=IFCDIRECTION((0.,0.,1.));
#9043=IFCEXTRUDEDAREASOLID(#58,#9041,#9042,25.);
#9044=IFCSHAPEREPRESENTATION(#13,'Body','SweptSolid',(#9043));
#9045=IFCPRODUCTDEFINITIONSHAPE($,$,(#9044));
#9046=IFCPLATE('0XBNN$N6vCkwdecn_5KdJf',#19,'PB-2','Placa base 500x500x25 / 400x400x19',$,#9038,#9045,$,$);
#9047=IFCRELASSOCIATESMATERIAL('2NbLSVcB1FAusrwaYujCcv',#19,$,$,(#9046),#30);
#9048=IFCCARTESIANPOINT((51200.,60000.,0.));
#9049=IFCDIRECTION((0.,0.,1.));
#9050=IFCDIRECTION((1.,0.,0.));
#9051=IFCAXIS2PLACEMENT3D(#9048,#9049,#9050);
#9052=IFCLOCALPLACEMENT(#25,#9051);
#9053=IFCDIRECTION((0.,0.,1.));
#9054=IFCDIRECTION((1.,0.,0.));
#9055=IFCAXIS2PLACEMENT3D(#7,#9053,#9054);
#9056=IFCDIRECTION((0.,0.,1.));
#9057=IFCEXTRUDEDAREASOLID(#58,#9055,#9056,25.);
#9058=IFCSHAPEREPRESENTATION(#13,'Body','SweptSolid',(#9057));
#9059=IFCPRODUCTDEFINITIONSHAPE($,$,(#9058));
#9060=IFCPLATE('2qNhfRpDz1xAY$QKEcxptn',#19,'PB-2','Placa base 500x500x25 / 400x400x19',$,#9052,#9059,$,$);
#9061=IFCRELASSOCIATESMATERIAL('1eel28wjr8wQuUX5osSZl9',#19,$,$,(#9060),#30);
#9062=IFCCARTESIANPOINT((76800.,60000.,0.));
#9063=IFCDIRECTION((0.,0.,1.));
#9064=IFCDIRECTION((1.,0.,0.));
#9065=IFCAXIS2PLACEMENT3D(#9062,#9063,#9064);
#9066=IFCLOCALPLACEMENT(#25,#9065);
#9067=IFCDIRECTION((0.,0.,1.));
#9068=IFCDIRECTION((1.,0.,0.));
#9069=IFCAXIS2PLACEMENT3D(#7,#9067,#9068);
#9070=IFCDIRECTION((0.,0.,1.));
#9071=IFCEXTRUDEDAREASOLID(#58,#9069,#9070,25.);
#9072=IFCSHAPEREPRESENTATION(#13,'Body','SweptSolid',(#9071));
#9073=IFCPRODUCTDEFINITIONSHAPE($,$,(#9072));
#9074=IFCPLATE('1RftFtFfj4BgoRC9SWZG6U',#19,'PB-1','Placa base 500x500x25 / 400x400x19',$,#9066,#9073,$,$);
#9075=IFCRELASSOCIATESMATERIAL('1Sc7zs7S52u9adccmGnSas',#19,$,$,(#9074),#30);
#9076=IFCCARTESIANPOINT((0.,70000.,0.));
#9077=IFCDIRECTION((0.,0.,1.));
#9078=IFCDIRECTION((1.,0.,0.));
#9079=IFCAXIS2PLACEMENT3D(#9076,#9077,#9078);
#9080=IFCLOCALPLACEMENT(#25,#9079);
#9081=IFCDIRECTION((0.,0.,1.));
#9082=IFCDIRECTION((1.,0.,0.));
#9083=IFCAXIS2PLACEMENT3D(#7,#9081,#9082);
#9084=IFCDIRECTION((0.,0.,1.));
#9085=IFCEXTRUDEDAREASOLID(#58,#9083,#9084,25.);
#9086=IFCSHAPEREPRESENTATION(#13,'Body','SweptSolid',(#9085));
#9087=IFCPRODUCTDEFINITIONSHAPE($,$,(#9086));
#9088=IFCPLATE('2RL7u1wgf4x996cp$QlV0m',#19,'PB-1','Placa base 500x500x25 / 400x400x19',$,#9080,#9087,$,$);
#9089=IFCRELASSOCIATESMATERIAL('1jIdZZvnnEzvnM1wGHyeNK',#19,$,$,(#9088),#30);
#9090=IFCCARTESIANPOINT((25600.,70000.,0.));
#9091=IFCDIRECTION((0.,0.,1.));
#9092=IFCDIRECTION((1.,0.,0.));
#9093=IFCAXIS2PLACEMENT3D(#9090,#9091,#9092);
#9094=IFCLOCALPLACEMENT(#25,#9093);
#9095=IFCDIRECTION((0.,0.,1.));
#9096=IFCDIRECTION((1.,0.,0.));
#9097=IFCAXIS2PLACEMENT3D(#7,#9095,#9096);
#9098=IFCDIRECTION((0.,0.,1.));
#9099=IFCEXTRUDEDAREASOLID(#58,#9097,#9098,25.);
#9100=IFCSHAPEREPRESENTATION(#13,'Body','SweptSolid',(#9099));
#9101=IFCPRODUCTDEFINITIONSHAPE($,$,(#9100));
#9102=IFCPLATE('1HkFzFpqf6H9rdNVPF$qZf',#19,'PB-2','Placa base 500x500x25 / 400x400x19',$,#9094,#9101,$,$);
#9103=IFCRELASSOCIATESMATERIAL('19YN71xcP5x9qcvKEXlWGO',#19,$,$,(#9102),#30);
#9104=IFCCARTESIANPOINT((51200.,70000.,0.));
#9105=IFCDIRECTION((0.,0.,1.));
#9106=IFCDIRECTION((1.,0.,0.));
#9107=IFCAXIS2PLACEMENT3D(#9104,#9105,#9106);
#9108=IFCLOCALPLACEMENT(#25,#9107);
#9109=IFCDIRECTION((0.,0.,1.));
#9110=IFCDIRECTION((1.,0.,0.));
#9111=IFCAXIS2PLACEMENT3D(#7,#9109,#9110);
#9112=IFCDIRECTION((0.,0.,1.));
#9113=IFCEXTRUDEDAREASOLID(#58,#9111,#9112,25.);
#9114=IFCSHAPEREPRESENTATION(#13,'Body','SweptSolid',(#9113));
#9115=IFCPRODUCTDEFINITIONSHAPE($,$,(#9114));
#9116=IFCPLATE('3kdxtQH8j75f$9W3m9imV6',#19,'PB-2','Placa base 500x500x25 / 400x400x19',$,#9108,#9115,$,$);
#9117=IFCRELASSOCIATESMATERIAL('0CYcm8ACXDTghvDwfCfR_j',#19,$,$,(#9116),#30);
#9118=IFCCARTESIANPOINT((76800.,70000.,0.));
#9119=IFCDIRECTION((0.,0.,1.));
#9120=IFCDIRECTION((1.,0.,0.));
#9121=IFCAXIS2PLACEMENT3D(#9118,#9119,#9120);
#9122=IFCLOCALPLACEMENT(#25,#9121);
#9123=IFCDIRECTION((0.,0.,1.));
#9124=IFCDIRECTION((1.,0.,0.));
#9125=IFCAXIS2PLACEMENT3D(#7,#9123,#9124);
#9126=IFCDIRECTION((0.,0.,1.));
#9127=IFCEXTRUDEDAREASOLID(#58,#9125,#9126,25.);
#9128=IFCSHAPEREPRESENTATION(#13,'Body','SweptSolid',(#9127));
#9129=IFCPRODUCTDEFINITIONSHAPE($,$,(#9128));
#9130=IFCPLATE('20UjQ3LlL6B9VXNvH_FBay',#19,'PB-1','Placa base 500x500x25 / 400x400x19',$,#9122,#9129,$,$);
#9131=IFCRELASSOCIATESMATERIAL('0fc_g7$pvEZAQSYuWcgOTj',#19,$,$,(#9130),#30);
#9132=IFCCARTESIANPOINT((0.,80000.,0.));
#9133=IFCDIRECTION((0.,0.,1.));
#9134=IFCDIRECTION((1.,0.,0.));
#9135=IFCAXIS2PLACEMENT3D(#9132,#9133,#9134);
#9136=IFCLOCALPLACEMENT(#25,#9135);
#9137=IFCDIRECTION((0.,0.,1.));
#9138=IFCDIRECTION((1.,0.,0.));
#9139=IFCAXIS2PLACEMENT3D(#7,#9137,#9138);
#9140=IFCDIRECTION((0.,0.,1.));
#9141=IFCEXTRUDEDAREASOLID(#58,#9139,#9140,25.);
#9142=IFCSHAPEREPRESENTATION(#13,'Body','SweptSolid',(#9141));
#9143=IFCPRODUCTDEFINITIONSHAPE($,$,(#9142));
#9144=IFCPLATE('2Zy$LyiOH0l8BfPLxBSHNH',#19,'PB-1','Placa base 500x500x25 / 400x400x19',$,#9136,#9143,$,$);
#9145=IFCRELASSOCIATESMATERIAL('0pHufxPkL36xlA14aPRdQA',#19,$,$,(#9144),#30);
#9146=IFCCARTESIANPOINT((25600.,80000.,0.));
#9147=IFCDIRECTION((0.,0.,1.));
#9148=IFCDIRECTION((1.,0.,0.));
#9149=IFCAXIS2PLACEMENT3D(#9146,#9147,#9148);
#9150=IFCLOCALPLACEMENT(#25,#9149);
#9151=IFCDIRECTION((0.,0.,1.));
#9152=IFCDIRECTION((1.,0.,0.));
#9153=IFCAXIS2PLACEMENT3D(#7,#9151,#9152);
#9154=IFCDIRECTION((0.,0.,1.));
#9155=IFCEXTRUDEDAREASOLID(#58,#9153,#9154,25.);
#9156=IFCSHAPEREPRESENTATION(#13,'Body','SweptSolid',(#9155));
#9157=IFCPRODUCTDEFINITIONSHAPE($,$,(#9156));
#9158=IFCPLATE('0Nj7Mof_92rBHHLtK2K0rD',#19,'PB-2','Placa base 500x500x25 / 400x400x19',$,#9150,#9157,$,$);
#9159=IFCRELASSOCIATESMATERIAL('2F$MYKAl11RA0TYpk0Mr2P',#19,$,$,(#9158),#30);
#9160=IFCCARTESIANPOINT((51200.,80000.,0.));
#9161=IFCDIRECTION((0.,0.,1.));
#9162=IFCDIRECTION((1.,0.,0.));
#9163=IFCAXIS2PLACEMENT3D(#9160,#9161,#9162);
#9164=IFCLOCALPLACEMENT(#25,#9163);
#9165=IFCDIRECTION((0.,0.,1.));
#9166=IFCDIRECTION((1.,0.,0.));
#9167=IFCAXIS2PLACEMENT3D(#7,#9165,#9166);
#9168=IFCDIRECTION((0.,0.,1.));
#9169=IFCEXTRUDEDAREASOLID(#58,#9167,#9168,25.);
#9170=IFCSHAPEREPRESENTATION(#13,'Body','SweptSolid',(#9169));
#9171=IFCPRODUCTDEFINITIONSHAPE($,$,(#9170));
#9172=IFCPLATE('01XRnFcP9Ao9wXf2hl56iq',#19,'PB-2','Placa base 500x500x25 / 400x400x19',$,#9164,#9171,$,$);
#9173=IFCRELASSOCIATESMATERIAL('3VbOUrtIv5ivcdOAOO5jTC',#19,$,$,(#9172),#30);
#9174=IFCCARTESIANPOINT((76800.,80000.,0.));
#9175=IFCDIRECTION((0.,0.,1.));
#9176=IFCDIRECTION((1.,0.,0.));
#9177=IFCAXIS2PLACEMENT3D(#9174,#9175,#9176);
#9178=IFCLOCALPLACEMENT(#25,#9177);
#9179=IFCDIRECTION((0.,0.,1.));
#9180=IFCDIRECTION((1.,0.,0.));
#9181=IFCAXIS2PLACEMENT3D(#7,#9179,#9180);
#9182=IFCDIRECTION((0.,0.,1.));
#9183=IFCEXTRUDEDAREASOLID(#58,#9181,#9182,25.);
#9184=IFCSHAPEREPRESENTATION(#13,'Body','SweptSolid',(#9183));
#9185=IFCPRODUCTDEFINITIONSHAPE($,$,(#9184));
#9186=IFCPLATE('3o6UMOlIb7YR7wePN$r2Tn',#19,'PB-1','Placa base 500x500x25 / 400x400x19',$,#9178,#9185,$,$);
#9187=IFCRELASSOCIATESMATERIAL('2ikMA$A2r2tvtH$ZvKyhFY',#19,$,$,(#9186),#30);
#9188=IFCCARTESIANPOINT((0.,90000.,0.));
#9189=IFCDIRECTION((0.,0.,1.));
#9190=IFCDIRECTION((1.,0.,0.));
#9191=IFCAXIS2PLACEMENT3D(#9188,#9189,#9190);
#9192=IFCLOCALPLACEMENT(#25,#9191);
#9193=IFCDIRECTION((0.,0.,1.));
#9194=IFCDIRECTION((1.,0.,0.));
#9195=IFCAXIS2PLACEMENT3D(#7,#9193,#9194);
#9196=IFCDIRECTION((0.,0.,1.));
#9197=IFCEXTRUDEDAREASOLID(#58,#9195,#9196,25.);
#9198=IFCSHAPEREPRESENTATION(#13,'Body','SweptSolid',(#9197));
#9199=IFCPRODUCTDEFINITIONSHAPE($,$,(#9198));
#9200=IFCPLATE('1FLgKqpTv1SeD$SqAzKqcE',#19,'PB-1','Placa base 500x500x25 / 400x400x19',$,#9192,#9199,$,$);
#9201=IFCRELASSOCIATESMATERIAL('2I7f6eB3j9YBOdm3FYBGza',#19,$,$,(#9200),#30);
#9202=IFCCARTESIANPOINT((25600.,90000.,0.));
#9203=IFCDIRECTION((0.,0.,1.));
#9204=IFCDIRECTION((1.,0.,0.));
#9205=IFCAXIS2PLACEMENT3D(#9202,#9203,#9204);
#9206=IFCLOCALPLACEMENT(#25,#9205);
#9207=IFCDIRECTION((0.,0.,1.));
#9208=IFCDIRECTION((1.,0.,0.));
#9209=IFCAXIS2PLACEMENT3D(#7,#9207,#9208);
#9210=IFCDIRECTION((0.,0.,1.));
#9211=IFCEXTRUDEDAREASOLID(#58,#9209,#9210,25.);
#9212=IFCSHAPEREPRESENTATION(#13,'Body','SweptSolid',(#9211));
#9213=IFCPRODUCTDEFINITIONSHAPE($,$,(#9212));
#9214=IFCPLATE('3sfDXEDZLAYxfM08Li0VtV',#19,'PB-2','Placa base 500x500x25 / 400x400x19',$,#9206,#9213,$,$);
#9215=IFCRELASSOCIATESMATERIAL('1hZxprDPb2XPDnzfwit28m',#19,$,$,(#9214),#30);
#9216=IFCCARTESIANPOINT((51200.,90000.,0.));
#9217=IFCDIRECTION((0.,0.,1.));
#9218=IFCDIRECTION((1.,0.,0.));
#9219=IFCAXIS2PLACEMENT3D(#9216,#9217,#9218);
#9220=IFCLOCALPLACEMENT(#25,#9219);
#9221=IFCDIRECTION((0.,0.,1.));
#9222=IFCDIRECTION((1.,0.,0.));
#9223=IFCAXIS2PLACEMENT3D(#7,#9221,#9222);
#9224=IFCDIRECTION((0.,0.,1.));
#9225=IFCEXTRUDEDAREASOLID(#58,#9223,#9224,25.);
#9226=IFCSHAPEREPRESENTATION(#13,'Body','SweptSolid',(#9225));
#9227=IFCPRODUCTDEFINITIONSHAPE($,$,(#9226));
#9228=IFCPLATE('0BfVldD9HEF8MJVoZePJ1m',#19,'PB-2','Placa base 500x500x25 / 400x400x19',$,#9220,#9227,$,$);
#9229=IFCRELASSOCIATESMATERIAL('1czTkXq8r2pfW1B$Gj$2v2',#19,$,$,(#9228),#30);
#9230=IFCCARTESIANPOINT((76800.,90000.,0.));
#9231=IFCDIRECTION((0.,0.,1.));
#9232=IFCDIRECTION((1.,0.,0.));
#9233=IFCAXIS2PLACEMENT3D(#9230,#9231,#9232);
#9234=IFCLOCALPLACEMENT(#25,#9233);
#9235=IFCDIRECTION((0.,0.,1.));
#9236=IFCDIRECTION((1.,0.,0.));
#9237=IFCAXIS2PLACEMENT3D(#7,#9235,#9236);
#9238=IFCDIRECTION((0.,0.,1.));
#9239=IFCEXTRUDEDAREASOLID(#58,#9237,#9238,25.);
#9240=IFCSHAPEREPRESENTATION(#13,'Body','SweptSolid',(#9239));
#9241=IFCPRODUCTDEFINITIONSHAPE($,$,(#9240));
#9242=IFCPLATE('0qlyrWIof6mgVmRQUkogO9',#19,'PB-1','Placa base 500x500x25 / 400x400x19',$,#9234,#9241,$,$);
#9243=IFCRELASSOCIATESMATERIAL('3ioGgyoFH1AQb63Nja62K1',#19,$,$,(#9242),#30);
#9244=IFCCARTESIANPOINT((0.,100000.,0.));
#9245=IFCDIRECTION((0.,0.,1.));
#9246=IFCDIRECTION((1.,0.,0.));
#9247=IFCAXIS2PLACEMENT3D(#9244,#9245,#9246);
#9248=IFCLOCALPLACEMENT(#25,#9247);
#9249=IFCDIRECTION((0.,0.,1.));
#9250=IFCDIRECTION((1.,0.,0.));
#9251=IFCAXIS2PLACEMENT3D(#7,#9249,#9250);
#9252=IFCDIRECTION((0.,0.,1.));
#9253=IFCEXTRUDEDAREASOLID(#58,#9251,#9252,25.);
#9254=IFCSHAPEREPRESENTATION(#13,'Body','SweptSolid',(#9253));
#9255=IFCPRODUCTDEFINITIONSHAPE($,$,(#9254));
#9256=IFCPLATE('3$esPwFd13$OZJh2rs3Ax_',#19,'PB-1','Placa base 500x500x25 / 400x400x19',$,#9248,#9255,$,$);
#9257=IFCRELASSOCIATESMATERIAL('3YvCfQKXv8GQEz_PjEX9Cw',#19,$,$,(#9256),#30);
#9258=IFCCARTESIANPOINT((25600.,100000.,0.));
#9259=IFCDIRECTION((0.,0.,1.));
#9260=IFCDIRECTION((1.,0.,0.));
#9261=IFCAXIS2PLACEMENT3D(#9258,#9259,#9260);
#9262=IFCLOCALPLACEMENT(#25,#9261);
#9263=IFCDIRECTION((0.,0.,1.));
#9264=IFCDIRECTION((1.,0.,0.));
#9265=IFCAXIS2PLACEMENT3D(#7,#9263,#9264);
#9266=IFCDIRECTION((0.,0.,1.));
#9267=IFCEXTRUDEDAREASOLID(#58,#9265,#9266,25.);
#9268=IFCSHAPEREPRESENTATION(#13,'Body','SweptSolid',(#9267));
#9269=IFCPRODUCTDEFINITIONSHAPE($,$,(#9268));
#9270=IFCPLATE('2TAhdnCxj9pgOjujzDlBMd',#19,'PB-2','Placa base 500x500x25 / 400x400x19',$,#9262,#9269,$,$);
#9271=IFCRELASSOCIATESMATERIAL('24VTluM554MwTCInuVZWYr',#19,$,$,(#9270),#30);
#9272=IFCCARTESIANPOINT((51200.,100000.,0.));
#9273=IFCDIRECTION((0.,0.,1.));
#9274=IFCDIRECTION((1.,0.,0.));
#9275=IFCAXIS2PLACEMENT3D(#9272,#9273,#9274);
#9276=IFCLOCALPLACEMENT(#25,#9275);
#9277=IFCDIRECTION((0.,0.,1.));
#9278=IFCDIRECTION((1.,0.,0.));
#9279=IFCAXIS2PLACEMENT3D(#7,#9277,#9278);
#9280=IFCDIRECTION((0.,0.,1.));
#9281=IFCEXTRUDEDAREASOLID(#58,#9279,#9280,25.);
#9282=IFCSHAPEREPRESENTATION(#13,'Body','SweptSolid',(#9281));
#9283=IFCPRODUCTDEFINITIONSHAPE($,$,(#9282));
#9284=IFCPLATE('1ixtU2s0r2_RjdyCxNUg0S',#19,'PB-2','Placa base 500x500x25 / 400x400x19',$,#9276,#9283,$,$);
#9285=IFCRELASSOCIATESMATERIAL('17NyOwBF98pRQ4RRdYRp1Y',#19,$,$,(#9284),#30);
#9286=IFCCARTESIANPOINT((76800.,100000.,0.));
#9287=IFCDIRECTION((0.,0.,1.));
#9288=IFCDIRECTION((1.,0.,0.));
#9289=IFCAXIS2PLACEMENT3D(#9286,#9287,#9288);
#9290=IFCLOCALPLACEMENT(#25,#9289);
#9291=IFCDIRECTION((0.,0.,1.));
#9292=IFCDIRECTION((1.,0.,0.));
#9293=IFCAXIS2PLACEMENT3D(#7,#9291,#9292);
#9294=IFCDIRECTION((0.,0.,1.));
#9295=IFCEXTRUDEDAREASOLID(#58,#9293,#9294,25.);
#9296=IFCSHAPEREPRESENTATION(#13,'Body','SweptSolid',(#9295));
#9297=IFCPRODUCTDEFINITIONSHAPE($,$,(#9296));
#9298=IFCPLATE('1PSd5FGlf8deAcvesNTcBa',#19,'PB-1','Placa base 500x500x25 / 400x400x19',$,#9290,#9297,$,$);
#9299=IFCRELASSOCIATESMATERIAL('34bywWGJnD78pKYOJZ60Tq',#19,$,$,(#9298),#30);
#9300=IFCCARTESIANPOINT((0.,110000.,0.));
#9301=IFCDIRECTION((0.,0.,1.));
#9302=IFCDIRECTION((1.,0.,0.));
#9303=IFCAXIS2PLACEMENT3D(#9300,#9301,#9302);
#9304=IFCLOCALPLACEMENT(#25,#9303);
#9305=IFCDIRECTION((0.,0.,1.));
#9306=IFCDIRECTION((1.,0.,0.));
#9307=IFCAXIS2PLACEMENT3D(#7,#9305,#9306);
#9308=IFCDIRECTION((0.,0.,1.));
#9309=IFCEXTRUDEDAREASOLID(#58,#9307,#9308,25.);
#9310=IFCSHAPEREPRESENTATION(#13,'Body','SweptSolid',(#9309));
#9311=IFCPRODUCTDEFINITIONSHAPE($,$,(#9310));
#9312=IFCPLATE('3j9lR1zF10vuHxL9$C4it6',#19,'PB-1','Placa base 500x500x25 / 400x400x19',$,#9304,#9311,$,$);
#9313=IFCRELASSOCIATESMATERIAL('3rNv7weCD6WueBfhc2ZRyK',#19,$,$,(#9312),#30);
#9314=IFCCARTESIANPOINT((25600.,110000.,0.));
#9315=IFCDIRECTION((0.,0.,1.));
#9316=IFCDIRECTION((1.,0.,0.));
#9317=IFCAXIS2PLACEMENT3D(#9314,#9315,#9316);
#9318=IFCLOCALPLACEMENT(#25,#9317);
#9319=IFCDIRECTION((0.,0.,1.));
#9320=IFCDIRECTION((1.,0.,0.));
#9321=IFCAXIS2PLACEMENT3D(#7,#9319,#9320);
#9322=IFCDIRECTION((0.,0.,1.));
#9323=IFCEXTRUDEDAREASOLID(#58,#9321,#9322,25.);
#9324=IFCSHAPEREPRESENTATION(#13,'Body','SweptSolid',(#9323));
#9325=IFCPRODUCTDEFINITIONSHAPE($,$,(#9324));
#9326=IFCPLATE('3Ka07nQ1PDMPYyu$xNYlcr',#19,'PB-2','Placa base 500x500x25 / 400x400x19',$,#9318,#9325,$,$);
#9327=IFCRELASSOCIATESMATERIAL('0pwNTf0bLCgOTwCIy77317',#19,$,$,(#9326),#30);
#9328=IFCCARTESIANPOINT((51200.,110000.,0.));
#9329=IFCDIRECTION((0.,0.,1.));
#9330=IFCDIRECTION((1.,0.,0.));
#9331=IFCAXIS2PLACEMENT3D(#9328,#9329,#9330);
#9332=IFCLOCALPLACEMENT(#25,#9331);
#9333=IFCDIRECTION((0.,0.,1.));
#9334=IFCDIRECTION((1.,0.,0.));
#9335=IFCAXIS2PLACEMENT3D(#7,#9333,#9334);
#9336=IFCDIRECTION((0.,0.,1.));
#9337=IFCEXTRUDEDAREASOLID(#58,#9335,#9336,25.);
#9338=IFCSHAPEREPRESENTATION(#13,'Body','SweptSolid',(#9337));
#9339=IFCPRODUCTDEFINITIONSHAPE($,$,(#9338));
#9340=IFCPLATE('38wZ1J9xz4Uxum5fFPV52v',#19,'PB-2','Placa base 500x500x25 / 400x400x19',$,#9332,#9339,$,$);
#9341=IFCRELASSOCIATESMATERIAL('3zcSZaY2zAZ9YkVlUAyTEY',#19,$,$,(#9340),#30);
#9342=IFCCARTESIANPOINT((76800.,110000.,0.));
#9343=IFCDIRECTION((0.,0.,1.));
#9344=IFCDIRECTION((1.,0.,0.));
#9345=IFCAXIS2PLACEMENT3D(#9342,#9343,#9344);
#9346=IFCLOCALPLACEMENT(#25,#9345);
#9347=IFCDIRECTION((0.,0.,1.));
#9348=IFCDIRECTION((1.,0.,0.));
#9349=IFCAXIS2PLACEMENT3D(#7,#9347,#9348);
#9350=IFCDIRECTION((0.,0.,1.));
#9351=IFCEXTRUDEDAREASOLID(#58,#9349,#9350,25.);
#9352=IFCSHAPEREPRESENTATION(#13,'Body','SweptSolid',(#9351));
#9353=IFCPRODUCTDEFINITIONSHAPE($,$,(#9352));
#9354=IFCPLATE('32KMApesL5zfeaEHxI2SYe',#19,'PB-1','Placa base 500x500x25 / 400x400x19',$,#9346,#9353,$,$);
#9355=IFCRELASSOCIATESMATERIAL('14Q0mAq2T3t9Bfhp_byvbv',#19,$,$,(#9354),#30);
#9356=IFCCARTESIANPOINT((0.,120000.,0.));
#9357=IFCDIRECTION((0.,0.,1.));
#9358=IFCDIRECTION((1.,0.,0.));
#9359=IFCAXIS2PLACEMENT3D(#9356,#9357,#9358);
#9360=IFCLOCALPLACEMENT(#25,#9359);
#9361=IFCDIRECTION((0.,0.,1.));
#9362=IFCDIRECTION((1.,0.,0.));
#9363=IFCAXIS2PLACEMENT3D(#7,#9361,#9362);
#9364=IFCDIRECTION((0.,0.,1.));
#9365=IFCEXTRUDEDAREASOLID(#58,#9363,#9364,25.);
#9366=IFCSHAPEREPRESENTATION(#13,'Body','SweptSolid',(#9365));
#9367=IFCPRODUCTDEFINITIONSHAPE($,$,(#9366));
#9368=IFCPLATE('3CqHwfux12oQpfin1m$Fhi',#19,'PB-1','Placa base 500x500x25 / 400x400x19',$,#9360,#9367,$,$);
#9369=IFCRELASSOCIATESMATERIAL('0bXD91Puj3FxiP5I0aKNjh',#19,$,$,(#9368),#30);
#9370=IFCCARTESIANPOINT((25600.,120000.,0.));
#9371=IFCDIRECTION((0.,0.,1.));
#9372=IFCDIRECTION((1.,0.,0.));
#9373=IFCAXIS2PLACEMENT3D(#9370,#9371,#9372);
#9374=IFCLOCALPLACEMENT(#25,#9373);
#9375=IFCDIRECTION((0.,0.,1.));
#9376=IFCDIRECTION((1.,0.,0.));
#9377=IFCAXIS2PLACEMENT3D(#7,#9375,#9376);
#9378=IFCDIRECTION((0.,0.,1.));
#9379=IFCEXTRUDEDAREASOLID(#58,#9377,#9378,25.);
#9380=IFCSHAPEREPRESENTATION(#13,'Body','SweptSolid',(#9379));
#9381=IFCPRODUCTDEFINITIONSHAPE($,$,(#9380));
#9382=IFCPLATE('2v54IUOMHEeBrfQslvZIDi',#19,'PB-2','Placa base 500x500x25 / 400x400x19',$,#9374,#9381,$,$);
#9383=IFCRELASSOCIATESMATERIAL('0Aa4siNkr3XwHIfD$qZiyi',#19,$,$,(#9382),#30);
#9384=IFCCARTESIANPOINT((51200.,120000.,0.));
#9385=IFCDIRECTION((0.,0.,1.));
#9386=IFCDIRECTION((1.,0.,0.));
#9387=IFCAXIS2PLACEMENT3D(#9384,#9385,#9386);
#9388=IFCLOCALPLACEMENT(#25,#9387);
#9389=IFCDIRECTION((0.,0.,1.));
#9390=IFCDIRECTION((1.,0.,0.));
#9391=IFCAXIS2PLACEMENT3D(#7,#9389,#9390);
#9392=IFCDIRECTION((0.,0.,1.));
#9393=IFCEXTRUDEDAREASOLID(#58,#9391,#9392,25.);
#9394=IFCSHAPEREPRESENTATION(#13,'Body','SweptSolid',(#9393));
#9395=IFCPRODUCTDEFINITIONSHAPE($,$,(#9394));
#9396=IFCPLATE('2uoJQswpfBsfRHMzQEqY8$',#19,'PB-2','Placa base 500x500x25 / 400x400x19',$,#9388,#9395,$,$);
#9397=IFCRELASSOCIATESMATERIAL('3KPLG46z92jvLflukoMCJX',#19,$,$,(#9396),#30);
#9398=IFCCARTESIANPOINT((76800.,120000.,0.));
#9399=IFCDIRECTION((0.,0.,1.));
#9400=IFCDIRECTION((1.,0.,0.));
#9401=IFCAXIS2PLACEMENT3D(#9398,#9399,#9400);
#9402=IFCLOCALPLACEMENT(#25,#9401);
#9403=IFCDIRECTION((0.,0.,1.));
#9404=IFCDIRECTION((1.,0.,0.));
#9405=IFCAXIS2PLACEMENT3D(#7,#9403,#9404);
#9406=IFCDIRECTION((0.,0.,1.));
#9407=IFCEXTRUDEDAREASOLID(#58,#9405,#9406,25.);
#9408=IFCSHAPEREPRESENTATION(#13,'Body','SweptSolid',(#9407));
#9409=IFCPRODUCTDEFINITIONSHAPE($,$,(#9408));
#9410=IFCPLATE('04u3gD2zX9xBPt04DZsItk',#19,'PB-1','Placa base 500x500x25 / 400x400x19',$,#9402,#9409,$,$);
#9411=IFCRELASSOCIATESMATERIAL('1jVGm5FaD4qgIVX4lSQWwf',#19,$,$,(#9410),#30);
#9412=IFCCARTESIANPOINT((0.,130000.,0.));
#9413=IFCDIRECTION((0.,0.,1.));
#9414=IFCDIRECTION((1.,0.,0.));
#9415=IFCAXIS2PLACEMENT3D(#9412,#9413,#9414);
#9416=IFCLOCALPLACEMENT(#25,#9415);
#9417=IFCDIRECTION((0.,0.,1.));
#9418=IFCDIRECTION((1.,0.,0.));
#9419=IFCAXIS2PLACEMENT3D(#7,#9417,#9418);
#9420=IFCDIRECTION((0.,0.,1.));
#9421=IFCEXTRUDEDAREASOLID(#58,#9419,#9420,25.);
#9422=IFCSHAPEREPRESENTATION(#13,'Body','SweptSolid',(#9421));
#9423=IFCPRODUCTDEFINITIONSHAPE($,$,(#9422));
#9424=IFCPLATE('267GRJx_P86wPjDgh$I555',#19,'PB-1','Placa base 500x500x25 / 400x400x19',$,#9416,#9423,$,$);
#9425=IFCRELASSOCIATESMATERIAL('1dJUpipdDAwg7e9CCg_odl',#19,$,$,(#9424),#30);
#9426=IFCCARTESIANPOINT((25600.,130000.,0.));
#9427=IFCDIRECTION((0.,0.,1.));
#9428=IFCDIRECTION((1.,0.,0.));
#9429=IFCAXIS2PLACEMENT3D(#9426,#9427,#9428);
#9430=IFCLOCALPLACEMENT(#25,#9429);
#9431=IFCDIRECTION((0.,0.,1.));
#9432=IFCDIRECTION((1.,0.,0.));
#9433=IFCAXIS2PLACEMENT3D(#7,#9431,#9432);
#9434=IFCDIRECTION((0.,0.,1.));
#9435=IFCEXTRUDEDAREASOLID(#58,#9433,#9434,25.);
#9436=IFCSHAPEREPRESENTATION(#13,'Body','SweptSolid',(#9435));
#9437=IFCPRODUCTDEFINITIONSHAPE($,$,(#9436));
#9438=IFCPLATE('2eRSnKHQn3oPY6Dn0Xvm8_',#19,'PB-2','Placa base 500x500x25 / 400x400x19',$,#9430,#9437,$,$);
#9439=IFCRELASSOCIATESMATERIAL('0kuXsZPorCkBoyv6R1BKtT',#19,$,$,(#9438),#30);
#9440=IFCCARTESIANPOINT((51200.,130000.,0.));
#9441=IFCDIRECTION((0.,0.,1.));
#9442=IFCDIRECTION((1.,0.,0.));
#9443=IFCAXIS2PLACEMENT3D(#9440,#9441,#9442);
#9444=IFCLOCALPLACEMENT(#25,#9443);
#9445=IFCDIRECTION((0.,0.,1.));
#9446=IFCDIRECTION((1.,0.,0.));
#9447=IFCAXIS2PLACEMENT3D(#7,#9445,#9446);
#9448=IFCDIRECTION((0.,0.,1.));
#9449=IFCEXTRUDEDAREASOLID(#58,#9447,#9448,25.);
#9450=IFCSHAPEREPRESENTATION(#13,'Body','SweptSolid',(#9449));
#9451=IFCPRODUCTDEFINITIONSHAPE($,$,(#9450));
#9452=IFCPLATE('3FTnweMQ5E6QPYG74XlZA9',#19,'PB-2','Placa base 500x500x25 / 400x400x19',$,#9444,#9451,$,$);
#9453=IFCRELASSOCIATESMATERIAL('1KV5KGBT9BnvYtuejj3wI7',#19,$,$,(#9452),#30);
#9454=IFCCARTESIANPOINT((76800.,130000.,0.));
#9455=IFCDIRECTION((0.,0.,1.));
#9456=IFCDIRECTION((1.,0.,0.));
#9457=IFCAXIS2PLACEMENT3D(#9454,#9455,#9456);
#9458=IFCLOCALPLACEMENT(#25,#9457);
#9459=IFCDIRECTION((0.,0.,1.));
#9460=IFCDIRECTION((1.,0.,0.));
#9461=IFCAXIS2PLACEMENT3D(#7,#9459,#9460);
#9462=IFCDIRECTION((0.,0.,1.));
#9463=IFCEXTRUDEDAREASOLID(#58,#9461,#9462,25.);
#9464=IFCSHAPEREPRESENTATION(#13,'Body','SweptSolid',(#9463));
#9465=IFCPRODUCTDEFINITIONSHAPE($,$,(#9464));
#9466=IFCPLATE('0CdTpvy7n21v4qvARlgLOJ',#19,'PB-1','Placa base 500x500x25 / 400x400x19',$,#9458,#9465,$,$);
#9467=IFCRELASSOCIATESMATERIAL('0BJFvoAtjDF98tixsG0dNg',#19,$,$,(#9466),#30);
#9468=IFCCARTESIANPOINT((0.,140000.,0.));
#9469=IFCDIRECTION((0.,0.,1.));
#9470=IFCDIRECTION((1.,0.,0.));
#9471=IFCAXIS2PLACEMENT3D(#9468,#9469,#9470);
#9472=IFCLOCALPLACEMENT(#25,#9471);
#9473=IFCDIRECTION((0.,0.,1.));
#9474=IFCDIRECTION((1.,0.,0.));
#9475=IFCAXIS2PLACEMENT3D(#7,#9473,#9474);
#9476=IFCDIRECTION((0.,0.,1.));
#9477=IFCEXTRUDEDAREASOLID(#58,#9475,#9476,25.);
#9478=IFCSHAPEREPRESENTATION(#13,'Body','SweptSolid',(#9477));
#9479=IFCPRODUCTDEFINITIONSHAPE($,$,(#9478));
#9480=IFCPLATE('2gw50wsmb70vGUA5AYN3VL',#19,'PB-1','Placa base 500x500x25 / 400x400x19',$,#9472,#9479,$,$);
#9481=IFCRELASSOCIATESMATERIAL('1nYmpg8gv04Aze7b6xBgMz',#19,$,$,(#9480),#30);
#9482=IFCCARTESIANPOINT((25600.,140000.,0.));
#9483=IFCDIRECTION((0.,0.,1.));
#9484=IFCDIRECTION((1.,0.,0.));
#9485=IFCAXIS2PLACEMENT3D(#9482,#9483,#9484);
#9486=IFCLOCALPLACEMENT(#25,#9485);
#9487=IFCDIRECTION((0.,0.,1.));
#9488=IFCDIRECTION((1.,0.,0.));
#9489=IFCAXIS2PLACEMENT3D(#7,#9487,#9488);
#9490=IFCDIRECTION((0.,0.,1.));
#9491=IFCEXTRUDEDAREASOLID(#58,#9489,#9490,25.);
#9492=IFCSHAPEREPRESENTATION(#13,'Body','SweptSolid',(#9491));
#9493=IFCPRODUCTDEFINITIONSHAPE($,$,(#9492));
#9494=IFCPLATE('3_rO1NyUv5Y90Vmt_Lo2BB',#19,'PB-2','Placa base 500x500x25 / 400x400x19',$,#9486,#9493,$,$);
#9495=IFCRELASSOCIATESMATERIAL('1ojimzNgH0tffmW6qwCTDF',#19,$,$,(#9494),#30);
#9496=IFCCARTESIANPOINT((51200.,140000.,0.));
#9497=IFCDIRECTION((0.,0.,1.));
#9498=IFCDIRECTION((1.,0.,0.));
#9499=IFCAXIS2PLACEMENT3D(#9496,#9497,#9498);
#9500=IFCLOCALPLACEMENT(#25,#9499);
#9501=IFCDIRECTION((0.,0.,1.));
#9502=IFCDIRECTION((1.,0.,0.));
#9503=IFCAXIS2PLACEMENT3D(#7,#9501,#9502);
#9504=IFCDIRECTION((0.,0.,1.));
#9505=IFCEXTRUDEDAREASOLID(#58,#9503,#9504,25.);
#9506=IFCSHAPEREPRESENTATION(#13,'Body','SweptSolid',(#9505));
#9507=IFCPRODUCTDEFINITIONSHAPE($,$,(#9506));
#9508=IFCPLATE('0_59VXOUD0eBAI23B4ljwE',#19,'PB-2','Placa base 500x500x25 / 400x400x19',$,#9500,#9507,$,$);
#9509=IFCRELASSOCIATESMATERIAL('0qLr6Eu9zBgQ9LYg37d_3F',#19,$,$,(#9508),#30);
#9510=IFCCARTESIANPOINT((76800.,140000.,0.));
#9511=IFCDIRECTION((0.,0.,1.));
#9512=IFCDIRECTION((1.,0.,0.));
#9513=IFCAXIS2PLACEMENT3D(#9510,#9511,#9512);
#9514=IFCLOCALPLACEMENT(#25,#9513);
#9515=IFCDIRECTION((0.,0.,1.));
#9516=IFCDIRECTION((1.,0.,0.));
#9517=IFCAXIS2PLACEMENT3D(#7,#9515,#9516);
#9518=IFCDIRECTION((0.,0.,1.));
#9519=IFCEXTRUDEDAREASOLID(#58,#9517,#9518,25.);
#9520=IFCSHAPEREPRESENTATION(#13,'Body','SweptSolid',(#9519));
#9521=IFCPRODUCTDEFINITIONSHAPE($,$,(#9520));
#9522=IFCPLATE('06R7AN9KH6axppQyhczpEc',#19,'PB-1','Placa base 500x500x25 / 400x400x19',$,#9514,#9521,$,$);
#9523=IFCRELASSOCIATESMATERIAL('0eJPwkVpXDcvhXpbO3VK0r',#19,$,$,(#9522),#30);
#9524=IFCCARTESIANPOINT((0.,149500.,0.));
#9525=IFCDIRECTION((0.,0.,1.));
#9526=IFCDIRECTION((1.,0.,0.));
#9527=IFCAXIS2PLACEMENT3D(#9524,#9525,#9526);
#9528=IFCLOCALPLACEMENT(#25,#9527);
#9529=IFCDIRECTION((0.,0.,1.));
#9530=IFCDIRECTION((1.,0.,0.));
#9531=IFCAXIS2PLACEMENT3D(#7,#9529,#9530);
#9532=IFCDIRECTION((0.,0.,1.));
#9533=IFCEXTRUDEDAREASOLID(#58,#9531,#9532,25.);
#9534=IFCSHAPEREPRESENTATION(#13,'Body','SweptSolid',(#9533));
#9535=IFCPRODUCTDEFINITIONSHAPE($,$,(#9534));
#9536=IFCPLATE('23ukO9$HP7N8oemWAmHycQ',#19,'PB-1','Placa base 500x500x25 / 400x400x19',$,#9528,#9535,$,$);
#9537=IFCRELASSOCIATESMATERIAL('0_hDcxSjD7SuK3hMcHGAFl',#19,$,$,(#9536),#30);
#9538=IFCCARTESIANPOINT((25600.,149500.,0.));
#9539=IFCDIRECTION((0.,0.,1.));
#9540=IFCDIRECTION((1.,0.,0.));
#9541=IFCAXIS2PLACEMENT3D(#9538,#9539,#9540);
#9542=IFCLOCALPLACEMENT(#25,#9541);
#9543=IFCDIRECTION((0.,0.,1.));
#9544=IFCDIRECTION((1.,0.,0.));
#9545=IFCAXIS2PLACEMENT3D(#7,#9543,#9544);
#9546=IFCDIRECTION((0.,0.,1.));
#9547=IFCEXTRUDEDAREASOLID(#58,#9545,#9546,25.);
#9548=IFCSHAPEREPRESENTATION(#13,'Body','SweptSolid',(#9547));
#9549=IFCPRODUCTDEFINITIONSHAPE($,$,(#9548));
#9550=IFCPLATE('0Ukf5z$DjEpw_liONGuPZ2',#19,'PB-2','Placa base 500x500x25 / 400x400x19',$,#9542,#9549,$,$);
#9551=IFCRELASSOCIATESMATERIAL('1jDxfVcur0ygD9JQ9aWpkM',#19,$,$,(#9550),#30);
#9552=IFCCARTESIANPOINT((51200.,149500.,0.));
#9553=IFCDIRECTION((0.,0.,1.));
#9554=IFCDIRECTION((1.,0.,0.));
#9555=IFCAXIS2PLACEMENT3D(#9552,#9553,#9554);
#9556=IFCLOCALPLACEMENT(#25,#9555);
#9557=IFCDIRECTION((0.,0.,1.));
#9558=IFCDIRECTION((1.,0.,0.));
#9559=IFCAXIS2PLACEMENT3D(#7,#9557,#9558);
#9560=IFCDIRECTION((0.,0.,1.));
#9561=IFCEXTRUDEDAREASOLID(#58,#9559,#9560,25.);
#9562=IFCSHAPEREPRESENTATION(#13,'Body','SweptSolid',(#9561));
#9563=IFCPRODUCTDEFINITIONSHAPE($,$,(#9562));
#9564=IFCPLATE('1FAcrWXAD8$9Kdmj7dUcnH',#19,'PB-2','Placa base 500x500x25 / 400x400x19',$,#9556,#9563,$,$);
#9565=IFCRELASSOCIATESMATERIAL('2hJtJMFTnEoeEvK3XdmH5q',#19,$,$,(#9564),#30);
#9566=IFCCARTESIANPOINT((76800.,149500.,0.));
#9567=IFCDIRECTION((0.,0.,1.));
#9568=IFCDIRECTION((1.,0.,0.));
#9569=IFCAXIS2PLACEMENT3D(#9566,#9567,#9568);
#9570=IFCLOCALPLACEMENT(#25,#9569);
#9571=IFCDIRECTION((0.,0.,1.));
#9572=IFCDIRECTION((1.,0.,0.));
#9573=IFCAXIS2PLACEMENT3D(#7,#9571,#9572);
#9574=IFCDIRECTION((0.,0.,1.));
#9575=IFCEXTRUDEDAREASOLID(#58,#9573,#9574,25.);
#9576=IFCSHAPEREPRESENTATION(#13,'Body','SweptSolid',(#9575));
#9577=IFCPRODUCTDEFINITIONSHAPE($,$,(#9576));
#9578=IFCPLATE('1Nh_7rLN59G9gFnOqs3rFO',#19,'PB-1','Placa base 500x500x25 / 400x400x19',$,#9570,#9577,$,$);
#9579=IFCRELASSOCIATESMATERIAL('2AoWv9GG57gfaD0a0Q9hrw',#19,$,$,(#9578),#30);
#9580=IFCRELCONTAINEDINSPATIALSTRUCTURE('2WjX8$8_zAIfIgrDdTnCWI',#19,'Storey-Elements',$,(#75,#100,#125,#150,#175,#200,#225,#250,#275,#300,#325,#350,#375,#400,#425,#450,#475,#500,#525,#550,#575,#600,#625,#650,#675,#700,#725,#750,#775,#800,#825,#850,#875,#900,#925,#950,#975,#1000,#1025,#1050,#1075,#1100,#1125,#1150,#1175,#1200,#1225,#1250,#1275,#1300,#1325,#1350,#1375,#1400,#1425,#1450,#1475,#1500,#1525,#1550,#1575,#1600,#1625,#1650,#1675,#1700,#1725,#1750,#1775,#1800,#1825,#1850,#1875,#1900,#1925,#1950,#1975,#2000,#2025,#2050,#2075,#2100,#2125,#2150,#2175,#2200,#2225,#2250,#2275,#2300,#2325,#2350,#2375,#2400,#2425,#2450,#2475,#2500,#2525,#2550,#2575,#2600,#2625,#2650,#2675,#2700,#2725,#2750,#2775,#2800,#2825,#2850,#2875,#2900,#2925,#2950,#2975,#3000,#3025,#3050,#3075,#3100,#3125,#3150,#3175,#3200,#3225,#3250,#3275,#3300,#3325,#3350,#3375,#3400,#3425,#3450,#3475,#3500,#3525,#3550,#3575,#3600,#3625,#3650,#3675,#3700,#3725,#3750,#3775,#3800,#3825,#3850,#3875,#3900,#3925,#3950,#3975,#4000,#4025,#4050,#4075,#4100,#4125,#4150,#4175,#4200,#4225,#4250,#4275,#4300,#4325,#4350,#4375,#4400,#4425,#4450,#4475,#4500,#4525,#4550,#4575,#4600,#4625,#4650,#4675,#4700,#4725,#4750,#4775,#4800,#4825,#4850,#4875,#4900,#4925,#4950,#4975,#5000,#5025,#5050,#5075,#5100,#5125,#5150,#5175,#5200,#5225,#5250,#5275,#5300,#5325,#5350,#5375,#5400,#5425,#5450,#5475,#5500,#5525,#5550,#5575,#5600,#5625,#5650,#5675,#5700,#5725,#5750,#5775,#5800,#5825,#5850,#5875,#5900,#5925,#5950,#5975,#6000,#6025,#6050,#6075,#6100,#6125,#6150,#6175,#6200,#6225,#6250,#6275,#6300,#6325,#6350,#6375,#6400,#6425,#6450,#6475,#6500,#6525,#6550,#6575,#6600,#6625,#6650,#6675,#6700,#6725,#6750,#6775,#6800,#6825,#6850,#6875,#6900,#6925,#6950,#6975,#7000,#7025,#7050,#7075,#7100,#7125,#7150,#7175,#7200,#7225,#7250,#7275,#7300,#7325,#7350,#7375,#7400,#7425,#7450,#7475,#7500,#7525,#7550,#7575,#7600,#7625,#7650,#7675,#7700,#7725,#7750,#7775,#7800,#7825,#7850,#7875,#7900,#7925,#7950,#7975,#8000,#8025,#8050,#8075,#8100,#8125,#8150,#8175,#8200,#8225,#8250,#8275,#8300,#8325,#8350,#8375,#8400,#8425,#8450,#8475,#8500,#8525,#8550,#8575,#8600,#8625,#8650,#8675,#8696,#8710,#8724,#8738,#8752,#8766,#8780,#8794,#8808,#8822,#8836,#8850,#8864,#8878,#8892,#8906,#8920,#8934,#8948,#8962,#8976,#8990,#9004,#9018,#9032,#9046,#9060,#9074,#9088,#9102,#9116,#9130,#9144,#9158,#9172,#9186,#9200,#9214,#9228,#9242,#9256,#9270,#9284,#9298,#9312,#9326,#9340,#9354,#9368,#9382,#9396,#9410,#9424,#9438,#9452,#9466,#9480,#9494,#9508,#9522,#9536,#9550,#9564,#9578),#26);
ENDSEC;
END-ISO-10303-21;
