ISO-10303-21;
HEADER;
FILE_DESCRIPTION(('ViewDefinition [CoordinationView]'),'2;1');
FILE_NAME('','2026-05-19T14:33:46',(''),(''),'IfcOpenShell 0.8.5-1c5b825','IfcOpenShell 0.8.5-1c5b825','');
FILE_SCHEMA(('IFC4'));
ENDSEC;
DATA;
#1=IFCPROJECT('3_o9qg78jBefIA2V$NindG',$,'CNAR METROPOLITANO - Estructura Metalica',$,$,$,$,(#11),#6);
#2=IFCSIUNIT(*,.LENGTHUNIT.,.MILLI.,.METRE.);
#3=IFCSIUNIT(*,.AREAUNIT.,$,.SQUARE_METRE.);
#4=IFCSIUNIT(*,.VOLUMEUNIT.,$,.CUBIC_METRE.);
#5=IFCSIUNIT(*,.MASSUNIT.,.KILO.,.GRAM.);
#6=IFCUNITASSIGNMENT((#2,#3,#4,#5));
#7=IFCCARTESIANPOINT((0.,0.,0.));
#8=IFCDIRECTION((0.,0.,1.));
#9=IFCDIRECTION((1.,0.,0.));
#10=IFCAXIS2PLACEMENT3D(#7,#8,#9);
#11=IFCGEOMETRICREPRESENTATIONCONTEXT($,'Model',3,1.0000000000000001E-05,#10,$);
#12=IFCGEOMETRICREPRESENTATIONSUBCONTEXT('Axis','Model',*,*,*,*,#11,$,.GRAPH_VIEW.,$);
#13=IFCCARTESIANPOINT((0.,0.,0.));
#14=IFCAXIS2PLACEMENT3D(#13,#8,#9);
#15=IFCLOCALPLACEMENT($,#14);
#16=IFCSITE('3fF7ajJ_HCSe_gU8pf39xL',$,'Cabudare - Edo. Lara, Venezuela',$,$,#15,$,$,.ELEMENT.,$,$,$,$,$);
#17=IFCCARTESIANPOINT((0.,0.,0.));
#18=IFCAXIS2PLACEMENT3D(#17,#8,#9);
#19=IFCLOCALPLACEMENT(#15,#18);
#20=IFCBUILDING('2k8ue9ulnC6QyY9iXQSKGN',$,'Edificio CNAR Metropolitano',$,$,#19,$,$,.ELEMENT.,$,$,$);
#21=IFCCARTESIANPOINT((0.,0.,0.));
#22=IFCAXIS2PLACEMENT3D(#21,#8,#9);
#23=IFCLOCALPLACEMENT(#19,#22);
#24=IFCBUILDINGSTOREY('1SuJibG5P61f7thXomxhqG',$,'Nivel N0 (+0.00 m)',$,$,#23,$,$,.ELEMENT.,0.);
#25=IFCCARTESIANPOINT((0.,0.,4100.));
#26=IFCAXIS2PLACEMENT3D(#25,#8,#9);
#27=IFCLOCALPLACEMENT(#19,#26);
#28=IFCBUILDINGSTOREY('2yeF6dKDDFZ9IDt7cjc9xf',$,'Nivel N1 (+4.10 m)',$,$,#27,$,$,.ELEMENT.,4100.);
#29=IFCCARTESIANPOINT((0.,0.,7900.));
#30=IFCAXIS2PLACEMENT3D(#29,#8,#9);
#31=IFCLOCALPLACEMENT(#19,#30);
#32=IFCBUILDINGSTOREY('2Jac7tebj0aP7RH0GtUsfi',$,'Nivel N2 (+7.90 m)',$,$,#31,$,$,.ELEMENT.,7900.);
#33=IFCCARTESIANPOINT((0.,0.,11700.));
#34=IFCAXIS2PLACEMENT3D(#33,#8,#9);
#35=IFCLOCALPLACEMENT(#19,#34);
#36=IFCBUILDINGSTOREY('2rIQ5kKrH8ch9IeI83KPTH',$,'Nivel NT (+11.70 m)',$,$,#35,$,$,.ELEMENT.,11700.);
#37=IFCRELAGGREGATES('174pttg2z23ActlPETsj7O',$,$,$,#1,(#16));
#38=IFCRELAGGREGATES('1Rv8KX3OHA7wEJYsHhTAY_',$,$,$,#16,(#20));
#39=IFCRELAGGREGATES('25VHHUeZv9cRSJ6U8x$sS6',$,$,$,#20,(#24,#28,#32,#36));
#40=IFCMATERIAL('ASTM A572 Gr.50',$,$);
#41=IFCMATERIAL('ASTM A36',$,$);
#42=IFCCARTESIANPOINT((0.,5500.,0.));
#43=IFCCARTESIANPOINT((0.,5500.,11700.));
#44=IFCPOLYLINE((#42,#43));
#45=IFCSHAPEREPRESENTATION(#12,'Axis','Curve3D',(#44));
#46=IFCPRODUCTDEFINITIONSHAPE($,$,(#45));
#47=IFCCARTESIANPOINT((0.,0.,0.));
#48=IFCAXIS2PLACEMENT3D(#47,#8,#9);
#49=IFCLOCALPLACEMENT(#23,#48);
#50=IFCCOLUMN('2X3iCG5J92aOJoR1rIVNYT',$,'COL-001','HEA 300',$,#49,#46,'COL-001',$);
#51=IFCRELASSOCIATESMATERIAL('0JXfCvlgXB18gzGqY$fGuE',$,$,$,(#50),#40);
#52=IFCCARTESIANPOINT((0.,10170.,0.));
#53=IFCCARTESIANPOINT((0.,10170.,11700.));
#54=IFCPOLYLINE((#52,#53));
#55=IFCSHAPEREPRESENTATION(#12,'Axis','Curve3D',(#54));
#56=IFCPRODUCTDEFINITIONSHAPE($,$,(#55));
#57=IFCCARTESIANPOINT((0.,0.,0.));
#58=IFCAXIS2PLACEMENT3D(#57,#8,#9);
#59=IFCLOCALPLACEMENT(#23,#58);
#60=IFCCOLUMN('0ZKD4$LdfEGOkWOwoVvWaV',$,'COL-002','HEA 340',$,#59,#56,'COL-002',$);
#61=IFCRELASSOCIATESMATERIAL('2srEmiXBH94wLt1q3OhLZC',$,$,$,(#60),#40);
#62=IFCCARTESIANPOINT((0.,14840.,0.));
#63=IFCCARTESIANPOINT((0.,14840.,11700.));
#64=IFCPOLYLINE((#62,#63));
#65=IFCSHAPEREPRESENTATION(#12,'Axis','Curve3D',(#64));
#66=IFCPRODUCTDEFINITIONSHAPE($,$,(#65));
#67=IFCCARTESIANPOINT((0.,0.,0.));
#68=IFCAXIS2PLACEMENT3D(#67,#8,#9);
#69=IFCLOCALPLACEMENT(#23,#68);
#70=IFCCOLUMN('3oNvRJQvX2cAtgSmaTE1tO',$,'COL-003','HEA 340',$,#69,#66,'COL-003',$);
#71=IFCRELASSOCIATESMATERIAL('1X1rR$Hkn2LOvbC5PXokNr',$,$,$,(#70),#40);
#72=IFCCARTESIANPOINT((0.,19510.,0.));
#73=IFCCARTESIANPOINT((0.,19510.,11700.));
#74=IFCPOLYLINE((#72,#73));
#75=IFCSHAPEREPRESENTATION(#12,'Axis','Curve3D',(#74));
#76=IFCPRODUCTDEFINITIONSHAPE($,$,(#75));
#77=IFCCARTESIANPOINT((0.,0.,0.));
#78=IFCAXIS2PLACEMENT3D(#77,#8,#9);
#79=IFCLOCALPLACEMENT(#23,#78);
#80=IFCCOLUMN('2VDd0JA5b6fO3L6BNtX68u',$,'COL-004','HEA 300',$,#79,#76,'COL-004',$);
#81=IFCRELASSOCIATESMATERIAL('2DPdP5bVvAjRosigix8M3_',$,$,$,(#80),#40);
#82=IFCCARTESIANPOINT((6500.,5500.,0.));
#83=IFCCARTESIANPOINT((6500.,5500.,11700.));
#84=IFCPOLYLINE((#82,#83));
#85=IFCSHAPEREPRESENTATION(#12,'Axis','Curve3D',(#84));
#86=IFCPRODUCTDEFINITIONSHAPE($,$,(#85));
#87=IFCCARTESIANPOINT((0.,0.,0.));
#88=IFCAXIS2PLACEMENT3D(#87,#8,#9);
#89=IFCLOCALPLACEMENT(#23,#88);
#90=IFCCOLUMN('2MtU1E6OfEJgfTlvJ$jRjQ',$,'COL-005','HEA 300',$,#89,#86,'COL-005',$);
#91=IFCRELASSOCIATESMATERIAL('3Qd3OYCF58uwdszJZKOPIv',$,$,$,(#90),#40);
#92=IFCCARTESIANPOINT((6500.,10170.,0.));
#93=IFCCARTESIANPOINT((6500.,10170.,11700.));
#94=IFCPOLYLINE((#92,#93));
#95=IFCSHAPEREPRESENTATION(#12,'Axis','Curve3D',(#94));
#96=IFCPRODUCTDEFINITIONSHAPE($,$,(#95));
#97=IFCCARTESIANPOINT((0.,0.,0.));
#98=IFCAXIS2PLACEMENT3D(#97,#8,#9);
#99=IFCLOCALPLACEMENT(#23,#98);
#100=IFCCOLUMN('1iw1flaiP8hga6IMEr1pGJ',$,'COL-006','HEA 340',$,#99,#96,'COL-006',$);
#101=IFCRELASSOCIATESMATERIAL('1Lq4OyUNn2FvlfciQL84id',$,$,$,(#100),#40);
#102=IFCCARTESIANPOINT((6500.,14840.,0.));
#103=IFCCARTESIANPOINT((6500.,14840.,11700.));
#104=IFCPOLYLINE((#102,#103));
#105=IFCSHAPEREPRESENTATION(#12,'Axis','Curve3D',(#104));
#106=IFCPRODUCTDEFINITIONSHAPE($,$,(#105));
#107=IFCCARTESIANPOINT((0.,0.,0.));
#108=IFCAXIS2PLACEMENT3D(#107,#8,#9);
#109=IFCLOCALPLACEMENT(#23,#108);
#110=IFCCOLUMN('0f36AIPYj6QgyHwu6pBDoj',$,'COL-007','HEA 340',$,#109,#106,'COL-007',$);
#111=IFCRELASSOCIATESMATERIAL('0C9vahmDv638ZCK1bZ58_5',$,$,$,(#110),#40);
#112=IFCCARTESIANPOINT((6500.,19510.,0.));
#113=IFCCARTESIANPOINT((6500.,19510.,11700.));
#114=IFCPOLYLINE((#112,#113));
#115=IFCSHAPEREPRESENTATION(#12,'Axis','Curve3D',(#114));
#116=IFCPRODUCTDEFINITIONSHAPE($,$,(#115));
#117=IFCCARTESIANPOINT((0.,0.,0.));
#118=IFCAXIS2PLACEMENT3D(#117,#8,#9);
#119=IFCLOCALPLACEMENT(#23,#118);
#120=IFCCOLUMN('0csEJxQ6XFUx$0ya$9KYYj',$,'COL-008','HEA 300',$,#119,#116,'COL-008',$);
#121=IFCRELASSOCIATESMATERIAL('3t5ygAK6rBAuQWOuN01erN',$,$,$,(#120),#40);
#122=IFCCARTESIANPOINT((13000.,5500.,0.));
#123=IFCCARTESIANPOINT((13000.,5500.,11700.));
#124=IFCPOLYLINE((#122,#123));
#125=IFCSHAPEREPRESENTATION(#12,'Axis','Curve3D',(#124));
#126=IFCPRODUCTDEFINITIONSHAPE($,$,(#125));
#127=IFCCARTESIANPOINT((0.,0.,0.));
#128=IFCAXIS2PLACEMENT3D(#127,#8,#9);
#129=IFCLOCALPLACEMENT(#23,#128);
#130=IFCCOLUMN('35zuzyW_j1QxTBT_hdGxa8',$,'COL-009','HEA 300',$,#129,#126,'COL-009',$);
#131=IFCRELASSOCIATESMATERIAL('1wz5FK4LTBXv5Oe2epOt6t',$,$,$,(#130),#40);
#132=IFCCARTESIANPOINT((13000.,10170.,0.));
#133=IFCCARTESIANPOINT((13000.,10170.,11700.));
#134=IFCPOLYLINE((#132,#133));
#135=IFCSHAPEREPRESENTATION(#12,'Axis','Curve3D',(#134));
#136=IFCPRODUCTDEFINITIONSHAPE($,$,(#135));
#137=IFCCARTESIANPOINT((0.,0.,0.));
#138=IFCAXIS2PLACEMENT3D(#137,#8,#9);
#139=IFCLOCALPLACEMENT(#23,#138);
#140=IFCCOLUMN('3Y9B3UFKP47ALwQimIvFSU',$,'COL-010','HEA 340',$,#139,#136,'COL-010',$);
#141=IFCRELASSOCIATESMATERIAL('2l633eXS5Avf540BXz6Czy',$,$,$,(#140),#40);
#142=IFCCARTESIANPOINT((13000.,14840.,0.));
#143=IFCCARTESIANPOINT((13000.,14840.,11700.));
#144=IFCPOLYLINE((#142,#143));
#145=IFCSHAPEREPRESENTATION(#12,'Axis','Curve3D',(#144));
#146=IFCPRODUCTDEFINITIONSHAPE($,$,(#145));
#147=IFCCARTESIANPOINT((0.,0.,0.));
#148=IFCAXIS2PLACEMENT3D(#147,#8,#9);
#149=IFCLOCALPLACEMENT(#23,#148);
#150=IFCCOLUMN('1JXMxviBHDyPmk4N2MiKyV',$,'COL-011','HEA 340',$,#149,#146,'COL-011',$);
#151=IFCRELASSOCIATESMATERIAL('2Jc_7DM6T1tfw7BG3rA0w0',$,$,$,(#150),#40);
#152=IFCCARTESIANPOINT((13000.,19510.,0.));
#153=IFCCARTESIANPOINT((13000.,19510.,11700.));
#154=IFCPOLYLINE((#152,#153));
#155=IFCSHAPEREPRESENTATION(#12,'Axis','Curve3D',(#154));
#156=IFCPRODUCTDEFINITIONSHAPE($,$,(#155));
#157=IFCCARTESIANPOINT((0.,0.,0.));
#158=IFCAXIS2PLACEMENT3D(#157,#8,#9);
#159=IFCLOCALPLACEMENT(#23,#158);
#160=IFCCOLUMN('35DFmgxDLDTwG9E_nwvpm$',$,'COL-012','HEA 300',$,#159,#156,'COL-012',$);
#161=IFCRELASSOCIATESMATERIAL('1a7OlUmSH00ReXW5i6PQt3',$,$,$,(#160),#40);
#162=IFCCARTESIANPOINT((19500.,5500.,0.));
#163=IFCCARTESIANPOINT((19500.,5500.,11700.));
#164=IFCPOLYLINE((#162,#163));
#165=IFCSHAPEREPRESENTATION(#12,'Axis','Curve3D',(#164));
#166=IFCPRODUCTDEFINITIONSHAPE($,$,(#165));
#167=IFCCARTESIANPOINT((0.,0.,0.));
#168=IFCAXIS2PLACEMENT3D(#167,#8,#9);
#169=IFCLOCALPLACEMENT(#23,#168);
#170=IFCCOLUMN('2RsT4_AL5F8Pb2tJ8Sr8YT',$,'COL-013','HEA 300',$,#169,#166,'COL-013',$);
#171=IFCRELASSOCIATESMATERIAL('0aRJtHOR56L8Je046YX9Ka',$,$,$,(#170),#40);
#172=IFCCARTESIANPOINT((19500.,10170.,0.));
#173=IFCCARTESIANPOINT((19500.,10170.,11700.));
#174=IFCPOLYLINE((#172,#173));
#175=IFCSHAPEREPRESENTATION(#12,'Axis','Curve3D',(#174));
#176=IFCPRODUCTDEFINITIONSHAPE($,$,(#175));
#177=IFCCARTESIANPOINT((0.,0.,0.));
#178=IFCAXIS2PLACEMENT3D(#177,#8,#9);
#179=IFCLOCALPLACEMENT(#23,#178);
#180=IFCCOLUMN('0_$kO$Tq54iekog2zGZTr7',$,'COL-014','HEA 340',$,#179,#176,'COL-014',$);
#181=IFCRELASSOCIATESMATERIAL('0xy7RVjff3jRTCJYWd9qGl',$,$,$,(#180),#40);
#182=IFCCARTESIANPOINT((19500.,14840.,0.));
#183=IFCCARTESIANPOINT((19500.,14840.,11700.));
#184=IFCPOLYLINE((#182,#183));
#185=IFCSHAPEREPRESENTATION(#12,'Axis','Curve3D',(#184));
#186=IFCPRODUCTDEFINITIONSHAPE($,$,(#185));
#187=IFCCARTESIANPOINT((0.,0.,0.));
#188=IFCAXIS2PLACEMENT3D(#187,#8,#9);
#189=IFCLOCALPLACEMENT(#23,#188);
#190=IFCCOLUMN('28O2yYfxz0Ogh2O5j8YNk_',$,'COL-015','HEA 340',$,#189,#186,'COL-015',$);
#191=IFCRELASSOCIATESMATERIAL('2diywz0DT17OTES0pzKBTH',$,$,$,(#190),#40);
#192=IFCCARTESIANPOINT((19500.,19510.,0.));
#193=IFCCARTESIANPOINT((19500.,19510.,11700.));
#194=IFCPOLYLINE((#192,#193));
#195=IFCSHAPEREPRESENTATION(#12,'Axis','Curve3D',(#194));
#196=IFCPRODUCTDEFINITIONSHAPE($,$,(#195));
#197=IFCCARTESIANPOINT((0.,0.,0.));
#198=IFCAXIS2PLACEMENT3D(#197,#8,#9);
#199=IFCLOCALPLACEMENT(#23,#198);
#200=IFCCOLUMN('1Aa7NN2snFHfXcj_QCEr1b',$,'COL-016','HEA 300',$,#199,#196,'COL-016',$);
#201=IFCRELASSOCIATESMATERIAL('1kdvQq4VLCa8841x9OHtAs',$,$,$,(#200),#40);
#202=IFCCARTESIANPOINT((26000.,5500.,0.));
#203=IFCCARTESIANPOINT((26000.,5500.,11700.));
#204=IFCPOLYLINE((#202,#203));
#205=IFCSHAPEREPRESENTATION(#12,'Axis','Curve3D',(#204));
#206=IFCPRODUCTDEFINITIONSHAPE($,$,(#205));
#207=IFCCARTESIANPOINT((0.,0.,0.));
#208=IFCAXIS2PLACEMENT3D(#207,#8,#9);
#209=IFCLOCALPLACEMENT(#23,#208);
#210=IFCCOLUMN('39SM9p4UD9Svh1tg$8X2nL',$,'COL-017','HEA 300',$,#209,#206,'COL-017',$);
#211=IFCRELASSOCIATESMATERIAL('25Z3ufRvX6uvrgrESJw37b',$,$,$,(#210),#40);
#212=IFCCARTESIANPOINT((26000.,10170.,0.));
#213=IFCCARTESIANPOINT((26000.,10170.,11700.));
#214=IFCPOLYLINE((#212,#213));
#215=IFCSHAPEREPRESENTATION(#12,'Axis','Curve3D',(#214));
#216=IFCPRODUCTDEFINITIONSHAPE($,$,(#215));
#217=IFCCARTESIANPOINT((0.,0.,0.));
#218=IFCAXIS2PLACEMENT3D(#217,#8,#9);
#219=IFCLOCALPLACEMENT(#23,#218);
#220=IFCCOLUMN('0gyKtqAMX0IglPhgNrj8pM',$,'COL-018','HEA 340',$,#219,#216,'COL-018',$);
#221=IFCRELASSOCIATESMATERIAL('1sfbPO$ab45ObC3WScRuf2',$,$,$,(#220),#40);
#222=IFCCARTESIANPOINT((26000.,14840.,0.));
#223=IFCCARTESIANPOINT((26000.,14840.,11700.));
#224=IFCPOLYLINE((#222,#223));
#225=IFCSHAPEREPRESENTATION(#12,'Axis','Curve3D',(#224));
#226=IFCPRODUCTDEFINITIONSHAPE($,$,(#225));
#227=IFCCARTESIANPOINT((0.,0.,0.));
#228=IFCAXIS2PLACEMENT3D(#227,#8,#9);
#229=IFCLOCALPLACEMENT(#23,#228);
#230=IFCCOLUMN('2pXIK_$P52f9ZFOnYBm1UK',$,'COL-019','HEA 340',$,#229,#226,'COL-019',$);
#231=IFCRELASSOCIATESMATERIAL('0eQfWsypTAie5BhphBqsx_',$,$,$,(#230),#40);
#232=IFCCARTESIANPOINT((26000.,19510.,0.));
#233=IFCCARTESIANPOINT((26000.,19510.,11700.));
#234=IFCPOLYLINE((#232,#233));
#235=IFCSHAPEREPRESENTATION(#12,'Axis','Curve3D',(#234));
#236=IFCPRODUCTDEFINITIONSHAPE($,$,(#235));
#237=IFCCARTESIANPOINT((0.,0.,0.));
#238=IFCAXIS2PLACEMENT3D(#237,#8,#9);
#239=IFCLOCALPLACEMENT(#23,#238);
#240=IFCCOLUMN('3hxdZHEMHA1hmab8RTTwDA',$,'COL-020','HEA 300',$,#239,#236,'COL-020',$);
#241=IFCRELASSOCIATESMATERIAL('3KT6y_jt90agzdMgEM0uTv',$,$,$,(#240),#40);
#242=IFCCARTESIANPOINT((32500.,5500.,0.));
#243=IFCCARTESIANPOINT((32500.,5500.,11700.));
#244=IFCPOLYLINE((#242,#243));
#245=IFCSHAPEREPRESENTATION(#12,'Axis','Curve3D',(#244));
#246=IFCPRODUCTDEFINITIONSHAPE($,$,(#245));
#247=IFCCARTESIANPOINT((0.,0.,0.));
#248=IFCAXIS2PLACEMENT3D(#247,#8,#9);
#249=IFCLOCALPLACEMENT(#23,#248);
#250=IFCCOLUMN('19NpXnzXTBKxf1kUKZni6W',$,'COL-021','HEA 300',$,#249,#246,'COL-021',$);
#251=IFCRELASSOCIATESMATERIAL('23tJrqa5v9qP3gIoj_yOy$',$,$,$,(#250),#40);
#252=IFCCARTESIANPOINT((32500.,10170.,0.));
#253=IFCCARTESIANPOINT((32500.,10170.,11700.));
#254=IFCPOLYLINE((#252,#253));
#255=IFCSHAPEREPRESENTATION(#12,'Axis','Curve3D',(#254));
#256=IFCPRODUCTDEFINITIONSHAPE($,$,(#255));
#257=IFCCARTESIANPOINT((0.,0.,0.));
#258=IFCAXIS2PLACEMENT3D(#257,#8,#9);
#259=IFCLOCALPLACEMENT(#23,#258);
#260=IFCCOLUMN('1fdcz_hKH2DxlrH_y3jum0',$,'COL-022','HEA 340',$,#259,#256,'COL-022',$);
#261=IFCRELASSOCIATESMATERIAL('0oisNttJn4Lg1QR6Ohpyy7',$,$,$,(#260),#40);
#262=IFCCARTESIANPOINT((32500.,14840.,0.));
#263=IFCCARTESIANPOINT((32500.,14840.,11700.));
#264=IFCPOLYLINE((#262,#263));
#265=IFCSHAPEREPRESENTATION(#12,'Axis','Curve3D',(#264));
#266=IFCPRODUCTDEFINITIONSHAPE($,$,(#265));
#267=IFCCARTESIANPOINT((0.,0.,0.));
#268=IFCAXIS2PLACEMENT3D(#267,#8,#9);
#269=IFCLOCALPLACEMENT(#23,#268);
#270=IFCCOLUMN('0mkpSh2CPAB8eYXn5Acjrt',$,'COL-023','HEA 340',$,#269,#266,'COL-023',$);
#271=IFCRELASSOCIATESMATERIAL('20VQs6CHL4$vD68ykoRGvf',$,$,$,(#270),#40);
#272=IFCCARTESIANPOINT((32500.,19510.,0.));
#273=IFCCARTESIANPOINT((32500.,19510.,11700.));
#274=IFCPOLYLINE((#272,#273));
#275=IFCSHAPEREPRESENTATION(#12,'Axis','Curve3D',(#274));
#276=IFCPRODUCTDEFINITIONSHAPE($,$,(#275));
#277=IFCCARTESIANPOINT((0.,0.,0.));
#278=IFCAXIS2PLACEMENT3D(#277,#8,#9);
#279=IFCLOCALPLACEMENT(#23,#278);
#280=IFCCOLUMN('0qQj3ga7XAv9AAgrStd0Ao',$,'COL-024','HEA 300',$,#279,#276,'COL-024',$);
#281=IFCRELASSOCIATESMATERIAL('3wOalNWPPEBeulXOqrxrsz',$,$,$,(#280),#40);
#282=IFCCARTESIANPOINT((39000.,5500.,0.));
#283=IFCCARTESIANPOINT((39000.,5500.,11700.));
#284=IFCPOLYLINE((#282,#283));
#285=IFCSHAPEREPRESENTATION(#12,'Axis','Curve3D',(#284));
#286=IFCPRODUCTDEFINITIONSHAPE($,$,(#285));
#287=IFCCARTESIANPOINT((0.,0.,0.));
#288=IFCAXIS2PLACEMENT3D(#287,#8,#9);
#289=IFCLOCALPLACEMENT(#23,#288);
#290=IFCCOLUMN('2xrZndEG99YB1HDCe5MWUt',$,'COL-025','HEA 300',$,#289,#286,'COL-025',$);
#291=IFCRELASSOCIATESMATERIAL('3eLCpL$ozBAgWOcOp$E3Hm',$,$,$,(#290),#40);
#292=IFCCARTESIANPOINT((39000.,10170.,0.));
#293=IFCCARTESIANPOINT((39000.,10170.,11700.));
#294=IFCPOLYLINE((#292,#293));
#295=IFCSHAPEREPRESENTATION(#12,'Axis','Curve3D',(#294));
#296=IFCPRODUCTDEFINITIONSHAPE($,$,(#295));
#297=IFCCARTESIANPOINT((0.,0.,0.));
#298=IFCAXIS2PLACEMENT3D(#297,#8,#9);
#299=IFCLOCALPLACEMENT(#23,#298);
#300=IFCCOLUMN('19_V5lMrv6JvlYjtB45Dxz',$,'COL-026','HEA 340',$,#299,#296,'COL-026',$);
#301=IFCRELASSOCIATESMATERIAL('1225Q8gNH4tRnuQkoO4XRt',$,$,$,(#300),#40);
#302=IFCCARTESIANPOINT((39000.,14840.,0.));
#303=IFCCARTESIANPOINT((39000.,14840.,11700.));
#304=IFCPOLYLINE((#302,#303));
#305=IFCSHAPEREPRESENTATION(#12,'Axis','Curve3D',(#304));
#306=IFCPRODUCTDEFINITIONSHAPE($,$,(#305));
#307=IFCCARTESIANPOINT((0.,0.,0.));
#308=IFCAXIS2PLACEMENT3D(#307,#8,#9);
#309=IFCLOCALPLACEMENT(#23,#308);
#310=IFCCOLUMN('0svKKB2PrDgRqgAkGWX4L6',$,'COL-027','HEA 340',$,#309,#306,'COL-027',$);
#311=IFCRELASSOCIATESMATERIAL('3SUED8lcL6xwHqIiYoBVop',$,$,$,(#310),#40);
#312=IFCCARTESIANPOINT((39000.,19510.,0.));
#313=IFCCARTESIANPOINT((39000.,19510.,11700.));
#314=IFCPOLYLINE((#312,#313));
#315=IFCSHAPEREPRESENTATION(#12,'Axis','Curve3D',(#314));
#316=IFCPRODUCTDEFINITIONSHAPE($,$,(#315));
#317=IFCCARTESIANPOINT((0.,0.,0.));
#318=IFCAXIS2PLACEMENT3D(#317,#8,#9);
#319=IFCLOCALPLACEMENT(#23,#318);
#320=IFCCOLUMN('0k7WSGNOv8wOd4BLygfYwF',$,'COL-028','HEA 300',$,#319,#316,'COL-028',$);
#321=IFCRELASSOCIATESMATERIAL('21ZCs0TL5CDwUn$zBmcpWr',$,$,$,(#320),#40);
#322=IFCCARTESIANPOINT((39000.,0.,0.));
#323=IFCCARTESIANPOINT((39000.,0.,4100.));
#324=IFCPOLYLINE((#322,#323));
#325=IFCSHAPEREPRESENTATION(#12,'Axis','Curve3D',(#324));
#326=IFCPRODUCTDEFINITIONSHAPE($,$,(#325));
#327=IFCCARTESIANPOINT((0.,0.,0.));
#328=IFCAXIS2PLACEMENT3D(#327,#8,#9);
#329=IFCLOCALPLACEMENT(#23,#328);
#330=IFCCOLUMN('3sQ8LpcnX3sh60HEDS7d98',$,'COL-029','HEA 200',$,#329,#326,'COL-029',$);
#331=IFCRELASSOCIATESMATERIAL('3VzJHNgEPAC8lPs7t9GlFf',$,$,$,(#330),#40);
#332=IFCCARTESIANPOINT((45500.,5500.,0.));
#333=IFCCARTESIANPOINT((45500.,5500.,11700.));
#334=IFCPOLYLINE((#332,#333));
#335=IFCSHAPEREPRESENTATION(#12,'Axis','Curve3D',(#334));
#336=IFCPRODUCTDEFINITIONSHAPE($,$,(#335));
#337=IFCCARTESIANPOINT((0.,0.,0.));
#338=IFCAXIS2PLACEMENT3D(#337,#8,#9);
#339=IFCLOCALPLACEMENT(#23,#338);
#340=IFCCOLUMN('2PZIlPxffEmwkh5DXpAIzA',$,'COL-030','HEA 300',$,#339,#336,'COL-030',$);
#341=IFCRELASSOCIATESMATERIAL('2fFLydWA14aBi7K0NlBhVP',$,$,$,(#340),#40);
#342=IFCCARTESIANPOINT((45500.,10170.,0.));
#343=IFCCARTESIANPOINT((45500.,10170.,11700.));
#344=IFCPOLYLINE((#342,#343));
#345=IFCSHAPEREPRESENTATION(#12,'Axis','Curve3D',(#344));
#346=IFCPRODUCTDEFINITIONSHAPE($,$,(#345));
#347=IFCCARTESIANPOINT((0.,0.,0.));
#348=IFCAXIS2PLACEMENT3D(#347,#8,#9);
#349=IFCLOCALPLACEMENT(#23,#348);
#350=IFCCOLUMN('1Z8hD_DeX7p934qvbBX$ww',$,'COL-031','HEA 340',$,#349,#346,'COL-031',$);
#351=IFCRELASSOCIATESMATERIAL('0wRNVAxXzFFgz6L0qqexWK',$,$,$,(#350),#40);
#352=IFCCARTESIANPOINT((45500.,14840.,0.));
#353=IFCCARTESIANPOINT((45500.,14840.,11700.));
#354=IFCPOLYLINE((#352,#353));
#355=IFCSHAPEREPRESENTATION(#12,'Axis','Curve3D',(#354));
#356=IFCPRODUCTDEFINITIONSHAPE($,$,(#355));
#357=IFCCARTESIANPOINT((0.,0.,0.));
#358=IFCAXIS2PLACEMENT3D(#357,#8,#9);
#359=IFCLOCALPLACEMENT(#23,#358);
#360=IFCCOLUMN('1ofW07AYfEmPquDKw21oUf',$,'COL-032','HEA 340',$,#359,#356,'COL-032',$);
#361=IFCRELASSOCIATESMATERIAL('0bPZdPrL50EuzEaZ70S79V',$,$,$,(#360),#40);
#362=IFCCARTESIANPOINT((45500.,19510.,0.));
#363=IFCCARTESIANPOINT((45500.,19510.,11700.));
#364=IFCPOLYLINE((#362,#363));
#365=IFCSHAPEREPRESENTATION(#12,'Axis','Curve3D',(#364));
#366=IFCPRODUCTDEFINITIONSHAPE($,$,(#365));
#367=IFCCARTESIANPOINT((0.,0.,0.));
#368=IFCAXIS2PLACEMENT3D(#367,#8,#9);
#369=IFCLOCALPLACEMENT(#23,#368);
#370=IFCCOLUMN('0Veb7Rgc97FALx_xUGpJCQ',$,'COL-033','HEA 300',$,#369,#366,'COL-033',$);
#371=IFCRELASSOCIATESMATERIAL('1vJxQ0Q7fCSefCI9LN31n8',$,$,$,(#370),#40);
#372=IFCCARTESIANPOINT((45500.,0.,0.));
#373=IFCCARTESIANPOINT((45500.,0.,4100.));
#374=IFCPOLYLINE((#372,#373));
#375=IFCSHAPEREPRESENTATION(#12,'Axis','Curve3D',(#374));
#376=IFCPRODUCTDEFINITIONSHAPE($,$,(#375));
#377=IFCCARTESIANPOINT((0.,0.,0.));
#378=IFCAXIS2PLACEMENT3D(#377,#8,#9);
#379=IFCLOCALPLACEMENT(#23,#378);
#380=IFCCOLUMN('2SrMcq6ubDHRfRxzkJ0nu_',$,'COL-034','HEA 200',$,#379,#376,'COL-034',$);
#381=IFCRELASSOCIATESMATERIAL('3mJyna5s18JQJ1gbRSSrFm',$,$,$,(#380),#40);
#382=IFCCARTESIANPOINT((52000.,5500.,0.));
#383=IFCCARTESIANPOINT((52000.,5500.,11700.));
#384=IFCPOLYLINE((#382,#383));
#385=IFCSHAPEREPRESENTATION(#12,'Axis','Curve3D',(#384));
#386=IFCPRODUCTDEFINITIONSHAPE($,$,(#385));
#387=IFCCARTESIANPOINT((0.,0.,0.));
#388=IFCAXIS2PLACEMENT3D(#387,#8,#9);
#389=IFCLOCALPLACEMENT(#23,#388);
#390=IFCCOLUMN('3ZkLR1cyr9Heyccd7fYz1v',$,'COL-035','HEA 300',$,#389,#386,'COL-035',$);
#391=IFCRELASSOCIATESMATERIAL('35mZEUQvD9fwVjXU_3jZuR',$,$,$,(#390),#40);
#392=IFCCARTESIANPOINT((52000.,10170.,0.));
#393=IFCCARTESIANPOINT((52000.,10170.,11700.));
#394=IFCPOLYLINE((#392,#393));
#395=IFCSHAPEREPRESENTATION(#12,'Axis','Curve3D',(#394));
#396=IFCPRODUCTDEFINITIONSHAPE($,$,(#395));
#397=IFCCARTESIANPOINT((0.,0.,0.));
#398=IFCAXIS2PLACEMENT3D(#397,#8,#9);
#399=IFCLOCALPLACEMENT(#23,#398);
#400=IFCCOLUMN('3kyI47_x1AtelLgrpSWkY4',$,'COL-036','HEA 340',$,#399,#396,'COL-036',$);
#401=IFCRELASSOCIATESMATERIAL('3u5qE6ZrP9v84eDBsv9fz3',$,$,$,(#400),#40);
#402=IFCCARTESIANPOINT((52000.,14840.,0.));
#403=IFCCARTESIANPOINT((52000.,14840.,11700.));
#404=IFCPOLYLINE((#402,#403));
#405=IFCSHAPEREPRESENTATION(#12,'Axis','Curve3D',(#404));
#406=IFCPRODUCTDEFINITIONSHAPE($,$,(#405));
#407=IFCCARTESIANPOINT((0.,0.,0.));
#408=IFCAXIS2PLACEMENT3D(#407,#8,#9);
#409=IFCLOCALPLACEMENT(#23,#408);
#410=IFCCOLUMN('3lDeu6$gvCXQw7b9BrdEvH',$,'COL-037','HEA 340',$,#409,#406,'COL-037',$);
#411=IFCRELASSOCIATESMATERIAL('28yqdMzLL40eYVivrCjsGo',$,$,$,(#410),#40);
#412=IFCCARTESIANPOINT((52000.,19510.,0.));
#413=IFCCARTESIANPOINT((52000.,19510.,11700.));
#414=IFCPOLYLINE((#412,#413));
#415=IFCSHAPEREPRESENTATION(#12,'Axis','Curve3D',(#414));
#416=IFCPRODUCTDEFINITIONSHAPE($,$,(#415));
#417=IFCCARTESIANPOINT((0.,0.,0.));
#418=IFCAXIS2PLACEMENT3D(#417,#8,#9);
#419=IFCLOCALPLACEMENT(#23,#418);
#420=IFCCOLUMN('0oLAaQdfXCQ8JwhhUYoHT0',$,'COL-038','HEA 300',$,#419,#416,'COL-038',$);
#421=IFCRELASSOCIATESMATERIAL('0FHgl005r9$PZvXfgC1uq6',$,$,$,(#420),#40);
#422=IFCCARTESIANPOINT((52000.,0.,0.));
#423=IFCCARTESIANPOINT((52000.,0.,4100.));
#424=IFCPOLYLINE((#422,#423));
#425=IFCSHAPEREPRESENTATION(#12,'Axis','Curve3D',(#424));
#426=IFCPRODUCTDEFINITIONSHAPE($,$,(#425));
#427=IFCCARTESIANPOINT((0.,0.,0.));
#428=IFCAXIS2PLACEMENT3D(#427,#8,#9);
#429=IFCLOCALPLACEMENT(#23,#428);
#430=IFCCOLUMN('3D5Qphi5nAfOaf6hTEPl5J',$,'COL-039','HEA 200',$,#429,#426,'COL-039',$);
#431=IFCRELASSOCIATESMATERIAL('10HM0UBjj1IvUJXrQA$ADL',$,$,$,(#430),#40);
#432=IFCCARTESIANPOINT((56050.,5500.,0.));
#433=IFCCARTESIANPOINT((56050.,5500.,11700.));
#434=IFCPOLYLINE((#432,#433));
#435=IFCSHAPEREPRESENTATION(#12,'Axis','Curve3D',(#434));
#436=IFCPRODUCTDEFINITIONSHAPE($,$,(#435));
#437=IFCCARTESIANPOINT((0.,0.,0.));
#438=IFCAXIS2PLACEMENT3D(#437,#8,#9);
#439=IFCLOCALPLACEMENT(#23,#438);
#440=IFCCOLUMN('1G6D8QGOv4Wf6kFXfYjzUm',$,'COL-040','HEA 260',$,#439,#436,'COL-040',$);
#441=IFCRELASSOCIATESMATERIAL('3NSwZuZ65AbQ4ox63qEDR4',$,$,$,(#440),#40);
#442=IFCCARTESIANPOINT((56050.,10170.,0.));
#443=IFCCARTESIANPOINT((56050.,10170.,11700.));
#444=IFCPOLYLINE((#442,#443));
#445=IFCSHAPEREPRESENTATION(#12,'Axis','Curve3D',(#444));
#446=IFCPRODUCTDEFINITIONSHAPE($,$,(#445));
#447=IFCCARTESIANPOINT((0.,0.,0.));
#448=IFCAXIS2PLACEMENT3D(#447,#8,#9);
#449=IFCLOCALPLACEMENT(#23,#448);
#450=IFCCOLUMN('0iYB04aZn41wbNdy5Y5Yn2',$,'COL-041','HEA 300',$,#449,#446,'COL-041',$);
#451=IFCRELASSOCIATESMATERIAL('3TCERmerPAARnNFicHE_ET',$,$,$,(#450),#40);
#452=IFCCARTESIANPOINT((56050.,14840.,0.));
#453=IFCCARTESIANPOINT((56050.,14840.,11700.));
#454=IFCPOLYLINE((#452,#453));
#455=IFCSHAPEREPRESENTATION(#12,'Axis','Curve3D',(#454));
#456=IFCPRODUCTDEFINITIONSHAPE($,$,(#455));
#457=IFCCARTESIANPOINT((0.,0.,0.));
#458=IFCAXIS2PLACEMENT3D(#457,#8,#9);
#459=IFCLOCALPLACEMENT(#23,#458);
#460=IFCCOLUMN('02SZsEJU5DNw5k03WGmzIG',$,'COL-042','HEA 300',$,#459,#456,'COL-042',$);
#461=IFCRELASSOCIATESMATERIAL('2yQzZ6zMn8tu7DtlCRKtNP',$,$,$,(#460),#40);
#462=IFCCARTESIANPOINT((56050.,19510.,0.));
#463=IFCCARTESIANPOINT((56050.,19510.,11700.));
#464=IFCPOLYLINE((#462,#463));
#465=IFCSHAPEREPRESENTATION(#12,'Axis','Curve3D',(#464));
#466=IFCPRODUCTDEFINITIONSHAPE($,$,(#465));
#467=IFCCARTESIANPOINT((0.,0.,0.));
#468=IFCAXIS2PLACEMENT3D(#467,#8,#9);
#469=IFCLOCALPLACEMENT(#23,#468);
#470=IFCCOLUMN('3ophSfXF52CASc2kPiIEzE',$,'COL-043','HEA 260',$,#469,#466,'COL-043',$);
#471=IFCRELASSOCIATESMATERIAL('0y7$6uyFHDgudOaWrmVZLQ',$,$,$,(#470),#40);
#472=IFCCARTESIANPOINT((56050.,0.,0.));
#473=IFCCARTESIANPOINT((56050.,0.,4100.));
#474=IFCPOLYLINE((#472,#473));
#475=IFCSHAPEREPRESENTATION(#12,'Axis','Curve3D',(#474));
#476=IFCPRODUCTDEFINITIONSHAPE($,$,(#475));
#477=IFCCARTESIANPOINT((0.,0.,0.));
#478=IFCAXIS2PLACEMENT3D(#477,#8,#9);
#479=IFCLOCALPLACEMENT(#23,#478);
#480=IFCCOLUMN('1wNr85RPzEVhbO9a3hsIXY',$,'COL-044','HEA 200',$,#479,#476,'COL-044',$);
#481=IFCRELASSOCIATESMATERIAL('3jpWOc6OzAbODmcG3UONYg',$,$,$,(#480),#40);
#482=IFCCARTESIANPOINT((62550.,5500.,0.));
#483=IFCCARTESIANPOINT((62550.,5500.,11700.));
#484=IFCPOLYLINE((#482,#483));
#485=IFCSHAPEREPRESENTATION(#12,'Axis','Curve3D',(#484));
#486=IFCPRODUCTDEFINITIONSHAPE($,$,(#485));
#487=IFCCARTESIANPOINT((0.,0.,0.));
#488=IFCAXIS2PLACEMENT3D(#487,#8,#9);
#489=IFCLOCALPLACEMENT(#23,#488);
#490=IFCCOLUMN('2dsVkB8oD5cu$fw7$Llw1U',$,'COL-045','HEA 260',$,#489,#486,'COL-045',$);
#491=IFCRELASSOCIATESMATERIAL('1Cdl52hirB_8B37Oo5Ed9r',$,$,$,(#490),#40);
#492=IFCCARTESIANPOINT((62550.,10170.,0.));
#493=IFCCARTESIANPOINT((62550.,10170.,11700.));
#494=IFCPOLYLINE((#492,#493));
#495=IFCSHAPEREPRESENTATION(#12,'Axis','Curve3D',(#494));
#496=IFCPRODUCTDEFINITIONSHAPE($,$,(#495));
#497=IFCCARTESIANPOINT((0.,0.,0.));
#498=IFCAXIS2PLACEMENT3D(#497,#8,#9);
#499=IFCLOCALPLACEMENT(#23,#498);
#500=IFCCOLUMN('1fwrEwKW95UArRxy_w5BJm',$,'COL-046','HEA 300',$,#499,#496,'COL-046',$);
#501=IFCRELASSOCIATESMATERIAL('2fF60f7vb6MQq4Gs2Yxyo5',$,$,$,(#500),#40);
#502=IFCCARTESIANPOINT((62550.,14840.,0.));
#503=IFCCARTESIANPOINT((62550.,14840.,11700.));
#504=IFCPOLYLINE((#502,#503));
#505=IFCSHAPEREPRESENTATION(#12,'Axis','Curve3D',(#504));
#506=IFCPRODUCTDEFINITIONSHAPE($,$,(#505));
#507=IFCCARTESIANPOINT((0.,0.,0.));
#508=IFCAXIS2PLACEMENT3D(#507,#8,#9);
#509=IFCLOCALPLACEMENT(#23,#508);
#510=IFCCOLUMN('0tkb_Pn$T4P8zsPCk3ARpW',$,'COL-047','HEA 300',$,#509,#506,'COL-047',$);
#511=IFCRELASSOCIATESMATERIAL('1k8r9YbnvCcedRo5SdSiz4',$,$,$,(#510),#40);
#512=IFCCARTESIANPOINT((62550.,19510.,0.));
#513=IFCCARTESIANPOINT((62550.,19510.,11700.));
#514=IFCPOLYLINE((#512,#513));
#515=IFCSHAPEREPRESENTATION(#12,'Axis','Curve3D',(#514));
#516=IFCPRODUCTDEFINITIONSHAPE($,$,(#515));
#517=IFCCARTESIANPOINT((0.,0.,0.));
#518=IFCAXIS2PLACEMENT3D(#517,#8,#9);
#519=IFCLOCALPLACEMENT(#23,#518);
#520=IFCCOLUMN('20_w6Eb79CngmVHwV0diP1',$,'COL-048','HEA 260',$,#519,#516,'COL-048',$);
#521=IFCRELASSOCIATESMATERIAL('2JQU6z4vL7pgo9Pt0Wco_4',$,$,$,(#520),#40);
#522=IFCCARTESIANPOINT((62550.,0.,0.));
#523=IFCCARTESIANPOINT((62550.,0.,4100.));
#524=IFCPOLYLINE((#522,#523));
#525=IFCSHAPEREPRESENTATION(#12,'Axis','Curve3D',(#524));
#526=IFCPRODUCTDEFINITIONSHAPE($,$,(#525));
#527=IFCCARTESIANPOINT((0.,0.,0.));
#528=IFCAXIS2PLACEMENT3D(#527,#8,#9);
#529=IFCLOCALPLACEMENT(#23,#528);
#530=IFCCOLUMN('3snA0CyHfAofd1bfXVGXcA',$,'COL-049','HEA 200',$,#529,#526,'COL-049',$);
#531=IFCRELASSOCIATESMATERIAL('0PrG4mfQT3MOL1Bmy9XQkw',$,$,$,(#530),#40);
#532=IFCCARTESIANPOINT((69050.,5500.,0.));
#533=IFCCARTESIANPOINT((69050.,5500.,11700.));
#534=IFCPOLYLINE((#532,#533));
#535=IFCSHAPEREPRESENTATION(#12,'Axis','Curve3D',(#534));
#536=IFCPRODUCTDEFINITIONSHAPE($,$,(#535));
#537=IFCCARTESIANPOINT((0.,0.,0.));
#538=IFCAXIS2PLACEMENT3D(#537,#8,#9);
#539=IFCLOCALPLACEMENT(#23,#538);
#540=IFCCOLUMN('2zZ4iDldf9kv9b5h6on8Ku',$,'COL-050','HEA 260',$,#539,#536,'COL-050',$);
#541=IFCRELASSOCIATESMATERIAL('16h8fktu96ZOEkigy1M_U3',$,$,$,(#540),#40);
#542=IFCCARTESIANPOINT((69050.,10170.,0.));
#543=IFCCARTESIANPOINT((69050.,10170.,11700.));
#544=IFCPOLYLINE((#542,#543));
#545=IFCSHAPEREPRESENTATION(#12,'Axis','Curve3D',(#544));
#546=IFCPRODUCTDEFINITIONSHAPE($,$,(#545));
#547=IFCCARTESIANPOINT((0.,0.,0.));
#548=IFCAXIS2PLACEMENT3D(#547,#8,#9);
#549=IFCLOCALPLACEMENT(#23,#548);
#550=IFCCOLUMN('1BBpFF8CH1qPnAik5$vxMX',$,'COL-051','HEA 300',$,#549,#546,'COL-051',$);
#551=IFCRELASSOCIATESMATERIAL('2NrnIHp0XCrv6Jp2xa7vEt',$,$,$,(#550),#40);
#552=IFCCARTESIANPOINT((69050.,14840.,0.));
#553=IFCCARTESIANPOINT((69050.,14840.,11700.));
#554=IFCPOLYLINE((#552,#553));
#555=IFCSHAPEREPRESENTATION(#12,'Axis','Curve3D',(#554));
#556=IFCPRODUCTDEFINITIONSHAPE($,$,(#555));
#557=IFCCARTESIANPOINT((0.,0.,0.));
#558=IFCAXIS2PLACEMENT3D(#557,#8,#9);
#559=IFCLOCALPLACEMENT(#23,#558);
#560=IFCCOLUMN('13TdoRBd12F8UjSiFyB3aZ',$,'COL-052','HEA 300',$,#559,#556,'COL-052',$);
#561=IFCRELASSOCIATESMATERIAL('3u80XO2Zb86hfF0YElKoY3',$,$,$,(#560),#40);
#562=IFCCARTESIANPOINT((69050.,19510.,0.));
#563=IFCCARTESIANPOINT((69050.,19510.,11700.));
#564=IFCPOLYLINE((#562,#563));
#565=IFCSHAPEREPRESENTATION(#12,'Axis','Curve3D',(#564));
#566=IFCPRODUCTDEFINITIONSHAPE($,$,(#565));
#567=IFCCARTESIANPOINT((0.,0.,0.));
#568=IFCAXIS2PLACEMENT3D(#567,#8,#9);
#569=IFCLOCALPLACEMENT(#23,#568);
#570=IFCCOLUMN('3pJ2xxQcf6jRWhtbuSEB6o',$,'COL-053','HEA 260',$,#569,#566,'COL-053',$);
#571=IFCRELASSOCIATESMATERIAL('073CtIq5r4sRerhdUGCFWC',$,$,$,(#570),#40);
#572=IFCCARTESIANPOINT((69050.,0.,0.));
#573=IFCCARTESIANPOINT((69050.,0.,4100.));
#574=IFCPOLYLINE((#572,#573));
#575=IFCSHAPEREPRESENTATION(#12,'Axis','Curve3D',(#574));
#576=IFCPRODUCTDEFINITIONSHAPE($,$,(#575));
#577=IFCCARTESIANPOINT((0.,0.,0.));
#578=IFCAXIS2PLACEMENT3D(#577,#8,#9);
#579=IFCLOCALPLACEMENT(#23,#578);
#580=IFCCOLUMN('18mneCF013G8oVoweSMs6n',$,'COL-054','HEA 200',$,#579,#576,'COL-054',$);
#581=IFCRELASSOCIATESMATERIAL('2UTPxTpzf9Ww9z0TZJUMLI',$,$,$,(#580),#40);
#582=IFCCARTESIANPOINT((75550.,5500.,0.));
#583=IFCCARTESIANPOINT((75550.,5500.,11700.));
#584=IFCPOLYLINE((#582,#583));
#585=IFCSHAPEREPRESENTATION(#12,'Axis','Curve3D',(#584));
#586=IFCPRODUCTDEFINITIONSHAPE($,$,(#585));
#587=IFCCARTESIANPOINT((0.,0.,0.));
#588=IFCAXIS2PLACEMENT3D(#587,#8,#9);
#589=IFCLOCALPLACEMENT(#23,#588);
#590=IFCCOLUMN('2yoheEr018jfoOBYEhnmr_',$,'COL-055','HEA 260',$,#589,#586,'COL-055',$);
#591=IFCRELASSOCIATESMATERIAL('3EHmz36C16pvQOxEfijFAc',$,$,$,(#590),#40);
#592=IFCCARTESIANPOINT((75550.,10170.,0.));
#593=IFCCARTESIANPOINT((75550.,10170.,11700.));
#594=IFCPOLYLINE((#592,#593));
#595=IFCSHAPEREPRESENTATION(#12,'Axis','Curve3D',(#594));
#596=IFCPRODUCTDEFINITIONSHAPE($,$,(#595));
#597=IFCCARTESIANPOINT((0.,0.,0.));
#598=IFCAXIS2PLACEMENT3D(#597,#8,#9);
#599=IFCLOCALPLACEMENT(#23,#598);
#600=IFCCOLUMN('0FJ8gvC894iPNrO7C7mCd8',$,'COL-056','HEA 300',$,#599,#596,'COL-056',$);
#601=IFCRELASSOCIATESMATERIAL('2puIyxEgDF3PksaHnawXmd',$,$,$,(#600),#40);
#602=IFCCARTESIANPOINT((75550.,14840.,0.));
#603=IFCCARTESIANPOINT((75550.,14840.,11700.));
#604=IFCPOLYLINE((#602,#603));
#605=IFCSHAPEREPRESENTATION(#12,'Axis','Curve3D',(#604));
#606=IFCPRODUCTDEFINITIONSHAPE($,$,(#605));
#607=IFCCARTESIANPOINT((0.,0.,0.));
#608=IFCAXIS2PLACEMENT3D(#607,#8,#9);
#609=IFCLOCALPLACEMENT(#23,#608);
#610=IFCCOLUMN('1Nbix2bj14YQm3uONmdK3f',$,'COL-057','HEA 300',$,#609,#606,'COL-057',$);
#611=IFCRELASSOCIATESMATERIAL('0xXOk$6qX4LR9b5XY6Q9or',$,$,$,(#610),#40);
#612=IFCCARTESIANPOINT((75550.,19510.,0.));
#613=IFCCARTESIANPOINT((75550.,19510.,11700.));
#614=IFCPOLYLINE((#612,#613));
#615=IFCSHAPEREPRESENTATION(#12,'Axis','Curve3D',(#614));
#616=IFCPRODUCTDEFINITIONSHAPE($,$,(#615));
#617=IFCCARTESIANPOINT((0.,0.,0.));
#618=IFCAXIS2PLACEMENT3D(#617,#8,#9);
#619=IFCLOCALPLACEMENT(#23,#618);
#620=IFCCOLUMN('1LNO40vJnFKPLsVM1L4jAU',$,'COL-058','HEA 260',$,#619,#616,'COL-058',$);
#621=IFCRELASSOCIATESMATERIAL('0pUhssq0jFivdwxErm6Qm7',$,$,$,(#620),#40);
#622=IFCCARTESIANPOINT((75550.,0.,0.));
#623=IFCCARTESIANPOINT((75550.,0.,4100.));
#624=IFCPOLYLINE((#622,#623));
#625=IFCSHAPEREPRESENTATION(#12,'Axis','Curve3D',(#624));
#626=IFCPRODUCTDEFINITIONSHAPE($,$,(#625));
#627=IFCCARTESIANPOINT((0.,0.,0.));
#628=IFCAXIS2PLACEMENT3D(#627,#8,#9);
#629=IFCLOCALPLACEMENT(#23,#628);
#630=IFCCOLUMN('2MMmwUKgf4DBCBwHTOFTk4',$,'COL-059','HEA 200',$,#629,#626,'COL-059',$);
#631=IFCRELASSOCIATESMATERIAL('1UpyfyqvTC0w0SE_QUSAMD',$,$,$,(#630),#40);
#632=IFCCARTESIANPOINT((82050.,5500.,0.));
#633=IFCCARTESIANPOINT((82050.,5500.,11700.));
#634=IFCPOLYLINE((#632,#633));
#635=IFCSHAPEREPRESENTATION(#12,'Axis','Curve3D',(#634));
#636=IFCPRODUCTDEFINITIONSHAPE($,$,(#635));
#637=IFCCARTESIANPOINT((0.,0.,0.));
#638=IFCAXIS2PLACEMENT3D(#637,#8,#9);
#639=IFCLOCALPLACEMENT(#23,#638);
#640=IFCCOLUMN('10eh9fWaD77ebNv47kCcms',$,'COL-060','HEA 260',$,#639,#636,'COL-060',$);
#641=IFCRELASSOCIATESMATERIAL('16N0HMS$zE58X$1_jmHmsc',$,$,$,(#640),#40);
#642=IFCCARTESIANPOINT((82050.,10170.,0.));
#643=IFCCARTESIANPOINT((82050.,10170.,11700.));
#644=IFCPOLYLINE((#642,#643));
#645=IFCSHAPEREPRESENTATION(#12,'Axis','Curve3D',(#644));
#646=IFCPRODUCTDEFINITIONSHAPE($,$,(#645));
#647=IFCCARTESIANPOINT((0.,0.,0.));
#648=IFCAXIS2PLACEMENT3D(#647,#8,#9);
#649=IFCLOCALPLACEMENT(#23,#648);
#650=IFCCOLUMN('1cNgBXswX5OuAqha96LSgo',$,'COL-061','HEA 300',$,#649,#646,'COL-061',$);
#651=IFCRELASSOCIATESMATERIAL('0Z7m3aQurBeOyn1ih1kqrV',$,$,$,(#650),#40);
#652=IFCCARTESIANPOINT((82050.,14840.,0.));
#653=IFCCARTESIANPOINT((82050.,14840.,11700.));
#654=IFCPOLYLINE((#652,#653));
#655=IFCSHAPEREPRESENTATION(#12,'Axis','Curve3D',(#654));
#656=IFCPRODUCTDEFINITIONSHAPE($,$,(#655));
#657=IFCCARTESIANPOINT((0.,0.,0.));
#658=IFCAXIS2PLACEMENT3D(#657,#8,#9);
#659=IFCLOCALPLACEMENT(#23,#658);
#660=IFCCOLUMN('0nUm1Ji9jBDObhNaVdsfTh',$,'COL-062','HEA 300',$,#659,#656,'COL-062',$);
#661=IFCRELASSOCIATESMATERIAL('28FkYg3HXFef1VJn8Orhnn',$,$,$,(#660),#40);
#662=IFCCARTESIANPOINT((82050.,19510.,0.));
#663=IFCCARTESIANPOINT((82050.,19510.,11700.));
#664=IFCPOLYLINE((#662,#663));
#665=IFCSHAPEREPRESENTATION(#12,'Axis','Curve3D',(#664));
#666=IFCPRODUCTDEFINITIONSHAPE($,$,(#665));
#667=IFCCARTESIANPOINT((0.,0.,0.));
#668=IFCAXIS2PLACEMENT3D(#667,#8,#9);
#669=IFCLOCALPLACEMENT(#23,#668);
#670=IFCCOLUMN('3vL2udPbfE_Q0R09sWM6h1',$,'COL-063','HEA 260',$,#669,#666,'COL-063',$);
#671=IFCRELASSOCIATESMATERIAL('3FksZ7Mq1DAvACLoH1mnRs',$,$,$,(#670),#40);
#672=IFCCARTESIANPOINT((82050.,0.,0.));
#673=IFCCARTESIANPOINT((82050.,0.,4100.));
#674=IFCPOLYLINE((#672,#673));
#675=IFCSHAPEREPRESENTATION(#12,'Axis','Curve3D',(#674));
#676=IFCPRODUCTDEFINITIONSHAPE($,$,(#675));
#677=IFCCARTESIANPOINT((0.,0.,0.));
#678=IFCAXIS2PLACEMENT3D(#677,#8,#9);
#679=IFCLOCALPLACEMENT(#23,#678);
#680=IFCCOLUMN('09o51pWE51W88CO6DpiNBo',$,'COL-064','HEA 200',$,#679,#676,'COL-064',$);
#681=IFCRELASSOCIATESMATERIAL('1vJZ8EytXAYAeCRoRs8UdS',$,$,$,(#680),#40);
#682=IFCCARTESIANPOINT((88550.,5500.,0.));
#683=IFCCARTESIANPOINT((88550.,5500.,11700.));
#684=IFCPOLYLINE((#682,#683));
#685=IFCSHAPEREPRESENTATION(#12,'Axis','Curve3D',(#684));
#686=IFCPRODUCTDEFINITIONSHAPE($,$,(#685));
#687=IFCCARTESIANPOINT((0.,0.,0.));
#688=IFCAXIS2PLACEMENT3D(#687,#8,#9);
#689=IFCLOCALPLACEMENT(#23,#688);
#690=IFCCOLUMN('34jYZUgl18I9qJ5ZjwdnA8',$,'COL-065','HEA 260',$,#689,#686,'COL-065',$);
#691=IFCRELASSOCIATESMATERIAL('1BjPC_P_f5v99rWWf9dPtl',$,$,$,(#690),#40);
#692=IFCCARTESIANPOINT((88550.,10170.,0.));
#693=IFCCARTESIANPOINT((88550.,10170.,11700.));
#694=IFCPOLYLINE((#692,#693));
#695=IFCSHAPEREPRESENTATION(#12,'Axis','Curve3D',(#694));
#696=IFCPRODUCTDEFINITIONSHAPE($,$,(#695));
#697=IFCCARTESIANPOINT((0.,0.,0.));
#698=IFCAXIS2PLACEMENT3D(#697,#8,#9);
#699=IFCLOCALPLACEMENT(#23,#698);
#700=IFCCOLUMN('0R93GD6JX9tvG9kfbDDoXy',$,'COL-066','HEA 300',$,#699,#696,'COL-066',$);
#701=IFCRELASSOCIATESMATERIAL('3nqt7bOB52YudpI6GouNmh',$,$,$,(#700),#40);
#702=IFCCARTESIANPOINT((88550.,14840.,0.));
#703=IFCCARTESIANPOINT((88550.,14840.,11700.));
#704=IFCPOLYLINE((#702,#703));
#705=IFCSHAPEREPRESENTATION(#12,'Axis','Curve3D',(#704));
#706=IFCPRODUCTDEFINITIONSHAPE($,$,(#705));
#707=IFCCARTESIANPOINT((0.,0.,0.));
#708=IFCAXIS2PLACEMENT3D(#707,#8,#9);
#709=IFCLOCALPLACEMENT(#23,#708);
#710=IFCCOLUMN('1arWWxZXH2_89CE$$ImTmD',$,'COL-067','HEA 300',$,#709,#706,'COL-067',$);
#711=IFCRELASSOCIATESMATERIAL('1l3t6IrMLEwAPsqj$MGwGo',$,$,$,(#710),#40);
#712=IFCCARTESIANPOINT((88550.,19510.,0.));
#713=IFCCARTESIANPOINT((88550.,19510.,11700.));
#714=IFCPOLYLINE((#712,#713));
#715=IFCSHAPEREPRESENTATION(#12,'Axis','Curve3D',(#714));
#716=IFCPRODUCTDEFINITIONSHAPE($,$,(#715));
#717=IFCCARTESIANPOINT((0.,0.,0.));
#718=IFCAXIS2PLACEMENT3D(#717,#8,#9);
#719=IFCLOCALPLACEMENT(#23,#718);
#720=IFCCOLUMN('3kuqEd$SDBIA8Z4GcLFQtq',$,'COL-068','HEA 260',$,#719,#716,'COL-068',$);
#721=IFCRELASSOCIATESMATERIAL('0gdS660lT6fA_rDRC8ciqQ',$,$,$,(#720),#40);
#722=IFCCARTESIANPOINT((88550.,0.,0.));
#723=IFCCARTESIANPOINT((88550.,0.,4100.));
#724=IFCPOLYLINE((#722,#723));
#725=IFCSHAPEREPRESENTATION(#12,'Axis','Curve3D',(#724));
#726=IFCPRODUCTDEFINITIONSHAPE($,$,(#725));
#727=IFCCARTESIANPOINT((0.,0.,0.));
#728=IFCAXIS2PLACEMENT3D(#727,#8,#9);
#729=IFCLOCALPLACEMENT(#23,#728);
#730=IFCCOLUMN('2uH900ONX4TOMk_kXCbHim',$,'COL-069','HEA 200',$,#729,#726,'COL-069',$);
#731=IFCRELASSOCIATESMATERIAL('2jA5$iGND3uAKFJj3pmP5r',$,$,$,(#730),#40);
#732=IFCCARTESIANPOINT((92600.,5500.,0.));
#733=IFCCARTESIANPOINT((92600.,5500.,11700.));
#734=IFCPOLYLINE((#732,#733));
#735=IFCSHAPEREPRESENTATION(#12,'Axis','Curve3D',(#734));
#736=IFCPRODUCTDEFINITIONSHAPE($,$,(#735));
#737=IFCCARTESIANPOINT((0.,0.,0.));
#738=IFCAXIS2PLACEMENT3D(#737,#8,#9);
#739=IFCLOCALPLACEMENT(#23,#738);
#740=IFCCOLUMN('0MfYkXwSz8S8FeKgeAohUI',$,'COL-070','HEA 280',$,#739,#736,'COL-070',$);
#741=IFCRELASSOCIATESMATERIAL('1NhWz_Rl55nvnRGbg2LTA8',$,$,$,(#740),#40);
#742=IFCCARTESIANPOINT((92600.,10170.,0.));
#743=IFCCARTESIANPOINT((92600.,10170.,11700.));
#744=IFCPOLYLINE((#742,#743));
#745=IFCSHAPEREPRESENTATION(#12,'Axis','Curve3D',(#744));
#746=IFCPRODUCTDEFINITIONSHAPE($,$,(#745));
#747=IFCCARTESIANPOINT((0.,0.,0.));
#748=IFCAXIS2PLACEMENT3D(#747,#8,#9);
#749=IFCLOCALPLACEMENT(#23,#748);
#750=IFCCOLUMN('3h9pf86YDA8wMT5AWaGAbj',$,'COL-071','HEA 280',$,#749,#746,'COL-071',$);
#751=IFCRELASSOCIATESMATERIAL('04Cu4qmEr92h1XiO5qLc9K',$,$,$,(#750),#40);
#752=IFCCARTESIANPOINT((92600.,14840.,0.));
#753=IFCCARTESIANPOINT((92600.,14840.,11700.));
#754=IFCPOLYLINE((#752,#753));
#755=IFCSHAPEREPRESENTATION(#12,'Axis','Curve3D',(#754));
#756=IFCPRODUCTDEFINITIONSHAPE($,$,(#755));
#757=IFCCARTESIANPOINT((0.,0.,0.));
#758=IFCAXIS2PLACEMENT3D(#757,#8,#9);
#759=IFCLOCALPLACEMENT(#23,#758);
#760=IFCCOLUMN('36hHJB$3f5gB9Il3WzGeHN',$,'COL-072','HEA 280',$,#759,#756,'COL-072',$);
#761=IFCRELASSOCIATESMATERIAL('15madbItH9rhWjBDWStQ5P',$,$,$,(#760),#40);
#762=IFCCARTESIANPOINT((92600.,19510.,0.));
#763=IFCCARTESIANPOINT((92600.,19510.,11700.));
#764=IFCPOLYLINE((#762,#763));
#765=IFCSHAPEREPRESENTATION(#12,'Axis','Curve3D',(#764));
#766=IFCPRODUCTDEFINITIONSHAPE($,$,(#765));
#767=IFCCARTESIANPOINT((0.,0.,0.));
#768=IFCAXIS2PLACEMENT3D(#767,#8,#9);
#769=IFCLOCALPLACEMENT(#23,#768);
#770=IFCCOLUMN('2An6scRRHAWBXMuYGfuIi1',$,'COL-073','HEA 280',$,#769,#766,'COL-073',$);
#771=IFCRELASSOCIATESMATERIAL('3aWY80JSbFx8Cg9TILJyzL',$,$,$,(#770),#40);
#772=IFCCARTESIANPOINT((92600.,0.,0.));
#773=IFCCARTESIANPOINT((92600.,0.,4100.));
#774=IFCPOLYLINE((#772,#773));
#775=IFCSHAPEREPRESENTATION(#12,'Axis','Curve3D',(#774));
#776=IFCPRODUCTDEFINITIONSHAPE($,$,(#775));
#777=IFCCARTESIANPOINT((0.,0.,0.));
#778=IFCAXIS2PLACEMENT3D(#777,#8,#9);
#779=IFCLOCALPLACEMENT(#23,#778);
#780=IFCCOLUMN('3OcTZ4pADFr9ykZ7RzosS1',$,'COL-074','HEA 200',$,#779,#776,'COL-074',$);
#781=IFCRELASSOCIATESMATERIAL('1n$jk4_aH34OEtvUWUMar_',$,$,$,(#780),#40);
#782=IFCCARTESIANPOINT((99100.,5500.,0.));
#783=IFCCARTESIANPOINT((99100.,5500.,11700.));
#784=IFCPOLYLINE((#782,#783));
#785=IFCSHAPEREPRESENTATION(#12,'Axis','Curve3D',(#784));
#786=IFCPRODUCTDEFINITIONSHAPE($,$,(#785));
#787=IFCCARTESIANPOINT((0.,0.,0.));
#788=IFCAXIS2PLACEMENT3D(#787,#8,#9);
#789=IFCLOCALPLACEMENT(#23,#788);
#790=IFCCOLUMN('27Hf3H$qf1Wu3S6f664eur',$,'COL-075','HEA 260',$,#789,#786,'COL-075',$);
#791=IFCRELASSOCIATESMATERIAL('3yHLuaqG5FLgqRjmDT6K6S',$,$,$,(#790),#40);
#792=IFCCARTESIANPOINT((99100.,10170.,0.));
#793=IFCCARTESIANPOINT((99100.,10170.,11700.));
#794=IFCPOLYLINE((#792,#793));
#795=IFCSHAPEREPRESENTATION(#12,'Axis','Curve3D',(#794));
#796=IFCPRODUCTDEFINITIONSHAPE($,$,(#795));
#797=IFCCARTESIANPOINT((0.,0.,0.));
#798=IFCAXIS2PLACEMENT3D(#797,#8,#9);
#799=IFCLOCALPLACEMENT(#23,#798);
#800=IFCCOLUMN('378YqYS9r2TuPpVqgXZbkq',$,'COL-076','HEA 300',$,#799,#796,'COL-076',$);
#801=IFCRELASSOCIATESMATERIAL('1$ADHc1JbAy9hgVsDU$l9Z',$,$,$,(#800),#40);
#802=IFCCARTESIANPOINT((99100.,14840.,0.));
#803=IFCCARTESIANPOINT((99100.,14840.,11700.));
#804=IFCPOLYLINE((#802,#803));
#805=IFCSHAPEREPRESENTATION(#12,'Axis','Curve3D',(#804));
#806=IFCPRODUCTDEFINITIONSHAPE($,$,(#805));
#807=IFCCARTESIANPOINT((0.,0.,0.));
#808=IFCAXIS2PLACEMENT3D(#807,#8,#9);
#809=IFCLOCALPLACEMENT(#23,#808);
#810=IFCCOLUMN('3Q2mtJQ_X3yfbPWp3r$8YH',$,'COL-077','HEA 300',$,#809,#806,'COL-077',$);
#811=IFCRELASSOCIATESMATERIAL('1vR4wRWmr4huqbROUyDGbC',$,$,$,(#810),#40);
#812=IFCCARTESIANPOINT((99100.,19510.,0.));
#813=IFCCARTESIANPOINT((99100.,19510.,11700.));
#814=IFCPOLYLINE((#812,#813));
#815=IFCSHAPEREPRESENTATION(#12,'Axis','Curve3D',(#814));
#816=IFCPRODUCTDEFINITIONSHAPE($,$,(#815));
#817=IFCCARTESIANPOINT((0.,0.,0.));
#818=IFCAXIS2PLACEMENT3D(#817,#8,#9);
#819=IFCLOCALPLACEMENT(#23,#818);
#820=IFCCOLUMN('1OzMf4Sp58Weo_i19XcPwQ',$,'COL-078','HEA 260',$,#819,#816,'COL-078',$);
#821=IFCRELASSOCIATESMATERIAL('0U8T7K29n7wviMz3H7M7rW',$,$,$,(#820),#40);
#822=IFCCARTESIANPOINT((99100.,0.,0.));
#823=IFCCARTESIANPOINT((99100.,0.,4100.));
#824=IFCPOLYLINE((#822,#823));
#825=IFCSHAPEREPRESENTATION(#12,'Axis','Curve3D',(#824));
#826=IFCPRODUCTDEFINITIONSHAPE($,$,(#825));
#827=IFCCARTESIANPOINT((0.,0.,0.));
#828=IFCAXIS2PLACEMENT3D(#827,#8,#9);
#829=IFCLOCALPLACEMENT(#23,#828);
#830=IFCCOLUMN('3VFCGHpuv27PfodEM3Y16s',$,'COL-079','HEA 200',$,#829,#826,'COL-079',$);
#831=IFCRELASSOCIATESMATERIAL('29EU_ebgLF8f03Fo8Xw0Yd',$,$,$,(#830),#40);
#832=IFCCARTESIANPOINT((105600.,5500.,0.));
#833=IFCCARTESIANPOINT((105600.,5500.,11700.));
#834=IFCPOLYLINE((#832,#833));
#835=IFCSHAPEREPRESENTATION(#12,'Axis','Curve3D',(#834));
#836=IFCPRODUCTDEFINITIONSHAPE($,$,(#835));
#837=IFCCARTESIANPOINT((0.,0.,0.));
#838=IFCAXIS2PLACEMENT3D(#837,#8,#9);
#839=IFCLOCALPLACEMENT(#23,#838);
#840=IFCCOLUMN('03GTRfNqX2qgSkwlo7K$M_',$,'COL-080','HEA 260',$,#839,#836,'COL-080',$);
#841=IFCRELASSOCIATESMATERIAL('2WD$H_AQ10QvxNqX157Nnc',$,$,$,(#840),#40);
#842=IFCCARTESIANPOINT((105600.,10170.,0.));
#843=IFCCARTESIANPOINT((105600.,10170.,11700.));
#844=IFCPOLYLINE((#842,#843));
#845=IFCSHAPEREPRESENTATION(#12,'Axis','Curve3D',(#844));
#846=IFCPRODUCTDEFINITIONSHAPE($,$,(#845));
#847=IFCCARTESIANPOINT((0.,0.,0.));
#848=IFCAXIS2PLACEMENT3D(#847,#8,#9);
#849=IFCLOCALPLACEMENT(#23,#848);
#850=IFCCOLUMN('1yeA5vjen1oeiAOYeIdZ9O',$,'COL-081','HEA 300',$,#849,#846,'COL-081',$);
#851=IFCRELASSOCIATESMATERIAL('3l9mhgakj5agOwoBz2aqOo',$,$,$,(#850),#40);
#852=IFCCARTESIANPOINT((105600.,14840.,0.));
#853=IFCCARTESIANPOINT((105600.,14840.,11700.));
#854=IFCPOLYLINE((#852,#853));
#855=IFCSHAPEREPRESENTATION(#12,'Axis','Curve3D',(#854));
#856=IFCPRODUCTDEFINITIONSHAPE($,$,(#855));
#857=IFCCARTESIANPOINT((0.,0.,0.));
#858=IFCAXIS2PLACEMENT3D(#857,#8,#9);
#859=IFCLOCALPLACEMENT(#23,#858);
#860=IFCCOLUMN('1NpBac0PL7bRyAyiK$dpVZ',$,'COL-082','HEA 300',$,#859,#856,'COL-082',$);
#861=IFCRELASSOCIATESMATERIAL('0uW4g1PUn3kA833JvNTze2',$,$,$,(#860),#40);
#862=IFCCARTESIANPOINT((105600.,19510.,0.));
#863=IFCCARTESIANPOINT((105600.,19510.,11700.));
#864=IFCPOLYLINE((#862,#863));
#865=IFCSHAPEREPRESENTATION(#12,'Axis','Curve3D',(#864));
#866=IFCPRODUCTDEFINITIONSHAPE($,$,(#865));
#867=IFCCARTESIANPOINT((0.,0.,0.));
#868=IFCAXIS2PLACEMENT3D(#867,#8,#9);
#869=IFCLOCALPLACEMENT(#23,#868);
#870=IFCCOLUMN('2Up90txzP4F8U6xhBRxKsB',$,'COL-083','HEA 260',$,#869,#866,'COL-083',$);
#871=IFCRELASSOCIATESMATERIAL('2KVbiL$G97dhssmwM86jB6',$,$,$,(#870),#40);
#872=IFCCARTESIANPOINT((105600.,0.,0.));
#873=IFCCARTESIANPOINT((105600.,0.,4100.));
#874=IFCPOLYLINE((#872,#873));
#875=IFCSHAPEREPRESENTATION(#12,'Axis','Curve3D',(#874));
#876=IFCPRODUCTDEFINITIONSHAPE($,$,(#875));
#877=IFCCARTESIANPOINT((0.,0.,0.));
#878=IFCAXIS2PLACEMENT3D(#877,#8,#9);
#879=IFCLOCALPLACEMENT(#23,#878);
#880=IFCCOLUMN('2YFmU4dS1B8uhX$nXiNxRh',$,'COL-084','HEA 200',$,#879,#876,'COL-084',$);
#881=IFCRELASSOCIATESMATERIAL('16qmgusYf7Mhsnbi$Km17P',$,$,$,(#880),#40);
#882=IFCCARTESIANPOINT((112100.,5500.,0.));
#883=IFCCARTESIANPOINT((112100.,5500.,11700.));
#884=IFCPOLYLINE((#882,#883));
#885=IFCSHAPEREPRESENTATION(#12,'Axis','Curve3D',(#884));
#886=IFCPRODUCTDEFINITIONSHAPE($,$,(#885));
#887=IFCCARTESIANPOINT((0.,0.,0.));
#888=IFCAXIS2PLACEMENT3D(#887,#8,#9);
#889=IFCLOCALPLACEMENT(#23,#888);
#890=IFCCOLUMN('21JoRMnev8PfKJl2HP104B',$,'COL-085','HEA 300',$,#889,#886,'COL-085',$);
#891=IFCRELASSOCIATESMATERIAL('0jIIBd7wb5qx4UA_2eBAX_',$,$,$,(#890),#40);
#892=IFCCARTESIANPOINT((112100.,10170.,0.));
#893=IFCCARTESIANPOINT((112100.,10170.,11700.));
#894=IFCPOLYLINE((#892,#893));
#895=IFCSHAPEREPRESENTATION(#12,'Axis','Curve3D',(#894));
#896=IFCPRODUCTDEFINITIONSHAPE($,$,(#895));
#897=IFCCARTESIANPOINT((0.,0.,0.));
#898=IFCAXIS2PLACEMENT3D(#897,#8,#9);
#899=IFCLOCALPLACEMENT(#23,#898);
#900=IFCCOLUMN('16pPzeSyv5kf4SS$nEuQL1',$,'COL-086','HEA 340',$,#899,#896,'COL-086',$);
#901=IFCRELASSOCIATESMATERIAL('3tqAWXQAD61QeMsN97RAuc',$,$,$,(#900),#40);
#902=IFCCARTESIANPOINT((112100.,14840.,0.));
#903=IFCCARTESIANPOINT((112100.,14840.,11700.));
#904=IFCPOLYLINE((#902,#903));
#905=IFCSHAPEREPRESENTATION(#12,'Axis','Curve3D',(#904));
#906=IFCPRODUCTDEFINITIONSHAPE($,$,(#905));
#907=IFCCARTESIANPOINT((0.,0.,0.));
#908=IFCAXIS2PLACEMENT3D(#907,#8,#9);
#909=IFCLOCALPLACEMENT(#23,#908);
#910=IFCCOLUMN('3N7KMjLibEWgsIsB_DH4Uq',$,'COL-087','HEA 340',$,#909,#906,'COL-087',$);
#911=IFCRELASSOCIATESMATERIAL('2KB192ej133uUDNvUaFQTR',$,$,$,(#910),#40);
#912=IFCCARTESIANPOINT((112100.,19510.,0.));
#913=IFCCARTESIANPOINT((112100.,19510.,11700.));
#914=IFCPOLYLINE((#912,#913));
#915=IFCSHAPEREPRESENTATION(#12,'Axis','Curve3D',(#914));
#916=IFCPRODUCTDEFINITIONSHAPE($,$,(#915));
#917=IFCCARTESIANPOINT((0.,0.,0.));
#918=IFCAXIS2PLACEMENT3D(#917,#8,#9);
#919=IFCLOCALPLACEMENT(#23,#918);
#920=IFCCOLUMN('1vYdwaivXCY9WfUikhKKhJ',$,'COL-088','HEA 300',$,#919,#916,'COL-088',$);
#921=IFCRELASSOCIATESMATERIAL('1UNnEu$rD3cQagdLSfvhWt',$,$,$,(#920),#40);
#922=IFCCARTESIANPOINT((118600.,5500.,0.));
#923=IFCCARTESIANPOINT((118600.,5500.,11700.));
#924=IFCPOLYLINE((#922,#923));
#925=IFCSHAPEREPRESENTATION(#12,'Axis','Curve3D',(#924));
#926=IFCPRODUCTDEFINITIONSHAPE($,$,(#925));
#927=IFCCARTESIANPOINT((0.,0.,0.));
#928=IFCAXIS2PLACEMENT3D(#927,#8,#9);
#929=IFCLOCALPLACEMENT(#23,#928);
#930=IFCCOLUMN('0mTMppeIvD0vgO7yfDfi__',$,'COL-089','HEA 300',$,#929,#926,'COL-089',$);
#931=IFCRELASSOCIATESMATERIAL('0wPqwprcv3RwfTL5LjE24x',$,$,$,(#930),#40);
#932=IFCCARTESIANPOINT((118600.,10170.,0.));
#933=IFCCARTESIANPOINT((118600.,10170.,11700.));
#934=IFCPOLYLINE((#932,#933));
#935=IFCSHAPEREPRESENTATION(#12,'Axis','Curve3D',(#934));
#936=IFCPRODUCTDEFINITIONSHAPE($,$,(#935));
#937=IFCCARTESIANPOINT((0.,0.,0.));
#938=IFCAXIS2PLACEMENT3D(#937,#8,#9);
#939=IFCLOCALPLACEMENT(#23,#938);
#940=IFCCOLUMN('39JjTPhgf4zx_5edVDn4tV',$,'COL-090','HEA 340',$,#939,#936,'COL-090',$);
#941=IFCRELASSOCIATESMATERIAL('1FsjG$L$T63RQHPZzg94vM',$,$,$,(#940),#40);
#942=IFCCARTESIANPOINT((118600.,14840.,0.));
#943=IFCCARTESIANPOINT((118600.,14840.,11700.));
#944=IFCPOLYLINE((#942,#943));
#945=IFCSHAPEREPRESENTATION(#12,'Axis','Curve3D',(#944));
#946=IFCPRODUCTDEFINITIONSHAPE($,$,(#945));
#947=IFCCARTESIANPOINT((0.,0.,0.));
#948=IFCAXIS2PLACEMENT3D(#947,#8,#9);
#949=IFCLOCALPLACEMENT(#23,#948);
#950=IFCCOLUMN('2kArWyhi53muf8w1_CL5r7',$,'COL-091','HEA 340',$,#949,#946,'COL-091',$);
#951=IFCRELASSOCIATESMATERIAL('3WM8pFuq92X9YXbWripCh5',$,$,$,(#950),#40);
#952=IFCCARTESIANPOINT((118600.,19510.,0.));
#953=IFCCARTESIANPOINT((118600.,19510.,11700.));
#954=IFCPOLYLINE((#952,#953));
#955=IFCSHAPEREPRESENTATION(#12,'Axis','Curve3D',(#954));
#956=IFCPRODUCTDEFINITIONSHAPE($,$,(#955));
#957=IFCCARTESIANPOINT((0.,0.,0.));
#958=IFCAXIS2PLACEMENT3D(#957,#8,#9);
#959=IFCLOCALPLACEMENT(#23,#958);
#960=IFCCOLUMN('2lM5ndzUHDMfzpjiJOrLh7',$,'COL-092','HEA 300',$,#959,#956,'COL-092',$);
#961=IFCRELASSOCIATESMATERIAL('02Cfn0Ns94EhbzeEou9GAJ',$,$,$,(#960),#40);
#962=IFCCARTESIANPOINT((125100.,5500.,0.));
#963=IFCCARTESIANPOINT((125100.,5500.,11700.));
#964=IFCPOLYLINE((#962,#963));
#965=IFCSHAPEREPRESENTATION(#12,'Axis','Curve3D',(#964));
#966=IFCPRODUCTDEFINITIONSHAPE($,$,(#965));
#967=IFCCARTESIANPOINT((0.,0.,0.));
#968=IFCAXIS2PLACEMENT3D(#967,#8,#9);
#969=IFCLOCALPLACEMENT(#23,#968);
#970=IFCCOLUMN('2UUBf4tQ551hTU1pIT7F_A',$,'COL-093','HEA 300',$,#969,#966,'COL-093',$);
#971=IFCRELASSOCIATESMATERIAL('0evt2OfeH2NwaJf6rpdxXD',$,$,$,(#970),#40);
#972=IFCCARTESIANPOINT((125100.,10170.,0.));
#973=IFCCARTESIANPOINT((125100.,10170.,11700.));
#974=IFCPOLYLINE((#972,#973));
#975=IFCSHAPEREPRESENTATION(#12,'Axis','Curve3D',(#974));
#976=IFCPRODUCTDEFINITIONSHAPE($,$,(#975));
#977=IFCCARTESIANPOINT((0.,0.,0.));
#978=IFCAXIS2PLACEMENT3D(#977,#8,#9);
#979=IFCLOCALPLACEMENT(#23,#978);
#980=IFCCOLUMN('0BpWIDki90NvXGj1pIK$N7',$,'COL-094','HEA 340',$,#979,#976,'COL-094',$);
#981=IFCRELASSOCIATESMATERIAL('0HiZF5kqb1Yh2JLHe8tbuN',$,$,$,(#980),#40);
#982=IFCCARTESIANPOINT((125100.,14840.,0.));
#983=IFCCARTESIANPOINT((125100.,14840.,11700.));
#984=IFCPOLYLINE((#982,#983));
#985=IFCSHAPEREPRESENTATION(#12,'Axis','Curve3D',(#984));
#986=IFCPRODUCTDEFINITIONSHAPE($,$,(#985));
#987=IFCCARTESIANPOINT((0.,0.,0.));
#988=IFCAXIS2PLACEMENT3D(#987,#8,#9);
#989=IFCLOCALPLACEMENT(#23,#988);
#990=IFCCOLUMN('2DJ1sNOXrBeuYUbPzwdO2b',$,'COL-095','HEA 340',$,#989,#986,'COL-095',$);
#991=IFCRELASSOCIATESMATERIAL('191Bhx6tb1wBlkU$6v0CQi',$,$,$,(#990),#40);
#992=IFCCARTESIANPOINT((125100.,19510.,0.));
#993=IFCCARTESIANPOINT((125100.,19510.,11700.));
#994=IFCPOLYLINE((#992,#993));
#995=IFCSHAPEREPRESENTATION(#12,'Axis','Curve3D',(#994));
#996=IFCPRODUCTDEFINITIONSHAPE($,$,(#995));
#997=IFCCARTESIANPOINT((0.,0.,0.));
#998=IFCAXIS2PLACEMENT3D(#997,#8,#9);
#999=IFCLOCALPLACEMENT(#23,#998);
#1000=IFCCOLUMN('0ttIVVWsD7X9Oz$Jg0qLT0',$,'COL-096','HEA 300',$,#999,#996,'COL-096',$);
#1001=IFCRELASSOCIATESMATERIAL('27Y7uCL6fCuQSKBPkx13VA',$,$,$,(#1000),#40);
#1002=IFCCARTESIANPOINT((131600.,5500.,0.));
#1003=IFCCARTESIANPOINT((131600.,5500.,11700.));
#1004=IFCPOLYLINE((#1002,#1003));
#1005=IFCSHAPEREPRESENTATION(#12,'Axis','Curve3D',(#1004));
#1006=IFCPRODUCTDEFINITIONSHAPE($,$,(#1005));
#1007=IFCCARTESIANPOINT((0.,0.,0.));
#1008=IFCAXIS2PLACEMENT3D(#1007,#8,#9);
#1009=IFCLOCALPLACEMENT(#23,#1008);
#1010=IFCCOLUMN('1V1NpXPdL2Ouf2gVS8F6CG',$,'COL-097','HEA 300',$,#1009,#1006,'COL-097',$);
#1011=IFCRELASSOCIATESMATERIAL('2egopJWez48gFiomNZZ1in',$,$,$,(#1010),#40);
#1012=IFCCARTESIANPOINT((131600.,10170.,0.));
#1013=IFCCARTESIANPOINT((131600.,10170.,11700.));
#1014=IFCPOLYLINE((#1012,#1013));
#1015=IFCSHAPEREPRESENTATION(#12,'Axis','Curve3D',(#1014));
#1016=IFCPRODUCTDEFINITIONSHAPE($,$,(#1015));
#1017=IFCCARTESIANPOINT((0.,0.,0.));
#1018=IFCAXIS2PLACEMENT3D(#1017,#8,#9);
#1019=IFCLOCALPLACEMENT(#23,#1018);
#1020=IFCCOLUMN('1KxnGhHDjEAOlZqy2Sld3E',$,'COL-098','HEA 340',$,#1019,#1016,'COL-098',$);
#1021=IFCRELASSOCIATESMATERIAL('2RWhzOcsbAf9uBuXFigAUL',$,$,$,(#1020),#40);
#1022=IFCCARTESIANPOINT((131600.,14840.,0.));
#1023=IFCCARTESIANPOINT((131600.,14840.,11700.));
#1024=IFCPOLYLINE((#1022,#1023));
#1025=IFCSHAPEREPRESENTATION(#12,'Axis','Curve3D',(#1024));
#1026=IFCPRODUCTDEFINITIONSHAPE($,$,(#1025));
#1027=IFCCARTESIANPOINT((0.,0.,0.));
#1028=IFCAXIS2PLACEMENT3D(#1027,#8,#9);
#1029=IFCLOCALPLACEMENT(#23,#1028);
#1030=IFCCOLUMN('10XRDntgr02wilui7S6rvl',$,'COL-099','HEA 340',$,#1029,#1026,'COL-099',$);
#1031=IFCRELASSOCIATESMATERIAL('3p8XRxIaPEyQa6h8YssUpc',$,$,$,(#1030),#40);
#1032=IFCCARTESIANPOINT((131600.,19510.,0.));
#1033=IFCCARTESIANPOINT((131600.,19510.,11700.));
#1034=IFCPOLYLINE((#1032,#1033));
#1035=IFCSHAPEREPRESENTATION(#12,'Axis','Curve3D',(#1034));
#1036=IFCPRODUCTDEFINITIONSHAPE($,$,(#1035));
#1037=IFCCARTESIANPOINT((0.,0.,0.));
#1038=IFCAXIS2PLACEMENT3D(#1037,#8,#9);
#1039=IFCLOCALPLACEMENT(#23,#1038);
#1040=IFCCOLUMN('0cr9ejlW92TegsuPWsCGUL',$,'COL-100','HEA 300',$,#1039,#1036,'COL-100',$);
#1041=IFCRELASSOCIATESMATERIAL('1fnnE26Uf3TAemW$9SmU2r',$,$,$,(#1040),#40);
#1042=IFCCARTESIANPOINT((138100.,5500.,0.));
#1043=IFCCARTESIANPOINT((138100.,5500.,11700.));
#1044=IFCPOLYLINE((#1042,#1043));
#1045=IFCSHAPEREPRESENTATION(#12,'Axis','Curve3D',(#1044));
#1046=IFCPRODUCTDEFINITIONSHAPE($,$,(#1045));
#1047=IFCCARTESIANPOINT((0.,0.,0.));
#1048=IFCAXIS2PLACEMENT3D(#1047,#8,#9);
#1049=IFCLOCALPLACEMENT(#23,#1048);
#1050=IFCCOLUMN('2XvGOnLh59Zuxn9_nS5KC4',$,'COL-101','HEA 300',$,#1049,#1046,'COL-101',$);
#1051=IFCRELASSOCIATESMATERIAL('2ta184vffAuvMJSkezyV7T',$,$,$,(#1050),#40);
#1052=IFCCARTESIANPOINT((138100.,10170.,0.));
#1053=IFCCARTESIANPOINT((138100.,10170.,11700.));
#1054=IFCPOLYLINE((#1052,#1053));
#1055=IFCSHAPEREPRESENTATION(#12,'Axis','Curve3D',(#1054));
#1056=IFCPRODUCTDEFINITIONSHAPE($,$,(#1055));
#1057=IFCCARTESIANPOINT((0.,0.,0.));
#1058=IFCAXIS2PLACEMENT3D(#1057,#8,#9);
#1059=IFCLOCALPLACEMENT(#23,#1058);
#1060=IFCCOLUMN('2OCwLQtePFIBD0eKnz__5w',$,'COL-102','HEA 340',$,#1059,#1056,'COL-102',$);
#1061=IFCRELASSOCIATESMATERIAL('1W2tVAe9rFOxAMan86ErEv',$,$,$,(#1060),#40);
#1062=IFCCARTESIANPOINT((138100.,14840.,0.));
#1063=IFCCARTESIANPOINT((138100.,14840.,11700.));
#1064=IFCPOLYLINE((#1062,#1063));
#1065=IFCSHAPEREPRESENTATION(#12,'Axis','Curve3D',(#1064));
#1066=IFCPRODUCTDEFINITIONSHAPE($,$,(#1065));
#1067=IFCCARTESIANPOINT((0.,0.,0.));
#1068=IFCAXIS2PLACEMENT3D(#1067,#8,#9);
#1069=IFCLOCALPLACEMENT(#23,#1068);
#1070=IFCCOLUMN('2L10ZANijDqfYZZLK83AMB',$,'COL-103','HEA 340',$,#1069,#1066,'COL-103',$);
#1071=IFCRELASSOCIATESMATERIAL('00EgL0k5T1_BICeYvGeD96',$,$,$,(#1070),#40);
#1072=IFCCARTESIANPOINT((138100.,19510.,0.));
#1073=IFCCARTESIANPOINT((138100.,19510.,11700.));
#1074=IFCPOLYLINE((#1072,#1073));
#1075=IFCSHAPEREPRESENTATION(#12,'Axis','Curve3D',(#1074));
#1076=IFCPRODUCTDEFINITIONSHAPE($,$,(#1075));
#1077=IFCCARTESIANPOINT((0.,0.,0.));
#1078=IFCAXIS2PLACEMENT3D(#1077,#8,#9);
#1079=IFCLOCALPLACEMENT(#23,#1078);
#1080=IFCCOLUMN('0YVn35DG1BrvUn4QIcoF4A',$,'COL-104','HEA 300',$,#1079,#1076,'COL-104',$);
#1081=IFCRELASSOCIATESMATERIAL('0YLhoQSgvBtgpAhznzLi63',$,$,$,(#1080),#40);
#1082=IFCCARTESIANPOINT((144600.,5500.,0.));
#1083=IFCCARTESIANPOINT((144600.,5500.,11700.));
#1084=IFCPOLYLINE((#1082,#1083));
#1085=IFCSHAPEREPRESENTATION(#12,'Axis','Curve3D',(#1084));
#1086=IFCPRODUCTDEFINITIONSHAPE($,$,(#1085));
#1087=IFCCARTESIANPOINT((0.,0.,0.));
#1088=IFCAXIS2PLACEMENT3D(#1087,#8,#9);
#1089=IFCLOCALPLACEMENT(#23,#1088);
#1090=IFCCOLUMN('2ZF3pIUDr4ehmO7gwBtAI9',$,'COL-105','HEA 300',$,#1089,#1086,'COL-105',$);
#1091=IFCRELASSOCIATESMATERIAL('2dgzJ8sLf6PfFOohTlTpMa',$,$,$,(#1090),#40);
#1092=IFCCARTESIANPOINT((144600.,10170.,0.));
#1093=IFCCARTESIANPOINT((144600.,10170.,11700.));
#1094=IFCPOLYLINE((#1092,#1093));
#1095=IFCSHAPEREPRESENTATION(#12,'Axis','Curve3D',(#1094));
#1096=IFCPRODUCTDEFINITIONSHAPE($,$,(#1095));
#1097=IFCCARTESIANPOINT((0.,0.,0.));
#1098=IFCAXIS2PLACEMENT3D(#1097,#8,#9);
#1099=IFCLOCALPLACEMENT(#23,#1098);
#1100=IFCCOLUMN('3zZWtr2vz6h9L2hFpHoq61',$,'COL-106','HEA 340',$,#1099,#1096,'COL-106',$);
#1101=IFCRELASSOCIATESMATERIAL('36HqSzcyXF6gXANe95wBIT',$,$,$,(#1100),#40);
#1102=IFCCARTESIANPOINT((144600.,14840.,0.));
#1103=IFCCARTESIANPOINT((144600.,14840.,11700.));
#1104=IFCPOLYLINE((#1102,#1103));
#1105=IFCSHAPEREPRESENTATION(#12,'Axis','Curve3D',(#1104));
#1106=IFCPRODUCTDEFINITIONSHAPE($,$,(#1105));
#1107=IFCCARTESIANPOINT((0.,0.,0.));
#1108=IFCAXIS2PLACEMENT3D(#1107,#8,#9);
#1109=IFCLOCALPLACEMENT(#23,#1108);
#1110=IFCCOLUMN('1kjjPx5sHEHfO$2v1hhZr8',$,'COL-107','HEA 340',$,#1109,#1106,'COL-107',$);
#1111=IFCRELASSOCIATESMATERIAL('3d6h$pGsr6KAIw$WKL_5h1',$,$,$,(#1110),#40);
#1112=IFCCARTESIANPOINT((144600.,19510.,0.));
#1113=IFCCARTESIANPOINT((144600.,19510.,11700.));
#1114=IFCPOLYLINE((#1112,#1113));
#1115=IFCSHAPEREPRESENTATION(#12,'Axis','Curve3D',(#1114));
#1116=IFCPRODUCTDEFINITIONSHAPE($,$,(#1115));
#1117=IFCCARTESIANPOINT((0.,0.,0.));
#1118=IFCAXIS2PLACEMENT3D(#1117,#8,#9);
#1119=IFCLOCALPLACEMENT(#23,#1118);
#1120=IFCCOLUMN('1nCDtLu151mfSfN9i1fVUG',$,'COL-108','HEA 300',$,#1119,#1116,'COL-108',$);
#1121=IFCRELASSOCIATESMATERIAL('0puHD7oK53$xxqK1WcFLPQ',$,$,$,(#1120),#40);
#1122=IFCCARTESIANPOINT((0.,5500.,0.));
#1123=IFCCARTESIANPOINT((0.,10170.,0.));
#1124=IFCPOLYLINE((#1122,#1123));
#1125=IFCSHAPEREPRESENTATION(#12,'Axis','Curve3D',(#1124));
#1126=IFCPRODUCTDEFINITIONSHAPE($,$,(#1125));
#1127=IFCCARTESIANPOINT((0.,0.,0.));
#1128=IFCAXIS2PLACEMENT3D(#1127,#8,#9);
#1129=IFCLOCALPLACEMENT(#27,#1128);
#1130=IFCBEAM('06omwKofH4F8scY7EmJBBu',$,'VT-001','IPE 240',$,#1129,#1126,'VT-001',$);
#1131=IFCRELASSOCIATESMATERIAL('2nTQ8qHiD8df73bNhhFBtd',$,$,$,(#1130),#40);
#1132=IFCCARTESIANPOINT((0.,10170.,0.));
#1133=IFCCARTESIANPOINT((0.,14840.,0.));
#1134=IFCPOLYLINE((#1132,#1133));
#1135=IFCSHAPEREPRESENTATION(#12,'Axis','Curve3D',(#1134));
#1136=IFCPRODUCTDEFINITIONSHAPE($,$,(#1135));
#1137=IFCCARTESIANPOINT((0.,0.,0.));
#1138=IFCAXIS2PLACEMENT3D(#1137,#8,#9);
#1139=IFCLOCALPLACEMENT(#27,#1138);
#1140=IFCBEAM('3Wl51SBiDF6RsVESQ0jkXX',$,'VT-002','IPE 240',$,#1139,#1136,'VT-002',$);
#1141=IFCRELASSOCIATESMATERIAL('1uM3U4ibvEc9bbulnHZ4E$',$,$,$,(#1140),#40);
#1142=IFCCARTESIANPOINT((0.,14840.,0.));
#1143=IFCCARTESIANPOINT((0.,19510.,0.));
#1144=IFCPOLYLINE((#1142,#1143));
#1145=IFCSHAPEREPRESENTATION(#12,'Axis','Curve3D',(#1144));
#1146=IFCPRODUCTDEFINITIONSHAPE($,$,(#1145));
#1147=IFCCARTESIANPOINT((0.,0.,0.));
#1148=IFCAXIS2PLACEMENT3D(#1147,#8,#9);
#1149=IFCLOCALPLACEMENT(#27,#1148);
#1150=IFCBEAM('0GBuT4EQT7CwH3S4WKralT',$,'VT-003','IPE 240',$,#1149,#1146,'VT-003',$);
#1151=IFCRELASSOCIATESMATERIAL('2raOKYJtPD6xuGrZkZ7lqg',$,$,$,(#1150),#40);
#1152=IFCCARTESIANPOINT((0.,5500.,0.));
#1153=IFCCARTESIANPOINT((0.,10170.,0.));
#1154=IFCPOLYLINE((#1152,#1153));
#1155=IFCSHAPEREPRESENTATION(#12,'Axis','Curve3D',(#1154));
#1156=IFCPRODUCTDEFINITIONSHAPE($,$,(#1155));
#1157=IFCCARTESIANPOINT((0.,0.,0.));
#1158=IFCAXIS2PLACEMENT3D(#1157,#8,#9);
#1159=IFCLOCALPLACEMENT(#31,#1158);
#1160=IFCBEAM('0dvSEbkqPATv3iz4czC8GW',$,'VT-004','IPE 240',$,#1159,#1156,'VT-004',$);
#1161=IFCRELASSOCIATESMATERIAL('2sy7oV3tX6fBCP6BnW357n',$,$,$,(#1160),#40);
#1162=IFCCARTESIANPOINT((0.,10170.,0.));
#1163=IFCCARTESIANPOINT((0.,14840.,0.));
#1164=IFCPOLYLINE((#1162,#1163));
#1165=IFCSHAPEREPRESENTATION(#12,'Axis','Curve3D',(#1164));
#1166=IFCPRODUCTDEFINITIONSHAPE($,$,(#1165));
#1167=IFCCARTESIANPOINT((0.,0.,0.));
#1168=IFCAXIS2PLACEMENT3D(#1167,#8,#9);
#1169=IFCLOCALPLACEMENT(#31,#1168);
#1170=IFCBEAM('1o8qGJQ8XCHRXYAEJXtGj2',$,'VT-005','IPE 240',$,#1169,#1166,'VT-005',$);
#1171=IFCRELASSOCIATESMATERIAL('2ltD$05YT6_h9RK$o6UhbI',$,$,$,(#1170),#40);
#1172=IFCCARTESIANPOINT((0.,14840.,0.));
#1173=IFCCARTESIANPOINT((0.,19510.,0.));
#1174=IFCPOLYLINE((#1172,#1173));
#1175=IFCSHAPEREPRESENTATION(#12,'Axis','Curve3D',(#1174));
#1176=IFCPRODUCTDEFINITIONSHAPE($,$,(#1175));
#1177=IFCCARTESIANPOINT((0.,0.,0.));
#1178=IFCAXIS2PLACEMENT3D(#1177,#8,#9);
#1179=IFCLOCALPLACEMENT(#31,#1178);
#1180=IFCBEAM('2C$gM08fv6GBT_RMp5W8rs',$,'VT-006','IPE 240',$,#1179,#1176,'VT-006',$);
#1181=IFCRELASSOCIATESMATERIAL('33FKbDDJ15YhnN7irrQSE5',$,$,$,(#1180),#40);
#1182=IFCCARTESIANPOINT((0.,5500.,0.));
#1183=IFCCARTESIANPOINT((0.,10170.,0.));
#1184=IFCPOLYLINE((#1182,#1183));
#1185=IFCSHAPEREPRESENTATION(#12,'Axis','Curve3D',(#1184));
#1186=IFCPRODUCTDEFINITIONSHAPE($,$,(#1185));
#1187=IFCCARTESIANPOINT((0.,0.,0.));
#1188=IFCAXIS2PLACEMENT3D(#1187,#8,#9);
#1189=IFCLOCALPLACEMENT(#35,#1188);
#1190=IFCBEAM('00z_9cK9b3LOkB0v0P2V$3',$,'VT-007','IPE 180',$,#1189,#1186,'VT-007',$);
#1191=IFCRELASSOCIATESMATERIAL('1MQb3A7Qb7JQ0qpUCq6NU9',$,$,$,(#1190),#40);
#1192=IFCCARTESIANPOINT((0.,10170.,0.));
#1193=IFCCARTESIANPOINT((0.,14840.,0.));
#1194=IFCPOLYLINE((#1192,#1193));
#1195=IFCSHAPEREPRESENTATION(#12,'Axis','Curve3D',(#1194));
#1196=IFCPRODUCTDEFINITIONSHAPE($,$,(#1195));
#1197=IFCCARTESIANPOINT((0.,0.,0.));
#1198=IFCAXIS2PLACEMENT3D(#1197,#8,#9);
#1199=IFCLOCALPLACEMENT(#35,#1198);
#1200=IFCBEAM('0n7nliK017PBLvW1u64AZa',$,'VT-008','IPE 180',$,#1199,#1196,'VT-008',$);
#1201=IFCRELASSOCIATESMATERIAL('2mIjeyxwf1u96DmJfHGoXc',$,$,$,(#1200),#40);
#1202=IFCCARTESIANPOINT((0.,14840.,0.));
#1203=IFCCARTESIANPOINT((0.,19510.,0.));
#1204=IFCPOLYLINE((#1202,#1203));
#1205=IFCSHAPEREPRESENTATION(#12,'Axis','Curve3D',(#1204));
#1206=IFCPRODUCTDEFINITIONSHAPE($,$,(#1205));
#1207=IFCCARTESIANPOINT((0.,0.,0.));
#1208=IFCAXIS2PLACEMENT3D(#1207,#8,#9);
#1209=IFCLOCALPLACEMENT(#35,#1208);
#1210=IFCBEAM('0feYB$XHjCshwXMxUdukvX',$,'VT-009','IPE 180',$,#1209,#1206,'VT-009',$);
#1211=IFCRELASSOCIATESMATERIAL('0Rd8D9rij5EhbasueiK0xn',$,$,$,(#1210),#40);
#1212=IFCCARTESIANPOINT((6500.,5500.,0.));
#1213=IFCCARTESIANPOINT((6500.,10170.,0.));
#1214=IFCPOLYLINE((#1212,#1213));
#1215=IFCSHAPEREPRESENTATION(#12,'Axis','Curve3D',(#1214));
#1216=IFCPRODUCTDEFINITIONSHAPE($,$,(#1215));
#1217=IFCCARTESIANPOINT((0.,0.,0.));
#1218=IFCAXIS2PLACEMENT3D(#1217,#8,#9);
#1219=IFCLOCALPLACEMENT(#27,#1218);
#1220=IFCBEAM('2w2eXuqAb8Uh28pf$GFzT6',$,'VT-010','IPE 240',$,#1219,#1216,'VT-010',$);
#1221=IFCRELASSOCIATESMATERIAL('3Xi8gOEz9C08FbONuANyVe',$,$,$,(#1220),#40);
#1222=IFCCARTESIANPOINT((6500.,10170.,0.));
#1223=IFCCARTESIANPOINT((6500.,14840.,0.));
#1224=IFCPOLYLINE((#1222,#1223));
#1225=IFCSHAPEREPRESENTATION(#12,'Axis','Curve3D',(#1224));
#1226=IFCPRODUCTDEFINITIONSHAPE($,$,(#1225));
#1227=IFCCARTESIANPOINT((0.,0.,0.));
#1228=IFCAXIS2PLACEMENT3D(#1227,#8,#9);
#1229=IFCLOCALPLACEMENT(#27,#1228);
#1230=IFCBEAM('3E2bJZ6vn6FRUbFbkm0KZR',$,'VT-011','IPE 240',$,#1229,#1226,'VT-011',$);
#1231=IFCRELASSOCIATESMATERIAL('1JTYFfaq99QO2fQZUpw7l8',$,$,$,(#1230),#40);
#1232=IFCCARTESIANPOINT((6500.,14840.,0.));
#1233=IFCCARTESIANPOINT((6500.,19510.,0.));
#1234=IFCPOLYLINE((#1232,#1233));
#1235=IFCSHAPEREPRESENTATION(#12,'Axis','Curve3D',(#1234));
#1236=IFCPRODUCTDEFINITIONSHAPE($,$,(#1235));
#1237=IFCCARTESIANPOINT((0.,0.,0.));
#1238=IFCAXIS2PLACEMENT3D(#1237,#8,#9);
#1239=IFCLOCALPLACEMENT(#27,#1238);
#1240=IFCBEAM('21gO1WLRrDyOXoxIqyma$X',$,'VT-012','IPE 240',$,#1239,#1236,'VT-012',$);
#1241=IFCRELASSOCIATESMATERIAL('3XcQpLYAX4tPFqKMqjSfxM',$,$,$,(#1240),#40);
#1242=IFCCARTESIANPOINT((6500.,5500.,0.));
#1243=IFCCARTESIANPOINT((6500.,10170.,0.));
#1244=IFCPOLYLINE((#1242,#1243));
#1245=IFCSHAPEREPRESENTATION(#12,'Axis','Curve3D',(#1244));
#1246=IFCPRODUCTDEFINITIONSHAPE($,$,(#1245));
#1247=IFCCARTESIANPOINT((0.,0.,0.));
#1248=IFCAXIS2PLACEMENT3D(#1247,#8,#9);
#1249=IFCLOCALPLACEMENT(#31,#1248);
#1250=IFCBEAM('0m_b_1OErB4B1vVk4F4VvB',$,'VT-013','IPE 240',$,#1249,#1246,'VT-013',$);
#1251=IFCRELASSOCIATESMATERIAL('0s79361n1FcwFsA_xjs1KF',$,$,$,(#1250),#40);
#1252=IFCCARTESIANPOINT((6500.,10170.,0.));
#1253=IFCCARTESIANPOINT((6500.,14840.,0.));
#1254=IFCPOLYLINE((#1252,#1253));
#1255=IFCSHAPEREPRESENTATION(#12,'Axis','Curve3D',(#1254));
#1256=IFCPRODUCTDEFINITIONSHAPE($,$,(#1255));
#1257=IFCCARTESIANPOINT((0.,0.,0.));
#1258=IFCAXIS2PLACEMENT3D(#1257,#8,#9);
#1259=IFCLOCALPLACEMENT(#31,#1258);
#1260=IFCBEAM('1mtphKICD3OQHMVHOnWypT',$,'VT-014','IPE 240',$,#1259,#1256,'VT-014',$);
#1261=IFCRELASSOCIATESMATERIAL('0Wiiq$9Gz45BWM_6SlmjWt',$,$,$,(#1260),#40);
#1262=IFCCARTESIANPOINT((6500.,14840.,0.));
#1263=IFCCARTESIANPOINT((6500.,19510.,0.));
#1264=IFCPOLYLINE((#1262,#1263));
#1265=IFCSHAPEREPRESENTATION(#12,'Axis','Curve3D',(#1264));
#1266=IFCPRODUCTDEFINITIONSHAPE($,$,(#1265));
#1267=IFCCARTESIANPOINT((0.,0.,0.));
#1268=IFCAXIS2PLACEMENT3D(#1267,#8,#9);
#1269=IFCLOCALPLACEMENT(#31,#1268);
#1270=IFCBEAM('2QRhPtQxT3xPnP8V9CJwB6',$,'VT-015','IPE 240',$,#1269,#1266,'VT-015',$);
#1271=IFCRELASSOCIATESMATERIAL('0Gv6cayr9A1fMFPxBBgeNv',$,$,$,(#1270),#40);
#1272=IFCCARTESIANPOINT((6500.,5500.,0.));
#1273=IFCCARTESIANPOINT((6500.,10170.,0.));
#1274=IFCPOLYLINE((#1272,#1273));
#1275=IFCSHAPEREPRESENTATION(#12,'Axis','Curve3D',(#1274));
#1276=IFCPRODUCTDEFINITIONSHAPE($,$,(#1275));
#1277=IFCCARTESIANPOINT((0.,0.,0.));
#1278=IFCAXIS2PLACEMENT3D(#1277,#8,#9);
#1279=IFCLOCALPLACEMENT(#35,#1278);
#1280=IFCBEAM('0_g3RWYEf34f2wKh8aS3fI',$,'VT-016','IPE 180',$,#1279,#1276,'VT-016',$);
#1281=IFCRELASSOCIATESMATERIAL('3CAxtRWarAzgab5WhJtpbj',$,$,$,(#1280),#40);
#1282=IFCCARTESIANPOINT((6500.,10170.,0.));
#1283=IFCCARTESIANPOINT((6500.,14840.,0.));
#1284=IFCPOLYLINE((#1282,#1283));
#1285=IFCSHAPEREPRESENTATION(#12,'Axis','Curve3D',(#1284));
#1286=IFCPRODUCTDEFINITIONSHAPE($,$,(#1285));
#1287=IFCCARTESIANPOINT((0.,0.,0.));
#1288=IFCAXIS2PLACEMENT3D(#1287,#8,#9);
#1289=IFCLOCALPLACEMENT(#35,#1288);
#1290=IFCBEAM('3mVv_RU5X788k6VLbSDsjU',$,'VT-017','IPE 180',$,#1289,#1286,'VT-017',$);
#1291=IFCRELASSOCIATESMATERIAL('3cfJQGTGTE5wo8bVt8cI_J',$,$,$,(#1290),#40);
#1292=IFCCARTESIANPOINT((6500.,14840.,0.));
#1293=IFCCARTESIANPOINT((6500.,19510.,0.));
#1294=IFCPOLYLINE((#1292,#1293));
#1295=IFCSHAPEREPRESENTATION(#12,'Axis','Curve3D',(#1294));
#1296=IFCPRODUCTDEFINITIONSHAPE($,$,(#1295));
#1297=IFCCARTESIANPOINT((0.,0.,0.));
#1298=IFCAXIS2PLACEMENT3D(#1297,#8,#9);
#1299=IFCLOCALPLACEMENT(#35,#1298);
#1300=IFCBEAM('2YcNMLXHP5pgqHoPPab52S',$,'VT-018','IPE 180',$,#1299,#1296,'VT-018',$);
#1301=IFCRELASSOCIATESMATERIAL('2ZBSeACwjFlQoUmZAwHUTD',$,$,$,(#1300),#40);
#1302=IFCCARTESIANPOINT((13000.,5500.,0.));
#1303=IFCCARTESIANPOINT((13000.,10170.,0.));
#1304=IFCPOLYLINE((#1302,#1303));
#1305=IFCSHAPEREPRESENTATION(#12,'Axis','Curve3D',(#1304));
#1306=IFCPRODUCTDEFINITIONSHAPE($,$,(#1305));
#1307=IFCCARTESIANPOINT((0.,0.,0.));
#1308=IFCAXIS2PLACEMENT3D(#1307,#8,#9);
#1309=IFCLOCALPLACEMENT(#27,#1308);
#1310=IFCBEAM('3lcBJA3zP2iw4lCJ920OUL',$,'VT-019','IPE 240',$,#1309,#1306,'VT-019',$);
#1311=IFCRELASSOCIATESMATERIAL('38TDR9bCP14OkvdzqYwh_Z',$,$,$,(#1310),#40);
#1312=IFCCARTESIANPOINT((13000.,10170.,0.));
#1313=IFCCARTESIANPOINT((13000.,14840.,0.));
#1314=IFCPOLYLINE((#1312,#1313));
#1315=IFCSHAPEREPRESENTATION(#12,'Axis','Curve3D',(#1314));
#1316=IFCPRODUCTDEFINITIONSHAPE($,$,(#1315));
#1317=IFCCARTESIANPOINT((0.,0.,0.));
#1318=IFCAXIS2PLACEMENT3D(#1317,#8,#9);
#1319=IFCLOCALPLACEMENT(#27,#1318);
#1320=IFCBEAM('2Blys3VKv9Kgizdnim3_yV',$,'VT-020','IPE 240',$,#1319,#1316,'VT-020',$);
#1321=IFCRELASSOCIATESMATERIAL('3aeEEZEljB3RI8W6kfE3gu',$,$,$,(#1320),#40);
#1322=IFCCARTESIANPOINT((13000.,14840.,0.));
#1323=IFCCARTESIANPOINT((13000.,19510.,0.));
#1324=IFCPOLYLINE((#1322,#1323));
#1325=IFCSHAPEREPRESENTATION(#12,'Axis','Curve3D',(#1324));
#1326=IFCPRODUCTDEFINITIONSHAPE($,$,(#1325));
#1327=IFCCARTESIANPOINT((0.,0.,0.));
#1328=IFCAXIS2PLACEMENT3D(#1327,#8,#9);
#1329=IFCLOCALPLACEMENT(#27,#1328);
#1330=IFCBEAM('278n_JqyjFxBkcrJ1hUZy5',$,'VT-021','IPE 240',$,#1329,#1326,'VT-021',$);
#1331=IFCRELASSOCIATESMATERIAL('19PtRDLZP6GO9NrUkmt$7d',$,$,$,(#1330),#40);
#1332=IFCCARTESIANPOINT((13000.,5500.,0.));
#1333=IFCCARTESIANPOINT((13000.,10170.,0.));
#1334=IFCPOLYLINE((#1332,#1333));
#1335=IFCSHAPEREPRESENTATION(#12,'Axis','Curve3D',(#1334));
#1336=IFCPRODUCTDEFINITIONSHAPE($,$,(#1335));
#1337=IFCCARTESIANPOINT((0.,0.,0.));
#1338=IFCAXIS2PLACEMENT3D(#1337,#8,#9);
#1339=IFCLOCALPLACEMENT(#31,#1338);
#1340=IFCBEAM('3JX0RjtUXBxRIR4xGcug$f',$,'VT-022','IPE 240',$,#1339,#1336,'VT-022',$);
#1341=IFCRELASSOCIATESMATERIAL('1I9$bA$Rj0Jh1nlNkeyIgQ',$,$,$,(#1340),#40);
#1342=IFCCARTESIANPOINT((13000.,10170.,0.));
#1343=IFCCARTESIANPOINT((13000.,14840.,0.));
#1344=IFCPOLYLINE((#1342,#1343));
#1345=IFCSHAPEREPRESENTATION(#12,'Axis','Curve3D',(#1344));
#1346=IFCPRODUCTDEFINITIONSHAPE($,$,(#1345));
#1347=IFCCARTESIANPOINT((0.,0.,0.));
#1348=IFCAXIS2PLACEMENT3D(#1347,#8,#9);
#1349=IFCLOCALPLACEMENT(#31,#1348);
#1350=IFCBEAM('09Mb1uEr1ANhoxqhrizLx5',$,'VT-023','IPE 240',$,#1349,#1346,'VT-023',$);
#1351=IFCRELASSOCIATESMATERIAL('2ileJOj8D3kfGiybVTu22a',$,$,$,(#1350),#40);
#1352=IFCCARTESIANPOINT((13000.,14840.,0.));
#1353=IFCCARTESIANPOINT((13000.,19510.,0.));
#1354=IFCPOLYLINE((#1352,#1353));
#1355=IFCSHAPEREPRESENTATION(#12,'Axis','Curve3D',(#1354));
#1356=IFCPRODUCTDEFINITIONSHAPE($,$,(#1355));
#1357=IFCCARTESIANPOINT((0.,0.,0.));
#1358=IFCAXIS2PLACEMENT3D(#1357,#8,#9);
#1359=IFCLOCALPLACEMENT(#31,#1358);
#1360=IFCBEAM('08gK75DJLFgeK9l5Ud0Yh8',$,'VT-024','IPE 240',$,#1359,#1356,'VT-024',$);
#1361=IFCRELASSOCIATESMATERIAL('0N9wMIRv99AhhaZiu1Hcwe',$,$,$,(#1360),#40);
#1362=IFCCARTESIANPOINT((13000.,5500.,0.));
#1363=IFCCARTESIANPOINT((13000.,10170.,0.));
#1364=IFCPOLYLINE((#1362,#1363));
#1365=IFCSHAPEREPRESENTATION(#12,'Axis','Curve3D',(#1364));
#1366=IFCPRODUCTDEFINITIONSHAPE($,$,(#1365));
#1367=IFCCARTESIANPOINT((0.,0.,0.));
#1368=IFCAXIS2PLACEMENT3D(#1367,#8,#9);
#1369=IFCLOCALPLACEMENT(#35,#1368);
#1370=IFCBEAM('39fYf78UnDm93gqvpWWlqu',$,'VT-025','IPE 180',$,#1369,#1366,'VT-025',$);
#1371=IFCRELASSOCIATESMATERIAL('1_446t7orFLwMSnQd_rYJr',$,$,$,(#1370),#40);
#1372=IFCCARTESIANPOINT((13000.,10170.,0.));
#1373=IFCCARTESIANPOINT((13000.,14840.,0.));
#1374=IFCPOLYLINE((#1372,#1373));
#1375=IFCSHAPEREPRESENTATION(#12,'Axis','Curve3D',(#1374));
#1376=IFCPRODUCTDEFINITIONSHAPE($,$,(#1375));
#1377=IFCCARTESIANPOINT((0.,0.,0.));
#1378=IFCAXIS2PLACEMENT3D(#1377,#8,#9);
#1379=IFCLOCALPLACEMENT(#35,#1378);
#1380=IFCBEAM('2_nYgyS_n0cBEt67PAfQ75',$,'VT-026','IPE 180',$,#1379,#1376,'VT-026',$);
#1381=IFCRELASSOCIATESMATERIAL('2bXZsWdsD7gPNjhfV9qvIA',$,$,$,(#1380),#40);
#1382=IFCCARTESIANPOINT((13000.,14840.,0.));
#1383=IFCCARTESIANPOINT((13000.,19510.,0.));
#1384=IFCPOLYLINE((#1382,#1383));
#1385=IFCSHAPEREPRESENTATION(#12,'Axis','Curve3D',(#1384));
#1386=IFCPRODUCTDEFINITIONSHAPE($,$,(#1385));
#1387=IFCCARTESIANPOINT((0.,0.,0.));
#1388=IFCAXIS2PLACEMENT3D(#1387,#8,#9);
#1389=IFCLOCALPLACEMENT(#35,#1388);
#1390=IFCBEAM('00fZ_oYJj9tgWkUA4c43YJ',$,'VT-027','IPE 180',$,#1389,#1386,'VT-027',$);
#1391=IFCRELASSOCIATESMATERIAL('1iv_Vstof5vPg5qsRJakCn',$,$,$,(#1390),#40);
#1392=IFCCARTESIANPOINT((19500.,5500.,0.));
#1393=IFCCARTESIANPOINT((19500.,10170.,0.));
#1394=IFCPOLYLINE((#1392,#1393));
#1395=IFCSHAPEREPRESENTATION(#12,'Axis','Curve3D',(#1394));
#1396=IFCPRODUCTDEFINITIONSHAPE($,$,(#1395));
#1397=IFCCARTESIANPOINT((0.,0.,0.));
#1398=IFCAXIS2PLACEMENT3D(#1397,#8,#9);
#1399=IFCLOCALPLACEMENT(#27,#1398);
#1400=IFCBEAM('1jzKzWxSvCZB80Zc4X5pXy',$,'VT-028','IPE 240',$,#1399,#1396,'VT-028',$);
#1401=IFCRELASSOCIATESMATERIAL('3DAQcAsrf3FgU3tI9q08GG',$,$,$,(#1400),#40);
#1402=IFCCARTESIANPOINT((19500.,10170.,0.));
#1403=IFCCARTESIANPOINT((19500.,14840.,0.));
#1404=IFCPOLYLINE((#1402,#1403));
#1405=IFCSHAPEREPRESENTATION(#12,'Axis','Curve3D',(#1404));
#1406=IFCPRODUCTDEFINITIONSHAPE($,$,(#1405));
#1407=IFCCARTESIANPOINT((0.,0.,0.));
#1408=IFCAXIS2PLACEMENT3D(#1407,#8,#9);
#1409=IFCLOCALPLACEMENT(#27,#1408);
#1410=IFCBEAM('1h8q2AC9b0rRDaqIqQRuTp',$,'VT-029','IPE 240',$,#1409,#1406,'VT-029',$);
#1411=IFCRELASSOCIATESMATERIAL('0iC$257WD5NxVI$1BgOAwx',$,$,$,(#1410),#40);
#1412=IFCCARTESIANPOINT((19500.,14840.,0.));
#1413=IFCCARTESIANPOINT((19500.,19510.,0.));
#1414=IFCPOLYLINE((#1412,#1413));
#1415=IFCSHAPEREPRESENTATION(#12,'Axis','Curve3D',(#1414));
#1416=IFCPRODUCTDEFINITIONSHAPE($,$,(#1415));
#1417=IFCCARTESIANPOINT((0.,0.,0.));
#1418=IFCAXIS2PLACEMENT3D(#1417,#8,#9);
#1419=IFCLOCALPLACEMENT(#27,#1418);
#1420=IFCBEAM('1m9JZFNEb83e0DllyQSZIm',$,'VT-030','IPE 240',$,#1419,#1416,'VT-030',$);
#1421=IFCRELASSOCIATESMATERIAL('1ilHvbiKH5zfB7zx_yKxh0',$,$,$,(#1420),#40);
#1422=IFCCARTESIANPOINT((19500.,5500.,0.));
#1423=IFCCARTESIANPOINT((19500.,10170.,0.));
#1424=IFCPOLYLINE((#1422,#1423));
#1425=IFCSHAPEREPRESENTATION(#12,'Axis','Curve3D',(#1424));
#1426=IFCPRODUCTDEFINITIONSHAPE($,$,(#1425));
#1427=IFCCARTESIANPOINT((0.,0.,0.));
#1428=IFCAXIS2PLACEMENT3D(#1427,#8,#9);
#1429=IFCLOCALPLACEMENT(#31,#1428);
#1430=IFCBEAM('0$epy9orvDwxEi83qb4CHi',$,'VT-031','IPE 240',$,#1429,#1426,'VT-031',$);
#1431=IFCRELASSOCIATESMATERIAL('0fccDEUazARfAh6lGPkjwS',$,$,$,(#1430),#40);
#1432=IFCCARTESIANPOINT((19500.,10170.,0.));
#1433=IFCCARTESIANPOINT((19500.,14840.,0.));
#1434=IFCPOLYLINE((#1432,#1433));
#1435=IFCSHAPEREPRESENTATION(#12,'Axis','Curve3D',(#1434));
#1436=IFCPRODUCTDEFINITIONSHAPE($,$,(#1435));
#1437=IFCCARTESIANPOINT((0.,0.,0.));
#1438=IFCAXIS2PLACEMENT3D(#1437,#8,#9);
#1439=IFCLOCALPLACEMENT(#31,#1438);
#1440=IFCBEAM('2pwlxm51DF7vsQDRLS7yEY',$,'VT-032','IPE 240',$,#1439,#1436,'VT-032',$);
#1441=IFCRELASSOCIATESMATERIAL('3Cg7G_op9BQRxQgRElF5u7',$,$,$,(#1440),#40);
#1442=IFCCARTESIANPOINT((19500.,14840.,0.));
#1443=IFCCARTESIANPOINT((19500.,19510.,0.));
#1444=IFCPOLYLINE((#1442,#1443));
#1445=IFCSHAPEREPRESENTATION(#12,'Axis','Curve3D',(#1444));
#1446=IFCPRODUCTDEFINITIONSHAPE($,$,(#1445));
#1447=IFCCARTESIANPOINT((0.,0.,0.));
#1448=IFCAXIS2PLACEMENT3D(#1447,#8,#9);
#1449=IFCLOCALPLACEMENT(#31,#1448);
#1450=IFCBEAM('3wWPj_8B137veh7$1eS9Gp',$,'VT-033','IPE 240',$,#1449,#1446,'VT-033',$);
#1451=IFCRELASSOCIATESMATERIAL('0K1DGxzQnDTeh2Hrzpo0ST',$,$,$,(#1450),#40);
#1452=IFCCARTESIANPOINT((19500.,5500.,0.));
#1453=IFCCARTESIANPOINT((19500.,10170.,0.));
#1454=IFCPOLYLINE((#1452,#1453));
#1455=IFCSHAPEREPRESENTATION(#12,'Axis','Curve3D',(#1454));
#1456=IFCPRODUCTDEFINITIONSHAPE($,$,(#1455));
#1457=IFCCARTESIANPOINT((0.,0.,0.));
#1458=IFCAXIS2PLACEMENT3D(#1457,#8,#9);
#1459=IFCLOCALPLACEMENT(#35,#1458);
#1460=IFCBEAM('0UAPH36LnELe3Lg10frKau',$,'VT-034','IPE 180',$,#1459,#1456,'VT-034',$);
#1461=IFCRELASSOCIATESMATERIAL('0Q4352rSX6N93xT1kKNtMO',$,$,$,(#1460),#40);
#1462=IFCCARTESIANPOINT((19500.,10170.,0.));
#1463=IFCCARTESIANPOINT((19500.,14840.,0.));
#1464=IFCPOLYLINE((#1462,#1463));
#1465=IFCSHAPEREPRESENTATION(#12,'Axis','Curve3D',(#1464));
#1466=IFCPRODUCTDEFINITIONSHAPE($,$,(#1465));
#1467=IFCCARTESIANPOINT((0.,0.,0.));
#1468=IFCAXIS2PLACEMENT3D(#1467,#8,#9);
#1469=IFCLOCALPLACEMENT(#35,#1468);
#1470=IFCBEAM('1B7fmHkGn84vMJV304FKue',$,'VT-035','IPE 180',$,#1469,#1466,'VT-035',$);
#1471=IFCRELASSOCIATESMATERIAL('0uVu1vT$HDtB7sBV9zieaW',$,$,$,(#1470),#40);
#1472=IFCCARTESIANPOINT((19500.,14840.,0.));
#1473=IFCCARTESIANPOINT((19500.,19510.,0.));
#1474=IFCPOLYLINE((#1472,#1473));
#1475=IFCSHAPEREPRESENTATION(#12,'Axis','Curve3D',(#1474));
#1476=IFCPRODUCTDEFINITIONSHAPE($,$,(#1475));
#1477=IFCCARTESIANPOINT((0.,0.,0.));
#1478=IFCAXIS2PLACEMENT3D(#1477,#8,#9);
#1479=IFCLOCALPLACEMENT(#35,#1478);
#1480=IFCBEAM('1be0qRiUn8Wf34t3ELKYTK',$,'VT-036','IPE 180',$,#1479,#1476,'VT-036',$);
#1481=IFCRELASSOCIATESMATERIAL('0v$Y$gUQX4Qf$DiqVqI28Q',$,$,$,(#1480),#40);
#1482=IFCCARTESIANPOINT((26000.,5500.,0.));
#1483=IFCCARTESIANPOINT((26000.,10170.,0.));
#1484=IFCPOLYLINE((#1482,#1483));
#1485=IFCSHAPEREPRESENTATION(#12,'Axis','Curve3D',(#1484));
#1486=IFCPRODUCTDEFINITIONSHAPE($,$,(#1485));
#1487=IFCCARTESIANPOINT((0.,0.,0.));
#1488=IFCAXIS2PLACEMENT3D(#1487,#8,#9);
#1489=IFCLOCALPLACEMENT(#27,#1488);
#1490=IFCBEAM('0ElPHsZ0P4FwUUy$IA9hCC',$,'VT-037','IPE 240',$,#1489,#1486,'VT-037',$);
#1491=IFCRELASSOCIATESMATERIAL('2LsfaExQ5FyugoVCacoAtQ',$,$,$,(#1490),#40);
#1492=IFCCARTESIANPOINT((26000.,10170.,0.));
#1493=IFCCARTESIANPOINT((26000.,14840.,0.));
#1494=IFCPOLYLINE((#1492,#1493));
#1495=IFCSHAPEREPRESENTATION(#12,'Axis','Curve3D',(#1494));
#1496=IFCPRODUCTDEFINITIONSHAPE($,$,(#1495));
#1497=IFCCARTESIANPOINT((0.,0.,0.));
#1498=IFCAXIS2PLACEMENT3D(#1497,#8,#9);
#1499=IFCLOCALPLACEMENT(#27,#1498);
#1500=IFCBEAM('1pxgSybIv2GO7NMTg82KMn',$,'VT-038','IPE 240',$,#1499,#1496,'VT-038',$);
#1501=IFCRELASSOCIATESMATERIAL('3B$9kndeD8jRXLFmz27D95',$,$,$,(#1500),#40);
#1502=IFCCARTESIANPOINT((26000.,14840.,0.));
#1503=IFCCARTESIANPOINT((26000.,19510.,0.));
#1504=IFCPOLYLINE((#1502,#1503));
#1505=IFCSHAPEREPRESENTATION(#12,'Axis','Curve3D',(#1504));
#1506=IFCPRODUCTDEFINITIONSHAPE($,$,(#1505));
#1507=IFCCARTESIANPOINT((0.,0.,0.));
#1508=IFCAXIS2PLACEMENT3D(#1507,#8,#9);
#1509=IFCLOCALPLACEMENT(#27,#1508);
#1510=IFCBEAM('3qH26EkITE6B8l_44AlzLs',$,'VT-039','IPE 240',$,#1509,#1506,'VT-039',$);
#1511=IFCRELASSOCIATESMATERIAL('0_YZ4pfmf1x9ok5$KmaJvN',$,$,$,(#1510),#40);
#1512=IFCCARTESIANPOINT((26000.,5500.,0.));
#1513=IFCCARTESIANPOINT((26000.,10170.,0.));
#1514=IFCPOLYLINE((#1512,#1513));
#1515=IFCSHAPEREPRESENTATION(#12,'Axis','Curve3D',(#1514));
#1516=IFCPRODUCTDEFINITIONSHAPE($,$,(#1515));
#1517=IFCCARTESIANPOINT((0.,0.,0.));
#1518=IFCAXIS2PLACEMENT3D(#1517,#8,#9);
#1519=IFCLOCALPLACEMENT(#31,#1518);
#1520=IFCBEAM('1p_KDJ7Vj7yPQZepmhHzRE',$,'VT-040','IPE 240',$,#1519,#1516,'VT-040',$);
#1521=IFCRELASSOCIATESMATERIAL('39M97zlxT4KP2L_6zL1Yn5',$,$,$,(#1520),#40);
#1522=IFCCARTESIANPOINT((26000.,10170.,0.));
#1523=IFCCARTESIANPOINT((26000.,14840.,0.));
#1524=IFCPOLYLINE((#1522,#1523));
#1525=IFCSHAPEREPRESENTATION(#12,'Axis','Curve3D',(#1524));
#1526=IFCPRODUCTDEFINITIONSHAPE($,$,(#1525));
#1527=IFCCARTESIANPOINT((0.,0.,0.));
#1528=IFCAXIS2PLACEMENT3D(#1527,#8,#9);
#1529=IFCLOCALPLACEMENT(#31,#1528);
#1530=IFCBEAM('2UWLWdP0X1xw5OGcIU2s4O',$,'VT-041','IPE 240',$,#1529,#1526,'VT-041',$);
#1531=IFCRELASSOCIATESMATERIAL('35pcrqBsP3qwsXNOgUIHbY',$,$,$,(#1530),#40);
#1532=IFCCARTESIANPOINT((26000.,14840.,0.));
#1533=IFCCARTESIANPOINT((26000.,19510.,0.));
#1534=IFCPOLYLINE((#1532,#1533));
#1535=IFCSHAPEREPRESENTATION(#12,'Axis','Curve3D',(#1534));
#1536=IFCPRODUCTDEFINITIONSHAPE($,$,(#1535));
#1537=IFCCARTESIANPOINT((0.,0.,0.));
#1538=IFCAXIS2PLACEMENT3D(#1537,#8,#9);
#1539=IFCLOCALPLACEMENT(#31,#1538);
#1540=IFCBEAM('3HuiWpNfzF0vr8lbMlyLUY',$,'VT-042','IPE 240',$,#1539,#1536,'VT-042',$);
#1541=IFCRELASSOCIATESMATERIAL('1IDtaSIPjEcQ$n9sVIl$9K',$,$,$,(#1540),#40);
#1542=IFCCARTESIANPOINT((26000.,5500.,0.));
#1543=IFCCARTESIANPOINT((26000.,10170.,0.));
#1544=IFCPOLYLINE((#1542,#1543));
#1545=IFCSHAPEREPRESENTATION(#12,'Axis','Curve3D',(#1544));
#1546=IFCPRODUCTDEFINITIONSHAPE($,$,(#1545));
#1547=IFCCARTESIANPOINT((0.,0.,0.));
#1548=IFCAXIS2PLACEMENT3D(#1547,#8,#9);
#1549=IFCLOCALPLACEMENT(#35,#1548);
#1550=IFCBEAM('07m4F$bh1CwxSaMGTkNoje',$,'VT-043','IPE 180',$,#1549,#1546,'VT-043',$);
#1551=IFCRELASSOCIATESMATERIAL('0vZatOXHP169R9j8ZDNI6a',$,$,$,(#1550),#40);
#1552=IFCCARTESIANPOINT((26000.,10170.,0.));
#1553=IFCCARTESIANPOINT((26000.,14840.,0.));
#1554=IFCPOLYLINE((#1552,#1553));
#1555=IFCSHAPEREPRESENTATION(#12,'Axis','Curve3D',(#1554));
#1556=IFCPRODUCTDEFINITIONSHAPE($,$,(#1555));
#1557=IFCCARTESIANPOINT((0.,0.,0.));
#1558=IFCAXIS2PLACEMENT3D(#1557,#8,#9);
#1559=IFCLOCALPLACEMENT(#35,#1558);
#1560=IFCBEAM('1dUL23i5HFZw_J$ZV9rCZm',$,'VT-044','IPE 180',$,#1559,#1556,'VT-044',$);
#1561=IFCRELASSOCIATESMATERIAL('0xeoRHgnn2SBrJGzbgRoB_',$,$,$,(#1560),#40);
#1562=IFCCARTESIANPOINT((26000.,14840.,0.));
#1563=IFCCARTESIANPOINT((26000.,19510.,0.));
#1564=IFCPOLYLINE((#1562,#1563));
#1565=IFCSHAPEREPRESENTATION(#12,'Axis','Curve3D',(#1564));
#1566=IFCPRODUCTDEFINITIONSHAPE($,$,(#1565));
#1567=IFCCARTESIANPOINT((0.,0.,0.));
#1568=IFCAXIS2PLACEMENT3D(#1567,#8,#9);
#1569=IFCLOCALPLACEMENT(#35,#1568);
#1570=IFCBEAM('2qdMcurbf3BBDAjLcnf9jX',$,'VT-045','IPE 180',$,#1569,#1566,'VT-045',$);
#1571=IFCRELASSOCIATESMATERIAL('3voT9rfMX0OOMV5ENvNED6',$,$,$,(#1570),#40);
#1572=IFCCARTESIANPOINT((32500.,5500.,0.));
#1573=IFCCARTESIANPOINT((32500.,10170.,0.));
#1574=IFCPOLYLINE((#1572,#1573));
#1575=IFCSHAPEREPRESENTATION(#12,'Axis','Curve3D',(#1574));
#1576=IFCPRODUCTDEFINITIONSHAPE($,$,(#1575));
#1577=IFCCARTESIANPOINT((0.,0.,0.));
#1578=IFCAXIS2PLACEMENT3D(#1577,#8,#9);
#1579=IFCLOCALPLACEMENT(#27,#1578);
#1580=IFCBEAM('2Gf$iVkeT498WMc3zi3ibf',$,'VT-046','IPE 240',$,#1579,#1576,'VT-046',$);
#1581=IFCRELASSOCIATESMATERIAL('2EP$vDcCL7feUSQFyXpOjg',$,$,$,(#1580),#40);
#1582=IFCCARTESIANPOINT((32500.,10170.,0.));
#1583=IFCCARTESIANPOINT((32500.,14840.,0.));
#1584=IFCPOLYLINE((#1582,#1583));
#1585=IFCSHAPEREPRESENTATION(#12,'Axis','Curve3D',(#1584));
#1586=IFCPRODUCTDEFINITIONSHAPE($,$,(#1585));
#1587=IFCCARTESIANPOINT((0.,0.,0.));
#1588=IFCAXIS2PLACEMENT3D(#1587,#8,#9);
#1589=IFCLOCALPLACEMENT(#27,#1588);
#1590=IFCBEAM('3peXlwPbf5_8y3xlRDZN4l',$,'VT-047','IPE 240',$,#1589,#1586,'VT-047',$);
#1591=IFCRELASSOCIATESMATERIAL('2Po5Zf7GT42QUvVzqBQ2F2',$,$,$,(#1590),#40);
#1592=IFCCARTESIANPOINT((32500.,14840.,0.));
#1593=IFCCARTESIANPOINT((32500.,19510.,0.));
#1594=IFCPOLYLINE((#1592,#1593));
#1595=IFCSHAPEREPRESENTATION(#12,'Axis','Curve3D',(#1594));
#1596=IFCPRODUCTDEFINITIONSHAPE($,$,(#1595));
#1597=IFCCARTESIANPOINT((0.,0.,0.));
#1598=IFCAXIS2PLACEMENT3D(#1597,#8,#9);
#1599=IFCLOCALPLACEMENT(#27,#1598);
#1600=IFCBEAM('3LWhe1ptv15RrYXgT7tqi2',$,'VT-048','IPE 240',$,#1599,#1596,'VT-048',$);
#1601=IFCRELASSOCIATESMATERIAL('15KJxEvc9EkAFwGw6ILbek',$,$,$,(#1600),#40);
#1602=IFCCARTESIANPOINT((32500.,5500.,0.));
#1603=IFCCARTESIANPOINT((32500.,10170.,0.));
#1604=IFCPOLYLINE((#1602,#1603));
#1605=IFCSHAPEREPRESENTATION(#12,'Axis','Curve3D',(#1604));
#1606=IFCPRODUCTDEFINITIONSHAPE($,$,(#1605));
#1607=IFCCARTESIANPOINT((0.,0.,0.));
#1608=IFCAXIS2PLACEMENT3D(#1607,#8,#9);
#1609=IFCLOCALPLACEMENT(#31,#1608);
#1610=IFCBEAM('0drIA$Zbv1wOZt5Pjj43Tc',$,'VT-049','IPE 240',$,#1609,#1606,'VT-049',$);
#1611=IFCRELASSOCIATESMATERIAL('1unROxDwrCweZgoVI_L3SD',$,$,$,(#1610),#40);
#1612=IFCCARTESIANPOINT((32500.,10170.,0.));
#1613=IFCCARTESIANPOINT((32500.,14840.,0.));
#1614=IFCPOLYLINE((#1612,#1613));
#1615=IFCSHAPEREPRESENTATION(#12,'Axis','Curve3D',(#1614));
#1616=IFCPRODUCTDEFINITIONSHAPE($,$,(#1615));
#1617=IFCCARTESIANPOINT((0.,0.,0.));
#1618=IFCAXIS2PLACEMENT3D(#1617,#8,#9);
#1619=IFCLOCALPLACEMENT(#31,#1618);
#1620=IFCBEAM('3YvLsSNLX8aPLNRLnRAuWi',$,'VT-050','IPE 240',$,#1619,#1616,'VT-050',$);
#1621=IFCRELASSOCIATESMATERIAL('03Vb4PL8L0iOofpARebWgC',$,$,$,(#1620),#40);
#1622=IFCCARTESIANPOINT((32500.,14840.,0.));
#1623=IFCCARTESIANPOINT((32500.,19510.,0.));
#1624=IFCPOLYLINE((#1622,#1623));
#1625=IFCSHAPEREPRESENTATION(#12,'Axis','Curve3D',(#1624));
#1626=IFCPRODUCTDEFINITIONSHAPE($,$,(#1625));
#1627=IFCCARTESIANPOINT((0.,0.,0.));
#1628=IFCAXIS2PLACEMENT3D(#1627,#8,#9);
#1629=IFCLOCALPLACEMENT(#31,#1628);
#1630=IFCBEAM('0Z19MqV619iBmQS7b6uG8p',$,'VT-051','IPE 240',$,#1629,#1626,'VT-051',$);
#1631=IFCRELASSOCIATESMATERIAL('0UjwWW6jPFzhGCo4yiT1cs',$,$,$,(#1630),#40);
#1632=IFCCARTESIANPOINT((32500.,5500.,0.));
#1633=IFCCARTESIANPOINT((32500.,10170.,0.));
#1634=IFCPOLYLINE((#1632,#1633));
#1635=IFCSHAPEREPRESENTATION(#12,'Axis','Curve3D',(#1634));
#1636=IFCPRODUCTDEFINITIONSHAPE($,$,(#1635));
#1637=IFCCARTESIANPOINT((0.,0.,0.));
#1638=IFCAXIS2PLACEMENT3D(#1637,#8,#9);
#1639=IFCLOCALPLACEMENT(#35,#1638);
#1640=IFCBEAM('3ap6KXKWz6OOE4844S6ZxX',$,'VT-052','IPE 180',$,#1639,#1636,'VT-052',$);
#1641=IFCRELASSOCIATESMATERIAL('0HJqy0UHr2BBW7ohbmxSfh',$,$,$,(#1640),#40);
#1642=IFCCARTESIANPOINT((32500.,10170.,0.));
#1643=IFCCARTESIANPOINT((32500.,14840.,0.));
#1644=IFCPOLYLINE((#1642,#1643));
#1645=IFCSHAPEREPRESENTATION(#12,'Axis','Curve3D',(#1644));
#1646=IFCPRODUCTDEFINITIONSHAPE($,$,(#1645));
#1647=IFCCARTESIANPOINT((0.,0.,0.));
#1648=IFCAXIS2PLACEMENT3D(#1647,#8,#9);
#1649=IFCLOCALPLACEMENT(#35,#1648);
#1650=IFCBEAM('0rSNHYjAv5qeFS1a4raY8j',$,'VT-053','IPE 180',$,#1649,#1646,'VT-053',$);
#1651=IFCRELASSOCIATESMATERIAL('2MiQia$wPCh8gTio0cgH8F',$,$,$,(#1650),#40);
#1652=IFCCARTESIANPOINT((32500.,14840.,0.));
#1653=IFCCARTESIANPOINT((32500.,19510.,0.));
#1654=IFCPOLYLINE((#1652,#1653));
#1655=IFCSHAPEREPRESENTATION(#12,'Axis','Curve3D',(#1654));
#1656=IFCPRODUCTDEFINITIONSHAPE($,$,(#1655));
#1657=IFCCARTESIANPOINT((0.,0.,0.));
#1658=IFCAXIS2PLACEMENT3D(#1657,#8,#9);
#1659=IFCLOCALPLACEMENT(#35,#1658);
#1660=IFCBEAM('2N8$Bz9APB6AyBagOOscW_',$,'VT-054','IPE 180',$,#1659,#1656,'VT-054',$);
#1661=IFCRELASSOCIATESMATERIAL('1xW49NQOrARh1G$TAkiUOs',$,$,$,(#1660),#40);
#1662=IFCCARTESIANPOINT((39000.,5500.,0.));
#1663=IFCCARTESIANPOINT((39000.,10170.,0.));
#1664=IFCPOLYLINE((#1662,#1663));
#1665=IFCSHAPEREPRESENTATION(#12,'Axis','Curve3D',(#1664));
#1666=IFCPRODUCTDEFINITIONSHAPE($,$,(#1665));
#1667=IFCCARTESIANPOINT((0.,0.,0.));
#1668=IFCAXIS2PLACEMENT3D(#1667,#8,#9);
#1669=IFCLOCALPLACEMENT(#27,#1668);
#1670=IFCBEAM('3T200UYLL3oRCbdZKBgVJb',$,'VT-055','IPE 240',$,#1669,#1666,'VT-055',$);
#1671=IFCRELASSOCIATESMATERIAL('0b2kwhxpjB88NaV0uUOKSM',$,$,$,(#1670),#40);
#1672=IFCCARTESIANPOINT((39000.,10170.,0.));
#1673=IFCCARTESIANPOINT((39000.,14840.,0.));
#1674=IFCPOLYLINE((#1672,#1673));
#1675=IFCSHAPEREPRESENTATION(#12,'Axis','Curve3D',(#1674));
#1676=IFCPRODUCTDEFINITIONSHAPE($,$,(#1675));
#1677=IFCCARTESIANPOINT((0.,0.,0.));
#1678=IFCAXIS2PLACEMENT3D(#1677,#8,#9);
#1679=IFCLOCALPLACEMENT(#27,#1678);
#1680=IFCBEAM('2w5BypSpn5AREdc0rHwMA0',$,'VT-056','IPE 240',$,#1679,#1676,'VT-056',$);
#1681=IFCRELASSOCIATESMATERIAL('05z5adV2DF4uQ65jGSicsl',$,$,$,(#1680),#40);
#1682=IFCCARTESIANPOINT((39000.,14840.,0.));
#1683=IFCCARTESIANPOINT((39000.,19510.,0.));
#1684=IFCPOLYLINE((#1682,#1683));
#1685=IFCSHAPEREPRESENTATION(#12,'Axis','Curve3D',(#1684));
#1686=IFCPRODUCTDEFINITIONSHAPE($,$,(#1685));
#1687=IFCCARTESIANPOINT((0.,0.,0.));
#1688=IFCAXIS2PLACEMENT3D(#1687,#8,#9);
#1689=IFCLOCALPLACEMENT(#27,#1688);
#1690=IFCBEAM('0yc5IS$XfA2OT7CddwD$DS',$,'VT-057','IPE 240',$,#1689,#1686,'VT-057',$);
#1691=IFCRELASSOCIATESMATERIAL('3eNq74drv3ifpcVO_2_Kix',$,$,$,(#1690),#40);
#1692=IFCCARTESIANPOINT((39000.,5500.,0.));
#1693=IFCCARTESIANPOINT((39000.,10170.,0.));
#1694=IFCPOLYLINE((#1692,#1693));
#1695=IFCSHAPEREPRESENTATION(#12,'Axis','Curve3D',(#1694));
#1696=IFCPRODUCTDEFINITIONSHAPE($,$,(#1695));
#1697=IFCCARTESIANPOINT((0.,0.,0.));
#1698=IFCAXIS2PLACEMENT3D(#1697,#8,#9);
#1699=IFCLOCALPLACEMENT(#31,#1698);
#1700=IFCBEAM('2hCJWFl3n0IvBCT9Ir2V80',$,'VT-058','IPE 240',$,#1699,#1696,'VT-058',$);
#1701=IFCRELASSOCIATESMATERIAL('2eixiySfjCGQPVaSxi56Va',$,$,$,(#1700),#40);
#1702=IFCCARTESIANPOINT((39000.,10170.,0.));
#1703=IFCCARTESIANPOINT((39000.,14840.,0.));
#1704=IFCPOLYLINE((#1702,#1703));
#1705=IFCSHAPEREPRESENTATION(#12,'Axis','Curve3D',(#1704));
#1706=IFCPRODUCTDEFINITIONSHAPE($,$,(#1705));
#1707=IFCCARTESIANPOINT((0.,0.,0.));
#1708=IFCAXIS2PLACEMENT3D(#1707,#8,#9);
#1709=IFCLOCALPLACEMENT(#31,#1708);
#1710=IFCBEAM('2H58VHEZH6AAdWG6zNTjOn',$,'VT-059','IPE 240',$,#1709,#1706,'VT-059',$);
#1711=IFCRELASSOCIATESMATERIAL('1rRoKhB4z4VPjO$oxhsW2y',$,$,$,(#1710),#40);
#1712=IFCCARTESIANPOINT((39000.,14840.,0.));
#1713=IFCCARTESIANPOINT((39000.,19510.,0.));
#1714=IFCPOLYLINE((#1712,#1713));
#1715=IFCSHAPEREPRESENTATION(#12,'Axis','Curve3D',(#1714));
#1716=IFCPRODUCTDEFINITIONSHAPE($,$,(#1715));
#1717=IFCCARTESIANPOINT((0.,0.,0.));
#1718=IFCAXIS2PLACEMENT3D(#1717,#8,#9);
#1719=IFCLOCALPLACEMENT(#31,#1718);
#1720=IFCBEAM('153Rr6iTH2jOPKsz1Ar6EZ',$,'VT-060','IPE 240',$,#1719,#1716,'VT-060',$);
#1721=IFCRELASSOCIATESMATERIAL('0cQIPW7BHEoxRhcUkWcoVh',$,$,$,(#1720),#40);
#1722=IFCCARTESIANPOINT((39000.,5500.,0.));
#1723=IFCCARTESIANPOINT((39000.,10170.,0.));
#1724=IFCPOLYLINE((#1722,#1723));
#1725=IFCSHAPEREPRESENTATION(#12,'Axis','Curve3D',(#1724));
#1726=IFCPRODUCTDEFINITIONSHAPE($,$,(#1725));
#1727=IFCCARTESIANPOINT((0.,0.,0.));
#1728=IFCAXIS2PLACEMENT3D(#1727,#8,#9);
#1729=IFCLOCALPLACEMENT(#35,#1728);
#1730=IFCBEAM('3C51288MX89fpMomG13hjM',$,'VT-061','IPE 180',$,#1729,#1726,'VT-061',$);
#1731=IFCRELASSOCIATESMATERIAL('0459TKdWz7GPloiuDIn1Nn',$,$,$,(#1730),#40);
#1732=IFCCARTESIANPOINT((39000.,10170.,0.));
#1733=IFCCARTESIANPOINT((39000.,14840.,0.));
#1734=IFCPOLYLINE((#1732,#1733));
#1735=IFCSHAPEREPRESENTATION(#12,'Axis','Curve3D',(#1734));
#1736=IFCPRODUCTDEFINITIONSHAPE($,$,(#1735));
#1737=IFCCARTESIANPOINT((0.,0.,0.));
#1738=IFCAXIS2PLACEMENT3D(#1737,#8,#9);
#1739=IFCLOCALPLACEMENT(#35,#1738);
#1740=IFCBEAM('2vAnWCl0n7$QGV2kAbQfw6',$,'VT-062','IPE 180',$,#1739,#1736,'VT-062',$);
#1741=IFCRELASSOCIATESMATERIAL('0Ith1ICy9CZQUQlWuAxV8h',$,$,$,(#1740),#40);
#1742=IFCCARTESIANPOINT((39000.,14840.,0.));
#1743=IFCCARTESIANPOINT((39000.,19510.,0.));
#1744=IFCPOLYLINE((#1742,#1743));
#1745=IFCSHAPEREPRESENTATION(#12,'Axis','Curve3D',(#1744));
#1746=IFCPRODUCTDEFINITIONSHAPE($,$,(#1745));
#1747=IFCCARTESIANPOINT((0.,0.,0.));
#1748=IFCAXIS2PLACEMENT3D(#1747,#8,#9);
#1749=IFCLOCALPLACEMENT(#35,#1748);
#1750=IFCBEAM('3MtUQs4gDAnQBMyCt$VBJp',$,'VT-063','IPE 180',$,#1749,#1746,'VT-063',$);
#1751=IFCRELASSOCIATESMATERIAL('3aezaTiyLCHOvSFVyGBFpu',$,$,$,(#1750),#40);
#1752=IFCCARTESIANPOINT((39000.,0.,0.));
#1753=IFCCARTESIANPOINT((39000.,5500.,0.));
#1754=IFCPOLYLINE((#1752,#1753));
#1755=IFCSHAPEREPRESENTATION(#12,'Axis','Curve3D',(#1754));
#1756=IFCPRODUCTDEFINITIONSHAPE($,$,(#1755));
#1757=IFCCARTESIANPOINT((0.,0.,0.));
#1758=IFCAXIS2PLACEMENT3D(#1757,#8,#9);
#1759=IFCLOCALPLACEMENT(#27,#1758);
#1760=IFCBEAM('0_3sVYCDLD1gmG3pHOpjqy',$,'VT-064','IPE 240',$,#1759,#1756,'VT-064',$);
#1761=IFCRELASSOCIATESMATERIAL('1cPZVuoRXDYwD_UU7mf4qL',$,$,$,(#1760),#40);
#1762=IFCCARTESIANPOINT((45500.,5500.,0.));
#1763=IFCCARTESIANPOINT((45500.,10170.,0.));
#1764=IFCPOLYLINE((#1762,#1763));
#1765=IFCSHAPEREPRESENTATION(#12,'Axis','Curve3D',(#1764));
#1766=IFCPRODUCTDEFINITIONSHAPE($,$,(#1765));
#1767=IFCCARTESIANPOINT((0.,0.,0.));
#1768=IFCAXIS2PLACEMENT3D(#1767,#8,#9);
#1769=IFCLOCALPLACEMENT(#27,#1768);
#1770=IFCBEAM('0ttfLJ1W9APfFLElur4shI',$,'VT-065','IPE 240',$,#1769,#1766,'VT-065',$);
#1771=IFCRELASSOCIATESMATERIAL('2m0hRnwfn1e927RdhgQFum',$,$,$,(#1770),#40);
#1772=IFCCARTESIANPOINT((45500.,10170.,0.));
#1773=IFCCARTESIANPOINT((45500.,14840.,0.));
#1774=IFCPOLYLINE((#1772,#1773));
#1775=IFCSHAPEREPRESENTATION(#12,'Axis','Curve3D',(#1774));
#1776=IFCPRODUCTDEFINITIONSHAPE($,$,(#1775));
#1777=IFCCARTESIANPOINT((0.,0.,0.));
#1778=IFCAXIS2PLACEMENT3D(#1777,#8,#9);
#1779=IFCLOCALPLACEMENT(#27,#1778);
#1780=IFCBEAM('1JkfakV59DlgdXku1Tt2lH',$,'VT-066','IPE 240',$,#1779,#1776,'VT-066',$);
#1781=IFCRELASSOCIATESMATERIAL('1QEy72h7bB$wUjizIIEQ9c',$,$,$,(#1780),#40);
#1782=IFCCARTESIANPOINT((45500.,14840.,0.));
#1783=IFCCARTESIANPOINT((45500.,19510.,0.));
#1784=IFCPOLYLINE((#1782,#1783));
#1785=IFCSHAPEREPRESENTATION(#12,'Axis','Curve3D',(#1784));
#1786=IFCPRODUCTDEFINITIONSHAPE($,$,(#1785));
#1787=IFCCARTESIANPOINT((0.,0.,0.));
#1788=IFCAXIS2PLACEMENT3D(#1787,#8,#9);
#1789=IFCLOCALPLACEMENT(#27,#1788);
#1790=IFCBEAM('1Uf5CdyJ1EbAILqy3_xZ2h',$,'VT-067','IPE 240',$,#1789,#1786,'VT-067',$);
#1791=IFCRELASSOCIATESMATERIAL('3WaRUaE1v4s8j726zCKcpc',$,$,$,(#1790),#40);
#1792=IFCCARTESIANPOINT((45500.,5500.,0.));
#1793=IFCCARTESIANPOINT((45500.,10170.,0.));
#1794=IFCPOLYLINE((#1792,#1793));
#1795=IFCSHAPEREPRESENTATION(#12,'Axis','Curve3D',(#1794));
#1796=IFCPRODUCTDEFINITIONSHAPE($,$,(#1795));
#1797=IFCCARTESIANPOINT((0.,0.,0.));
#1798=IFCAXIS2PLACEMENT3D(#1797,#8,#9);
#1799=IFCLOCALPLACEMENT(#31,#1798);
#1800=IFCBEAM('3Z_KgChXP049jZZs7r2d8b',$,'VT-068','IPE 240',$,#1799,#1796,'VT-068',$);
#1801=IFCRELASSOCIATESMATERIAL('2bpKCZFtv6bRLqvTXmQTpA',$,$,$,(#1800),#40);
#1802=IFCCARTESIANPOINT((45500.,10170.,0.));
#1803=IFCCARTESIANPOINT((45500.,14840.,0.));
#1804=IFCPOLYLINE((#1802,#1803));
#1805=IFCSHAPEREPRESENTATION(#12,'Axis','Curve3D',(#1804));
#1806=IFCPRODUCTDEFINITIONSHAPE($,$,(#1805));
#1807=IFCCARTESIANPOINT((0.,0.,0.));
#1808=IFCAXIS2PLACEMENT3D(#1807,#8,#9);
#1809=IFCLOCALPLACEMENT(#31,#1808);
#1810=IFCBEAM('3fcAzpPHP0UPQynJufeVor',$,'VT-069','IPE 240',$,#1809,#1806,'VT-069',$);
#1811=IFCRELASSOCIATESMATERIAL('1zObFLcSv3MAn7Qcj_cfwc',$,$,$,(#1810),#40);
#1812=IFCCARTESIANPOINT((45500.,14840.,0.));
#1813=IFCCARTESIANPOINT((45500.,19510.,0.));
#1814=IFCPOLYLINE((#1812,#1813));
#1815=IFCSHAPEREPRESENTATION(#12,'Axis','Curve3D',(#1814));
#1816=IFCPRODUCTDEFINITIONSHAPE($,$,(#1815));
#1817=IFCCARTESIANPOINT((0.,0.,0.));
#1818=IFCAXIS2PLACEMENT3D(#1817,#8,#9);
#1819=IFCLOCALPLACEMENT(#31,#1818);
#1820=IFCBEAM('373bgOkgH1Qw5DHtBOL9xJ',$,'VT-070','IPE 240',$,#1819,#1816,'VT-070',$);
#1821=IFCRELASSOCIATESMATERIAL('1j7QlWgr13JB9_OcE64Iwy',$,$,$,(#1820),#40);
#1822=IFCCARTESIANPOINT((45500.,5500.,0.));
#1823=IFCCARTESIANPOINT((45500.,10170.,0.));
#1824=IFCPOLYLINE((#1822,#1823));
#1825=IFCSHAPEREPRESENTATION(#12,'Axis','Curve3D',(#1824));
#1826=IFCPRODUCTDEFINITIONSHAPE($,$,(#1825));
#1827=IFCCARTESIANPOINT((0.,0.,0.));
#1828=IFCAXIS2PLACEMENT3D(#1827,#8,#9);
#1829=IFCLOCALPLACEMENT(#35,#1828);
#1830=IFCBEAM('1ES16unkb4ev__d4unrCrY',$,'VT-071','IPE 180',$,#1829,#1826,'VT-071',$);
#1831=IFCRELASSOCIATESMATERIAL('2_0w189gz3fvvG5OlGLeQn',$,$,$,(#1830),#40);
#1832=IFCCARTESIANPOINT((45500.,10170.,0.));
#1833=IFCCARTESIANPOINT((45500.,14840.,0.));
#1834=IFCPOLYLINE((#1832,#1833));
#1835=IFCSHAPEREPRESENTATION(#12,'Axis','Curve3D',(#1834));
#1836=IFCPRODUCTDEFINITIONSHAPE($,$,(#1835));
#1837=IFCCARTESIANPOINT((0.,0.,0.));
#1838=IFCAXIS2PLACEMENT3D(#1837,#8,#9);
#1839=IFCLOCALPLACEMENT(#35,#1838);
#1840=IFCBEAM('29U9Nt6ub3c9kkC0cpNPRj',$,'VT-072','IPE 180',$,#1839,#1836,'VT-072',$);
#1841=IFCRELASSOCIATESMATERIAL('1s4miiMRb9iQCJDeRGdwEw',$,$,$,(#1840),#40);
#1842=IFCCARTESIANPOINT((45500.,14840.,0.));
#1843=IFCCARTESIANPOINT((45500.,19510.,0.));
#1844=IFCPOLYLINE((#1842,#1843));
#1845=IFCSHAPEREPRESENTATION(#12,'Axis','Curve3D',(#1844));
#1846=IFCPRODUCTDEFINITIONSHAPE($,$,(#1845));
#1847=IFCCARTESIANPOINT((0.,0.,0.));
#1848=IFCAXIS2PLACEMENT3D(#1847,#8,#9);
#1849=IFCLOCALPLACEMENT(#35,#1848);
#1850=IFCBEAM('2Zkcpltq96jh1Lg$MrpfzM',$,'VT-073','IPE 180',$,#1849,#1846,'VT-073',$);
#1851=IFCRELASSOCIATESMATERIAL('1F7QUM2Er6hBdtScuCIPDV',$,$,$,(#1850),#40);
#1852=IFCCARTESIANPOINT((45500.,0.,0.));
#1853=IFCCARTESIANPOINT((45500.,5500.,0.));
#1854=IFCPOLYLINE((#1852,#1853));
#1855=IFCSHAPEREPRESENTATION(#12,'Axis','Curve3D',(#1854));
#1856=IFCPRODUCTDEFINITIONSHAPE($,$,(#1855));
#1857=IFCCARTESIANPOINT((0.,0.,0.));
#1858=IFCAXIS2PLACEMENT3D(#1857,#8,#9);
#1859=IFCLOCALPLACEMENT(#27,#1858);
#1860=IFCBEAM('1qu3Xxdcz8jB8tsyzMX3p6',$,'VT-074','IPE 240',$,#1859,#1856,'VT-074',$);
#1861=IFCRELASSOCIATESMATERIAL('3wh_ZUv7j6XhCdhVSpyCxE',$,$,$,(#1860),#40);
#1862=IFCCARTESIANPOINT((52000.,5500.,0.));
#1863=IFCCARTESIANPOINT((52000.,10170.,0.));
#1864=IFCPOLYLINE((#1862,#1863));
#1865=IFCSHAPEREPRESENTATION(#12,'Axis','Curve3D',(#1864));
#1866=IFCPRODUCTDEFINITIONSHAPE($,$,(#1865));
#1867=IFCCARTESIANPOINT((0.,0.,0.));
#1868=IFCAXIS2PLACEMENT3D(#1867,#8,#9);
#1869=IFCLOCALPLACEMENT(#27,#1868);
#1870=IFCBEAM('0mlodNCV55Yv7LUhLxae0y',$,'VT-075','IPE 240',$,#1869,#1866,'VT-075',$);
#1871=IFCRELASSOCIATESMATERIAL('1bmpz5ttT88QnuyJIdi59M',$,$,$,(#1870),#40);
#1872=IFCCARTESIANPOINT((52000.,10170.,0.));
#1873=IFCCARTESIANPOINT((52000.,14840.,0.));
#1874=IFCPOLYLINE((#1872,#1873));
#1875=IFCSHAPEREPRESENTATION(#12,'Axis','Curve3D',(#1874));
#1876=IFCPRODUCTDEFINITIONSHAPE($,$,(#1875));
#1877=IFCCARTESIANPOINT((0.,0.,0.));
#1878=IFCAXIS2PLACEMENT3D(#1877,#8,#9);
#1879=IFCLOCALPLACEMENT(#27,#1878);
#1880=IFCBEAM('2ubQPUDqjDph4_6lJicJRA',$,'VT-076','IPE 240',$,#1879,#1876,'VT-076',$);
#1881=IFCRELASSOCIATESMATERIAL('1E23_3CYH1UfQZ3WoX7oHy',$,$,$,(#1880),#40);
#1882=IFCCARTESIANPOINT((52000.,14840.,0.));
#1883=IFCCARTESIANPOINT((52000.,19510.,0.));
#1884=IFCPOLYLINE((#1882,#1883));
#1885=IFCSHAPEREPRESENTATION(#12,'Axis','Curve3D',(#1884));
#1886=IFCPRODUCTDEFINITIONSHAPE($,$,(#1885));
#1887=IFCCARTESIANPOINT((0.,0.,0.));
#1888=IFCAXIS2PLACEMENT3D(#1887,#8,#9);
#1889=IFCLOCALPLACEMENT(#27,#1888);
#1890=IFCBEAM('0oP613teLDm90f2WUHpxaj',$,'VT-077','IPE 240',$,#1889,#1886,'VT-077',$);
#1891=IFCRELASSOCIATESMATERIAL('1X4BawIuH0AOh0UKCjYUSg',$,$,$,(#1890),#40);
#1892=IFCCARTESIANPOINT((52000.,5500.,0.));
#1893=IFCCARTESIANPOINT((52000.,10170.,0.));
#1894=IFCPOLYLINE((#1892,#1893));
#1895=IFCSHAPEREPRESENTATION(#12,'Axis','Curve3D',(#1894));
#1896=IFCPRODUCTDEFINITIONSHAPE($,$,(#1895));
#1897=IFCCARTESIANPOINT((0.,0.,0.));
#1898=IFCAXIS2PLACEMENT3D(#1897,#8,#9);
#1899=IFCLOCALPLACEMENT(#31,#1898);
#1900=IFCBEAM('0p6rDGNR1D8OhrRwQgLAMy',$,'VT-078','IPE 240',$,#1899,#1896,'VT-078',$);
#1901=IFCRELASSOCIATESMATERIAL('2NP$r9R2L9LvltxUzcO_7e',$,$,$,(#1900),#40);
#1902=IFCCARTESIANPOINT((52000.,10170.,0.));
#1903=IFCCARTESIANPOINT((52000.,14840.,0.));
#1904=IFCPOLYLINE((#1902,#1903));
#1905=IFCSHAPEREPRESENTATION(#12,'Axis','Curve3D',(#1904));
#1906=IFCPRODUCTDEFINITIONSHAPE($,$,(#1905));
#1907=IFCCARTESIANPOINT((0.,0.,0.));
#1908=IFCAXIS2PLACEMENT3D(#1907,#8,#9);
#1909=IFCLOCALPLACEMENT(#31,#1908);
#1910=IFCBEAM('2Z_p4jQRLD7xg9zkLf$66X',$,'VT-079','IPE 240',$,#1909,#1906,'VT-079',$);
#1911=IFCRELASSOCIATESMATERIAL('1EjKrGl212gQbblDl6naYz',$,$,$,(#1910),#40);
#1912=IFCCARTESIANPOINT((52000.,14840.,0.));
#1913=IFCCARTESIANPOINT((52000.,19510.,0.));
#1914=IFCPOLYLINE((#1912,#1913));
#1915=IFCSHAPEREPRESENTATION(#12,'Axis','Curve3D',(#1914));
#1916=IFCPRODUCTDEFINITIONSHAPE($,$,(#1915));
#1917=IFCCARTESIANPOINT((0.,0.,0.));
#1918=IFCAXIS2PLACEMENT3D(#1917,#8,#9);
#1919=IFCLOCALPLACEMENT(#31,#1918);
#1920=IFCBEAM('167CkSdfTFv9CEl0_5XXO$',$,'VT-080','IPE 240',$,#1919,#1916,'VT-080',$);
#1921=IFCRELASSOCIATESMATERIAL('0ZUq6v2_L8cPhYtMkDEphK',$,$,$,(#1920),#40);
#1922=IFCCARTESIANPOINT((52000.,5500.,0.));
#1923=IFCCARTESIANPOINT((52000.,10170.,0.));
#1924=IFCPOLYLINE((#1922,#1923));
#1925=IFCSHAPEREPRESENTATION(#12,'Axis','Curve3D',(#1924));
#1926=IFCPRODUCTDEFINITIONSHAPE($,$,(#1925));
#1927=IFCCARTESIANPOINT((0.,0.,0.));
#1928=IFCAXIS2PLACEMENT3D(#1927,#8,#9);
#1929=IFCLOCALPLACEMENT(#35,#1928);
#1930=IFCBEAM('1IM8KCTyX5OxUaUMbALkWw',$,'VT-081','IPE 180',$,#1929,#1926,'VT-081',$);
#1931=IFCRELASSOCIATESMATERIAL('1B52DPcRL9MB7Jy6qiZWsI',$,$,$,(#1930),#40);
#1932=IFCCARTESIANPOINT((52000.,10170.,0.));
#1933=IFCCARTESIANPOINT((52000.,14840.,0.));
#1934=IFCPOLYLINE((#1932,#1933));
#1935=IFCSHAPEREPRESENTATION(#12,'Axis','Curve3D',(#1934));
#1936=IFCPRODUCTDEFINITIONSHAPE($,$,(#1935));
#1937=IFCCARTESIANPOINT((0.,0.,0.));
#1938=IFCAXIS2PLACEMENT3D(#1937,#8,#9);
#1939=IFCLOCALPLACEMENT(#35,#1938);
#1940=IFCBEAM('3Yq7oQWOv86vvi1MRDHbyh',$,'VT-082','IPE 180',$,#1939,#1936,'VT-082',$);
#1941=IFCRELASSOCIATESMATERIAL('209eV4tF9AKxostqOZwcUH',$,$,$,(#1940),#40);
#1942=IFCCARTESIANPOINT((52000.,14840.,0.));
#1943=IFCCARTESIANPOINT((52000.,19510.,0.));
#1944=IFCPOLYLINE((#1942,#1943));
#1945=IFCSHAPEREPRESENTATION(#12,'Axis','Curve3D',(#1944));
#1946=IFCPRODUCTDEFINITIONSHAPE($,$,(#1945));
#1947=IFCCARTESIANPOINT((0.,0.,0.));
#1948=IFCAXIS2PLACEMENT3D(#1947,#8,#9);
#1949=IFCLOCALPLACEMENT(#35,#1948);
#1950=IFCBEAM('3I6w37Wbv1z8px7iFgdomJ',$,'VT-083','IPE 180',$,#1949,#1946,'VT-083',$);
#1951=IFCRELASSOCIATESMATERIAL('297oI1$dbBue$yb9Ur6Iz6',$,$,$,(#1950),#40);
#1952=IFCCARTESIANPOINT((52000.,0.,0.));
#1953=IFCCARTESIANPOINT((52000.,5500.,0.));
#1954=IFCPOLYLINE((#1952,#1953));
#1955=IFCSHAPEREPRESENTATION(#12,'Axis','Curve3D',(#1954));
#1956=IFCPRODUCTDEFINITIONSHAPE($,$,(#1955));
#1957=IFCCARTESIANPOINT((0.,0.,0.));
#1958=IFCAXIS2PLACEMENT3D(#1957,#8,#9);
#1959=IFCLOCALPLACEMENT(#27,#1958);
#1960=IFCBEAM('1Wyt_tTNrCQf9GKaJ_OB3M',$,'VT-084','IPE 240',$,#1959,#1956,'VT-084',$);
#1961=IFCRELASSOCIATESMATERIAL('3GMpoq$Ej8IgzKQkpiZJRJ',$,$,$,(#1960),#40);
#1962=IFCCARTESIANPOINT((56050.,5500.,0.));
#1963=IFCCARTESIANPOINT((56050.,10170.,0.));
#1964=IFCPOLYLINE((#1962,#1963));
#1965=IFCSHAPEREPRESENTATION(#12,'Axis','Curve3D',(#1964));
#1966=IFCPRODUCTDEFINITIONSHAPE($,$,(#1965));
#1967=IFCCARTESIANPOINT((0.,0.,0.));
#1968=IFCAXIS2PLACEMENT3D(#1967,#8,#9);
#1969=IFCLOCALPLACEMENT(#27,#1968);
#1970=IFCBEAM('3iwXuu5n99JPmKb1iMGu0y',$,'VT-085','IPE 240',$,#1969,#1966,'VT-085',$);
#1971=IFCRELASSOCIATESMATERIAL('2R7dET_Db35g8QBI235DYl',$,$,$,(#1970),#40);
#1972=IFCCARTESIANPOINT((56050.,10170.,0.));
#1973=IFCCARTESIANPOINT((56050.,14840.,0.));
#1974=IFCPOLYLINE((#1972,#1973));
#1975=IFCSHAPEREPRESENTATION(#12,'Axis','Curve3D',(#1974));
#1976=IFCPRODUCTDEFINITIONSHAPE($,$,(#1975));
#1977=IFCCARTESIANPOINT((0.,0.,0.));
#1978=IFCAXIS2PLACEMENT3D(#1977,#8,#9);
#1979=IFCLOCALPLACEMENT(#27,#1978);
#1980=IFCBEAM('13VK9T4kP4YhXZ3W0QyfP9',$,'VT-086','IPE 240',$,#1979,#1976,'VT-086',$);
#1981=IFCRELASSOCIATESMATERIAL('1xUzsqrF18VvNVhnMQJUM3',$,$,$,(#1980),#40);
#1982=IFCCARTESIANPOINT((56050.,14840.,0.));
#1983=IFCCARTESIANPOINT((56050.,19510.,0.));
#1984=IFCPOLYLINE((#1982,#1983));
#1985=IFCSHAPEREPRESENTATION(#12,'Axis','Curve3D',(#1984));
#1986=IFCPRODUCTDEFINITIONSHAPE($,$,(#1985));
#1987=IFCCARTESIANPOINT((0.,0.,0.));
#1988=IFCAXIS2PLACEMENT3D(#1987,#8,#9);
#1989=IFCLOCALPLACEMENT(#27,#1988);
#1990=IFCBEAM('01QmKrTRf25PBU8ri63CPN',$,'VT-087','IPE 240',$,#1989,#1986,'VT-087',$);
#1991=IFCRELASSOCIATESMATERIAL('3ibsOyZvDEgOHbXWiWnvTb',$,$,$,(#1990),#40);
#1992=IFCCARTESIANPOINT((56050.,5500.,0.));
#1993=IFCCARTESIANPOINT((56050.,10170.,0.));
#1994=IFCPOLYLINE((#1992,#1993));
#1995=IFCSHAPEREPRESENTATION(#12,'Axis','Curve3D',(#1994));
#1996=IFCPRODUCTDEFINITIONSHAPE($,$,(#1995));
#1997=IFCCARTESIANPOINT((0.,0.,0.));
#1998=IFCAXIS2PLACEMENT3D(#1997,#8,#9);
#1999=IFCLOCALPLACEMENT(#31,#1998);
#2000=IFCBEAM('2RcVQMi897hgTruBxCMB_Z',$,'VT-088','IPE 240',$,#1999,#1996,'VT-088',$);
#2001=IFCRELASSOCIATESMATERIAL('1AKfBT5aP5w8k_v74eQGah',$,$,$,(#2000),#40);
#2002=IFCCARTESIANPOINT((56050.,10170.,0.));
#2003=IFCCARTESIANPOINT((56050.,14840.,0.));
#2004=IFCPOLYLINE((#2002,#2003));
#2005=IFCSHAPEREPRESENTATION(#12,'Axis','Curve3D',(#2004));
#2006=IFCPRODUCTDEFINITIONSHAPE($,$,(#2005));
#2007=IFCCARTESIANPOINT((0.,0.,0.));
#2008=IFCAXIS2PLACEMENT3D(#2007,#8,#9);
#2009=IFCLOCALPLACEMENT(#31,#2008);
#2010=IFCBEAM('1q7EktdHL4iO4qDgo_XG0x',$,'VT-089','IPE 240',$,#2009,#2006,'VT-089',$);
#2011=IFCRELASSOCIATESMATERIAL('3EKD6Y0qPEzwi_HW_CnZ02',$,$,$,(#2010),#40);
#2012=IFCCARTESIANPOINT((56050.,14840.,0.));
#2013=IFCCARTESIANPOINT((56050.,19510.,0.));
#2014=IFCPOLYLINE((#2012,#2013));
#2015=IFCSHAPEREPRESENTATION(#12,'Axis','Curve3D',(#2014));
#2016=IFCPRODUCTDEFINITIONSHAPE($,$,(#2015));
#2017=IFCCARTESIANPOINT((0.,0.,0.));
#2018=IFCAXIS2PLACEMENT3D(#2017,#8,#9);
#2019=IFCLOCALPLACEMENT(#31,#2018);
#2020=IFCBEAM('39B5Nz1pf8EQAt7e78syHz',$,'VT-090','IPE 240',$,#2019,#2016,'VT-090',$);
#2021=IFCRELASSOCIATESMATERIAL('2Np8nzsFL50ur5DOdpAq8T',$,$,$,(#2020),#40);
#2022=IFCCARTESIANPOINT((56050.,5500.,0.));
#2023=IFCCARTESIANPOINT((56050.,10170.,0.));
#2024=IFCPOLYLINE((#2022,#2023));
#2025=IFCSHAPEREPRESENTATION(#12,'Axis','Curve3D',(#2024));
#2026=IFCPRODUCTDEFINITIONSHAPE($,$,(#2025));
#2027=IFCCARTESIANPOINT((0.,0.,0.));
#2028=IFCAXIS2PLACEMENT3D(#2027,#8,#9);
#2029=IFCLOCALPLACEMENT(#35,#2028);
#2030=IFCBEAM('0ZP_sT$153aPrIUZEJgr2n',$,'VT-091','IPE 180',$,#2029,#2026,'VT-091',$);
#2031=IFCRELASSOCIATESMATERIAL('2Jqf6jEg55NxYxR7Uh__k7',$,$,$,(#2030),#40);
#2032=IFCCARTESIANPOINT((56050.,10170.,0.));
#2033=IFCCARTESIANPOINT((56050.,14840.,0.));
#2034=IFCPOLYLINE((#2032,#2033));
#2035=IFCSHAPEREPRESENTATION(#12,'Axis','Curve3D',(#2034));
#2036=IFCPRODUCTDEFINITIONSHAPE($,$,(#2035));
#2037=IFCCARTESIANPOINT((0.,0.,0.));
#2038=IFCAXIS2PLACEMENT3D(#2037,#8,#9);
#2039=IFCLOCALPLACEMENT(#35,#2038);
#2040=IFCBEAM('32WRhICSf6F85iAdahtkUz',$,'VT-092','IPE 180',$,#2039,#2036,'VT-092',$);
#2041=IFCRELASSOCIATESMATERIAL('2cQIneVnf8Be0wkKgdp8fx',$,$,$,(#2040),#40);
#2042=IFCCARTESIANPOINT((56050.,14840.,0.));
#2043=IFCCARTESIANPOINT((56050.,19510.,0.));
#2044=IFCPOLYLINE((#2042,#2043));
#2045=IFCSHAPEREPRESENTATION(#12,'Axis','Curve3D',(#2044));
#2046=IFCPRODUCTDEFINITIONSHAPE($,$,(#2045));
#2047=IFCCARTESIANPOINT((0.,0.,0.));
#2048=IFCAXIS2PLACEMENT3D(#2047,#8,#9);
#2049=IFCLOCALPLACEMENT(#35,#2048);
#2050=IFCBEAM('1h4hVhAVb59P$b1jH1bJ7G',$,'VT-093','IPE 180',$,#2049,#2046,'VT-093',$);
#2051=IFCRELASSOCIATESMATERIAL('20AlM5inLENAyDGBOocrdz',$,$,$,(#2050),#40);
#2052=IFCCARTESIANPOINT((56050.,0.,0.));
#2053=IFCCARTESIANPOINT((56050.,5500.,0.));
#2054=IFCPOLYLINE((#2052,#2053));
#2055=IFCSHAPEREPRESENTATION(#12,'Axis','Curve3D',(#2054));
#2056=IFCPRODUCTDEFINITIONSHAPE($,$,(#2055));
#2057=IFCCARTESIANPOINT((0.,0.,0.));
#2058=IFCAXIS2PLACEMENT3D(#2057,#8,#9);
#2059=IFCLOCALPLACEMENT(#27,#2058);
#2060=IFCBEAM('1WZGwpiFz55PrTptRltDdb',$,'VT-094','IPE 240',$,#2059,#2056,'VT-094',$);
#2061=IFCRELASSOCIATESMATERIAL('0q3iVGyxn4UOG8KgzP0HWA',$,$,$,(#2060),#40);
#2062=IFCCARTESIANPOINT((62550.,5500.,0.));
#2063=IFCCARTESIANPOINT((62550.,10170.,0.));
#2064=IFCPOLYLINE((#2062,#2063));
#2065=IFCSHAPEREPRESENTATION(#12,'Axis','Curve3D',(#2064));
#2066=IFCPRODUCTDEFINITIONSHAPE($,$,(#2065));
#2067=IFCCARTESIANPOINT((0.,0.,0.));
#2068=IFCAXIS2PLACEMENT3D(#2067,#8,#9);
#2069=IFCLOCALPLACEMENT(#27,#2068);
#2070=IFCBEAM('3cu8PEZGvFtxHS8g9d1VGx',$,'VT-095','IPE 240',$,#2069,#2066,'VT-095',$);
#2071=IFCRELASSOCIATESMATERIAL('1MQejMaKbBDRBBU6K30h41',$,$,$,(#2070),#40);
#2072=IFCCARTESIANPOINT((62550.,10170.,0.));
#2073=IFCCARTESIANPOINT((62550.,14840.,0.));
#2074=IFCPOLYLINE((#2072,#2073));
#2075=IFCSHAPEREPRESENTATION(#12,'Axis','Curve3D',(#2074));
#2076=IFCPRODUCTDEFINITIONSHAPE($,$,(#2075));
#2077=IFCCARTESIANPOINT((0.,0.,0.));
#2078=IFCAXIS2PLACEMENT3D(#2077,#8,#9);
#2079=IFCLOCALPLACEMENT(#27,#2078);
#2080=IFCBEAM('14D6zueE9EVQVGjKBZ2yQj',$,'VT-096','IPE 240',$,#2079,#2076,'VT-096',$);
#2081=IFCRELASSOCIATESMATERIAL('3Is9hl38v9MOAf12D2TSgT',$,$,$,(#2080),#40);
#2082=IFCCARTESIANPOINT((62550.,14840.,0.));
#2083=IFCCARTESIANPOINT((62550.,19510.,0.));
#2084=IFCPOLYLINE((#2082,#2083));
#2085=IFCSHAPEREPRESENTATION(#12,'Axis','Curve3D',(#2084));
#2086=IFCPRODUCTDEFINITIONSHAPE($,$,(#2085));
#2087=IFCCARTESIANPOINT((0.,0.,0.));
#2088=IFCAXIS2PLACEMENT3D(#2087,#8,#9);
#2089=IFCLOCALPLACEMENT(#27,#2088);
#2090=IFCBEAM('2N$$KDO5PDk84h8kazTA_l',$,'VT-097','IPE 240',$,#2089,#2086,'VT-097',$);
#2091=IFCRELASSOCIATESMATERIAL('35LfqBG_X0uvjoOmtXiOYl',$,$,$,(#2090),#40);
#2092=IFCCARTESIANPOINT((62550.,5500.,0.));
#2093=IFCCARTESIANPOINT((62550.,10170.,0.));
#2094=IFCPOLYLINE((#2092,#2093));
#2095=IFCSHAPEREPRESENTATION(#12,'Axis','Curve3D',(#2094));
#2096=IFCPRODUCTDEFINITIONSHAPE($,$,(#2095));
#2097=IFCCARTESIANPOINT((0.,0.,0.));
#2098=IFCAXIS2PLACEMENT3D(#2097,#8,#9);
#2099=IFCLOCALPLACEMENT(#31,#2098);
#2100=IFCBEAM('3VQ$C8L754au9ogZqtKkRq',$,'VT-098','IPE 240',$,#2099,#2096,'VT-098',$);
#2101=IFCRELASSOCIATESMATERIAL('3WEohop$P6gQhERjcwywu3',$,$,$,(#2100),#40);
#2102=IFCCARTESIANPOINT((62550.,10170.,0.));
#2103=IFCCARTESIANPOINT((62550.,14840.,0.));
#2104=IFCPOLYLINE((#2102,#2103));
#2105=IFCSHAPEREPRESENTATION(#12,'Axis','Curve3D',(#2104));
#2106=IFCPRODUCTDEFINITIONSHAPE($,$,(#2105));
#2107=IFCCARTESIANPOINT((0.,0.,0.));
#2108=IFCAXIS2PLACEMENT3D(#2107,#8,#9);
#2109=IFCLOCALPLACEMENT(#31,#2108);
#2110=IFCBEAM('1Lray7yc9EL8clW23osUW4',$,'VT-099','IPE 240',$,#2109,#2106,'VT-099',$);
#2111=IFCRELASSOCIATESMATERIAL('0oXCElVbrD9AayPioBdQWU',$,$,$,(#2110),#40);
#2112=IFCCARTESIANPOINT((62550.,14840.,0.));
#2113=IFCCARTESIANPOINT((62550.,19510.,0.));
#2114=IFCPOLYLINE((#2112,#2113));
#2115=IFCSHAPEREPRESENTATION(#12,'Axis','Curve3D',(#2114));
#2116=IFCPRODUCTDEFINITIONSHAPE($,$,(#2115));
#2117=IFCCARTESIANPOINT((0.,0.,0.));
#2118=IFCAXIS2PLACEMENT3D(#2117,#8,#9);
#2119=IFCLOCALPLACEMENT(#31,#2118);
#2120=IFCBEAM('3oL5_TLMTCVRrABocyJdCk',$,'VT-100','IPE 240',$,#2119,#2116,'VT-100',$);
#2121=IFCRELASSOCIATESMATERIAL('3CaYJrjnT9UvzG__6upp_h',$,$,$,(#2120),#40);
#2122=IFCCARTESIANPOINT((62550.,5500.,0.));
#2123=IFCCARTESIANPOINT((62550.,10170.,0.));
#2124=IFCPOLYLINE((#2122,#2123));
#2125=IFCSHAPEREPRESENTATION(#12,'Axis','Curve3D',(#2124));
#2126=IFCPRODUCTDEFINITIONSHAPE($,$,(#2125));
#2127=IFCCARTESIANPOINT((0.,0.,0.));
#2128=IFCAXIS2PLACEMENT3D(#2127,#8,#9);
#2129=IFCLOCALPLACEMENT(#35,#2128);
#2130=IFCBEAM('3_0ks8b0P1W8ftP1iY4Pzt',$,'VT-101','IPE 180',$,#2129,#2126,'VT-101',$);
#2131=IFCRELASSOCIATESMATERIAL('25niiwHZLEx9$bl8a9JZ9L',$,$,$,(#2130),#40);
#2132=IFCCARTESIANPOINT((62550.,10170.,0.));
#2133=IFCCARTESIANPOINT((62550.,14840.,0.));
#2134=IFCPOLYLINE((#2132,#2133));
#2135=IFCSHAPEREPRESENTATION(#12,'Axis','Curve3D',(#2134));
#2136=IFCPRODUCTDEFINITIONSHAPE($,$,(#2135));
#2137=IFCCARTESIANPOINT((0.,0.,0.));
#2138=IFCAXIS2PLACEMENT3D(#2137,#8,#9);
#2139=IFCLOCALPLACEMENT(#35,#2138);
#2140=IFCBEAM('2f0VDbVcLFvwB3oPvhOK80',$,'VT-102','IPE 180',$,#2139,#2136,'VT-102',$);
#2141=IFCRELASSOCIATESMATERIAL('0aZBElq4P8Qhmhs3rEH9Fu',$,$,$,(#2140),#40);
#2142=IFCCARTESIANPOINT((62550.,14840.,0.));
#2143=IFCCARTESIANPOINT((62550.,19510.,0.));
#2144=IFCPOLYLINE((#2142,#2143));
#2145=IFCSHAPEREPRESENTATION(#12,'Axis','Curve3D',(#2144));
#2146=IFCPRODUCTDEFINITIONSHAPE($,$,(#2145));
#2147=IFCCARTESIANPOINT((0.,0.,0.));
#2148=IFCAXIS2PLACEMENT3D(#2147,#8,#9);
#2149=IFCLOCALPLACEMENT(#35,#2148);
#2150=IFCBEAM('3Z8Bm4SED3qPoMQHQlC9u0',$,'VT-103','IPE 180',$,#2149,#2146,'VT-103',$);
#2151=IFCRELASSOCIATESMATERIAL('2q9Z4T9pTBIQAJEKh9c6I5',$,$,$,(#2150),#40);
#2152=IFCCARTESIANPOINT((62550.,0.,0.));
#2153=IFCCARTESIANPOINT((62550.,5500.,0.));
#2154=IFCPOLYLINE((#2152,#2153));
#2155=IFCSHAPEREPRESENTATION(#12,'Axis','Curve3D',(#2154));
#2156=IFCPRODUCTDEFINITIONSHAPE($,$,(#2155));
#2157=IFCCARTESIANPOINT((0.,0.,0.));
#2158=IFCAXIS2PLACEMENT3D(#2157,#8,#9);
#2159=IFCLOCALPLACEMENT(#27,#2158);
#2160=IFCBEAM('2RiX9GCzz5kR6hxmF00cMd',$,'VT-104','IPE 240',$,#2159,#2156,'VT-104',$);
#2161=IFCRELASSOCIATESMATERIAL('2TsCeYKJDA4wZiJHQt9etB',$,$,$,(#2160),#40);
#2162=IFCCARTESIANPOINT((69050.,5500.,0.));
#2163=IFCCARTESIANPOINT((69050.,10170.,0.));
#2164=IFCPOLYLINE((#2162,#2163));
#2165=IFCSHAPEREPRESENTATION(#12,'Axis','Curve3D',(#2164));
#2166=IFCPRODUCTDEFINITIONSHAPE($,$,(#2165));
#2167=IFCCARTESIANPOINT((0.,0.,0.));
#2168=IFCAXIS2PLACEMENT3D(#2167,#8,#9);
#2169=IFCLOCALPLACEMENT(#27,#2168);
#2170=IFCBEAM('3oJf4JaObFTh7hvXknMKnV',$,'VT-105','IPE 240',$,#2169,#2166,'VT-105',$);
#2171=IFCRELASSOCIATESMATERIAL('0yT_7vJ9rCvAtEZJD9ImQR',$,$,$,(#2170),#40);
#2172=IFCCARTESIANPOINT((69050.,10170.,0.));
#2173=IFCCARTESIANPOINT((69050.,14840.,0.));
#2174=IFCPOLYLINE((#2172,#2173));
#2175=IFCSHAPEREPRESENTATION(#12,'Axis','Curve3D',(#2174));
#2176=IFCPRODUCTDEFINITIONSHAPE($,$,(#2175));
#2177=IFCCARTESIANPOINT((0.,0.,0.));
#2178=IFCAXIS2PLACEMENT3D(#2177,#8,#9);
#2179=IFCLOCALPLACEMENT(#27,#2178);
#2180=IFCBEAM('0W7Emfy0b2oga46Q4HRIo5',$,'VT-106','IPE 240',$,#2179,#2176,'VT-106',$);
#2181=IFCRELASSOCIATESMATERIAL('3SnMGj42v1ABUZ_NBc02Mg',$,$,$,(#2180),#40);
#2182=IFCCARTESIANPOINT((69050.,14840.,0.));
#2183=IFCCARTESIANPOINT((69050.,19510.,0.));
#2184=IFCPOLYLINE((#2182,#2183));
#2185=IFCSHAPEREPRESENTATION(#12,'Axis','Curve3D',(#2184));
#2186=IFCPRODUCTDEFINITIONSHAPE($,$,(#2185));
#2187=IFCCARTESIANPOINT((0.,0.,0.));
#2188=IFCAXIS2PLACEMENT3D(#2187,#8,#9);
#2189=IFCLOCALPLACEMENT(#27,#2188);
#2190=IFCBEAM('3lq_u$JvPEU9z1_1Xq9ZrL',$,'VT-107','IPE 240',$,#2189,#2186,'VT-107',$);
#2191=IFCRELASSOCIATESMATERIAL('2WrXMrEVzCFgqh5jRS_Dqx',$,$,$,(#2190),#40);
#2192=IFCCARTESIANPOINT((69050.,5500.,0.));
#2193=IFCCARTESIANPOINT((69050.,10170.,0.));
#2194=IFCPOLYLINE((#2192,#2193));
#2195=IFCSHAPEREPRESENTATION(#12,'Axis','Curve3D',(#2194));
#2196=IFCPRODUCTDEFINITIONSHAPE($,$,(#2195));
#2197=IFCCARTESIANPOINT((0.,0.,0.));
#2198=IFCAXIS2PLACEMENT3D(#2197,#8,#9);
#2199=IFCLOCALPLACEMENT(#31,#2198);
#2200=IFCBEAM('0kF_Zi5SLEQ8RWyFiSYX6s',$,'VT-108','IPE 240',$,#2199,#2196,'VT-108',$);
#2201=IFCRELASSOCIATESMATERIAL('1ayxsNgEr1u8NkJNKO1iBc',$,$,$,(#2200),#40);
#2202=IFCCARTESIANPOINT((69050.,10170.,0.));
#2203=IFCCARTESIANPOINT((69050.,14840.,0.));
#2204=IFCPOLYLINE((#2202,#2203));
#2205=IFCSHAPEREPRESENTATION(#12,'Axis','Curve3D',(#2204));
#2206=IFCPRODUCTDEFINITIONSHAPE($,$,(#2205));
#2207=IFCCARTESIANPOINT((0.,0.,0.));
#2208=IFCAXIS2PLACEMENT3D(#2207,#8,#9);
#2209=IFCLOCALPLACEMENT(#31,#2208);
#2210=IFCBEAM('2_APOCq6b9gvS7cBKHaBqG',$,'VT-109','IPE 240',$,#2209,#2206,'VT-109',$);
#2211=IFCRELASSOCIATESMATERIAL('0msGKGVzjEhAGmKJpTx09e',$,$,$,(#2210),#40);
#2212=IFCCARTESIANPOINT((69050.,14840.,0.));
#2213=IFCCARTESIANPOINT((69050.,19510.,0.));
#2214=IFCPOLYLINE((#2212,#2213));
#2215=IFCSHAPEREPRESENTATION(#12,'Axis','Curve3D',(#2214));
#2216=IFCPRODUCTDEFINITIONSHAPE($,$,(#2215));
#2217=IFCCARTESIANPOINT((0.,0.,0.));
#2218=IFCAXIS2PLACEMENT3D(#2217,#8,#9);
#2219=IFCLOCALPLACEMENT(#31,#2218);
#2220=IFCBEAM('1V3$QqBYf5cw0v4EUCUSeI',$,'VT-110','IPE 240',$,#2219,#2216,'VT-110',$);
#2221=IFCRELASSOCIATESMATERIAL('3SKtKMURPA$OVwPQKxa2Yg',$,$,$,(#2220),#40);
#2222=IFCCARTESIANPOINT((69050.,5500.,0.));
#2223=IFCCARTESIANPOINT((69050.,10170.,0.));
#2224=IFCPOLYLINE((#2222,#2223));
#2225=IFCSHAPEREPRESENTATION(#12,'Axis','Curve3D',(#2224));
#2226=IFCPRODUCTDEFINITIONSHAPE($,$,(#2225));
#2227=IFCCARTESIANPOINT((0.,0.,0.));
#2228=IFCAXIS2PLACEMENT3D(#2227,#8,#9);
#2229=IFCLOCALPLACEMENT(#35,#2228);
#2230=IFCBEAM('20$im$d2r3vwwGbU2iHUVc',$,'VT-111','IPE 180',$,#2229,#2226,'VT-111',$);
#2231=IFCRELASSOCIATESMATERIAL('291S6ESR93uhq8k_5AFiws',$,$,$,(#2230),#40);
#2232=IFCCARTESIANPOINT((69050.,10170.,0.));
#2233=IFCCARTESIANPOINT((69050.,14840.,0.));
#2234=IFCPOLYLINE((#2232,#2233));
#2235=IFCSHAPEREPRESENTATION(#12,'Axis','Curve3D',(#2234));
#2236=IFCPRODUCTDEFINITIONSHAPE($,$,(#2235));
#2237=IFCCARTESIANPOINT((0.,0.,0.));
#2238=IFCAXIS2PLACEMENT3D(#2237,#8,#9);
#2239=IFCLOCALPLACEMENT(#35,#2238);
#2240=IFCBEAM('1CICVak4zD3RMlw6rm$He0',$,'VT-112','IPE 180',$,#2239,#2236,'VT-112',$);
#2241=IFCRELASSOCIATESMATERIAL('3DTZDygzj7aAty4ePebYSB',$,$,$,(#2240),#40);
#2242=IFCCARTESIANPOINT((69050.,14840.,0.));
#2243=IFCCARTESIANPOINT((69050.,19510.,0.));
#2244=IFCPOLYLINE((#2242,#2243));
#2245=IFCSHAPEREPRESENTATION(#12,'Axis','Curve3D',(#2244));
#2246=IFCPRODUCTDEFINITIONSHAPE($,$,(#2245));
#2247=IFCCARTESIANPOINT((0.,0.,0.));
#2248=IFCAXIS2PLACEMENT3D(#2247,#8,#9);
#2249=IFCLOCALPLACEMENT(#35,#2248);
#2250=IFCBEAM('0dyA3fx1LAG8ZJwShGssnO',$,'VT-113','IPE 180',$,#2249,#2246,'VT-113',$);
#2251=IFCRELASSOCIATESMATERIAL('0jHiu8vjT3YfClWTOFJqcH',$,$,$,(#2250),#40);
#2252=IFCCARTESIANPOINT((69050.,0.,0.));
#2253=IFCCARTESIANPOINT((69050.,5500.,0.));
#2254=IFCPOLYLINE((#2252,#2253));
#2255=IFCSHAPEREPRESENTATION(#12,'Axis','Curve3D',(#2254));
#2256=IFCPRODUCTDEFINITIONSHAPE($,$,(#2255));
#2257=IFCCARTESIANPOINT((0.,0.,0.));
#2258=IFCAXIS2PLACEMENT3D(#2257,#8,#9);
#2259=IFCLOCALPLACEMENT(#27,#2258);
#2260=IFCBEAM('3U34nHQpP3IObb7NYnJN96',$,'VT-114','IPE 240',$,#2259,#2256,'VT-114',$);
#2261=IFCRELASSOCIATESMATERIAL('3RmruptmP4ogQToiMbYXX8',$,$,$,(#2260),#40);
#2262=IFCCARTESIANPOINT((75550.,5500.,0.));
#2263=IFCCARTESIANPOINT((75550.,10170.,0.));
#2264=IFCPOLYLINE((#2262,#2263));
#2265=IFCSHAPEREPRESENTATION(#12,'Axis','Curve3D',(#2264));
#2266=IFCPRODUCTDEFINITIONSHAPE($,$,(#2265));
#2267=IFCCARTESIANPOINT((0.,0.,0.));
#2268=IFCAXIS2PLACEMENT3D(#2267,#8,#9);
#2269=IFCLOCALPLACEMENT(#27,#2268);
#2270=IFCBEAM('24M9mOMUD8ogxleA1lPQXX',$,'VT-115','IPE 240',$,#2269,#2266,'VT-115',$);
#2271=IFCRELASSOCIATESMATERIAL('30uB4nqbD5JvpfYLNDQ$RD',$,$,$,(#2270),#40);
#2272=IFCCARTESIANPOINT((75550.,10170.,0.));
#2273=IFCCARTESIANPOINT((75550.,14840.,0.));
#2274=IFCPOLYLINE((#2272,#2273));
#2275=IFCSHAPEREPRESENTATION(#12,'Axis','Curve3D',(#2274));
#2276=IFCPRODUCTDEFINITIONSHAPE($,$,(#2275));
#2277=IFCCARTESIANPOINT((0.,0.,0.));
#2278=IFCAXIS2PLACEMENT3D(#2277,#8,#9);
#2279=IFCLOCALPLACEMENT(#27,#2278);
#2280=IFCBEAM('2oR86eeXD5GAMtzTUJOXHI',$,'VT-116','IPE 240',$,#2279,#2276,'VT-116',$);
#2281=IFCRELASSOCIATESMATERIAL('1BT6WJ_9z9FgHMpI2rA1nx',$,$,$,(#2280),#40);
#2282=IFCCARTESIANPOINT((75550.,14840.,0.));
#2283=IFCCARTESIANPOINT((75550.,19510.,0.));
#2284=IFCPOLYLINE((#2282,#2283));
#2285=IFCSHAPEREPRESENTATION(#12,'Axis','Curve3D',(#2284));
#2286=IFCPRODUCTDEFINITIONSHAPE($,$,(#2285));
#2287=IFCCARTESIANPOINT((0.,0.,0.));
#2288=IFCAXIS2PLACEMENT3D(#2287,#8,#9);
#2289=IFCLOCALPLACEMENT(#27,#2288);
#2290=IFCBEAM('33qX4Ozev4AA4mm$6tfmto',$,'VT-117','IPE 240',$,#2289,#2286,'VT-117',$);
#2291=IFCRELASSOCIATESMATERIAL('1cal$KkiDD7QKepTg78JyG',$,$,$,(#2290),#40);
#2292=IFCCARTESIANPOINT((75550.,5500.,0.));
#2293=IFCCARTESIANPOINT((75550.,10170.,0.));
#2294=IFCPOLYLINE((#2292,#2293));
#2295=IFCSHAPEREPRESENTATION(#12,'Axis','Curve3D',(#2294));
#2296=IFCPRODUCTDEFINITIONSHAPE($,$,(#2295));
#2297=IFCCARTESIANPOINT((0.,0.,0.));
#2298=IFCAXIS2PLACEMENT3D(#2297,#8,#9);
#2299=IFCLOCALPLACEMENT(#31,#2298);
#2300=IFCBEAM('3$mu9m1Uv17BOVqYIemSV3',$,'VT-118','IPE 240',$,#2299,#2296,'VT-118',$);
#2301=IFCRELASSOCIATESMATERIAL('2DwJr8zRnDNPjRAwGx6cmt',$,$,$,(#2300),#40);
#2302=IFCCARTESIANPOINT((75550.,10170.,0.));
#2303=IFCCARTESIANPOINT((75550.,14840.,0.));
#2304=IFCPOLYLINE((#2302,#2303));
#2305=IFCSHAPEREPRESENTATION(#12,'Axis','Curve3D',(#2304));
#2306=IFCPRODUCTDEFINITIONSHAPE($,$,(#2305));
#2307=IFCCARTESIANPOINT((0.,0.,0.));
#2308=IFCAXIS2PLACEMENT3D(#2307,#8,#9);
#2309=IFCLOCALPLACEMENT(#31,#2308);
#2310=IFCBEAM('3XUqJ4S$DECxy8X8NNer2c',$,'VT-119','IPE 240',$,#2309,#2306,'VT-119',$);
#2311=IFCRELASSOCIATESMATERIAL('2ZTl9_S5nDgP3DmTnRJx0m',$,$,$,(#2310),#40);
#2312=IFCCARTESIANPOINT((75550.,14840.,0.));
#2313=IFCCARTESIANPOINT((75550.,19510.,0.));
#2314=IFCPOLYLINE((#2312,#2313));
#2315=IFCSHAPEREPRESENTATION(#12,'Axis','Curve3D',(#2314));
#2316=IFCPRODUCTDEFINITIONSHAPE($,$,(#2315));
#2317=IFCCARTESIANPOINT((0.,0.,0.));
#2318=IFCAXIS2PLACEMENT3D(#2317,#8,#9);
#2319=IFCLOCALPLACEMENT(#31,#2318);
#2320=IFCBEAM('1EcewPxVH9zwFJV0Cau507',$,'VT-120','IPE 240',$,#2319,#2316,'VT-120',$);
#2321=IFCRELASSOCIATESMATERIAL('3jIRwWG8XC5fKzO6aQUA81',$,$,$,(#2320),#40);
#2322=IFCCARTESIANPOINT((75550.,5500.,0.));
#2323=IFCCARTESIANPOINT((75550.,10170.,0.));
#2324=IFCPOLYLINE((#2322,#2323));
#2325=IFCSHAPEREPRESENTATION(#12,'Axis','Curve3D',(#2324));
#2326=IFCPRODUCTDEFINITIONSHAPE($,$,(#2325));
#2327=IFCCARTESIANPOINT((0.,0.,0.));
#2328=IFCAXIS2PLACEMENT3D(#2327,#8,#9);
#2329=IFCLOCALPLACEMENT(#35,#2328);
#2330=IFCBEAM('3V7Th2LCz4tfgam7af9bgg',$,'VT-121','IPE 180',$,#2329,#2326,'VT-121',$);
#2331=IFCRELASSOCIATESMATERIAL('1M2U4jUdDEJ8VA2kZbw3Ly',$,$,$,(#2330),#40);
#2332=IFCCARTESIANPOINT((75550.,10170.,0.));
#2333=IFCCARTESIANPOINT((75550.,14840.,0.));
#2334=IFCPOLYLINE((#2332,#2333));
#2335=IFCSHAPEREPRESENTATION(#12,'Axis','Curve3D',(#2334));
#2336=IFCPRODUCTDEFINITIONSHAPE($,$,(#2335));
#2337=IFCCARTESIANPOINT((0.,0.,0.));
#2338=IFCAXIS2PLACEMENT3D(#2337,#8,#9);
#2339=IFCLOCALPLACEMENT(#35,#2338);
#2340=IFCBEAM('3SlwqR4_XAYxLmahcdQpuJ',$,'VT-122','IPE 180',$,#2339,#2336,'VT-122',$);
#2341=IFCRELASSOCIATESMATERIAL('0O9iKzMnPAwwYzoicQ7RAt',$,$,$,(#2340),#40);
#2342=IFCCARTESIANPOINT((75550.,14840.,0.));
#2343=IFCCARTESIANPOINT((75550.,19510.,0.));
#2344=IFCPOLYLINE((#2342,#2343));
#2345=IFCSHAPEREPRESENTATION(#12,'Axis','Curve3D',(#2344));
#2346=IFCPRODUCTDEFINITIONSHAPE($,$,(#2345));
#2347=IFCCARTESIANPOINT((0.,0.,0.));
#2348=IFCAXIS2PLACEMENT3D(#2347,#8,#9);
#2349=IFCLOCALPLACEMENT(#35,#2348);
#2350=IFCBEAM('1ZtXQ_94PDZRcQEB90kkCO',$,'VT-123','IPE 180',$,#2349,#2346,'VT-123',$);
#2351=IFCRELASSOCIATESMATERIAL('13_kWfcOX0yeHwDHx0nupD',$,$,$,(#2350),#40);
#2352=IFCCARTESIANPOINT((75550.,0.,0.));
#2353=IFCCARTESIANPOINT((75550.,5500.,0.));
#2354=IFCPOLYLINE((#2352,#2353));
#2355=IFCSHAPEREPRESENTATION(#12,'Axis','Curve3D',(#2354));
#2356=IFCPRODUCTDEFINITIONSHAPE($,$,(#2355));
#2357=IFCCARTESIANPOINT((0.,0.,0.));
#2358=IFCAXIS2PLACEMENT3D(#2357,#8,#9);
#2359=IFCLOCALPLACEMENT(#27,#2358);
#2360=IFCBEAM('0kJck80E94chMysVJ$znIE',$,'VT-124','IPE 240',$,#2359,#2356,'VT-124',$);
#2361=IFCRELASSOCIATESMATERIAL('2XEkiBY6f4cOb6IHCoDXkS',$,$,$,(#2360),#40);
#2362=IFCCARTESIANPOINT((82050.,5500.,0.));
#2363=IFCCARTESIANPOINT((82050.,10170.,0.));
#2364=IFCPOLYLINE((#2362,#2363));
#2365=IFCSHAPEREPRESENTATION(#12,'Axis','Curve3D',(#2364));
#2366=IFCPRODUCTDEFINITIONSHAPE($,$,(#2365));
#2367=IFCCARTESIANPOINT((0.,0.,0.));
#2368=IFCAXIS2PLACEMENT3D(#2367,#8,#9);
#2369=IFCLOCALPLACEMENT(#27,#2368);
#2370=IFCBEAM('2EWW3cXmX0UBGrGl6HwLrU',$,'VT-125','IPE 240',$,#2369,#2366,'VT-125',$);
#2371=IFCRELASSOCIATESMATERIAL('0DDGMoQRD4HRSsaBYESboa',$,$,$,(#2370),#40);
#2372=IFCCARTESIANPOINT((82050.,10170.,0.));
#2373=IFCCARTESIANPOINT((82050.,14840.,0.));
#2374=IFCPOLYLINE((#2372,#2373));
#2375=IFCSHAPEREPRESENTATION(#12,'Axis','Curve3D',(#2374));
#2376=IFCPRODUCTDEFINITIONSHAPE($,$,(#2375));
#2377=IFCCARTESIANPOINT((0.,0.,0.));
#2378=IFCAXIS2PLACEMENT3D(#2377,#8,#9);
#2379=IFCLOCALPLACEMENT(#27,#2378);
#2380=IFCBEAM('30RTfxSRHBE8xJz$RnhM3e',$,'VT-126','IPE 240',$,#2379,#2376,'VT-126',$);
#2381=IFCRELASSOCIATESMATERIAL('0QLmVmbXr7serZeqt4VEuv',$,$,$,(#2380),#40);
#2382=IFCCARTESIANPOINT((82050.,14840.,0.));
#2383=IFCCARTESIANPOINT((82050.,19510.,0.));
#2384=IFCPOLYLINE((#2382,#2383));
#2385=IFCSHAPEREPRESENTATION(#12,'Axis','Curve3D',(#2384));
#2386=IFCPRODUCTDEFINITIONSHAPE($,$,(#2385));
#2387=IFCCARTESIANPOINT((0.,0.,0.));
#2388=IFCAXIS2PLACEMENT3D(#2387,#8,#9);
#2389=IFCLOCALPLACEMENT(#27,#2388);
#2390=IFCBEAM('2GVwHE40jA89rneLttP6cT',$,'VT-127','IPE 240',$,#2389,#2386,'VT-127',$);
#2391=IFCRELASSOCIATESMATERIAL('0N7egftLf2hBIZNgfaVSLs',$,$,$,(#2390),#40);
#2392=IFCCARTESIANPOINT((82050.,5500.,0.));
#2393=IFCCARTESIANPOINT((82050.,10170.,0.));
#2394=IFCPOLYLINE((#2392,#2393));
#2395=IFCSHAPEREPRESENTATION(#12,'Axis','Curve3D',(#2394));
#2396=IFCPRODUCTDEFINITIONSHAPE($,$,(#2395));
#2397=IFCCARTESIANPOINT((0.,0.,0.));
#2398=IFCAXIS2PLACEMENT3D(#2397,#8,#9);
#2399=IFCLOCALPLACEMENT(#31,#2398);
#2400=IFCBEAM('22K0mgbknEmh_aYkgTokKm',$,'VT-128','IPE 240',$,#2399,#2396,'VT-128',$);
#2401=IFCRELASSOCIATESMATERIAL('2IyGDN_c16vOIx8sKvjxZX',$,$,$,(#2400),#40);
#2402=IFCCARTESIANPOINT((82050.,10170.,0.));
#2403=IFCCARTESIANPOINT((82050.,14840.,0.));
#2404=IFCPOLYLINE((#2402,#2403));
#2405=IFCSHAPEREPRESENTATION(#12,'Axis','Curve3D',(#2404));
#2406=IFCPRODUCTDEFINITIONSHAPE($,$,(#2405));
#2407=IFCCARTESIANPOINT((0.,0.,0.));
#2408=IFCAXIS2PLACEMENT3D(#2407,#8,#9);
#2409=IFCLOCALPLACEMENT(#31,#2408);
#2410=IFCBEAM('3GHM$GrH5A4x5ZT3hh4iaC',$,'VT-129','IPE 240',$,#2409,#2406,'VT-129',$);
#2411=IFCRELASSOCIATESMATERIAL('2vZ4Q_ptT8VAm49ODPaX9k',$,$,$,(#2410),#40);
#2412=IFCCARTESIANPOINT((82050.,14840.,0.));
#2413=IFCCARTESIANPOINT((82050.,19510.,0.));
#2414=IFCPOLYLINE((#2412,#2413));
#2415=IFCSHAPEREPRESENTATION(#12,'Axis','Curve3D',(#2414));
#2416=IFCPRODUCTDEFINITIONSHAPE($,$,(#2415));
#2417=IFCCARTESIANPOINT((0.,0.,0.));
#2418=IFCAXIS2PLACEMENT3D(#2417,#8,#9);
#2419=IFCLOCALPLACEMENT(#31,#2418);
#2420=IFCBEAM('3uXH3XetPBq9$vLJK92EFU',$,'VT-130','IPE 240',$,#2419,#2416,'VT-130',$);
#2421=IFCRELASSOCIATESMATERIAL('3UczNRmMD0rPNWBbYYaQSC',$,$,$,(#2420),#40);
#2422=IFCCARTESIANPOINT((82050.,5500.,0.));
#2423=IFCCARTESIANPOINT((82050.,10170.,0.));
#2424=IFCPOLYLINE((#2422,#2423));
#2425=IFCSHAPEREPRESENTATION(#12,'Axis','Curve3D',(#2424));
#2426=IFCPRODUCTDEFINITIONSHAPE($,$,(#2425));
#2427=IFCCARTESIANPOINT((0.,0.,0.));
#2428=IFCAXIS2PLACEMENT3D(#2427,#8,#9);
#2429=IFCLOCALPLACEMENT(#35,#2428);
#2430=IFCBEAM('3MIBSOKMr5NB6wtuFWTNx5',$,'VT-131','IPE 180',$,#2429,#2426,'VT-131',$);
#2431=IFCRELASSOCIATESMATERIAL('1otfW89cn35uGzXzbIDNpi',$,$,$,(#2430),#40);
#2432=IFCCARTESIANPOINT((82050.,10170.,0.));
#2433=IFCCARTESIANPOINT((82050.,14840.,0.));
#2434=IFCPOLYLINE((#2432,#2433));
#2435=IFCSHAPEREPRESENTATION(#12,'Axis','Curve3D',(#2434));
#2436=IFCPRODUCTDEFINITIONSHAPE($,$,(#2435));
#2437=IFCCARTESIANPOINT((0.,0.,0.));
#2438=IFCAXIS2PLACEMENT3D(#2437,#8,#9);
#2439=IFCLOCALPLACEMENT(#35,#2438);
#2440=IFCBEAM('1NL6xAoXD85f36Ly_GpHUE',$,'VT-132','IPE 180',$,#2439,#2436,'VT-132',$);
#2441=IFCRELASSOCIATESMATERIAL('39WTx7DSfECwpZV07dEjeT',$,$,$,(#2440),#40);
#2442=IFCCARTESIANPOINT((82050.,14840.,0.));
#2443=IFCCARTESIANPOINT((82050.,19510.,0.));
#2444=IFCPOLYLINE((#2442,#2443));
#2445=IFCSHAPEREPRESENTATION(#12,'Axis','Curve3D',(#2444));
#2446=IFCPRODUCTDEFINITIONSHAPE($,$,(#2445));
#2447=IFCCARTESIANPOINT((0.,0.,0.));
#2448=IFCAXIS2PLACEMENT3D(#2447,#8,#9);
#2449=IFCLOCALPLACEMENT(#35,#2448);
#2450=IFCBEAM('0B8yOxYwX2z8Xps9snTGb4',$,'VT-133','IPE 180',$,#2449,#2446,'VT-133',$);
#2451=IFCRELASSOCIATESMATERIAL('2mD_fSRaz44P8AeLgovQHe',$,$,$,(#2450),#40);
#2452=IFCCARTESIANPOINT((82050.,0.,0.));
#2453=IFCCARTESIANPOINT((82050.,5500.,0.));
#2454=IFCPOLYLINE((#2452,#2453));
#2455=IFCSHAPEREPRESENTATION(#12,'Axis','Curve3D',(#2454));
#2456=IFCPRODUCTDEFINITIONSHAPE($,$,(#2455));
#2457=IFCCARTESIANPOINT((0.,0.,0.));
#2458=IFCAXIS2PLACEMENT3D(#2457,#8,#9);
#2459=IFCLOCALPLACEMENT(#27,#2458);
#2460=IFCBEAM('3yljB00Mb6GOuv3k_XmPGX',$,'VT-134','IPE 240',$,#2459,#2456,'VT-134',$);
#2461=IFCRELASSOCIATESMATERIAL('2Shao2OczAlxbzrM0RP0WL',$,$,$,(#2460),#40);
#2462=IFCCARTESIANPOINT((88550.,5500.,0.));
#2463=IFCCARTESIANPOINT((88550.,10170.,0.));
#2464=IFCPOLYLINE((#2462,#2463));
#2465=IFCSHAPEREPRESENTATION(#12,'Axis','Curve3D',(#2464));
#2466=IFCPRODUCTDEFINITIONSHAPE($,$,(#2465));
#2467=IFCCARTESIANPOINT((0.,0.,0.));
#2468=IFCAXIS2PLACEMENT3D(#2467,#8,#9);
#2469=IFCLOCALPLACEMENT(#27,#2468);
#2470=IFCBEAM('1HnTbGwVvEbPlMGqR1p_F8',$,'VT-135','IPE 240',$,#2469,#2466,'VT-135',$);
#2471=IFCRELASSOCIATESMATERIAL('1lKGy1Auv7XgiPBaYDimSM',$,$,$,(#2470),#40);
#2472=IFCCARTESIANPOINT((88550.,10170.,0.));
#2473=IFCCARTESIANPOINT((88550.,14840.,0.));
#2474=IFCPOLYLINE((#2472,#2473));
#2475=IFCSHAPEREPRESENTATION(#12,'Axis','Curve3D',(#2474));
#2476=IFCPRODUCTDEFINITIONSHAPE($,$,(#2475));
#2477=IFCCARTESIANPOINT((0.,0.,0.));
#2478=IFCAXIS2PLACEMENT3D(#2477,#8,#9);
#2479=IFCLOCALPLACEMENT(#27,#2478);
#2480=IFCBEAM('3bIm0YmlXEzP4dCzuZzO3t',$,'VT-136','IPE 240',$,#2479,#2476,'VT-136',$);
#2481=IFCRELASSOCIATESMATERIAL('2kE$tq5T15NQsmRhjJnRhN',$,$,$,(#2480),#40);
#2482=IFCCARTESIANPOINT((88550.,14840.,0.));
#2483=IFCCARTESIANPOINT((88550.,19510.,0.));
#2484=IFCPOLYLINE((#2482,#2483));
#2485=IFCSHAPEREPRESENTATION(#12,'Axis','Curve3D',(#2484));
#2486=IFCPRODUCTDEFINITIONSHAPE($,$,(#2485));
#2487=IFCCARTESIANPOINT((0.,0.,0.));
#2488=IFCAXIS2PLACEMENT3D(#2487,#8,#9);
#2489=IFCLOCALPLACEMENT(#27,#2488);
#2490=IFCBEAM('1phKB7mrv58xxJM6sgs$7g',$,'VT-137','IPE 240',$,#2489,#2486,'VT-137',$);
#2491=IFCRELASSOCIATESMATERIAL('1F1rGePRDCevOcToyApFHm',$,$,$,(#2490),#40);
#2492=IFCCARTESIANPOINT((88550.,5500.,0.));
#2493=IFCCARTESIANPOINT((88550.,10170.,0.));
#2494=IFCPOLYLINE((#2492,#2493));
#2495=IFCSHAPEREPRESENTATION(#12,'Axis','Curve3D',(#2494));
#2496=IFCPRODUCTDEFINITIONSHAPE($,$,(#2495));
#2497=IFCCARTESIANPOINT((0.,0.,0.));
#2498=IFCAXIS2PLACEMENT3D(#2497,#8,#9);
#2499=IFCLOCALPLACEMENT(#31,#2498);
#2500=IFCBEAM('1SZr$fQID8V8Q8F8XCaXYA',$,'VT-138','IPE 240',$,#2499,#2496,'VT-138',$);
#2501=IFCRELASSOCIATESMATERIAL('1ZpzXoMGPFTOQpg9HzDe1v',$,$,$,(#2500),#40);
#2502=IFCCARTESIANPOINT((88550.,10170.,0.));
#2503=IFCCARTESIANPOINT((88550.,14840.,0.));
#2504=IFCPOLYLINE((#2502,#2503));
#2505=IFCSHAPEREPRESENTATION(#12,'Axis','Curve3D',(#2504));
#2506=IFCPRODUCTDEFINITIONSHAPE($,$,(#2505));
#2507=IFCCARTESIANPOINT((0.,0.,0.));
#2508=IFCAXIS2PLACEMENT3D(#2507,#8,#9);
#2509=IFCLOCALPLACEMENT(#31,#2508);
#2510=IFCBEAM('31hEVTW410tRV9OOM6YUH7',$,'VT-139','IPE 240',$,#2509,#2506,'VT-139',$);
#2511=IFCRELASSOCIATESMATERIAL('3OVDKGpjbAmQILeyB5qAjB',$,$,$,(#2510),#40);
#2512=IFCCARTESIANPOINT((88550.,14840.,0.));
#2513=IFCCARTESIANPOINT((88550.,19510.,0.));
#2514=IFCPOLYLINE((#2512,#2513));
#2515=IFCSHAPEREPRESENTATION(#12,'Axis','Curve3D',(#2514));
#2516=IFCPRODUCTDEFINITIONSHAPE($,$,(#2515));
#2517=IFCCARTESIANPOINT((0.,0.,0.));
#2518=IFCAXIS2PLACEMENT3D(#2517,#8,#9);
#2519=IFCLOCALPLACEMENT(#31,#2518);
#2520=IFCBEAM('3bjqaBfeL5zx8U1iPBrZQX',$,'VT-140','IPE 240',$,#2519,#2516,'VT-140',$);
#2521=IFCRELASSOCIATESMATERIAL('1g5J5rxS91mPhFg47Sv7sA',$,$,$,(#2520),#40);
#2522=IFCCARTESIANPOINT((88550.,5500.,0.));
#2523=IFCCARTESIANPOINT((88550.,10170.,0.));
#2524=IFCPOLYLINE((#2522,#2523));
#2525=IFCSHAPEREPRESENTATION(#12,'Axis','Curve3D',(#2524));
#2526=IFCPRODUCTDEFINITIONSHAPE($,$,(#2525));
#2527=IFCCARTESIANPOINT((0.,0.,0.));
#2528=IFCAXIS2PLACEMENT3D(#2527,#8,#9);
#2529=IFCLOCALPLACEMENT(#35,#2528);
#2530=IFCBEAM('21rxhtqM14aezvL7dANRaO',$,'VT-141','IPE 180',$,#2529,#2526,'VT-141',$);
#2531=IFCRELASSOCIATESMATERIAL('0GDD3GeIfCqPMnqUf5_Qwu',$,$,$,(#2530),#40);
#2532=IFCCARTESIANPOINT((88550.,10170.,0.));
#2533=IFCCARTESIANPOINT((88550.,14840.,0.));
#2534=IFCPOLYLINE((#2532,#2533));
#2535=IFCSHAPEREPRESENTATION(#12,'Axis','Curve3D',(#2534));
#2536=IFCPRODUCTDEFINITIONSHAPE($,$,(#2535));
#2537=IFCCARTESIANPOINT((0.,0.,0.));
#2538=IFCAXIS2PLACEMENT3D(#2537,#8,#9);
#2539=IFCLOCALPLACEMENT(#35,#2538);
#2540=IFCBEAM('0AHlQ015LEUxD2lyX22Z3Q',$,'VT-142','IPE 180',$,#2539,#2536,'VT-142',$);
#2541=IFCRELASSOCIATESMATERIAL('2rlljz7WD6Yh1HsMhhd2$n',$,$,$,(#2540),#40);
#2542=IFCCARTESIANPOINT((88550.,14840.,0.));
#2543=IFCCARTESIANPOINT((88550.,19510.,0.));
#2544=IFCPOLYLINE((#2542,#2543));
#2545=IFCSHAPEREPRESENTATION(#12,'Axis','Curve3D',(#2544));
#2546=IFCPRODUCTDEFINITIONSHAPE($,$,(#2545));
#2547=IFCCARTESIANPOINT((0.,0.,0.));
#2548=IFCAXIS2PLACEMENT3D(#2547,#8,#9);
#2549=IFCLOCALPLACEMENT(#35,#2548);
#2550=IFCBEAM('2Y2sCivlrCFxgb9xOr9apA',$,'VT-143','IPE 180',$,#2549,#2546,'VT-143',$);
#2551=IFCRELASSOCIATESMATERIAL('0U_plidcfFSBkXujURiH6v',$,$,$,(#2550),#40);
#2552=IFCCARTESIANPOINT((88550.,0.,0.));
#2553=IFCCARTESIANPOINT((88550.,5500.,0.));
#2554=IFCPOLYLINE((#2552,#2553));
#2555=IFCSHAPEREPRESENTATION(#12,'Axis','Curve3D',(#2554));
#2556=IFCPRODUCTDEFINITIONSHAPE($,$,(#2555));
#2557=IFCCARTESIANPOINT((0.,0.,0.));
#2558=IFCAXIS2PLACEMENT3D(#2557,#8,#9);
#2559=IFCLOCALPLACEMENT(#27,#2558);
#2560=IFCBEAM('2LZWEHOZ1Cm9RCgfOl9QHX',$,'VT-144','IPE 240',$,#2559,#2556,'VT-144',$);
#2561=IFCRELASSOCIATESMATERIAL('34gWi6Rmj9JQgvKQ$KHMsY',$,$,$,(#2560),#40);
#2562=IFCCARTESIANPOINT((92600.,5500.,0.));
#2563=IFCCARTESIANPOINT((92600.,10170.,0.));
#2564=IFCPOLYLINE((#2562,#2563));
#2565=IFCSHAPEREPRESENTATION(#12,'Axis','Curve3D',(#2564));
#2566=IFCPRODUCTDEFINITIONSHAPE($,$,(#2565));
#2567=IFCCARTESIANPOINT((0.,0.,0.));
#2568=IFCAXIS2PLACEMENT3D(#2567,#8,#9);
#2569=IFCLOCALPLACEMENT(#27,#2568);
#2570=IFCBEAM('2l1PkKiqL5QQabrujGsqKz',$,'VT-145','IPE 240',$,#2569,#2566,'VT-145',$);
#2571=IFCRELASSOCIATESMATERIAL('0e3lyPFjD1uezx1HrYc4ma',$,$,$,(#2570),#40);
#2572=IFCCARTESIANPOINT((92600.,10170.,0.));
#2573=IFCCARTESIANPOINT((92600.,14840.,0.));
#2574=IFCPOLYLINE((#2572,#2573));
#2575=IFCSHAPEREPRESENTATION(#12,'Axis','Curve3D',(#2574));
#2576=IFCPRODUCTDEFINITIONSHAPE($,$,(#2575));
#2577=IFCCARTESIANPOINT((0.,0.,0.));
#2578=IFCAXIS2PLACEMENT3D(#2577,#8,#9);
#2579=IFCLOCALPLACEMENT(#27,#2578);
#2580=IFCBEAM('1IiIBtTfHAsRBiDooZzCKg',$,'VT-146','IPE 240',$,#2579,#2576,'VT-146',$);
#2581=IFCRELASSOCIATESMATERIAL('0VOJ5gVT113xal$W1DGUgV',$,$,$,(#2580),#40);
#2582=IFCCARTESIANPOINT((92600.,14840.,0.));
#2583=IFCCARTESIANPOINT((92600.,19510.,0.));
#2584=IFCPOLYLINE((#2582,#2583));
#2585=IFCSHAPEREPRESENTATION(#12,'Axis','Curve3D',(#2584));
#2586=IFCPRODUCTDEFINITIONSHAPE($,$,(#2585));
#2587=IFCCARTESIANPOINT((0.,0.,0.));
#2588=IFCAXIS2PLACEMENT3D(#2587,#8,#9);
#2589=IFCLOCALPLACEMENT(#27,#2588);
#2590=IFCBEAM('14HhvJLHfA79Skf2XC_Pz7',$,'VT-147','IPE 240',$,#2589,#2586,'VT-147',$);
#2591=IFCRELASSOCIATESMATERIAL('3oiR6vwjT0Y8cv36ZUCZ6y',$,$,$,(#2590),#40);
#2592=IFCCARTESIANPOINT((92600.,5500.,0.));
#2593=IFCCARTESIANPOINT((92600.,10170.,0.));
#2594=IFCPOLYLINE((#2592,#2593));
#2595=IFCSHAPEREPRESENTATION(#12,'Axis','Curve3D',(#2594));
#2596=IFCPRODUCTDEFINITIONSHAPE($,$,(#2595));
#2597=IFCCARTESIANPOINT((0.,0.,0.));
#2598=IFCAXIS2PLACEMENT3D(#2597,#8,#9);
#2599=IFCLOCALPLACEMENT(#31,#2598);
#2600=IFCBEAM('3dL6C_jUr448oS1rRqfv4$',$,'VT-148','IPE 240',$,#2599,#2596,'VT-148',$);
#2601=IFCRELASSOCIATESMATERIAL('3lv$ue7aH8Q9mMNmPSZXI3',$,$,$,(#2600),#40);
#2602=IFCCARTESIANPOINT((92600.,10170.,0.));
#2603=IFCCARTESIANPOINT((92600.,14840.,0.));
#2604=IFCPOLYLINE((#2602,#2603));
#2605=IFCSHAPEREPRESENTATION(#12,'Axis','Curve3D',(#2604));
#2606=IFCPRODUCTDEFINITIONSHAPE($,$,(#2605));
#2607=IFCCARTESIANPOINT((0.,0.,0.));
#2608=IFCAXIS2PLACEMENT3D(#2607,#8,#9);
#2609=IFCLOCALPLACEMENT(#31,#2608);
#2610=IFCBEAM('1GGDaQdF5BORnM6iQv_1oM',$,'VT-149','IPE 240',$,#2609,#2606,'VT-149',$);
#2611=IFCRELASSOCIATESMATERIAL('3jLUomPjLE8OVAUtpISrDt',$,$,$,(#2610),#40);
#2612=IFCCARTESIANPOINT((92600.,14840.,0.));
#2613=IFCCARTESIANPOINT((92600.,19510.,0.));
#2614=IFCPOLYLINE((#2612,#2613));
#2615=IFCSHAPEREPRESENTATION(#12,'Axis','Curve3D',(#2614));
#2616=IFCPRODUCTDEFINITIONSHAPE($,$,(#2615));
#2617=IFCCARTESIANPOINT((0.,0.,0.));
#2618=IFCAXIS2PLACEMENT3D(#2617,#8,#9);
#2619=IFCLOCALPLACEMENT(#31,#2618);
#2620=IFCBEAM('396G0ty4fCmOauPm$8V9ke',$,'VT-150','IPE 240',$,#2619,#2616,'VT-150',$);
#2621=IFCRELASSOCIATESMATERIAL('1knasAGdz3tODNsZ7WkBJx',$,$,$,(#2620),#40);
#2622=IFCCARTESIANPOINT((92600.,5500.,0.));
#2623=IFCCARTESIANPOINT((92600.,10170.,0.));
#2624=IFCPOLYLINE((#2622,#2623));
#2625=IFCSHAPEREPRESENTATION(#12,'Axis','Curve3D',(#2624));
#2626=IFCPRODUCTDEFINITIONSHAPE($,$,(#2625));
#2627=IFCCARTESIANPOINT((0.,0.,0.));
#2628=IFCAXIS2PLACEMENT3D(#2627,#8,#9);
#2629=IFCLOCALPLACEMENT(#35,#2628);
#2630=IFCBEAM('0hb1LJKEnCwQ3qIDHstjQ1',$,'VT-151','IPE 180',$,#2629,#2626,'VT-151',$);
#2631=IFCRELASSOCIATESMATERIAL('07oLgO$H53Rhth_qF$jBPh',$,$,$,(#2630),#40);
#2632=IFCCARTESIANPOINT((92600.,10170.,0.));
#2633=IFCCARTESIANPOINT((92600.,14840.,0.));
#2634=IFCPOLYLINE((#2632,#2633));
#2635=IFCSHAPEREPRESENTATION(#12,'Axis','Curve3D',(#2634));
#2636=IFCPRODUCTDEFINITIONSHAPE($,$,(#2635));
#2637=IFCCARTESIANPOINT((0.,0.,0.));
#2638=IFCAXIS2PLACEMENT3D(#2637,#8,#9);
#2639=IFCLOCALPLACEMENT(#35,#2638);
#2640=IFCBEAM('2FKcUyDGD8EQQyDoeVsKXM',$,'VT-152','IPE 180',$,#2639,#2636,'VT-152',$);
#2641=IFCRELASSOCIATESMATERIAL('2Ase9SoH540hwwg21T_mUr',$,$,$,(#2640),#40);
#2642=IFCCARTESIANPOINT((92600.,14840.,0.));
#2643=IFCCARTESIANPOINT((92600.,19510.,0.));
#2644=IFCPOLYLINE((#2642,#2643));
#2645=IFCSHAPEREPRESENTATION(#12,'Axis','Curve3D',(#2644));
#2646=IFCPRODUCTDEFINITIONSHAPE($,$,(#2645));
#2647=IFCCARTESIANPOINT((0.,0.,0.));
#2648=IFCAXIS2PLACEMENT3D(#2647,#8,#9);
#2649=IFCLOCALPLACEMENT(#35,#2648);
#2650=IFCBEAM('0yzEpLzeP3mhRtBNICc2I3',$,'VT-153','IPE 180',$,#2649,#2646,'VT-153',$);
#2651=IFCRELASSOCIATESMATERIAL('35PYTiTQ1A$vBMPDmsyno5',$,$,$,(#2650),#40);
#2652=IFCCARTESIANPOINT((92600.,0.,0.));
#2653=IFCCARTESIANPOINT((92600.,5500.,0.));
#2654=IFCPOLYLINE((#2652,#2653));
#2655=IFCSHAPEREPRESENTATION(#12,'Axis','Curve3D',(#2654));
#2656=IFCPRODUCTDEFINITIONSHAPE($,$,(#2655));
#2657=IFCCARTESIANPOINT((0.,0.,0.));
#2658=IFCAXIS2PLACEMENT3D(#2657,#8,#9);
#2659=IFCLOCALPLACEMENT(#27,#2658);
#2660=IFCBEAM('0IX5lZdjjFCerYp4FOxF2Z',$,'VT-154','IPE 240',$,#2659,#2656,'VT-154',$);
#2661=IFCRELASSOCIATESMATERIAL('2ykfDYnZLFrutUwBtv$8OS',$,$,$,(#2660),#40);
#2662=IFCCARTESIANPOINT((99100.,5500.,0.));
#2663=IFCCARTESIANPOINT((99100.,10170.,0.));
#2664=IFCPOLYLINE((#2662,#2663));
#2665=IFCSHAPEREPRESENTATION(#12,'Axis','Curve3D',(#2664));
#2666=IFCPRODUCTDEFINITIONSHAPE($,$,(#2665));
#2667=IFCCARTESIANPOINT((0.,0.,0.));
#2668=IFCAXIS2PLACEMENT3D(#2667,#8,#9);
#2669=IFCLOCALPLACEMENT(#27,#2668);
#2670=IFCBEAM('0RoBpzzrb3_flkOxiNEziI',$,'VT-155','IPE 240',$,#2669,#2666,'VT-155',$);
#2671=IFCRELASSOCIATESMATERIAL('11I3$5giz7g9PmSTM4TBac',$,$,$,(#2670),#40);
#2672=IFCCARTESIANPOINT((99100.,10170.,0.));
#2673=IFCCARTESIANPOINT((99100.,14840.,0.));
#2674=IFCPOLYLINE((#2672,#2673));
#2675=IFCSHAPEREPRESENTATION(#12,'Axis','Curve3D',(#2674));
#2676=IFCPRODUCTDEFINITIONSHAPE($,$,(#2675));
#2677=IFCCARTESIANPOINT((0.,0.,0.));
#2678=IFCAXIS2PLACEMENT3D(#2677,#8,#9);
#2679=IFCLOCALPLACEMENT(#27,#2678);
#2680=IFCBEAM('3q3E6dunz5ixZVl_HFL1If',$,'VT-156','IPE 240',$,#2679,#2676,'VT-156',$);
#2681=IFCRELASSOCIATESMATERIAL('2Mo9L59xP4GRiM_rllqsis',$,$,$,(#2680),#40);
#2682=IFCCARTESIANPOINT((99100.,14840.,0.));
#2683=IFCCARTESIANPOINT((99100.,19510.,0.));
#2684=IFCPOLYLINE((#2682,#2683));
#2685=IFCSHAPEREPRESENTATION(#12,'Axis','Curve3D',(#2684));
#2686=IFCPRODUCTDEFINITIONSHAPE($,$,(#2685));
#2687=IFCCARTESIANPOINT((0.,0.,0.));
#2688=IFCAXIS2PLACEMENT3D(#2687,#8,#9);
#2689=IFCLOCALPLACEMENT(#27,#2688);
#2690=IFCBEAM('1ZphpLEhXFjAEECoGAAHIv',$,'VT-157','IPE 240',$,#2689,#2686,'VT-157',$);
#2691=IFCRELASSOCIATESMATERIAL('3tugxHZkLAkfe_Tws5zWkU',$,$,$,(#2690),#40);
#2692=IFCCARTESIANPOINT((99100.,5500.,0.));
#2693=IFCCARTESIANPOINT((99100.,10170.,0.));
#2694=IFCPOLYLINE((#2692,#2693));
#2695=IFCSHAPEREPRESENTATION(#12,'Axis','Curve3D',(#2694));
#2696=IFCPRODUCTDEFINITIONSHAPE($,$,(#2695));
#2697=IFCCARTESIANPOINT((0.,0.,0.));
#2698=IFCAXIS2PLACEMENT3D(#2697,#8,#9);
#2699=IFCLOCALPLACEMENT(#31,#2698);
#2700=IFCBEAM('0QE4hcPyjArw5uewCDYZLL',$,'VT-158','IPE 240',$,#2699,#2696,'VT-158',$);
#2701=IFCRELASSOCIATESMATERIAL('2KH6uDP_D3Vwi4zz2$K0fD',$,$,$,(#2700),#40);
#2702=IFCCARTESIANPOINT((99100.,10170.,0.));
#2703=IFCCARTESIANPOINT((99100.,14840.,0.));
#2704=IFCPOLYLINE((#2702,#2703));
#2705=IFCSHAPEREPRESENTATION(#12,'Axis','Curve3D',(#2704));
#2706=IFCPRODUCTDEFINITIONSHAPE($,$,(#2705));
#2707=IFCCARTESIANPOINT((0.,0.,0.));
#2708=IFCAXIS2PLACEMENT3D(#2707,#8,#9);
#2709=IFCLOCALPLACEMENT(#31,#2708);
#2710=IFCBEAM('39jE10Gvz0TQnrPXNQ6faF',$,'VT-159','IPE 240',$,#2709,#2706,'VT-159',$);
#2711=IFCRELASSOCIATESMATERIAL('1GXX7gtLTF8hyh1YTVbHwW',$,$,$,(#2710),#40);
#2712=IFCCARTESIANPOINT((99100.,14840.,0.));
#2713=IFCCARTESIANPOINT((99100.,19510.,0.));
#2714=IFCPOLYLINE((#2712,#2713));
#2715=IFCSHAPEREPRESENTATION(#12,'Axis','Curve3D',(#2714));
#2716=IFCPRODUCTDEFINITIONSHAPE($,$,(#2715));
#2717=IFCCARTESIANPOINT((0.,0.,0.));
#2718=IFCAXIS2PLACEMENT3D(#2717,#8,#9);
#2719=IFCLOCALPLACEMENT(#31,#2718);
#2720=IFCBEAM('2tj7fAd1v7Fe2g083W03TE',$,'VT-160','IPE 240',$,#2719,#2716,'VT-160',$);
#2721=IFCRELASSOCIATESMATERIAL('3ZTjUK_IHCDxI8suVAVVTy',$,$,$,(#2720),#40);
#2722=IFCCARTESIANPOINT((99100.,5500.,0.));
#2723=IFCCARTESIANPOINT((99100.,10170.,0.));
#2724=IFCPOLYLINE((#2722,#2723));
#2725=IFCSHAPEREPRESENTATION(#12,'Axis','Curve3D',(#2724));
#2726=IFCPRODUCTDEFINITIONSHAPE($,$,(#2725));
#2727=IFCCARTESIANPOINT((0.,0.,0.));
#2728=IFCAXIS2PLACEMENT3D(#2727,#8,#9);
#2729=IFCLOCALPLACEMENT(#35,#2728);
#2730=IFCBEAM('2bOkFIYM9FHe_goo6ajuQF',$,'VT-161','IPE 180',$,#2729,#2726,'VT-161',$);
#2731=IFCRELASSOCIATESMATERIAL('149uIj6Dr45gm$oNdqEe7w',$,$,$,(#2730),#40);
#2732=IFCCARTESIANPOINT((99100.,10170.,0.));
#2733=IFCCARTESIANPOINT((99100.,14840.,0.));
#2734=IFCPOLYLINE((#2732,#2733));
#2735=IFCSHAPEREPRESENTATION(#12,'Axis','Curve3D',(#2734));
#2736=IFCPRODUCTDEFINITIONSHAPE($,$,(#2735));
#2737=IFCCARTESIANPOINT((0.,0.,0.));
#2738=IFCAXIS2PLACEMENT3D(#2737,#8,#9);
#2739=IFCLOCALPLACEMENT(#35,#2738);
#2740=IFCBEAM('2sI5V8N$P788ibCIZudctO',$,'VT-162','IPE 180',$,#2739,#2736,'VT-162',$);
#2741=IFCRELASSOCIATESMATERIAL('0Z$uRf1sj3JgzU$fHb2tSX',$,$,$,(#2740),#40);
#2742=IFCCARTESIANPOINT((99100.,14840.,0.));
#2743=IFCCARTESIANPOINT((99100.,19510.,0.));
#2744=IFCPOLYLINE((#2742,#2743));
#2745=IFCSHAPEREPRESENTATION(#12,'Axis','Curve3D',(#2744));
#2746=IFCPRODUCTDEFINITIONSHAPE($,$,(#2745));
#2747=IFCCARTESIANPOINT((0.,0.,0.));
#2748=IFCAXIS2PLACEMENT3D(#2747,#8,#9);
#2749=IFCLOCALPLACEMENT(#35,#2748);
#2750=IFCBEAM('0S1iD8JcH4qPr_ywvdAsu8',$,'VT-163','IPE 180',$,#2749,#2746,'VT-163',$);
#2751=IFCRELASSOCIATESMATERIAL('3mrzF1jhP0wBWOR$PAxXcy',$,$,$,(#2750),#40);
#2752=IFCCARTESIANPOINT((99100.,0.,0.));
#2753=IFCCARTESIANPOINT((99100.,5500.,0.));
#2754=IFCPOLYLINE((#2752,#2753));
#2755=IFCSHAPEREPRESENTATION(#12,'Axis','Curve3D',(#2754));
#2756=IFCPRODUCTDEFINITIONSHAPE($,$,(#2755));
#2757=IFCCARTESIANPOINT((0.,0.,0.));
#2758=IFCAXIS2PLACEMENT3D(#2757,#8,#9);
#2759=IFCLOCALPLACEMENT(#27,#2758);
#2760=IFCBEAM('2bxsF1Hef0uQk7BZhtI2aj',$,'VT-164','IPE 240',$,#2759,#2756,'VT-164',$);
#2761=IFCRELASSOCIATESMATERIAL('1QEcwxTY5AefU6aQ87ioQm',$,$,$,(#2760),#40);
#2762=IFCCARTESIANPOINT((105600.,5500.,0.));
#2763=IFCCARTESIANPOINT((105600.,10170.,0.));
#2764=IFCPOLYLINE((#2762,#2763));
#2765=IFCSHAPEREPRESENTATION(#12,'Axis','Curve3D',(#2764));
#2766=IFCPRODUCTDEFINITIONSHAPE($,$,(#2765));
#2767=IFCCARTESIANPOINT((0.,0.,0.));
#2768=IFCAXIS2PLACEMENT3D(#2767,#8,#9);
#2769=IFCLOCALPLACEMENT(#27,#2768);
#2770=IFCBEAM('006xO7Q0j3egMf$Zzw3xfX',$,'VT-165','IPE 240',$,#2769,#2766,'VT-165',$);
#2771=IFCRELASSOCIATESMATERIAL('2QnIy8h2T4FhMwRB7L6k7q',$,$,$,(#2770),#40);
#2772=IFCCARTESIANPOINT((105600.,10170.,0.));
#2773=IFCCARTESIANPOINT((105600.,14840.,0.));
#2774=IFCPOLYLINE((#2772,#2773));
#2775=IFCSHAPEREPRESENTATION(#12,'Axis','Curve3D',(#2774));
#2776=IFCPRODUCTDEFINITIONSHAPE($,$,(#2775));
#2777=IFCCARTESIANPOINT((0.,0.,0.));
#2778=IFCAXIS2PLACEMENT3D(#2777,#8,#9);
#2779=IFCLOCALPLACEMENT(#27,#2778);
#2780=IFCBEAM('0pYxm4OG1DhxOohIW$L4Ja',$,'VT-166','IPE 240',$,#2779,#2776,'VT-166',$);
#2781=IFCRELASSOCIATESMATERIAL('12f4WCHkn4T9RS7krEaMoc',$,$,$,(#2780),#40);
#2782=IFCCARTESIANPOINT((105600.,14840.,0.));
#2783=IFCCARTESIANPOINT((105600.,19510.,0.));
#2784=IFCPOLYLINE((#2782,#2783));
#2785=IFCSHAPEREPRESENTATION(#12,'Axis','Curve3D',(#2784));
#2786=IFCPRODUCTDEFINITIONSHAPE($,$,(#2785));
#2787=IFCCARTESIANPOINT((0.,0.,0.));
#2788=IFCAXIS2PLACEMENT3D(#2787,#8,#9);
#2789=IFCLOCALPLACEMENT(#27,#2788);
#2790=IFCBEAM('3hoQyDE2P4FvLQdDL_TrFT',$,'VT-167','IPE 240',$,#2789,#2786,'VT-167',$);
#2791=IFCRELASSOCIATESMATERIAL('2810FK1urFP98KuK8QfYET',$,$,$,(#2790),#40);
#2792=IFCCARTESIANPOINT((105600.,5500.,0.));
#2793=IFCCARTESIANPOINT((105600.,10170.,0.));
#2794=IFCPOLYLINE((#2792,#2793));
#2795=IFCSHAPEREPRESENTATION(#12,'Axis','Curve3D',(#2794));
#2796=IFCPRODUCTDEFINITIONSHAPE($,$,(#2795));
#2797=IFCCARTESIANPOINT((0.,0.,0.));
#2798=IFCAXIS2PLACEMENT3D(#2797,#8,#9);
#2799=IFCLOCALPLACEMENT(#31,#2798);
#2800=IFCBEAM('14fX5qxqH8JeG5mTWvObzZ',$,'VT-168','IPE 240',$,#2799,#2796,'VT-168',$);
#2801=IFCRELASSOCIATESMATERIAL('2KQldFSjb00BQ_yEeemmQy',$,$,$,(#2800),#40);
#2802=IFCCARTESIANPOINT((105600.,10170.,0.));
#2803=IFCCARTESIANPOINT((105600.,14840.,0.));
#2804=IFCPOLYLINE((#2802,#2803));
#2805=IFCSHAPEREPRESENTATION(#12,'Axis','Curve3D',(#2804));
#2806=IFCPRODUCTDEFINITIONSHAPE($,$,(#2805));
#2807=IFCCARTESIANPOINT((0.,0.,0.));
#2808=IFCAXIS2PLACEMENT3D(#2807,#8,#9);
#2809=IFCLOCALPLACEMENT(#31,#2808);
#2810=IFCBEAM('0j06nO4G5DFQHedJ5HubGI',$,'VT-169','IPE 240',$,#2809,#2806,'VT-169',$);
#2811=IFCRELASSOCIATESMATERIAL('1_O66CLrz0NQRN2bVY6j8w',$,$,$,(#2810),#40);
#2812=IFCCARTESIANPOINT((105600.,14840.,0.));
#2813=IFCCARTESIANPOINT((105600.,19510.,0.));
#2814=IFCPOLYLINE((#2812,#2813));
#2815=IFCSHAPEREPRESENTATION(#12,'Axis','Curve3D',(#2814));
#2816=IFCPRODUCTDEFINITIONSHAPE($,$,(#2815));
#2817=IFCCARTESIANPOINT((0.,0.,0.));
#2818=IFCAXIS2PLACEMENT3D(#2817,#8,#9);
#2819=IFCLOCALPLACEMENT(#31,#2818);
#2820=IFCBEAM('3Wco16cur8KwClGtWo3PF3',$,'VT-170','IPE 240',$,#2819,#2816,'VT-170',$);
#2821=IFCRELASSOCIATESMATERIAL('3AMpafW79BJxfbRCvvYZZt',$,$,$,(#2820),#40);
#2822=IFCCARTESIANPOINT((105600.,5500.,0.));
#2823=IFCCARTESIANPOINT((105600.,10170.,0.));
#2824=IFCPOLYLINE((#2822,#2823));
#2825=IFCSHAPEREPRESENTATION(#12,'Axis','Curve3D',(#2824));
#2826=IFCPRODUCTDEFINITIONSHAPE($,$,(#2825));
#2827=IFCCARTESIANPOINT((0.,0.,0.));
#2828=IFCAXIS2PLACEMENT3D(#2827,#8,#9);
#2829=IFCLOCALPLACEMENT(#35,#2828);
#2830=IFCBEAM('0ET2kWJD1FiQY9Rmpjnfdf',$,'VT-171','IPE 180',$,#2829,#2826,'VT-171',$);
#2831=IFCRELASSOCIATESMATERIAL('0zdtYNs6f9Qw4DasLq4Nc$',$,$,$,(#2830),#40);
#2832=IFCCARTESIANPOINT((105600.,10170.,0.));
#2833=IFCCARTESIANPOINT((105600.,14840.,0.));
#2834=IFCPOLYLINE((#2832,#2833));
#2835=IFCSHAPEREPRESENTATION(#12,'Axis','Curve3D',(#2834));
#2836=IFCPRODUCTDEFINITIONSHAPE($,$,(#2835));
#2837=IFCCARTESIANPOINT((0.,0.,0.));
#2838=IFCAXIS2PLACEMENT3D(#2837,#8,#9);
#2839=IFCLOCALPLACEMENT(#35,#2838);
#2840=IFCBEAM('0pJZ7O4ynEFgtQ0ahDogh$',$,'VT-172','IPE 180',$,#2839,#2836,'VT-172',$);
#2841=IFCRELASSOCIATESMATERIAL('2gxqS40dX0zxQiCPj9SStZ',$,$,$,(#2840),#40);
#2842=IFCCARTESIANPOINT((105600.,14840.,0.));
#2843=IFCCARTESIANPOINT((105600.,19510.,0.));
#2844=IFCPOLYLINE((#2842,#2843));
#2845=IFCSHAPEREPRESENTATION(#12,'Axis','Curve3D',(#2844));
#2846=IFCPRODUCTDEFINITIONSHAPE($,$,(#2845));
#2847=IFCCARTESIANPOINT((0.,0.,0.));
#2848=IFCAXIS2PLACEMENT3D(#2847,#8,#9);
#2849=IFCLOCALPLACEMENT(#35,#2848);
#2850=IFCBEAM('3KBwGCn7PFx8ZDjyJ81WEh',$,'VT-173','IPE 180',$,#2849,#2846,'VT-173',$);
#2851=IFCRELASSOCIATESMATERIAL('0IZEbYvyTAlAxwr5d8tZYD',$,$,$,(#2850),#40);
#2852=IFCCARTESIANPOINT((105600.,0.,0.));
#2853=IFCCARTESIANPOINT((105600.,5500.,0.));
#2854=IFCPOLYLINE((#2852,#2853));
#2855=IFCSHAPEREPRESENTATION(#12,'Axis','Curve3D',(#2854));
#2856=IFCPRODUCTDEFINITIONSHAPE($,$,(#2855));
#2857=IFCCARTESIANPOINT((0.,0.,0.));
#2858=IFCAXIS2PLACEMENT3D(#2857,#8,#9);
#2859=IFCLOCALPLACEMENT(#27,#2858);
#2860=IFCBEAM('3CF5TFyXX3HuQ4KfUqd_6x',$,'VT-174','IPE 240',$,#2859,#2856,'VT-174',$);
#2861=IFCRELASSOCIATESMATERIAL('1pe6yEfVPCb8XIKevYDzh5',$,$,$,(#2860),#40);
#2862=IFCCARTESIANPOINT((112100.,5500.,0.));
#2863=IFCCARTESIANPOINT((112100.,10170.,0.));
#2864=IFCPOLYLINE((#2862,#2863));
#2865=IFCSHAPEREPRESENTATION(#12,'Axis','Curve3D',(#2864));
#2866=IFCPRODUCTDEFINITIONSHAPE($,$,(#2865));
#2867=IFCCARTESIANPOINT((0.,0.,0.));
#2868=IFCAXIS2PLACEMENT3D(#2867,#8,#9);
#2869=IFCLOCALPLACEMENT(#27,#2868);
#2870=IFCBEAM('0fix3GPtj4DgQGBGb9tiMt',$,'VT-175','IPE 240',$,#2869,#2866,'VT-175',$);
#2871=IFCRELASSOCIATESMATERIAL('3z14pK1NH9b8PpurdfgnGs',$,$,$,(#2870),#40);
#2872=IFCCARTESIANPOINT((112100.,10170.,0.));
#2873=IFCCARTESIANPOINT((112100.,14840.,0.));
#2874=IFCPOLYLINE((#2872,#2873));
#2875=IFCSHAPEREPRESENTATION(#12,'Axis','Curve3D',(#2874));
#2876=IFCPRODUCTDEFINITIONSHAPE($,$,(#2875));
#2877=IFCCARTESIANPOINT((0.,0.,0.));
#2878=IFCAXIS2PLACEMENT3D(#2877,#8,#9);
#2879=IFCLOCALPLACEMENT(#27,#2878);
#2880=IFCBEAM('033_51wczCDOy9pXn7exWi',$,'VT-176','IPE 240',$,#2879,#2876,'VT-176',$);
#2881=IFCRELASSOCIATESMATERIAL('2$XgvtXHPEMxo6wDe0Y5kx',$,$,$,(#2880),#40);
#2882=IFCCARTESIANPOINT((112100.,14840.,0.));
#2883=IFCCARTESIANPOINT((112100.,19510.,0.));
#2884=IFCPOLYLINE((#2882,#2883));
#2885=IFCSHAPEREPRESENTATION(#12,'Axis','Curve3D',(#2884));
#2886=IFCPRODUCTDEFINITIONSHAPE($,$,(#2885));
#2887=IFCCARTESIANPOINT((0.,0.,0.));
#2888=IFCAXIS2PLACEMENT3D(#2887,#8,#9);
#2889=IFCLOCALPLACEMENT(#27,#2888);
#2890=IFCBEAM('1oG71plh594AqC1DQu5E1a',$,'VT-177','IPE 240',$,#2889,#2886,'VT-177',$);
#2891=IFCRELASSOCIATESMATERIAL('0Q$wi4IuP0ZB_qJMuEKBHc',$,$,$,(#2890),#40);
#2892=IFCCARTESIANPOINT((112100.,5500.,0.));
#2893=IFCCARTESIANPOINT((112100.,10170.,0.));
#2894=IFCPOLYLINE((#2892,#2893));
#2895=IFCSHAPEREPRESENTATION(#12,'Axis','Curve3D',(#2894));
#2896=IFCPRODUCTDEFINITIONSHAPE($,$,(#2895));
#2897=IFCCARTESIANPOINT((0.,0.,0.));
#2898=IFCAXIS2PLACEMENT3D(#2897,#8,#9);
#2899=IFCLOCALPLACEMENT(#31,#2898);
#2900=IFCBEAM('2q0gaf7gr9$B3lPucopS_J',$,'VT-178','IPE 240',$,#2899,#2896,'VT-178',$);
#2901=IFCRELASSOCIATESMATERIAL('0Fiwz3X8T4zxYgOpPBmR_Y',$,$,$,(#2900),#40);
#2902=IFCCARTESIANPOINT((112100.,10170.,0.));
#2903=IFCCARTESIANPOINT((112100.,14840.,0.));
#2904=IFCPOLYLINE((#2902,#2903));
#2905=IFCSHAPEREPRESENTATION(#12,'Axis','Curve3D',(#2904));
#2906=IFCPRODUCTDEFINITIONSHAPE($,$,(#2905));
#2907=IFCCARTESIANPOINT((0.,0.,0.));
#2908=IFCAXIS2PLACEMENT3D(#2907,#8,#9);
#2909=IFCLOCALPLACEMENT(#31,#2908);
#2910=IFCBEAM('028K5kK0T5oxHEfizVxWLV',$,'VT-179','IPE 240',$,#2909,#2906,'VT-179',$);
#2911=IFCRELASSOCIATESMATERIAL('2woZnsOLL4Gxo4I5nqWSCx',$,$,$,(#2910),#40);
#2912=IFCCARTESIANPOINT((112100.,14840.,0.));
#2913=IFCCARTESIANPOINT((112100.,19510.,0.));
#2914=IFCPOLYLINE((#2912,#2913));
#2915=IFCSHAPEREPRESENTATION(#12,'Axis','Curve3D',(#2914));
#2916=IFCPRODUCTDEFINITIONSHAPE($,$,(#2915));
#2917=IFCCARTESIANPOINT((0.,0.,0.));
#2918=IFCAXIS2PLACEMENT3D(#2917,#8,#9);
#2919=IFCLOCALPLACEMENT(#31,#2918);
#2920=IFCBEAM('05lJGqRHHCx9VND6nTsWIN',$,'VT-180','IPE 240',$,#2919,#2916,'VT-180',$);
#2921=IFCRELASSOCIATESMATERIAL('23P8nKCNT6iAxK0IdZPzAv',$,$,$,(#2920),#40);
#2922=IFCCARTESIANPOINT((112100.,5500.,0.));
#2923=IFCCARTESIANPOINT((112100.,10170.,0.));
#2924=IFCPOLYLINE((#2922,#2923));
#2925=IFCSHAPEREPRESENTATION(#12,'Axis','Curve3D',(#2924));
#2926=IFCPRODUCTDEFINITIONSHAPE($,$,(#2925));
#2927=IFCCARTESIANPOINT((0.,0.,0.));
#2928=IFCAXIS2PLACEMENT3D(#2927,#8,#9);
#2929=IFCLOCALPLACEMENT(#35,#2928);
#2930=IFCBEAM('0$ZYfnNIP7CBKFIqOipmAo',$,'VT-181','IPE 180',$,#2929,#2926,'VT-181',$);
#2931=IFCRELASSOCIATESMATERIAL('0gwIwYbOz8IhCKAchU6dEv',$,$,$,(#2930),#40);
#2932=IFCCARTESIANPOINT((112100.,10170.,0.));
#2933=IFCCARTESIANPOINT((112100.,14840.,0.));
#2934=IFCPOLYLINE((#2932,#2933));
#2935=IFCSHAPEREPRESENTATION(#12,'Axis','Curve3D',(#2934));
#2936=IFCPRODUCTDEFINITIONSHAPE($,$,(#2935));
#2937=IFCCARTESIANPOINT((0.,0.,0.));
#2938=IFCAXIS2PLACEMENT3D(#2937,#8,#9);
#2939=IFCLOCALPLACEMENT(#35,#2938);
#2940=IFCBEAM('3wxIp6PtnF9BckCm14WUOx',$,'VT-182','IPE 180',$,#2939,#2936,'VT-182',$);
#2941=IFCRELASSOCIATESMATERIAL('354ELjY5b3ZAYRKaoAh9vG',$,$,$,(#2940),#40);
#2942=IFCCARTESIANPOINT((112100.,14840.,0.));
#2943=IFCCARTESIANPOINT((112100.,19510.,0.));
#2944=IFCPOLYLINE((#2942,#2943));
#2945=IFCSHAPEREPRESENTATION(#12,'Axis','Curve3D',(#2944));
#2946=IFCPRODUCTDEFINITIONSHAPE($,$,(#2945));
#2947=IFCCARTESIANPOINT((0.,0.,0.));
#2948=IFCAXIS2PLACEMENT3D(#2947,#8,#9);
#2949=IFCLOCALPLACEMENT(#35,#2948);
#2950=IFCBEAM('38j3ohNw1D$QefANFm$CO$',$,'VT-183','IPE 180',$,#2949,#2946,'VT-183',$);
#2951=IFCRELASSOCIATESMATERIAL('2ApojCe29FKQz5xKSVyoEq',$,$,$,(#2950),#40);
#2952=IFCCARTESIANPOINT((118600.,5500.,0.));
#2953=IFCCARTESIANPOINT((118600.,10170.,0.));
#2954=IFCPOLYLINE((#2952,#2953));
#2955=IFCSHAPEREPRESENTATION(#12,'Axis','Curve3D',(#2954));
#2956=IFCPRODUCTDEFINITIONSHAPE($,$,(#2955));
#2957=IFCCARTESIANPOINT((0.,0.,0.));
#2958=IFCAXIS2PLACEMENT3D(#2957,#8,#9);
#2959=IFCLOCALPLACEMENT(#27,#2958);
#2960=IFCBEAM('15ZKtzknv4hfqhx8URU42$',$,'VT-184','IPE 240',$,#2959,#2956,'VT-184',$);
#2961=IFCRELASSOCIATESMATERIAL('2$ZSmnidD1OPd8cGKXafxd',$,$,$,(#2960),#40);
#2962=IFCCARTESIANPOINT((118600.,10170.,0.));
#2963=IFCCARTESIANPOINT((118600.,14840.,0.));
#2964=IFCPOLYLINE((#2962,#2963));
#2965=IFCSHAPEREPRESENTATION(#12,'Axis','Curve3D',(#2964));
#2966=IFCPRODUCTDEFINITIONSHAPE($,$,(#2965));
#2967=IFCCARTESIANPOINT((0.,0.,0.));
#2968=IFCAXIS2PLACEMENT3D(#2967,#8,#9);
#2969=IFCLOCALPLACEMENT(#27,#2968);
#2970=IFCBEAM('10d1wEvyj798vEkd1V4nzW',$,'VT-185','IPE 240',$,#2969,#2966,'VT-185',$);
#2971=IFCRELASSOCIATESMATERIAL('1cYLqCwGn3cRI1Fg9F9aOp',$,$,$,(#2970),#40);
#2972=IFCCARTESIANPOINT((118600.,14840.,0.));
#2973=IFCCARTESIANPOINT((118600.,19510.,0.));
#2974=IFCPOLYLINE((#2972,#2973));
#2975=IFCSHAPEREPRESENTATION(#12,'Axis','Curve3D',(#2974));
#2976=IFCPRODUCTDEFINITIONSHAPE($,$,(#2975));
#2977=IFCCARTESIANPOINT((0.,0.,0.));
#2978=IFCAXIS2PLACEMENT3D(#2977,#8,#9);
#2979=IFCLOCALPLACEMENT(#27,#2978);
#2980=IFCBEAM('1yndbLdr168P5jsnDtpAzT',$,'VT-186','IPE 240',$,#2979,#2976,'VT-186',$);
#2981=IFCRELASSOCIATESMATERIAL('0ksn9H2sz6sBdfKDFRP9nL',$,$,$,(#2980),#40);
#2982=IFCCARTESIANPOINT((118600.,5500.,0.));
#2983=IFCCARTESIANPOINT((118600.,10170.,0.));
#2984=IFCPOLYLINE((#2982,#2983));
#2985=IFCSHAPEREPRESENTATION(#12,'Axis','Curve3D',(#2984));
#2986=IFCPRODUCTDEFINITIONSHAPE($,$,(#2985));
#2987=IFCCARTESIANPOINT((0.,0.,0.));
#2988=IFCAXIS2PLACEMENT3D(#2987,#8,#9);
#2989=IFCLOCALPLACEMENT(#31,#2988);
#2990=IFCBEAM('2Rf9ggNrX3vOdfd1Wqf33$',$,'VT-187','IPE 240',$,#2989,#2986,'VT-187',$);
#2991=IFCRELASSOCIATESMATERIAL('1JET6DfTHFEB2_UPsfu8Ku',$,$,$,(#2990),#40);
#2992=IFCCARTESIANPOINT((118600.,10170.,0.));
#2993=IFCCARTESIANPOINT((118600.,14840.,0.));
#2994=IFCPOLYLINE((#2992,#2993));
#2995=IFCSHAPEREPRESENTATION(#12,'Axis','Curve3D',(#2994));
#2996=IFCPRODUCTDEFINITIONSHAPE($,$,(#2995));
#2997=IFCCARTESIANPOINT((0.,0.,0.));
#2998=IFCAXIS2PLACEMENT3D(#2997,#8,#9);
#2999=IFCLOCALPLACEMENT(#31,#2998);
#3000=IFCBEAM('2EkY2PvYr3JBvJ_d$k94kl',$,'VT-188','IPE 240',$,#2999,#2996,'VT-188',$);
#3001=IFCRELASSOCIATESMATERIAL('3aWMVum8r5I8yiJvEVVwMP',$,$,$,(#3000),#40);
#3002=IFCCARTESIANPOINT((118600.,14840.,0.));
#3003=IFCCARTESIANPOINT((118600.,19510.,0.));
#3004=IFCPOLYLINE((#3002,#3003));
#3005=IFCSHAPEREPRESENTATION(#12,'Axis','Curve3D',(#3004));
#3006=IFCPRODUCTDEFINITIONSHAPE($,$,(#3005));
#3007=IFCCARTESIANPOINT((0.,0.,0.));
#3008=IFCAXIS2PLACEMENT3D(#3007,#8,#9);
#3009=IFCLOCALPLACEMENT(#31,#3008);
#3010=IFCBEAM('3wNzRqa7T54Qjgi77W4yBH',$,'VT-189','IPE 240',$,#3009,#3006,'VT-189',$);
#3011=IFCRELASSOCIATESMATERIAL('03khfRUwPAhfcOWUr6DPLC',$,$,$,(#3010),#40);
#3012=IFCCARTESIANPOINT((118600.,5500.,0.));
#3013=IFCCARTESIANPOINT((118600.,10170.,0.));
#3014=IFCPOLYLINE((#3012,#3013));
#3015=IFCSHAPEREPRESENTATION(#12,'Axis','Curve3D',(#3014));
#3016=IFCPRODUCTDEFINITIONSHAPE($,$,(#3015));
#3017=IFCCARTESIANPOINT((0.,0.,0.));
#3018=IFCAXIS2PLACEMENT3D(#3017,#8,#9);
#3019=IFCLOCALPLACEMENT(#35,#3018);
#3020=IFCBEAM('3sWhzkUq5A$O4SZQhHO_z4',$,'VT-190','IPE 180',$,#3019,#3016,'VT-190',$);
#3021=IFCRELASSOCIATESMATERIAL('3PfNk7P$15_PuqDZjbxnkD',$,$,$,(#3020),#40);
#3022=IFCCARTESIANPOINT((118600.,10170.,0.));
#3023=IFCCARTESIANPOINT((118600.,14840.,0.));
#3024=IFCPOLYLINE((#3022,#3023));
#3025=IFCSHAPEREPRESENTATION(#12,'Axis','Curve3D',(#3024));
#3026=IFCPRODUCTDEFINITIONSHAPE($,$,(#3025));
#3027=IFCCARTESIANPOINT((0.,0.,0.));
#3028=IFCAXIS2PLACEMENT3D(#3027,#8,#9);
#3029=IFCLOCALPLACEMENT(#35,#3028);
#3030=IFCBEAM('3g4qjx2yfDChLaCvZn9A9F',$,'VT-191','IPE 180',$,#3029,#3026,'VT-191',$);
#3031=IFCRELASSOCIATESMATERIAL('12uk1zTRj0oxVJo$mFwH31',$,$,$,(#3030),#40);
#3032=IFCCARTESIANPOINT((118600.,14840.,0.));
#3033=IFCCARTESIANPOINT((118600.,19510.,0.));
#3034=IFCPOLYLINE((#3032,#3033));
#3035=IFCSHAPEREPRESENTATION(#12,'Axis','Curve3D',(#3034));
#3036=IFCPRODUCTDEFINITIONSHAPE($,$,(#3035));
#3037=IFCCARTESIANPOINT((0.,0.,0.));
#3038=IFCAXIS2PLACEMENT3D(#3037,#8,#9);
#3039=IFCLOCALPLACEMENT(#35,#3038);
#3040=IFCBEAM('0pVaD0XJf38wnEJfHiQUcZ',$,'VT-192','IPE 180',$,#3039,#3036,'VT-192',$);
#3041=IFCRELASSOCIATESMATERIAL('0WTSHfWZX5VR90FLC13b3c',$,$,$,(#3040),#40);
#3042=IFCCARTESIANPOINT((125100.,5500.,0.));
#3043=IFCCARTESIANPOINT((125100.,10170.,0.));
#3044=IFCPOLYLINE((#3042,#3043));
#3045=IFCSHAPEREPRESENTATION(#12,'Axis','Curve3D',(#3044));
#3046=IFCPRODUCTDEFINITIONSHAPE($,$,(#3045));
#3047=IFCCARTESIANPOINT((0.,0.,0.));
#3048=IFCAXIS2PLACEMENT3D(#3047,#8,#9);
#3049=IFCLOCALPLACEMENT(#27,#3048);
#3050=IFCBEAM('28J0cLD4f6tBb7FVALSPN6',$,'VT-193','IPE 240',$,#3049,#3046,'VT-193',$);
#3051=IFCRELASSOCIATESMATERIAL('1G2ddnG056aQJbb8rFIXb9',$,$,$,(#3050),#40);
#3052=IFCCARTESIANPOINT((125100.,10170.,0.));
#3053=IFCCARTESIANPOINT((125100.,14840.,0.));
#3054=IFCPOLYLINE((#3052,#3053));
#3055=IFCSHAPEREPRESENTATION(#12,'Axis','Curve3D',(#3054));
#3056=IFCPRODUCTDEFINITIONSHAPE($,$,(#3055));
#3057=IFCCARTESIANPOINT((0.,0.,0.));
#3058=IFCAXIS2PLACEMENT3D(#3057,#8,#9);
#3059=IFCLOCALPLACEMENT(#27,#3058);
#3060=IFCBEAM('2TO3Bwmj13E93IN3IJbzA9',$,'VT-194','IPE 240',$,#3059,#3056,'VT-194',$);
#3061=IFCRELASSOCIATESMATERIAL('3KMw0Dr3P2GvO9x1L4GLwu',$,$,$,(#3060),#40);
#3062=IFCCARTESIANPOINT((125100.,14840.,0.));
#3063=IFCCARTESIANPOINT((125100.,19510.,0.));
#3064=IFCPOLYLINE((#3062,#3063));
#3065=IFCSHAPEREPRESENTATION(#12,'Axis','Curve3D',(#3064));
#3066=IFCPRODUCTDEFINITIONSHAPE($,$,(#3065));
#3067=IFCCARTESIANPOINT((0.,0.,0.));
#3068=IFCAXIS2PLACEMENT3D(#3067,#8,#9);
#3069=IFCLOCALPLACEMENT(#27,#3068);
#3070=IFCBEAM('1k3YNN3$HFte2Gf3F1J3Qf',$,'VT-195','IPE 240',$,#3069,#3066,'VT-195',$);
#3071=IFCRELASSOCIATESMATERIAL('1lUObWKvnBegFll2l_DMZA',$,$,$,(#3070),#40);
#3072=IFCCARTESIANPOINT((125100.,5500.,0.));
#3073=IFCCARTESIANPOINT((125100.,10170.,0.));
#3074=IFCPOLYLINE((#3072,#3073));
#3075=IFCSHAPEREPRESENTATION(#12,'Axis','Curve3D',(#3074));
#3076=IFCPRODUCTDEFINITIONSHAPE($,$,(#3075));
#3077=IFCCARTESIANPOINT((0.,0.,0.));
#3078=IFCAXIS2PLACEMENT3D(#3077,#8,#9);
#3079=IFCLOCALPLACEMENT(#31,#3078);
#3080=IFCBEAM('1W2Fa0ZJLEix7m32GfrXDX',$,'VT-196','IPE 240',$,#3079,#3076,'VT-196',$);
#3081=IFCRELASSOCIATESMATERIAL('1Uxw5r4LL1xv6a3hm2m0A4',$,$,$,(#3080),#40);
#3082=IFCCARTESIANPOINT((125100.,10170.,0.));
#3083=IFCCARTESIANPOINT((125100.,14840.,0.));
#3084=IFCPOLYLINE((#3082,#3083));
#3085=IFCSHAPEREPRESENTATION(#12,'Axis','Curve3D',(#3084));
#3086=IFCPRODUCTDEFINITIONSHAPE($,$,(#3085));
#3087=IFCCARTESIANPOINT((0.,0.,0.));
#3088=IFCAXIS2PLACEMENT3D(#3087,#8,#9);
#3089=IFCLOCALPLACEMENT(#31,#3088);
#3090=IFCBEAM('1e0YbNVMP7pQiGS4KIbuQc',$,'VT-197','IPE 240',$,#3089,#3086,'VT-197',$);
#3091=IFCRELASSOCIATESMATERIAL('3s_DwUTHD76v57ls4t3T1k',$,$,$,(#3090),#40);
#3092=IFCCARTESIANPOINT((125100.,14840.,0.));
#3093=IFCCARTESIANPOINT((125100.,19510.,0.));
#3094=IFCPOLYLINE((#3092,#3093));
#3095=IFCSHAPEREPRESENTATION(#12,'Axis','Curve3D',(#3094));
#3096=IFCPRODUCTDEFINITIONSHAPE($,$,(#3095));
#3097=IFCCARTESIANPOINT((0.,0.,0.));
#3098=IFCAXIS2PLACEMENT3D(#3097,#8,#9);
#3099=IFCLOCALPLACEMENT(#31,#3098);
#3100=IFCBEAM('0asZJc$oHEORZvKtoERY8y',$,'VT-198','IPE 240',$,#3099,#3096,'VT-198',$);
#3101=IFCRELASSOCIATESMATERIAL('2yaqE9BfH6Zu6oXr3uMVgU',$,$,$,(#3100),#40);
#3102=IFCCARTESIANPOINT((125100.,5500.,0.));
#3103=IFCCARTESIANPOINT((125100.,10170.,0.));
#3104=IFCPOLYLINE((#3102,#3103));
#3105=IFCSHAPEREPRESENTATION(#12,'Axis','Curve3D',(#3104));
#3106=IFCPRODUCTDEFINITIONSHAPE($,$,(#3105));
#3107=IFCCARTESIANPOINT((0.,0.,0.));
#3108=IFCAXIS2PLACEMENT3D(#3107,#8,#9);
#3109=IFCLOCALPLACEMENT(#35,#3108);
#3110=IFCBEAM('18gKCIS9vFdwtpeqmu8yoV',$,'VT-199','IPE 180',$,#3109,#3106,'VT-199',$);
#3111=IFCRELASSOCIATESMATERIAL('1iWx$TKV52wwyDV_WTssm5',$,$,$,(#3110),#40);
#3112=IFCCARTESIANPOINT((125100.,10170.,0.));
#3113=IFCCARTESIANPOINT((125100.,14840.,0.));
#3114=IFCPOLYLINE((#3112,#3113));
#3115=IFCSHAPEREPRESENTATION(#12,'Axis','Curve3D',(#3114));
#3116=IFCPRODUCTDEFINITIONSHAPE($,$,(#3115));
#3117=IFCCARTESIANPOINT((0.,0.,0.));
#3118=IFCAXIS2PLACEMENT3D(#3117,#8,#9);
#3119=IFCLOCALPLACEMENT(#35,#3118);
#3120=IFCBEAM('0QfhU0BPDE7xFRhRDs_JSo',$,'VT-200','IPE 180',$,#3119,#3116,'VT-200',$);
#3121=IFCRELASSOCIATESMATERIAL('1pkb8bBbDAGOWKqNadWDXF',$,$,$,(#3120),#40);
#3122=IFCCARTESIANPOINT((125100.,14840.,0.));
#3123=IFCCARTESIANPOINT((125100.,19510.,0.));
#3124=IFCPOLYLINE((#3122,#3123));
#3125=IFCSHAPEREPRESENTATION(#12,'Axis','Curve3D',(#3124));
#3126=IFCPRODUCTDEFINITIONSHAPE($,$,(#3125));
#3127=IFCCARTESIANPOINT((0.,0.,0.));
#3128=IFCAXIS2PLACEMENT3D(#3127,#8,#9);
#3129=IFCLOCALPLACEMENT(#35,#3128);
#3130=IFCBEAM('3G9He0Aej7J9uHh$0T9GSl',$,'VT-201','IPE 180',$,#3129,#3126,'VT-201',$);
#3131=IFCRELASSOCIATESMATERIAL('21I7yGdZf9tuwOng$2vGCE',$,$,$,(#3130),#40);
#3132=IFCCARTESIANPOINT((131600.,5500.,0.));
#3133=IFCCARTESIANPOINT((131600.,10170.,0.));
#3134=IFCPOLYLINE((#3132,#3133));
#3135=IFCSHAPEREPRESENTATION(#12,'Axis','Curve3D',(#3134));
#3136=IFCPRODUCTDEFINITIONSHAPE($,$,(#3135));
#3137=IFCCARTESIANPOINT((0.,0.,0.));
#3138=IFCAXIS2PLACEMENT3D(#3137,#8,#9);
#3139=IFCLOCALPLACEMENT(#27,#3138);
#3140=IFCBEAM('3n4yDAiuP4wR0pngPu8kIB',$,'VT-202','IPE 240',$,#3139,#3136,'VT-202',$);
#3141=IFCRELASSOCIATESMATERIAL('2eDOPEhHz7691SIwssoCTh',$,$,$,(#3140),#40);
#3142=IFCCARTESIANPOINT((131600.,10170.,0.));
#3143=IFCCARTESIANPOINT((131600.,14840.,0.));
#3144=IFCPOLYLINE((#3142,#3143));
#3145=IFCSHAPEREPRESENTATION(#12,'Axis','Curve3D',(#3144));
#3146=IFCPRODUCTDEFINITIONSHAPE($,$,(#3145));
#3147=IFCCARTESIANPOINT((0.,0.,0.));
#3148=IFCAXIS2PLACEMENT3D(#3147,#8,#9);
#3149=IFCLOCALPLACEMENT(#27,#3148);
#3150=IFCBEAM('0UnjVCu615qfu_YFRPOaGg',$,'VT-203','IPE 240',$,#3149,#3146,'VT-203',$);
#3151=IFCRELASSOCIATESMATERIAL('1IaE_a8fLFrgpy8pZKGbjV',$,$,$,(#3150),#40);
#3152=IFCCARTESIANPOINT((131600.,14840.,0.));
#3153=IFCCARTESIANPOINT((131600.,19510.,0.));
#3154=IFCPOLYLINE((#3152,#3153));
#3155=IFCSHAPEREPRESENTATION(#12,'Axis','Curve3D',(#3154));
#3156=IFCPRODUCTDEFINITIONSHAPE($,$,(#3155));
#3157=IFCCARTESIANPOINT((0.,0.,0.));
#3158=IFCAXIS2PLACEMENT3D(#3157,#8,#9);
#3159=IFCLOCALPLACEMENT(#27,#3158);
#3160=IFCBEAM('1xiEsINRDFcfdRGYs9_9P8',$,'VT-204','IPE 240',$,#3159,#3156,'VT-204',$);
#3161=IFCRELASSOCIATESMATERIAL('2E0xa6wrrFahz6lZ427x1H',$,$,$,(#3160),#40);
#3162=IFCCARTESIANPOINT((131600.,5500.,0.));
#3163=IFCCARTESIANPOINT((131600.,10170.,0.));
#3164=IFCPOLYLINE((#3162,#3163));
#3165=IFCSHAPEREPRESENTATION(#12,'Axis','Curve3D',(#3164));
#3166=IFCPRODUCTDEFINITIONSHAPE($,$,(#3165));
#3167=IFCCARTESIANPOINT((0.,0.,0.));
#3168=IFCAXIS2PLACEMENT3D(#3167,#8,#9);
#3169=IFCLOCALPLACEMENT(#31,#3168);
#3170=IFCBEAM('3Hq$UGItDDogEX8tEd8HE9',$,'VT-205','IPE 240',$,#3169,#3166,'VT-205',$);
#3171=IFCRELASSOCIATESMATERIAL('2jcwxySm5FqvNY2Z30Zt1_',$,$,$,(#3170),#40);
#3172=IFCCARTESIANPOINT((131600.,10170.,0.));
#3173=IFCCARTESIANPOINT((131600.,14840.,0.));
#3174=IFCPOLYLINE((#3172,#3173));
#3175=IFCSHAPEREPRESENTATION(#12,'Axis','Curve3D',(#3174));
#3176=IFCPRODUCTDEFINITIONSHAPE($,$,(#3175));
#3177=IFCCARTESIANPOINT((0.,0.,0.));
#3178=IFCAXIS2PLACEMENT3D(#3177,#8,#9);
#3179=IFCLOCALPLACEMENT(#31,#3178);
#3180=IFCBEAM('0XpkgxYuD2VRn_a_jrHehp',$,'VT-206','IPE 240',$,#3179,#3176,'VT-206',$);
#3181=IFCRELASSOCIATESMATERIAL('1bFDjiYLf4yhjt4tplH0zY',$,$,$,(#3180),#40);
#3182=IFCCARTESIANPOINT((131600.,14840.,0.));
#3183=IFCCARTESIANPOINT((131600.,19510.,0.));
#3184=IFCPOLYLINE((#3182,#3183));
#3185=IFCSHAPEREPRESENTATION(#12,'Axis','Curve3D',(#3184));
#3186=IFCPRODUCTDEFINITIONSHAPE($,$,(#3185));
#3187=IFCCARTESIANPOINT((0.,0.,0.));
#3188=IFCAXIS2PLACEMENT3D(#3187,#8,#9);
#3189=IFCLOCALPLACEMENT(#31,#3188);
#3190=IFCBEAM('2$zNepNqTCZQ3pAjKbjEFF',$,'VT-207','IPE 240',$,#3189,#3186,'VT-207',$);
#3191=IFCRELASSOCIATESMATERIAL('0SREcxtXP5suhnNaMPIqnz',$,$,$,(#3190),#40);
#3192=IFCCARTESIANPOINT((131600.,5500.,0.));
#3193=IFCCARTESIANPOINT((131600.,10170.,0.));
#3194=IFCPOLYLINE((#3192,#3193));
#3195=IFCSHAPEREPRESENTATION(#12,'Axis','Curve3D',(#3194));
#3196=IFCPRODUCTDEFINITIONSHAPE($,$,(#3195));
#3197=IFCCARTESIANPOINT((0.,0.,0.));
#3198=IFCAXIS2PLACEMENT3D(#3197,#8,#9);
#3199=IFCLOCALPLACEMENT(#35,#3198);
#3200=IFCBEAM('139pryghz4kPymyxm1s5Ub',$,'VT-208','IPE 180',$,#3199,#3196,'VT-208',$);
#3201=IFCRELASSOCIATESMATERIAL('2z_ECJ8Hv3XQhE6UIT4NwT',$,$,$,(#3200),#40);
#3202=IFCCARTESIANPOINT((131600.,10170.,0.));
#3203=IFCCARTESIANPOINT((131600.,14840.,0.));
#3204=IFCPOLYLINE((#3202,#3203));
#3205=IFCSHAPEREPRESENTATION(#12,'Axis','Curve3D',(#3204));
#3206=IFCPRODUCTDEFINITIONSHAPE($,$,(#3205));
#3207=IFCCARTESIANPOINT((0.,0.,0.));
#3208=IFCAXIS2PLACEMENT3D(#3207,#8,#9);
#3209=IFCLOCALPLACEMENT(#35,#3208);
#3210=IFCBEAM('2ULQBYT6b779daESN7UuVe',$,'VT-209','IPE 180',$,#3209,#3206,'VT-209',$);
#3211=IFCRELASSOCIATESMATERIAL('1SoY5b55f5Zejnesyr0I9i',$,$,$,(#3210),#40);
#3212=IFCCARTESIANPOINT((131600.,14840.,0.));
#3213=IFCCARTESIANPOINT((131600.,19510.,0.));
#3214=IFCPOLYLINE((#3212,#3213));
#3215=IFCSHAPEREPRESENTATION(#12,'Axis','Curve3D',(#3214));
#3216=IFCPRODUCTDEFINITIONSHAPE($,$,(#3215));
#3217=IFCCARTESIANPOINT((0.,0.,0.));
#3218=IFCAXIS2PLACEMENT3D(#3217,#8,#9);
#3219=IFCLOCALPLACEMENT(#35,#3218);
#3220=IFCBEAM('0MjYF83aHFMuS$P4ik_5DZ',$,'VT-210','IPE 180',$,#3219,#3216,'VT-210',$);
#3221=IFCRELASSOCIATESMATERIAL('2MHm1N$Af1kvtssb4sJKo6',$,$,$,(#3220),#40);
#3222=IFCCARTESIANPOINT((138100.,5500.,0.));
#3223=IFCCARTESIANPOINT((138100.,10170.,0.));
#3224=IFCPOLYLINE((#3222,#3223));
#3225=IFCSHAPEREPRESENTATION(#12,'Axis','Curve3D',(#3224));
#3226=IFCPRODUCTDEFINITIONSHAPE($,$,(#3225));
#3227=IFCCARTESIANPOINT((0.,0.,0.));
#3228=IFCAXIS2PLACEMENT3D(#3227,#8,#9);
#3229=IFCLOCALPLACEMENT(#27,#3228);
#3230=IFCBEAM('2lS5ucLqvDhR0zj2ORZc0v',$,'VT-211','IPE 240',$,#3229,#3226,'VT-211',$);
#3231=IFCRELASSOCIATESMATERIAL('3KOFHPqxP8a8B4TpoYd8eG',$,$,$,(#3230),#40);
#3232=IFCCARTESIANPOINT((138100.,10170.,0.));
#3233=IFCCARTESIANPOINT((138100.,14840.,0.));
#3234=IFCPOLYLINE((#3232,#3233));
#3235=IFCSHAPEREPRESENTATION(#12,'Axis','Curve3D',(#3234));
#3236=IFCPRODUCTDEFINITIONSHAPE($,$,(#3235));
#3237=IFCCARTESIANPOINT((0.,0.,0.));
#3238=IFCAXIS2PLACEMENT3D(#3237,#8,#9);
#3239=IFCLOCALPLACEMENT(#27,#3238);
#3240=IFCBEAM('0laToOWfr0qubb1bqF4sH2',$,'VT-212','IPE 240',$,#3239,#3236,'VT-212',$);
#3241=IFCRELASSOCIATESMATERIAL('19nfF$TiLBTh0e8IFpM4XC',$,$,$,(#3240),#40);
#3242=IFCCARTESIANPOINT((138100.,14840.,0.));
#3243=IFCCARTESIANPOINT((138100.,19510.,0.));
#3244=IFCPOLYLINE((#3242,#3243));
#3245=IFCSHAPEREPRESENTATION(#12,'Axis','Curve3D',(#3244));
#3246=IFCPRODUCTDEFINITIONSHAPE($,$,(#3245));
#3247=IFCCARTESIANPOINT((0.,0.,0.));
#3248=IFCAXIS2PLACEMENT3D(#3247,#8,#9);
#3249=IFCLOCALPLACEMENT(#27,#3248);
#3250=IFCBEAM('0FRcBGnT90mvvnhJQShpa3',$,'VT-213','IPE 240',$,#3249,#3246,'VT-213',$);
#3251=IFCRELASSOCIATESMATERIAL('1DVz8mm75ALR1Ta1rYmHJf',$,$,$,(#3250),#40);
#3252=IFCCARTESIANPOINT((138100.,5500.,0.));
#3253=IFCCARTESIANPOINT((138100.,10170.,0.));
#3254=IFCPOLYLINE((#3252,#3253));
#3255=IFCSHAPEREPRESENTATION(#12,'Axis','Curve3D',(#3254));
#3256=IFCPRODUCTDEFINITIONSHAPE($,$,(#3255));
#3257=IFCCARTESIANPOINT((0.,0.,0.));
#3258=IFCAXIS2PLACEMENT3D(#3257,#8,#9);
#3259=IFCLOCALPLACEMENT(#31,#3258);
#3260=IFCBEAM('3gKUUPArn09gjI418y2yu$',$,'VT-214','IPE 240',$,#3259,#3256,'VT-214',$);
#3261=IFCRELASSOCIATESMATERIAL('0q4FFKXRfAM8JAMekEpiBK',$,$,$,(#3260),#40);
#3262=IFCCARTESIANPOINT((138100.,10170.,0.));
#3263=IFCCARTESIANPOINT((138100.,14840.,0.));
#3264=IFCPOLYLINE((#3262,#3263));
#3265=IFCSHAPEREPRESENTATION(#12,'Axis','Curve3D',(#3264));
#3266=IFCPRODUCTDEFINITIONSHAPE($,$,(#3265));
#3267=IFCCARTESIANPOINT((0.,0.,0.));
#3268=IFCAXIS2PLACEMENT3D(#3267,#8,#9);
#3269=IFCLOCALPLACEMENT(#31,#3268);
#3270=IFCBEAM('00B1e5U1PAPgqnrkzcvxDI',$,'VT-215','IPE 240',$,#3269,#3266,'VT-215',$);
#3271=IFCRELASSOCIATESMATERIAL('1HoxZsfub2wPmXWAPmpEn6',$,$,$,(#3270),#40);
#3272=IFCCARTESIANPOINT((138100.,14840.,0.));
#3273=IFCCARTESIANPOINT((138100.,19510.,0.));
#3274=IFCPOLYLINE((#3272,#3273));
#3275=IFCSHAPEREPRESENTATION(#12,'Axis','Curve3D',(#3274));
#3276=IFCPRODUCTDEFINITIONSHAPE($,$,(#3275));
#3277=IFCCARTESIANPOINT((0.,0.,0.));
#3278=IFCAXIS2PLACEMENT3D(#3277,#8,#9);
#3279=IFCLOCALPLACEMENT(#31,#3278);
#3280=IFCBEAM('0UntygE8b1cvW8BNgwvKzN',$,'VT-216','IPE 240',$,#3279,#3276,'VT-216',$);
#3281=IFCRELASSOCIATESMATERIAL('2HBs26zCb7Cecp$ZknbkCB',$,$,$,(#3280),#40);
#3282=IFCCARTESIANPOINT((138100.,5500.,0.));
#3283=IFCCARTESIANPOINT((138100.,10170.,0.));
#3284=IFCPOLYLINE((#3282,#3283));
#3285=IFCSHAPEREPRESENTATION(#12,'Axis','Curve3D',(#3284));
#3286=IFCPRODUCTDEFINITIONSHAPE($,$,(#3285));
#3287=IFCCARTESIANPOINT((0.,0.,0.));
#3288=IFCAXIS2PLACEMENT3D(#3287,#8,#9);
#3289=IFCLOCALPLACEMENT(#35,#3288);
#3290=IFCBEAM('3TcX7WOgz1NABtNVQoh64h',$,'VT-217','IPE 180',$,#3289,#3286,'VT-217',$);
#3291=IFCRELASSOCIATESMATERIAL('2iJQoj6cvFwORw7N5L0Y8n',$,$,$,(#3290),#40);
#3292=IFCCARTESIANPOINT((138100.,10170.,0.));
#3293=IFCCARTESIANPOINT((138100.,14840.,0.));
#3294=IFCPOLYLINE((#3292,#3293));
#3295=IFCSHAPEREPRESENTATION(#12,'Axis','Curve3D',(#3294));
#3296=IFCPRODUCTDEFINITIONSHAPE($,$,(#3295));
#3297=IFCCARTESIANPOINT((0.,0.,0.));
#3298=IFCAXIS2PLACEMENT3D(#3297,#8,#9);
#3299=IFCLOCALPLACEMENT(#35,#3298);
#3300=IFCBEAM('0fPR2pdFfCzvqMAU3mmIds',$,'VT-218','IPE 180',$,#3299,#3296,'VT-218',$);
#3301=IFCRELASSOCIATESMATERIAL('0WkELydJX27elXMKSCmpQn',$,$,$,(#3300),#40);
#3302=IFCCARTESIANPOINT((138100.,14840.,0.));
#3303=IFCCARTESIANPOINT((138100.,19510.,0.));
#3304=IFCPOLYLINE((#3302,#3303));
#3305=IFCSHAPEREPRESENTATION(#12,'Axis','Curve3D',(#3304));
#3306=IFCPRODUCTDEFINITIONSHAPE($,$,(#3305));
#3307=IFCCARTESIANPOINT((0.,0.,0.));
#3308=IFCAXIS2PLACEMENT3D(#3307,#8,#9);
#3309=IFCLOCALPLACEMENT(#35,#3308);
#3310=IFCBEAM('2SHpXCIxTC8ByD55olLgZ6',$,'VT-219','IPE 180',$,#3309,#3306,'VT-219',$);
#3311=IFCRELASSOCIATESMATERIAL('01oY0LoHz0nvWt8Vjkj6q$',$,$,$,(#3310),#40);
#3312=IFCCARTESIANPOINT((144600.,5500.,0.));
#3313=IFCCARTESIANPOINT((144600.,10170.,0.));
#3314=IFCPOLYLINE((#3312,#3313));
#3315=IFCSHAPEREPRESENTATION(#12,'Axis','Curve3D',(#3314));
#3316=IFCPRODUCTDEFINITIONSHAPE($,$,(#3315));
#3317=IFCCARTESIANPOINT((0.,0.,0.));
#3318=IFCAXIS2PLACEMENT3D(#3317,#8,#9);
#3319=IFCLOCALPLACEMENT(#27,#3318);
#3320=IFCBEAM('2xgjc1vzn09Qj46svkv9cN',$,'VT-220','IPE 240',$,#3319,#3316,'VT-220',$);
#3321=IFCRELASSOCIATESMATERIAL('0yl16VroP7KOG26G1lSMNl',$,$,$,(#3320),#40);
#3322=IFCCARTESIANPOINT((144600.,10170.,0.));
#3323=IFCCARTESIANPOINT((144600.,14840.,0.));
#3324=IFCPOLYLINE((#3322,#3323));
#3325=IFCSHAPEREPRESENTATION(#12,'Axis','Curve3D',(#3324));
#3326=IFCPRODUCTDEFINITIONSHAPE($,$,(#3325));
#3327=IFCCARTESIANPOINT((0.,0.,0.));
#3328=IFCAXIS2PLACEMENT3D(#3327,#8,#9);
#3329=IFCLOCALPLACEMENT(#27,#3328);
#3330=IFCBEAM('21nEXd6or5EO2nqh9T6$yq',$,'VT-221','IPE 240',$,#3329,#3326,'VT-221',$);
#3331=IFCRELASSOCIATESMATERIAL('3ZBlX4e8P9vuRkZhTT3Og9',$,$,$,(#3330),#40);
#3332=IFCCARTESIANPOINT((144600.,14840.,0.));
#3333=IFCCARTESIANPOINT((144600.,19510.,0.));
#3334=IFCPOLYLINE((#3332,#3333));
#3335=IFCSHAPEREPRESENTATION(#12,'Axis','Curve3D',(#3334));
#3336=IFCPRODUCTDEFINITIONSHAPE($,$,(#3335));
#3337=IFCCARTESIANPOINT((0.,0.,0.));
#3338=IFCAXIS2PLACEMENT3D(#3337,#8,#9);
#3339=IFCLOCALPLACEMENT(#27,#3338);
#3340=IFCBEAM('1hZibrSx9BRACH$WpfknBk',$,'VT-222','IPE 240',$,#3339,#3336,'VT-222',$);
#3341=IFCRELASSOCIATESMATERIAL('2W3m0Iuz9EQQii4wL7JsQa',$,$,$,(#3340),#40);
#3342=IFCCARTESIANPOINT((144600.,5500.,0.));
#3343=IFCCARTESIANPOINT((144600.,10170.,0.));
#3344=IFCPOLYLINE((#3342,#3343));
#3345=IFCSHAPEREPRESENTATION(#12,'Axis','Curve3D',(#3344));
#3346=IFCPRODUCTDEFINITIONSHAPE($,$,(#3345));
#3347=IFCCARTESIANPOINT((0.,0.,0.));
#3348=IFCAXIS2PLACEMENT3D(#3347,#8,#9);
#3349=IFCLOCALPLACEMENT(#31,#3348);
#3350=IFCBEAM('3eyfCLcKP6WvMuaWDOVf6E',$,'VT-223','IPE 240',$,#3349,#3346,'VT-223',$);
#3351=IFCRELASSOCIATESMATERIAL('1r3aaHDwH0ah0esRfhHyXG',$,$,$,(#3350),#40);
#3352=IFCCARTESIANPOINT((144600.,10170.,0.));
#3353=IFCCARTESIANPOINT((144600.,14840.,0.));
#3354=IFCPOLYLINE((#3352,#3353));
#3355=IFCSHAPEREPRESENTATION(#12,'Axis','Curve3D',(#3354));
#3356=IFCPRODUCTDEFINITIONSHAPE($,$,(#3355));
#3357=IFCCARTESIANPOINT((0.,0.,0.));
#3358=IFCAXIS2PLACEMENT3D(#3357,#8,#9);
#3359=IFCLOCALPLACEMENT(#31,#3358);
#3360=IFCBEAM('0LH5Ex3K5FL8ifKbXSd487',$,'VT-224','IPE 240',$,#3359,#3356,'VT-224',$);
#3361=IFCRELASSOCIATESMATERIAL('0iMg1c7az2ceghhXaP7ykz',$,$,$,(#3360),#40);
#3362=IFCCARTESIANPOINT((144600.,14840.,0.));
#3363=IFCCARTESIANPOINT((144600.,19510.,0.));
#3364=IFCPOLYLINE((#3362,#3363));
#3365=IFCSHAPEREPRESENTATION(#12,'Axis','Curve3D',(#3364));
#3366=IFCPRODUCTDEFINITIONSHAPE($,$,(#3365));
#3367=IFCCARTESIANPOINT((0.,0.,0.));
#3368=IFCAXIS2PLACEMENT3D(#3367,#8,#9);
#3369=IFCLOCALPLACEMENT(#31,#3368);
#3370=IFCBEAM('1NDNJq3$v8phRgUbB8GgFi',$,'VT-225','IPE 240',$,#3369,#3366,'VT-225',$);
#3371=IFCRELASSOCIATESMATERIAL('0lmXyTb656G9Gpw2ASOYLW',$,$,$,(#3370),#40);
#3372=IFCCARTESIANPOINT((144600.,5500.,0.));
#3373=IFCCARTESIANPOINT((144600.,10170.,0.));
#3374=IFCPOLYLINE((#3372,#3373));
#3375=IFCSHAPEREPRESENTATION(#12,'Axis','Curve3D',(#3374));
#3376=IFCPRODUCTDEFINITIONSHAPE($,$,(#3375));
#3377=IFCCARTESIANPOINT((0.,0.,0.));
#3378=IFCAXIS2PLACEMENT3D(#3377,#8,#9);
#3379=IFCLOCALPLACEMENT(#35,#3378);
#3380=IFCBEAM('1i0irHwSv3DeS_tPMllI$s',$,'VT-226','IPE 180',$,#3379,#3376,'VT-226',$);
#3381=IFCRELASSOCIATESMATERIAL('1vrwwLa894X9brLEA_TDet',$,$,$,(#3380),#40);
#3382=IFCCARTESIANPOINT((144600.,10170.,0.));
#3383=IFCCARTESIANPOINT((144600.,14840.,0.));
#3384=IFCPOLYLINE((#3382,#3383));
#3385=IFCSHAPEREPRESENTATION(#12,'Axis','Curve3D',(#3384));
#3386=IFCPRODUCTDEFINITIONSHAPE($,$,(#3385));
#3387=IFCCARTESIANPOINT((0.,0.,0.));
#3388=IFCAXIS2PLACEMENT3D(#3387,#8,#9);
#3389=IFCLOCALPLACEMENT(#35,#3388);
#3390=IFCBEAM('22HsjNGuzD7REjVWKFNnE2',$,'VT-227','IPE 180',$,#3389,#3386,'VT-227',$);
#3391=IFCRELASSOCIATESMATERIAL('2N9f_R0WH2QwtHDJ4xeg8S',$,$,$,(#3390),#40);
#3392=IFCCARTESIANPOINT((144600.,14840.,0.));
#3393=IFCCARTESIANPOINT((144600.,19510.,0.));
#3394=IFCPOLYLINE((#3392,#3393));
#3395=IFCSHAPEREPRESENTATION(#12,'Axis','Curve3D',(#3394));
#3396=IFCPRODUCTDEFINITIONSHAPE($,$,(#3395));
#3397=IFCCARTESIANPOINT((0.,0.,0.));
#3398=IFCAXIS2PLACEMENT3D(#3397,#8,#9);
#3399=IFCLOCALPLACEMENT(#35,#3398);
#3400=IFCBEAM('1hu7GUOqb2UffkJLn2AfbO',$,'VT-228','IPE 180',$,#3399,#3396,'VT-228',$);
#3401=IFCRELASSOCIATESMATERIAL('3jLhfcn1P4Xx8iRk_jfynt',$,$,$,(#3400),#40);
#3402=IFCCARTESIANPOINT((0.,5500.,0.));
#3403=IFCCARTESIANPOINT((6500.,5500.,0.));
#3404=IFCPOLYLINE((#3402,#3403));
#3405=IFCSHAPEREPRESENTATION(#12,'Axis','Curve3D',(#3404));
#3406=IFCPRODUCTDEFINITIONSHAPE($,$,(#3405));
#3407=IFCCARTESIANPOINT((0.,0.,0.));
#3408=IFCAXIS2PLACEMENT3D(#3407,#8,#9);
#3409=IFCLOCALPLACEMENT(#27,#3408);
#3410=IFCBEAM('0NAe2RGZn6kQEJ1_FrYtvV',$,'VL-001','IPE 240',$,#3409,#3406,'VL-001',$);
#3411=IFCRELASSOCIATESMATERIAL('14jjjNE2LFkg3HyNOfESmZ',$,$,$,(#3410),#40);
#3412=IFCCARTESIANPOINT((6500.,5500.,0.));
#3413=IFCCARTESIANPOINT((13000.,5500.,0.));
#3414=IFCPOLYLINE((#3412,#3413));
#3415=IFCSHAPEREPRESENTATION(#12,'Axis','Curve3D',(#3414));
#3416=IFCPRODUCTDEFINITIONSHAPE($,$,(#3415));
#3417=IFCCARTESIANPOINT((0.,0.,0.));
#3418=IFCAXIS2PLACEMENT3D(#3417,#8,#9);
#3419=IFCLOCALPLACEMENT(#27,#3418);
#3420=IFCBEAM('3e4YzlQ518gfTt1PJL6a5x',$,'VL-002','IPE 240',$,#3419,#3416,'VL-002',$);
#3421=IFCRELASSOCIATESMATERIAL('0KkB7ms190LAisKa9RV1ez',$,$,$,(#3420),#40);
#3422=IFCCARTESIANPOINT((13000.,5500.,0.));
#3423=IFCCARTESIANPOINT((19500.,5500.,0.));
#3424=IFCPOLYLINE((#3422,#3423));
#3425=IFCSHAPEREPRESENTATION(#12,'Axis','Curve3D',(#3424));
#3426=IFCPRODUCTDEFINITIONSHAPE($,$,(#3425));
#3427=IFCCARTESIANPOINT((0.,0.,0.));
#3428=IFCAXIS2PLACEMENT3D(#3427,#8,#9);
#3429=IFCLOCALPLACEMENT(#27,#3428);
#3430=IFCBEAM('1JR49AEHj9cPF9CgPuzaVn',$,'VL-003','IPE 240',$,#3429,#3426,'VL-003',$);
#3431=IFCRELASSOCIATESMATERIAL('3rGfjJ8991UwDgwW8y0d4U',$,$,$,(#3430),#40);
#3432=IFCCARTESIANPOINT((19500.,5500.,0.));
#3433=IFCCARTESIANPOINT((26000.,5500.,0.));
#3434=IFCPOLYLINE((#3432,#3433));
#3435=IFCSHAPEREPRESENTATION(#12,'Axis','Curve3D',(#3434));
#3436=IFCPRODUCTDEFINITIONSHAPE($,$,(#3435));
#3437=IFCCARTESIANPOINT((0.,0.,0.));
#3438=IFCAXIS2PLACEMENT3D(#3437,#8,#9);
#3439=IFCLOCALPLACEMENT(#27,#3438);
#3440=IFCBEAM('1PM8FbbLDFCu3z2SQXNlV4',$,'VL-004','IPE 240',$,#3439,#3436,'VL-004',$);
#3441=IFCRELASSOCIATESMATERIAL('1_rRfneCTCLOhWm6LZXUYz',$,$,$,(#3440),#40);
#3442=IFCCARTESIANPOINT((26000.,5500.,0.));
#3443=IFCCARTESIANPOINT((32500.,5500.,0.));
#3444=IFCPOLYLINE((#3442,#3443));
#3445=IFCSHAPEREPRESENTATION(#12,'Axis','Curve3D',(#3444));
#3446=IFCPRODUCTDEFINITIONSHAPE($,$,(#3445));
#3447=IFCCARTESIANPOINT((0.,0.,0.));
#3448=IFCAXIS2PLACEMENT3D(#3447,#8,#9);
#3449=IFCLOCALPLACEMENT(#27,#3448);
#3450=IFCBEAM('3hqEvht1fDJ9bNWRXNSqFG',$,'VL-005','IPE 240',$,#3449,#3446,'VL-005',$);
#3451=IFCRELASSOCIATESMATERIAL('1ydnTX_7rDVA8vYUtlUntR',$,$,$,(#3450),#40);
#3452=IFCCARTESIANPOINT((32500.,5500.,0.));
#3453=IFCCARTESIANPOINT((39000.,5500.,0.));
#3454=IFCPOLYLINE((#3452,#3453));
#3455=IFCSHAPEREPRESENTATION(#12,'Axis','Curve3D',(#3454));
#3456=IFCPRODUCTDEFINITIONSHAPE($,$,(#3455));
#3457=IFCCARTESIANPOINT((0.,0.,0.));
#3458=IFCAXIS2PLACEMENT3D(#3457,#8,#9);
#3459=IFCLOCALPLACEMENT(#27,#3458);
#3460=IFCBEAM('3QxiiqfYvBPOh0uhqSJqU6',$,'VL-006','IPE 240',$,#3459,#3456,'VL-006',$);
#3461=IFCRELASSOCIATESMATERIAL('1OwApjplP8tvod$_UEB$Nf',$,$,$,(#3460),#40);
#3462=IFCCARTESIANPOINT((39000.,5500.,0.));
#3463=IFCCARTESIANPOINT((45500.,5500.,0.));
#3464=IFCPOLYLINE((#3462,#3463));
#3465=IFCSHAPEREPRESENTATION(#12,'Axis','Curve3D',(#3464));
#3466=IFCPRODUCTDEFINITIONSHAPE($,$,(#3465));
#3467=IFCCARTESIANPOINT((0.,0.,0.));
#3468=IFCAXIS2PLACEMENT3D(#3467,#8,#9);
#3469=IFCLOCALPLACEMENT(#27,#3468);
#3470=IFCBEAM('1V6zPcxEb98eHMiiu9XzbE',$,'VL-007','IPE 240',$,#3469,#3466,'VL-007',$);
#3471=IFCRELASSOCIATESMATERIAL('1F67SBhzb9tP$cj9SfL6_$',$,$,$,(#3470),#40);
#3472=IFCCARTESIANPOINT((45500.,5500.,0.));
#3473=IFCCARTESIANPOINT((52000.,5500.,0.));
#3474=IFCPOLYLINE((#3472,#3473));
#3475=IFCSHAPEREPRESENTATION(#12,'Axis','Curve3D',(#3474));
#3476=IFCPRODUCTDEFINITIONSHAPE($,$,(#3475));
#3477=IFCCARTESIANPOINT((0.,0.,0.));
#3478=IFCAXIS2PLACEMENT3D(#3477,#8,#9);
#3479=IFCLOCALPLACEMENT(#27,#3478);
#3480=IFCBEAM('2hZ$9jvZz5Sfcvx1khYRq$',$,'VL-008','IPE 240',$,#3479,#3476,'VL-008',$);
#3481=IFCRELASSOCIATESMATERIAL('2v3kUbsmX8VxuwAZx0STjU',$,$,$,(#3480),#40);
#3482=IFCCARTESIANPOINT((56050.,5500.,0.));
#3483=IFCCARTESIANPOINT((62550.,5500.,0.));
#3484=IFCPOLYLINE((#3482,#3483));
#3485=IFCSHAPEREPRESENTATION(#12,'Axis','Curve3D',(#3484));
#3486=IFCPRODUCTDEFINITIONSHAPE($,$,(#3485));
#3487=IFCCARTESIANPOINT((0.,0.,0.));
#3488=IFCAXIS2PLACEMENT3D(#3487,#8,#9);
#3489=IFCLOCALPLACEMENT(#27,#3488);
#3490=IFCBEAM('0FQYa_Pe58lu2EDc7zJQz9',$,'VL-009','IPE 240',$,#3489,#3486,'VL-009',$);
#3491=IFCRELASSOCIATESMATERIAL('3KO75fEKbAtPHoQwWzzwkU',$,$,$,(#3490),#40);
#3492=IFCCARTESIANPOINT((62550.,5500.,0.));
#3493=IFCCARTESIANPOINT((69050.,5500.,0.));
#3494=IFCPOLYLINE((#3492,#3493));
#3495=IFCSHAPEREPRESENTATION(#12,'Axis','Curve3D',(#3494));
#3496=IFCPRODUCTDEFINITIONSHAPE($,$,(#3495));
#3497=IFCCARTESIANPOINT((0.,0.,0.));
#3498=IFCAXIS2PLACEMENT3D(#3497,#8,#9);
#3499=IFCLOCALPLACEMENT(#27,#3498);
#3500=IFCBEAM('16dvSfbfT3gQoC777a9Zul',$,'VL-010','IPE 240',$,#3499,#3496,'VL-010',$);
#3501=IFCRELASSOCIATESMATERIAL('1TWf1hlKb94PzftD3Ij6kD',$,$,$,(#3500),#40);
#3502=IFCCARTESIANPOINT((69050.,5500.,0.));
#3503=IFCCARTESIANPOINT((75550.,5500.,0.));
#3504=IFCPOLYLINE((#3502,#3503));
#3505=IFCSHAPEREPRESENTATION(#12,'Axis','Curve3D',(#3504));
#3506=IFCPRODUCTDEFINITIONSHAPE($,$,(#3505));
#3507=IFCCARTESIANPOINT((0.,0.,0.));
#3508=IFCAXIS2PLACEMENT3D(#3507,#8,#9);
#3509=IFCLOCALPLACEMENT(#27,#3508);
#3510=IFCBEAM('0Y06qJKaz3bwUZw7SfMhsm',$,'VL-011','IPE 240',$,#3509,#3506,'VL-011',$);
#3511=IFCRELASSOCIATESMATERIAL('2sA1iZDTr5tBZ9kqQCQwBy',$,$,$,(#3510),#40);
#3512=IFCCARTESIANPOINT((75550.,5500.,0.));
#3513=IFCCARTESIANPOINT((82050.,5500.,0.));
#3514=IFCPOLYLINE((#3512,#3513));
#3515=IFCSHAPEREPRESENTATION(#12,'Axis','Curve3D',(#3514));
#3516=IFCPRODUCTDEFINITIONSHAPE($,$,(#3515));
#3517=IFCCARTESIANPOINT((0.,0.,0.));
#3518=IFCAXIS2PLACEMENT3D(#3517,#8,#9);
#3519=IFCLOCALPLACEMENT(#27,#3518);
#3520=IFCBEAM('1WWPMs7vD5sBbCAMFO1h5O',$,'VL-012','IPE 240',$,#3519,#3516,'VL-012',$);
#3521=IFCRELASSOCIATESMATERIAL('24et2Oc59AKx2VwjXEFwFJ',$,$,$,(#3520),#40);
#3522=IFCCARTESIANPOINT((82050.,5500.,0.));
#3523=IFCCARTESIANPOINT((88550.,5500.,0.));
#3524=IFCPOLYLINE((#3522,#3523));
#3525=IFCSHAPEREPRESENTATION(#12,'Axis','Curve3D',(#3524));
#3526=IFCPRODUCTDEFINITIONSHAPE($,$,(#3525));
#3527=IFCCARTESIANPOINT((0.,0.,0.));
#3528=IFCAXIS2PLACEMENT3D(#3527,#8,#9);
#3529=IFCLOCALPLACEMENT(#27,#3528);
#3530=IFCBEAM('1casn97cvFN9qqxjKUgRKh',$,'VL-013','IPE 240',$,#3529,#3526,'VL-013',$);
#3531=IFCRELASSOCIATESMATERIAL('2p2rpWCcT1bQ0fDsBW5kii',$,$,$,(#3530),#40);
#3532=IFCCARTESIANPOINT((92600.,5500.,0.));
#3533=IFCCARTESIANPOINT((99100.,5500.,0.));
#3534=IFCPOLYLINE((#3532,#3533));
#3535=IFCSHAPEREPRESENTATION(#12,'Axis','Curve3D',(#3534));
#3536=IFCPRODUCTDEFINITIONSHAPE($,$,(#3535));
#3537=IFCCARTESIANPOINT((0.,0.,0.));
#3538=IFCAXIS2PLACEMENT3D(#3537,#8,#9);
#3539=IFCLOCALPLACEMENT(#27,#3538);
#3540=IFCBEAM('1Z8uEAa2HBYBj0I44XWYQZ',$,'VL-014','IPE 240',$,#3539,#3536,'VL-014',$);
#3541=IFCRELASSOCIATESMATERIAL('0iMKpalS99quB8j3WGCtuR',$,$,$,(#3540),#40);
#3542=IFCCARTESIANPOINT((99100.,5500.,0.));
#3543=IFCCARTESIANPOINT((105600.,5500.,0.));
#3544=IFCPOLYLINE((#3542,#3543));
#3545=IFCSHAPEREPRESENTATION(#12,'Axis','Curve3D',(#3544));
#3546=IFCPRODUCTDEFINITIONSHAPE($,$,(#3545));
#3547=IFCCARTESIANPOINT((0.,0.,0.));
#3548=IFCAXIS2PLACEMENT3D(#3547,#8,#9);
#3549=IFCLOCALPLACEMENT(#27,#3548);
#3550=IFCBEAM('3wLMyAoqz71eT1mrvfM0JS',$,'VL-015','IPE 240',$,#3549,#3546,'VL-015',$);
#3551=IFCRELASSOCIATESMATERIAL('3K1O5iuD11W85oFOTCA1Ck',$,$,$,(#3550),#40);
#3552=IFCCARTESIANPOINT((105600.,5500.,0.));
#3553=IFCCARTESIANPOINT((112100.,5500.,0.));
#3554=IFCPOLYLINE((#3552,#3553));
#3555=IFCSHAPEREPRESENTATION(#12,'Axis','Curve3D',(#3554));
#3556=IFCPRODUCTDEFINITIONSHAPE($,$,(#3555));
#3557=IFCCARTESIANPOINT((0.,0.,0.));
#3558=IFCAXIS2PLACEMENT3D(#3557,#8,#9);
#3559=IFCLOCALPLACEMENT(#27,#3558);
#3560=IFCBEAM('1rdNpolYT4WOqhsdYOXWlw',$,'VL-016','IPE 240',$,#3559,#3556,'VL-016',$);
#3561=IFCRELASSOCIATESMATERIAL('3UrZAAQpH3dQdzcNnXJb3B',$,$,$,(#3560),#40);
#3562=IFCCARTESIANPOINT((112100.,5500.,0.));
#3563=IFCCARTESIANPOINT((118600.,5500.,0.));
#3564=IFCPOLYLINE((#3562,#3563));
#3565=IFCSHAPEREPRESENTATION(#12,'Axis','Curve3D',(#3564));
#3566=IFCPRODUCTDEFINITIONSHAPE($,$,(#3565));
#3567=IFCCARTESIANPOINT((0.,0.,0.));
#3568=IFCAXIS2PLACEMENT3D(#3567,#8,#9);
#3569=IFCLOCALPLACEMENT(#27,#3568);
#3570=IFCBEAM('0fTtMljPn9rwm1WhUUG2vR',$,'VL-017','IPE 240',$,#3569,#3566,'VL-017',$);
#3571=IFCRELASSOCIATESMATERIAL('38PDi22GfBkPrHwkXFlA1r',$,$,$,(#3570),#40);
#3572=IFCCARTESIANPOINT((118600.,5500.,0.));
#3573=IFCCARTESIANPOINT((125100.,5500.,0.));
#3574=IFCPOLYLINE((#3572,#3573));
#3575=IFCSHAPEREPRESENTATION(#12,'Axis','Curve3D',(#3574));
#3576=IFCPRODUCTDEFINITIONSHAPE($,$,(#3575));
#3577=IFCCARTESIANPOINT((0.,0.,0.));
#3578=IFCAXIS2PLACEMENT3D(#3577,#8,#9);
#3579=IFCLOCALPLACEMENT(#27,#3578);
#3580=IFCBEAM('1Q3MaTnNfDhgixp6qwA_aM',$,'VL-018','IPE 240',$,#3579,#3576,'VL-018',$);
#3581=IFCRELASSOCIATESMATERIAL('2UyvNxVtb2Z9ZtI8JsZhLo',$,$,$,(#3580),#40);
#3582=IFCCARTESIANPOINT((125100.,5500.,0.));
#3583=IFCCARTESIANPOINT((131600.,5500.,0.));
#3584=IFCPOLYLINE((#3582,#3583));
#3585=IFCSHAPEREPRESENTATION(#12,'Axis','Curve3D',(#3584));
#3586=IFCPRODUCTDEFINITIONSHAPE($,$,(#3585));
#3587=IFCCARTESIANPOINT((0.,0.,0.));
#3588=IFCAXIS2PLACEMENT3D(#3587,#8,#9);
#3589=IFCLOCALPLACEMENT(#27,#3588);
#3590=IFCBEAM('3NWqnmmbbAEwo_6o8lCHEU',$,'VL-019','IPE 240',$,#3589,#3586,'VL-019',$);
#3591=IFCRELASSOCIATESMATERIAL('18fjYijK5EpQmHYVYG0Hvr',$,$,$,(#3590),#40);
#3592=IFCCARTESIANPOINT((131600.,5500.,0.));
#3593=IFCCARTESIANPOINT((138100.,5500.,0.));
#3594=IFCPOLYLINE((#3592,#3593));
#3595=IFCSHAPEREPRESENTATION(#12,'Axis','Curve3D',(#3594));
#3596=IFCPRODUCTDEFINITIONSHAPE($,$,(#3595));
#3597=IFCCARTESIANPOINT((0.,0.,0.));
#3598=IFCAXIS2PLACEMENT3D(#3597,#8,#9);
#3599=IFCLOCALPLACEMENT(#27,#3598);
#3600=IFCBEAM('28tgcSyg9Cru5RCygEA2IT',$,'VL-020','IPE 240',$,#3599,#3596,'VL-020',$);
#3601=IFCRELASSOCIATESMATERIAL('3WXCZPZrPFtwUD0QYuR1tY',$,$,$,(#3600),#40);
#3602=IFCCARTESIANPOINT((138100.,5500.,0.));
#3603=IFCCARTESIANPOINT((144600.,5500.,0.));
#3604=IFCPOLYLINE((#3602,#3603));
#3605=IFCSHAPEREPRESENTATION(#12,'Axis','Curve3D',(#3604));
#3606=IFCPRODUCTDEFINITIONSHAPE($,$,(#3605));
#3607=IFCCARTESIANPOINT((0.,0.,0.));
#3608=IFCAXIS2PLACEMENT3D(#3607,#8,#9);
#3609=IFCLOCALPLACEMENT(#27,#3608);
#3610=IFCBEAM('1fsMl$oT10yQrkJb1LItEE',$,'VL-021','IPE 240',$,#3609,#3606,'VL-021',$);
#3611=IFCRELASSOCIATESMATERIAL('05ynX2ZW1AygljgRVTt4s9',$,$,$,(#3610),#40);
#3612=IFCCARTESIANPOINT((0.,5500.,0.));
#3613=IFCCARTESIANPOINT((6500.,5500.,0.));
#3614=IFCPOLYLINE((#3612,#3613));
#3615=IFCSHAPEREPRESENTATION(#12,'Axis','Curve3D',(#3614));
#3616=IFCPRODUCTDEFINITIONSHAPE($,$,(#3615));
#3617=IFCCARTESIANPOINT((0.,0.,0.));
#3618=IFCAXIS2PLACEMENT3D(#3617,#8,#9);
#3619=IFCLOCALPLACEMENT(#31,#3618);
#3620=IFCBEAM('19wFwsLgf0LAsRB355uftY',$,'VL-022','IPE 240',$,#3619,#3616,'VL-022',$);
#3621=IFCRELASSOCIATESMATERIAL('2uSGrRh3X9VA2nQWOpsuwN',$,$,$,(#3620),#40);
#3622=IFCCARTESIANPOINT((6500.,5500.,0.));
#3623=IFCCARTESIANPOINT((13000.,5500.,0.));
#3624=IFCPOLYLINE((#3622,#3623));
#3625=IFCSHAPEREPRESENTATION(#12,'Axis','Curve3D',(#3624));
#3626=IFCPRODUCTDEFINITIONSHAPE($,$,(#3625));
#3627=IFCCARTESIANPOINT((0.,0.,0.));
#3628=IFCAXIS2PLACEMENT3D(#3627,#8,#9);
#3629=IFCLOCALPLACEMENT(#31,#3628);
#3630=IFCBEAM('3IzU5H$z12hQA$8VNRPXWR',$,'VL-023','IPE 240',$,#3629,#3626,'VL-023',$);
#3631=IFCRELASSOCIATESMATERIAL('2OrxknqjX9IgzVRDO3FCcR',$,$,$,(#3630),#40);
#3632=IFCCARTESIANPOINT((13000.,5500.,0.));
#3633=IFCCARTESIANPOINT((19500.,5500.,0.));
#3634=IFCPOLYLINE((#3632,#3633));
#3635=IFCSHAPEREPRESENTATION(#12,'Axis','Curve3D',(#3634));
#3636=IFCPRODUCTDEFINITIONSHAPE($,$,(#3635));
#3637=IFCCARTESIANPOINT((0.,0.,0.));
#3638=IFCAXIS2PLACEMENT3D(#3637,#8,#9);
#3639=IFCLOCALPLACEMENT(#31,#3638);
#3640=IFCBEAM('0U5eCeFBT2XxB5u9k4j5_i',$,'VL-024','IPE 240',$,#3639,#3636,'VL-024',$);
#3641=IFCRELASSOCIATESMATERIAL('2u4JszVS9B_xfjdPEYAxI0',$,$,$,(#3640),#40);
#3642=IFCCARTESIANPOINT((19500.,5500.,0.));
#3643=IFCCARTESIANPOINT((26000.,5500.,0.));
#3644=IFCPOLYLINE((#3642,#3643));
#3645=IFCSHAPEREPRESENTATION(#12,'Axis','Curve3D',(#3644));
#3646=IFCPRODUCTDEFINITIONSHAPE($,$,(#3645));
#3647=IFCCARTESIANPOINT((0.,0.,0.));
#3648=IFCAXIS2PLACEMENT3D(#3647,#8,#9);
#3649=IFCLOCALPLACEMENT(#31,#3648);
#3650=IFCBEAM('3HatWn1399q9mViv6tnM0m',$,'VL-025','IPE 240',$,#3649,#3646,'VL-025',$);
#3651=IFCRELASSOCIATESMATERIAL('2tO2bf5T94XAkQqlA0R_fZ',$,$,$,(#3650),#40);
#3652=IFCCARTESIANPOINT((26000.,5500.,0.));
#3653=IFCCARTESIANPOINT((32500.,5500.,0.));
#3654=IFCPOLYLINE((#3652,#3653));
#3655=IFCSHAPEREPRESENTATION(#12,'Axis','Curve3D',(#3654));
#3656=IFCPRODUCTDEFINITIONSHAPE($,$,(#3655));
#3657=IFCCARTESIANPOINT((0.,0.,0.));
#3658=IFCAXIS2PLACEMENT3D(#3657,#8,#9);
#3659=IFCLOCALPLACEMENT(#31,#3658);
#3660=IFCBEAM('0yYQPOW3v5pfLCtzP5HsRY',$,'VL-026','IPE 240',$,#3659,#3656,'VL-026',$);
#3661=IFCRELASSOCIATESMATERIAL('3A70ER9QLDB9JKfXUkNTvi',$,$,$,(#3660),#40);
#3662=IFCCARTESIANPOINT((32500.,5500.,0.));
#3663=IFCCARTESIANPOINT((39000.,5500.,0.));
#3664=IFCPOLYLINE((#3662,#3663));
#3665=IFCSHAPEREPRESENTATION(#12,'Axis','Curve3D',(#3664));
#3666=IFCPRODUCTDEFINITIONSHAPE($,$,(#3665));
#3667=IFCCARTESIANPOINT((0.,0.,0.));
#3668=IFCAXIS2PLACEMENT3D(#3667,#8,#9);
#3669=IFCLOCALPLACEMENT(#31,#3668);
#3670=IFCBEAM('3qZ1mN485B5ORRTmluQPRC',$,'VL-027','IPE 240',$,#3669,#3666,'VL-027',$);
#3671=IFCRELASSOCIATESMATERIAL('307J6nXdDEnQ99i08gJ0o2',$,$,$,(#3670),#40);
#3672=IFCCARTESIANPOINT((39000.,5500.,0.));
#3673=IFCCARTESIANPOINT((45500.,5500.,0.));
#3674=IFCPOLYLINE((#3672,#3673));
#3675=IFCSHAPEREPRESENTATION(#12,'Axis','Curve3D',(#3674));
#3676=IFCPRODUCTDEFINITIONSHAPE($,$,(#3675));
#3677=IFCCARTESIANPOINT((0.,0.,0.));
#3678=IFCAXIS2PLACEMENT3D(#3677,#8,#9);
#3679=IFCLOCALPLACEMENT(#31,#3678);
#3680=IFCBEAM('2$EX4yk7zFzOWVFKxMpVLs',$,'VL-028','IPE 240',$,#3679,#3676,'VL-028',$);
#3681=IFCRELASSOCIATESMATERIAL('38S6dczXT7JAWcLnM3Uytr',$,$,$,(#3680),#40);
#3682=IFCCARTESIANPOINT((45500.,5500.,0.));
#3683=IFCCARTESIANPOINT((52000.,5500.,0.));
#3684=IFCPOLYLINE((#3682,#3683));
#3685=IFCSHAPEREPRESENTATION(#12,'Axis','Curve3D',(#3684));
#3686=IFCPRODUCTDEFINITIONSHAPE($,$,(#3685));
#3687=IFCCARTESIANPOINT((0.,0.,0.));
#3688=IFCAXIS2PLACEMENT3D(#3687,#8,#9);
#3689=IFCLOCALPLACEMENT(#31,#3688);
#3690=IFCBEAM('0FzEb5s$L0SPjPHsXGbsXJ',$,'VL-029','IPE 240',$,#3689,#3686,'VL-029',$);
#3691=IFCRELASSOCIATESMATERIAL('2bWUovE7n3WfKkwL5Qyvi_',$,$,$,(#3690),#40);
#3692=IFCCARTESIANPOINT((56050.,5500.,0.));
#3693=IFCCARTESIANPOINT((62550.,5500.,0.));
#3694=IFCPOLYLINE((#3692,#3693));
#3695=IFCSHAPEREPRESENTATION(#12,'Axis','Curve3D',(#3694));
#3696=IFCPRODUCTDEFINITIONSHAPE($,$,(#3695));
#3697=IFCCARTESIANPOINT((0.,0.,0.));
#3698=IFCAXIS2PLACEMENT3D(#3697,#8,#9);
#3699=IFCLOCALPLACEMENT(#31,#3698);
#3700=IFCBEAM('3u8kgFaK1EPvjywwXEB_xu',$,'VL-030','IPE 240',$,#3699,#3696,'VL-030',$);
#3701=IFCRELASSOCIATESMATERIAL('3iKvylLh95YOZ7T0eUdq$s',$,$,$,(#3700),#40);
#3702=IFCCARTESIANPOINT((62550.,5500.,0.));
#3703=IFCCARTESIANPOINT((69050.,5500.,0.));
#3704=IFCPOLYLINE((#3702,#3703));
#3705=IFCSHAPEREPRESENTATION(#12,'Axis','Curve3D',(#3704));
#3706=IFCPRODUCTDEFINITIONSHAPE($,$,(#3705));
#3707=IFCCARTESIANPOINT((0.,0.,0.));
#3708=IFCAXIS2PLACEMENT3D(#3707,#8,#9);
#3709=IFCLOCALPLACEMENT(#31,#3708);
#3710=IFCBEAM('0yg744PyL54RTO1_fQwmu9',$,'VL-031','IPE 240',$,#3709,#3706,'VL-031',$);
#3711=IFCRELASSOCIATESMATERIAL('2xD$GOeNj4_PWjjIwDtUMa',$,$,$,(#3710),#40);
#3712=IFCCARTESIANPOINT((69050.,5500.,0.));
#3713=IFCCARTESIANPOINT((75550.,5500.,0.));
#3714=IFCPOLYLINE((#3712,#3713));
#3715=IFCSHAPEREPRESENTATION(#12,'Axis','Curve3D',(#3714));
#3716=IFCPRODUCTDEFINITIONSHAPE($,$,(#3715));
#3717=IFCCARTESIANPOINT((0.,0.,0.));
#3718=IFCAXIS2PLACEMENT3D(#3717,#8,#9);
#3719=IFCLOCALPLACEMENT(#31,#3718);
#3720=IFCBEAM('0KTzTFSXLD9QzlKhiLBNmz',$,'VL-032','IPE 240',$,#3719,#3716,'VL-032',$);
#3721=IFCRELASSOCIATESMATERIAL('0spNmKkm1AwPKWuF1Q_KwU',$,$,$,(#3720),#40);
#3722=IFCCARTESIANPOINT((75550.,5500.,0.));
#3723=IFCCARTESIANPOINT((82050.,5500.,0.));
#3724=IFCPOLYLINE((#3722,#3723));
#3725=IFCSHAPEREPRESENTATION(#12,'Axis','Curve3D',(#3724));
#3726=IFCPRODUCTDEFINITIONSHAPE($,$,(#3725));
#3727=IFCCARTESIANPOINT((0.,0.,0.));
#3728=IFCAXIS2PLACEMENT3D(#3727,#8,#9);
#3729=IFCLOCALPLACEMENT(#31,#3728);
#3730=IFCBEAM('1X48K0THb6KQD_mJ0upjPj',$,'VL-033','IPE 240',$,#3729,#3726,'VL-033',$);
#3731=IFCRELASSOCIATESMATERIAL('2ZFM53xFz90uNBtuBbjIzX',$,$,$,(#3730),#40);
#3732=IFCCARTESIANPOINT((82050.,5500.,0.));
#3733=IFCCARTESIANPOINT((88550.,5500.,0.));
#3734=IFCPOLYLINE((#3732,#3733));
#3735=IFCSHAPEREPRESENTATION(#12,'Axis','Curve3D',(#3734));
#3736=IFCPRODUCTDEFINITIONSHAPE($,$,(#3735));
#3737=IFCCARTESIANPOINT((0.,0.,0.));
#3738=IFCAXIS2PLACEMENT3D(#3737,#8,#9);
#3739=IFCLOCALPLACEMENT(#31,#3738);
#3740=IFCBEAM('1pT$v$Laf9NvyzZW$80zpu',$,'VL-034','IPE 240',$,#3739,#3736,'VL-034',$);
#3741=IFCRELASSOCIATESMATERIAL('1W8kCSb7vDPvPzmHZr4MH4',$,$,$,(#3740),#40);
#3742=IFCCARTESIANPOINT((92600.,5500.,0.));
#3743=IFCCARTESIANPOINT((99100.,5500.,0.));
#3744=IFCPOLYLINE((#3742,#3743));
#3745=IFCSHAPEREPRESENTATION(#12,'Axis','Curve3D',(#3744));
#3746=IFCPRODUCTDEFINITIONSHAPE($,$,(#3745));
#3747=IFCCARTESIANPOINT((0.,0.,0.));
#3748=IFCAXIS2PLACEMENT3D(#3747,#8,#9);
#3749=IFCLOCALPLACEMENT(#31,#3748);
#3750=IFCBEAM('3BfxLbskr2H9oCCfChMmHC',$,'VL-035','IPE 240',$,#3749,#3746,'VL-035',$);
#3751=IFCRELASSOCIATESMATERIAL('3tJ_PSmAbDFRYZk5fBSub1',$,$,$,(#3750),#40);
#3752=IFCCARTESIANPOINT((99100.,5500.,0.));
#3753=IFCCARTESIANPOINT((105600.,5500.,0.));
#3754=IFCPOLYLINE((#3752,#3753));
#3755=IFCSHAPEREPRESENTATION(#12,'Axis','Curve3D',(#3754));
#3756=IFCPRODUCTDEFINITIONSHAPE($,$,(#3755));
#3757=IFCCARTESIANPOINT((0.,0.,0.));
#3758=IFCAXIS2PLACEMENT3D(#3757,#8,#9);
#3759=IFCLOCALPLACEMENT(#31,#3758);
#3760=IFCBEAM('0v_Uq6HNXCMgIoh$ibbyoF',$,'VL-036','IPE 240',$,#3759,#3756,'VL-036',$);
#3761=IFCRELASSOCIATESMATERIAL('2zQBN0bVbFbehXVjNUVjUB',$,$,$,(#3760),#40);
#3762=IFCCARTESIANPOINT((105600.,5500.,0.));
#3763=IFCCARTESIANPOINT((112100.,5500.,0.));
#3764=IFCPOLYLINE((#3762,#3763));
#3765=IFCSHAPEREPRESENTATION(#12,'Axis','Curve3D',(#3764));
#3766=IFCPRODUCTDEFINITIONSHAPE($,$,(#3765));
#3767=IFCCARTESIANPOINT((0.,0.,0.));
#3768=IFCAXIS2PLACEMENT3D(#3767,#8,#9);
#3769=IFCLOCALPLACEMENT(#31,#3768);
#3770=IFCBEAM('0jS_jcWu10IgdL8Y$_$693',$,'VL-037','IPE 240',$,#3769,#3766,'VL-037',$);
#3771=IFCRELASSOCIATESMATERIAL('0mftGJNR1A_Qz5j82KASNc',$,$,$,(#3770),#40);
#3772=IFCCARTESIANPOINT((112100.,5500.,0.));
#3773=IFCCARTESIANPOINT((118600.,5500.,0.));
#3774=IFCPOLYLINE((#3772,#3773));
#3775=IFCSHAPEREPRESENTATION(#12,'Axis','Curve3D',(#3774));
#3776=IFCPRODUCTDEFINITIONSHAPE($,$,(#3775));
#3777=IFCCARTESIANPOINT((0.,0.,0.));
#3778=IFCAXIS2PLACEMENT3D(#3777,#8,#9);
#3779=IFCLOCALPLACEMENT(#31,#3778);
#3780=IFCBEAM('2J5S9hlh9DTgHGLlRTbrVc',$,'VL-038','IPE 240',$,#3779,#3776,'VL-038',$);
#3781=IFCRELASSOCIATESMATERIAL('0JH$PNnj97kPdY2yp3hFY8',$,$,$,(#3780),#40);
#3782=IFCCARTESIANPOINT((118600.,5500.,0.));
#3783=IFCCARTESIANPOINT((125100.,5500.,0.));
#3784=IFCPOLYLINE((#3782,#3783));
#3785=IFCSHAPEREPRESENTATION(#12,'Axis','Curve3D',(#3784));
#3786=IFCPRODUCTDEFINITIONSHAPE($,$,(#3785));
#3787=IFCCARTESIANPOINT((0.,0.,0.));
#3788=IFCAXIS2PLACEMENT3D(#3787,#8,#9);
#3789=IFCLOCALPLACEMENT(#31,#3788);
#3790=IFCBEAM('1FP9$O2Qj7UxF9Soq9o9yQ',$,'VL-039','IPE 240',$,#3789,#3786,'VL-039',$);
#3791=IFCRELASSOCIATESMATERIAL('3eU9jmYkz0hfsGawtsUcjp',$,$,$,(#3790),#40);
#3792=IFCCARTESIANPOINT((125100.,5500.,0.));
#3793=IFCCARTESIANPOINT((131600.,5500.,0.));
#3794=IFCPOLYLINE((#3792,#3793));
#3795=IFCSHAPEREPRESENTATION(#12,'Axis','Curve3D',(#3794));
#3796=IFCPRODUCTDEFINITIONSHAPE($,$,(#3795));
#3797=IFCCARTESIANPOINT((0.,0.,0.));
#3798=IFCAXIS2PLACEMENT3D(#3797,#8,#9);
#3799=IFCLOCALPLACEMENT(#31,#3798);
#3800=IFCBEAM('1M2VR4mD16o8XfWd583oCi',$,'VL-040','IPE 240',$,#3799,#3796,'VL-040',$);
#3801=IFCRELASSOCIATESMATERIAL('0D8_m6iSfBYxXsw$ALF9Fi',$,$,$,(#3800),#40);
#3802=IFCCARTESIANPOINT((131600.,5500.,0.));
#3803=IFCCARTESIANPOINT((138100.,5500.,0.));
#3804=IFCPOLYLINE((#3802,#3803));
#3805=IFCSHAPEREPRESENTATION(#12,'Axis','Curve3D',(#3804));
#3806=IFCPRODUCTDEFINITIONSHAPE($,$,(#3805));
#3807=IFCCARTESIANPOINT((0.,0.,0.));
#3808=IFCAXIS2PLACEMENT3D(#3807,#8,#9);
#3809=IFCLOCALPLACEMENT(#31,#3808);
#3810=IFCBEAM('1ejZZVgGD0VfK$XJueMm4S',$,'VL-041','IPE 240',$,#3809,#3806,'VL-041',$);
#3811=IFCRELASSOCIATESMATERIAL('30h$rREXHEX869AmQBevFp',$,$,$,(#3810),#40);
#3812=IFCCARTESIANPOINT((138100.,5500.,0.));
#3813=IFCCARTESIANPOINT((144600.,5500.,0.));
#3814=IFCPOLYLINE((#3812,#3813));
#3815=IFCSHAPEREPRESENTATION(#12,'Axis','Curve3D',(#3814));
#3816=IFCPRODUCTDEFINITIONSHAPE($,$,(#3815));
#3817=IFCCARTESIANPOINT((0.,0.,0.));
#3818=IFCAXIS2PLACEMENT3D(#3817,#8,#9);
#3819=IFCLOCALPLACEMENT(#31,#3818);
#3820=IFCBEAM('2IudkeWZDByvCFKPYGetbN',$,'VL-042','IPE 240',$,#3819,#3816,'VL-042',$);
#3821=IFCRELASSOCIATESMATERIAL('0nbLb7wpTBVunzur9qFZmc',$,$,$,(#3820),#40);
#3822=IFCCARTESIANPOINT((0.,5500.,0.));
#3823=IFCCARTESIANPOINT((6500.,5500.,0.));
#3824=IFCPOLYLINE((#3822,#3823));
#3825=IFCSHAPEREPRESENTATION(#12,'Axis','Curve3D',(#3824));
#3826=IFCPRODUCTDEFINITIONSHAPE($,$,(#3825));
#3827=IFCCARTESIANPOINT((0.,0.,0.));
#3828=IFCAXIS2PLACEMENT3D(#3827,#8,#9);
#3829=IFCLOCALPLACEMENT(#35,#3828);
#3830=IFCBEAM('3fSwy0yz55yeEDoe2ZgEJC',$,'VL-043','IPE 200',$,#3829,#3826,'VL-043',$);
#3831=IFCRELASSOCIATESMATERIAL('0siODhmBvAD9rj6fOyru3_',$,$,$,(#3830),#40);
#3832=IFCCARTESIANPOINT((6500.,5500.,0.));
#3833=IFCCARTESIANPOINT((13000.,5500.,0.));
#3834=IFCPOLYLINE((#3832,#3833));
#3835=IFCSHAPEREPRESENTATION(#12,'Axis','Curve3D',(#3834));
#3836=IFCPRODUCTDEFINITIONSHAPE($,$,(#3835));
#3837=IFCCARTESIANPOINT((0.,0.,0.));
#3838=IFCAXIS2PLACEMENT3D(#3837,#8,#9);
#3839=IFCLOCALPLACEMENT(#35,#3838);
#3840=IFCBEAM('0QXXyx9P1E5x3EQxyF2Is4',$,'VL-044','IPE 200',$,#3839,#3836,'VL-044',$);
#3841=IFCRELASSOCIATESMATERIAL('1um1n6rtz2HOn1eorCPPnp',$,$,$,(#3840),#40);
#3842=IFCCARTESIANPOINT((13000.,5500.,0.));
#3843=IFCCARTESIANPOINT((19500.,5500.,0.));
#3844=IFCPOLYLINE((#3842,#3843));
#3845=IFCSHAPEREPRESENTATION(#12,'Axis','Curve3D',(#3844));
#3846=IFCPRODUCTDEFINITIONSHAPE($,$,(#3845));
#3847=IFCCARTESIANPOINT((0.,0.,0.));
#3848=IFCAXIS2PLACEMENT3D(#3847,#8,#9);
#3849=IFCLOCALPLACEMENT(#35,#3848);
#3850=IFCBEAM('2lKFSZlWz6HhKG8LUdYs5Y',$,'VL-045','IPE 200',$,#3849,#3846,'VL-045',$);
#3851=IFCRELASSOCIATESMATERIAL('2daK9Ay$jDrBDFGcRMOYXf',$,$,$,(#3850),#40);
#3852=IFCCARTESIANPOINT((19500.,5500.,0.));
#3853=IFCCARTESIANPOINT((26000.,5500.,0.));
#3854=IFCPOLYLINE((#3852,#3853));
#3855=IFCSHAPEREPRESENTATION(#12,'Axis','Curve3D',(#3854));
#3856=IFCPRODUCTDEFINITIONSHAPE($,$,(#3855));
#3857=IFCCARTESIANPOINT((0.,0.,0.));
#3858=IFCAXIS2PLACEMENT3D(#3857,#8,#9);
#3859=IFCLOCALPLACEMENT(#35,#3858);
#3860=IFCBEAM('37RStPt2L78BDUAB_KRNxK',$,'VL-046','IPE 200',$,#3859,#3856,'VL-046',$);
#3861=IFCRELASSOCIATESMATERIAL('3rOIAyaLnEtxXqTdOo$Jmk',$,$,$,(#3860),#40);
#3862=IFCCARTESIANPOINT((26000.,5500.,0.));
#3863=IFCCARTESIANPOINT((32500.,5500.,0.));
#3864=IFCPOLYLINE((#3862,#3863));
#3865=IFCSHAPEREPRESENTATION(#12,'Axis','Curve3D',(#3864));
#3866=IFCPRODUCTDEFINITIONSHAPE($,$,(#3865));
#3867=IFCCARTESIANPOINT((0.,0.,0.));
#3868=IFCAXIS2PLACEMENT3D(#3867,#8,#9);
#3869=IFCLOCALPLACEMENT(#35,#3868);
#3870=IFCBEAM('1lWAQRT5X31QqckbqbK4M4',$,'VL-047','IPE 200',$,#3869,#3866,'VL-047',$);
#3871=IFCRELASSOCIATESMATERIAL('2By_QZHVDDZPeT68sgXJdB',$,$,$,(#3870),#40);
#3872=IFCCARTESIANPOINT((32500.,5500.,0.));
#3873=IFCCARTESIANPOINT((39000.,5500.,0.));
#3874=IFCPOLYLINE((#3872,#3873));
#3875=IFCSHAPEREPRESENTATION(#12,'Axis','Curve3D',(#3874));
#3876=IFCPRODUCTDEFINITIONSHAPE($,$,(#3875));
#3877=IFCCARTESIANPOINT((0.,0.,0.));
#3878=IFCAXIS2PLACEMENT3D(#3877,#8,#9);
#3879=IFCLOCALPLACEMENT(#35,#3878);
#3880=IFCBEAM('1n0G4fFk1Eo85VBsNfNViP',$,'VL-048','IPE 200',$,#3879,#3876,'VL-048',$);
#3881=IFCRELASSOCIATESMATERIAL('0hsAr$Eiz23epBdRq5cQCf',$,$,$,(#3880),#40);
#3882=IFCCARTESIANPOINT((39000.,5500.,0.));
#3883=IFCCARTESIANPOINT((45500.,5500.,0.));
#3884=IFCPOLYLINE((#3882,#3883));
#3885=IFCSHAPEREPRESENTATION(#12,'Axis','Curve3D',(#3884));
#3886=IFCPRODUCTDEFINITIONSHAPE($,$,(#3885));
#3887=IFCCARTESIANPOINT((0.,0.,0.));
#3888=IFCAXIS2PLACEMENT3D(#3887,#8,#9);
#3889=IFCLOCALPLACEMENT(#35,#3888);
#3890=IFCBEAM('0tcSuc$VH1puP5YCZm_l_O',$,'VL-049','IPE 200',$,#3889,#3886,'VL-049',$);
#3891=IFCRELASSOCIATESMATERIAL('3gsQprNhjCP8TB4rka1Ygr',$,$,$,(#3890),#40);
#3892=IFCCARTESIANPOINT((45500.,5500.,0.));
#3893=IFCCARTESIANPOINT((52000.,5500.,0.));
#3894=IFCPOLYLINE((#3892,#3893));
#3895=IFCSHAPEREPRESENTATION(#12,'Axis','Curve3D',(#3894));
#3896=IFCPRODUCTDEFINITIONSHAPE($,$,(#3895));
#3897=IFCCARTESIANPOINT((0.,0.,0.));
#3898=IFCAXIS2PLACEMENT3D(#3897,#8,#9);
#3899=IFCLOCALPLACEMENT(#35,#3898);
#3900=IFCBEAM('1GhP6YCjzAd9I$fO8mKj_D',$,'VL-050','IPE 200',$,#3899,#3896,'VL-050',$);
#3901=IFCRELASSOCIATESMATERIAL('1X_$KlQr14TPTMRRGR0BXH',$,$,$,(#3900),#40);
#3902=IFCCARTESIANPOINT((56050.,5500.,0.));
#3903=IFCCARTESIANPOINT((62550.,5500.,0.));
#3904=IFCPOLYLINE((#3902,#3903));
#3905=IFCSHAPEREPRESENTATION(#12,'Axis','Curve3D',(#3904));
#3906=IFCPRODUCTDEFINITIONSHAPE($,$,(#3905));
#3907=IFCCARTESIANPOINT((0.,0.,0.));
#3908=IFCAXIS2PLACEMENT3D(#3907,#8,#9);
#3909=IFCLOCALPLACEMENT(#35,#3908);
#3910=IFCBEAM('1YeKhBwzb1qhgO4W_VsLmr',$,'VL-051','IPE 200',$,#3909,#3906,'VL-051',$);
#3911=IFCRELASSOCIATESMATERIAL('2lBdA5gVj60AMFJKsaURrV',$,$,$,(#3910),#40);
#3912=IFCCARTESIANPOINT((62550.,5500.,0.));
#3913=IFCCARTESIANPOINT((69050.,5500.,0.));
#3914=IFCPOLYLINE((#3912,#3913));
#3915=IFCSHAPEREPRESENTATION(#12,'Axis','Curve3D',(#3914));
#3916=IFCPRODUCTDEFINITIONSHAPE($,$,(#3915));
#3917=IFCCARTESIANPOINT((0.,0.,0.));
#3918=IFCAXIS2PLACEMENT3D(#3917,#8,#9);
#3919=IFCLOCALPLACEMENT(#35,#3918);
#3920=IFCBEAM('3iCxnj3lz2Wgg5r3Aeyzpn',$,'VL-052','IPE 200',$,#3919,#3916,'VL-052',$);
#3921=IFCRELASSOCIATESMATERIAL('3OdWN2mtL0Pg4vzT2vb5oB',$,$,$,(#3920),#40);
#3922=IFCCARTESIANPOINT((69050.,5500.,0.));
#3923=IFCCARTESIANPOINT((75550.,5500.,0.));
#3924=IFCPOLYLINE((#3922,#3923));
#3925=IFCSHAPEREPRESENTATION(#12,'Axis','Curve3D',(#3924));
#3926=IFCPRODUCTDEFINITIONSHAPE($,$,(#3925));
#3927=IFCCARTESIANPOINT((0.,0.,0.));
#3928=IFCAXIS2PLACEMENT3D(#3927,#8,#9);
#3929=IFCLOCALPLACEMENT(#35,#3928);
#3930=IFCBEAM('2n4RFS6r578PtWAAAzurd4',$,'VL-053','IPE 200',$,#3929,#3926,'VL-053',$);
#3931=IFCRELASSOCIATESMATERIAL('3K8R_tfy5Az8Z$AXEpY$$k',$,$,$,(#3930),#40);
#3932=IFCCARTESIANPOINT((75550.,5500.,0.));
#3933=IFCCARTESIANPOINT((82050.,5500.,0.));
#3934=IFCPOLYLINE((#3932,#3933));
#3935=IFCSHAPEREPRESENTATION(#12,'Axis','Curve3D',(#3934));
#3936=IFCPRODUCTDEFINITIONSHAPE($,$,(#3935));
#3937=IFCCARTESIANPOINT((0.,0.,0.));
#3938=IFCAXIS2PLACEMENT3D(#3937,#8,#9);
#3939=IFCLOCALPLACEMENT(#35,#3938);
#3940=IFCBEAM('2s0MzheEL6oeROqT8Ao_Pm',$,'VL-054','IPE 200',$,#3939,#3936,'VL-054',$);
#3941=IFCRELASSOCIATESMATERIAL('3NWTMl5df4dRSpiUVxJuO_',$,$,$,(#3940),#40);
#3942=IFCCARTESIANPOINT((82050.,5500.,0.));
#3943=IFCCARTESIANPOINT((88550.,5500.,0.));
#3944=IFCPOLYLINE((#3942,#3943));
#3945=IFCSHAPEREPRESENTATION(#12,'Axis','Curve3D',(#3944));
#3946=IFCPRODUCTDEFINITIONSHAPE($,$,(#3945));
#3947=IFCCARTESIANPOINT((0.,0.,0.));
#3948=IFCAXIS2PLACEMENT3D(#3947,#8,#9);
#3949=IFCLOCALPLACEMENT(#35,#3948);
#3950=IFCBEAM('2jT7TWMNz2BwcFvMezD4qm',$,'VL-055','IPE 200',$,#3949,#3946,'VL-055',$);
#3951=IFCRELASSOCIATESMATERIAL('1DX3aHduXCVPvp13Kfqa1v',$,$,$,(#3950),#40);
#3952=IFCCARTESIANPOINT((92600.,5500.,0.));
#3953=IFCCARTESIANPOINT((99100.,5500.,0.));
#3954=IFCPOLYLINE((#3952,#3953));
#3955=IFCSHAPEREPRESENTATION(#12,'Axis','Curve3D',(#3954));
#3956=IFCPRODUCTDEFINITIONSHAPE($,$,(#3955));
#3957=IFCCARTESIANPOINT((0.,0.,0.));
#3958=IFCAXIS2PLACEMENT3D(#3957,#8,#9);
#3959=IFCLOCALPLACEMENT(#35,#3958);
#3960=IFCBEAM('1jkXeX18jCigJOKCt01PZh',$,'VL-056','IPE 200',$,#3959,#3956,'VL-056',$);
#3961=IFCRELASSOCIATESMATERIAL('1X4ifX7v17xgaCXwPnW$Ja',$,$,$,(#3960),#40);
#3962=IFCCARTESIANPOINT((99100.,5500.,0.));
#3963=IFCCARTESIANPOINT((105600.,5500.,0.));
#3964=IFCPOLYLINE((#3962,#3963));
#3965=IFCSHAPEREPRESENTATION(#12,'Axis','Curve3D',(#3964));
#3966=IFCPRODUCTDEFINITIONSHAPE($,$,(#3965));
#3967=IFCCARTESIANPOINT((0.,0.,0.));
#3968=IFCAXIS2PLACEMENT3D(#3967,#8,#9);
#3969=IFCLOCALPLACEMENT(#35,#3968);
#3970=IFCBEAM('3mmWWKxhb4sfuPz90EMcnA',$,'VL-057','IPE 200',$,#3969,#3966,'VL-057',$);
#3971=IFCRELASSOCIATESMATERIAL('2YoGRyXDv5mBJaLtqqjbQs',$,$,$,(#3970),#40);
#3972=IFCCARTESIANPOINT((105600.,5500.,0.));
#3973=IFCCARTESIANPOINT((112100.,5500.,0.));
#3974=IFCPOLYLINE((#3972,#3973));
#3975=IFCSHAPEREPRESENTATION(#12,'Axis','Curve3D',(#3974));
#3976=IFCPRODUCTDEFINITIONSHAPE($,$,(#3975));
#3977=IFCCARTESIANPOINT((0.,0.,0.));
#3978=IFCAXIS2PLACEMENT3D(#3977,#8,#9);
#3979=IFCLOCALPLACEMENT(#35,#3978);
#3980=IFCBEAM('2r6UJpv5bB7RbDEYBDlSnO',$,'VL-058','IPE 200',$,#3979,#3976,'VL-058',$);
#3981=IFCRELASSOCIATESMATERIAL('1GY$ue9wb8ZfIDc5XZEjFl',$,$,$,(#3980),#40);
#3982=IFCCARTESIANPOINT((112100.,5500.,0.));
#3983=IFCCARTESIANPOINT((118600.,5500.,0.));
#3984=IFCPOLYLINE((#3982,#3983));
#3985=IFCSHAPEREPRESENTATION(#12,'Axis','Curve3D',(#3984));
#3986=IFCPRODUCTDEFINITIONSHAPE($,$,(#3985));
#3987=IFCCARTESIANPOINT((0.,0.,0.));
#3988=IFCAXIS2PLACEMENT3D(#3987,#8,#9);
#3989=IFCLOCALPLACEMENT(#35,#3988);
#3990=IFCBEAM('2jPDGsrPL2XuudB83FCFJb',$,'VL-059','IPE 200',$,#3989,#3986,'VL-059',$);
#3991=IFCRELASSOCIATESMATERIAL('2p52t645982OUN4L_yDH$P',$,$,$,(#3990),#40);
#3992=IFCCARTESIANPOINT((118600.,5500.,0.));
#3993=IFCCARTESIANPOINT((125100.,5500.,0.));
#3994=IFCPOLYLINE((#3992,#3993));
#3995=IFCSHAPEREPRESENTATION(#12,'Axis','Curve3D',(#3994));
#3996=IFCPRODUCTDEFINITIONSHAPE($,$,(#3995));
#3997=IFCCARTESIANPOINT((0.,0.,0.));
#3998=IFCAXIS2PLACEMENT3D(#3997,#8,#9);
#3999=IFCLOCALPLACEMENT(#35,#3998);
#4000=IFCBEAM('15Thd8A8f3GOXtxRqOtm5N',$,'VL-060','IPE 200',$,#3999,#3996,'VL-060',$);
#4001=IFCRELASSOCIATESMATERIAL('1CI$Yhjij8gAXzOOgqPBgH',$,$,$,(#4000),#40);
#4002=IFCCARTESIANPOINT((125100.,5500.,0.));
#4003=IFCCARTESIANPOINT((131600.,5500.,0.));
#4004=IFCPOLYLINE((#4002,#4003));
#4005=IFCSHAPEREPRESENTATION(#12,'Axis','Curve3D',(#4004));
#4006=IFCPRODUCTDEFINITIONSHAPE($,$,(#4005));
#4007=IFCCARTESIANPOINT((0.,0.,0.));
#4008=IFCAXIS2PLACEMENT3D(#4007,#8,#9);
#4009=IFCLOCALPLACEMENT(#35,#4008);
#4010=IFCBEAM('03OSNL7G55iw86TbC03DQV',$,'VL-061','IPE 200',$,#4009,#4006,'VL-061',$);
#4011=IFCRELASSOCIATESMATERIAL('0yVwYG00nDtPpTSSInRUh$',$,$,$,(#4010),#40);
#4012=IFCCARTESIANPOINT((131600.,5500.,0.));
#4013=IFCCARTESIANPOINT((138100.,5500.,0.));
#4014=IFCPOLYLINE((#4012,#4013));
#4015=IFCSHAPEREPRESENTATION(#12,'Axis','Curve3D',(#4014));
#4016=IFCPRODUCTDEFINITIONSHAPE($,$,(#4015));
#4017=IFCCARTESIANPOINT((0.,0.,0.));
#4018=IFCAXIS2PLACEMENT3D(#4017,#8,#9);
#4019=IFCLOCALPLACEMENT(#35,#4018);
#4020=IFCBEAM('0EvCcbbhr8WwsWQy1FiKe_',$,'VL-062','IPE 200',$,#4019,#4016,'VL-062',$);
#4021=IFCRELASSOCIATESMATERIAL('3s1lXNQFr07u$2WDDjFvym',$,$,$,(#4020),#40);
#4022=IFCCARTESIANPOINT((138100.,5500.,0.));
#4023=IFCCARTESIANPOINT((144600.,5500.,0.));
#4024=IFCPOLYLINE((#4022,#4023));
#4025=IFCSHAPEREPRESENTATION(#12,'Axis','Curve3D',(#4024));
#4026=IFCPRODUCTDEFINITIONSHAPE($,$,(#4025));
#4027=IFCCARTESIANPOINT((0.,0.,0.));
#4028=IFCAXIS2PLACEMENT3D(#4027,#8,#9);
#4029=IFCLOCALPLACEMENT(#35,#4028);
#4030=IFCBEAM('3rnW4jdN50TP4$U4qaXTlU',$,'VL-063','IPE 200',$,#4029,#4026,'VL-063',$);
#4031=IFCRELASSOCIATESMATERIAL('1qm$LdoUL6sQZKjN0Mt55m',$,$,$,(#4030),#40);
#4032=IFCCARTESIANPOINT((0.,10170.,0.));
#4033=IFCCARTESIANPOINT((6500.,10170.,0.));
#4034=IFCPOLYLINE((#4032,#4033));
#4035=IFCSHAPEREPRESENTATION(#12,'Axis','Curve3D',(#4034));
#4036=IFCPRODUCTDEFINITIONSHAPE($,$,(#4035));
#4037=IFCCARTESIANPOINT((0.,0.,0.));
#4038=IFCAXIS2PLACEMENT3D(#4037,#8,#9);
#4039=IFCLOCALPLACEMENT(#27,#4038);
#4040=IFCBEAM('17qWJJDGn5ZwnqU6nVeW4V',$,'VL-064','IPE 300',$,#4039,#4036,'VL-064',$);
#4041=IFCRELASSOCIATESMATERIAL('0ZLoIzgIb2VPlScymKPV8H',$,$,$,(#4040),#40);
#4042=IFCCARTESIANPOINT((6500.,10170.,0.));
#4043=IFCCARTESIANPOINT((13000.,10170.,0.));
#4044=IFCPOLYLINE((#4042,#4043));
#4045=IFCSHAPEREPRESENTATION(#12,'Axis','Curve3D',(#4044));
#4046=IFCPRODUCTDEFINITIONSHAPE($,$,(#4045));
#4047=IFCCARTESIANPOINT((0.,0.,0.));
#4048=IFCAXIS2PLACEMENT3D(#4047,#8,#9);
#4049=IFCLOCALPLACEMENT(#27,#4048);
#4050=IFCBEAM('1nLGcNDE16hu8jM8k6kQY0',$,'VL-065','IPE 300',$,#4049,#4046,'VL-065',$);
#4051=IFCRELASSOCIATESMATERIAL('1w4$0DEMD93fszyQq9I4H$',$,$,$,(#4050),#40);
#4052=IFCCARTESIANPOINT((13000.,10170.,0.));
#4053=IFCCARTESIANPOINT((19500.,10170.,0.));
#4054=IFCPOLYLINE((#4052,#4053));
#4055=IFCSHAPEREPRESENTATION(#12,'Axis','Curve3D',(#4054));
#4056=IFCPRODUCTDEFINITIONSHAPE($,$,(#4055));
#4057=IFCCARTESIANPOINT((0.,0.,0.));
#4058=IFCAXIS2PLACEMENT3D(#4057,#8,#9);
#4059=IFCLOCALPLACEMENT(#27,#4058);
#4060=IFCBEAM('0QbpT5WID9M8bSzUF7AJYE',$,'VL-066','IPE 300',$,#4059,#4056,'VL-066',$);
#4061=IFCRELASSOCIATESMATERIAL('0Y7BNDQJnE_OVEEolNzDlK',$,$,$,(#4060),#40);
#4062=IFCCARTESIANPOINT((19500.,10170.,0.));
#4063=IFCCARTESIANPOINT((26000.,10170.,0.));
#4064=IFCPOLYLINE((#4062,#4063));
#4065=IFCSHAPEREPRESENTATION(#12,'Axis','Curve3D',(#4064));
#4066=IFCPRODUCTDEFINITIONSHAPE($,$,(#4065));
#4067=IFCCARTESIANPOINT((0.,0.,0.));
#4068=IFCAXIS2PLACEMENT3D(#4067,#8,#9);
#4069=IFCLOCALPLACEMENT(#27,#4068);
#4070=IFCBEAM('1bleGoX1PASvLID5g_drXM',$,'VL-067','IPE 300',$,#4069,#4066,'VL-067',$);
#4071=IFCRELASSOCIATESMATERIAL('0WtWuNnB5E6Bk2YLyiDd$w',$,$,$,(#4070),#40);
#4072=IFCCARTESIANPOINT((26000.,10170.,0.));
#4073=IFCCARTESIANPOINT((32500.,10170.,0.));
#4074=IFCPOLYLINE((#4072,#4073));
#4075=IFCSHAPEREPRESENTATION(#12,'Axis','Curve3D',(#4074));
#4076=IFCPRODUCTDEFINITIONSHAPE($,$,(#4075));
#4077=IFCCARTESIANPOINT((0.,0.,0.));
#4078=IFCAXIS2PLACEMENT3D(#4077,#8,#9);
#4079=IFCLOCALPLACEMENT(#27,#4078);
#4080=IFCBEAM('3c_XchuhT4yQduvRY0iciB',$,'VL-068','IPE 300',$,#4079,#4076,'VL-068',$);
#4081=IFCRELASSOCIATESMATERIAL('2$ArJ3w$L7_9PkHpSnLx7U',$,$,$,(#4080),#40);
#4082=IFCCARTESIANPOINT((32500.,10170.,0.));
#4083=IFCCARTESIANPOINT((39000.,10170.,0.));
#4084=IFCPOLYLINE((#4082,#4083));
#4085=IFCSHAPEREPRESENTATION(#12,'Axis','Curve3D',(#4084));
#4086=IFCPRODUCTDEFINITIONSHAPE($,$,(#4085));
#4087=IFCCARTESIANPOINT((0.,0.,0.));
#4088=IFCAXIS2PLACEMENT3D(#4087,#8,#9);
#4089=IFCLOCALPLACEMENT(#27,#4088);
#4090=IFCBEAM('3nn39JclfAahAIpJ5HCFPI',$,'VL-069','IPE 300',$,#4089,#4086,'VL-069',$);
#4091=IFCRELASSOCIATESMATERIAL('1sJXzbBhD0lg6zcVFJlCqD',$,$,$,(#4090),#40);
#4092=IFCCARTESIANPOINT((39000.,10170.,0.));
#4093=IFCCARTESIANPOINT((45500.,10170.,0.));
#4094=IFCPOLYLINE((#4092,#4093));
#4095=IFCSHAPEREPRESENTATION(#12,'Axis','Curve3D',(#4094));
#4096=IFCPRODUCTDEFINITIONSHAPE($,$,(#4095));
#4097=IFCCARTESIANPOINT((0.,0.,0.));
#4098=IFCAXIS2PLACEMENT3D(#4097,#8,#9);
#4099=IFCLOCALPLACEMENT(#27,#4098);
#4100=IFCBEAM('2zpdPMlIT9q8ahDiUv67ZC',$,'VL-070','IPE 300',$,#4099,#4096,'VL-070',$);
#4101=IFCRELASSOCIATESMATERIAL('2yPgdQyBj4499FU5$472LT',$,$,$,(#4100),#40);
#4102=IFCCARTESIANPOINT((45500.,10170.,0.));
#4103=IFCCARTESIANPOINT((52000.,10170.,0.));
#4104=IFCPOLYLINE((#4102,#4103));
#4105=IFCSHAPEREPRESENTATION(#12,'Axis','Curve3D',(#4104));
#4106=IFCPRODUCTDEFINITIONSHAPE($,$,(#4105));
#4107=IFCCARTESIANPOINT((0.,0.,0.));
#4108=IFCAXIS2PLACEMENT3D(#4107,#8,#9);
#4109=IFCLOCALPLACEMENT(#27,#4108);
#4110=IFCBEAM('1pGBz2edPBVxq21RTmel$Q',$,'VL-071','IPE 300',$,#4109,#4106,'VL-071',$);
#4111=IFCRELASSOCIATESMATERIAL('0We8k2vvjBXQrsuPesWut1',$,$,$,(#4110),#40);
#4112=IFCCARTESIANPOINT((56050.,10170.,0.));
#4113=IFCCARTESIANPOINT((62550.,10170.,0.));
#4114=IFCPOLYLINE((#4112,#4113));
#4115=IFCSHAPEREPRESENTATION(#12,'Axis','Curve3D',(#4114));
#4116=IFCPRODUCTDEFINITIONSHAPE($,$,(#4115));
#4117=IFCCARTESIANPOINT((0.,0.,0.));
#4118=IFCAXIS2PLACEMENT3D(#4117,#8,#9);
#4119=IFCLOCALPLACEMENT(#27,#4118);
#4120=IFCBEAM('1MibK_MzXCtvFp9ZW9TAJp',$,'VL-072','IPE 300',$,#4119,#4116,'VL-072',$);
#4121=IFCRELASSOCIATESMATERIAL('0w$A37de1CdgpWgu2MZ2r7',$,$,$,(#4120),#40);
#4122=IFCCARTESIANPOINT((62550.,10170.,0.));
#4123=IFCCARTESIANPOINT((69050.,10170.,0.));
#4124=IFCPOLYLINE((#4122,#4123));
#4125=IFCSHAPEREPRESENTATION(#12,'Axis','Curve3D',(#4124));
#4126=IFCPRODUCTDEFINITIONSHAPE($,$,(#4125));
#4127=IFCCARTESIANPOINT((0.,0.,0.));
#4128=IFCAXIS2PLACEMENT3D(#4127,#8,#9);
#4129=IFCLOCALPLACEMENT(#27,#4128);
#4130=IFCBEAM('1JTVUMsBP048V6pLTkXxsU',$,'VL-073','IPE 300',$,#4129,#4126,'VL-073',$);
#4131=IFCRELASSOCIATESMATERIAL('2NpDKNwxzDqfAR190o$qXa',$,$,$,(#4130),#40);
#4132=IFCCARTESIANPOINT((69050.,10170.,0.));
#4133=IFCCARTESIANPOINT((75550.,10170.,0.));
#4134=IFCPOLYLINE((#4132,#4133));
#4135=IFCSHAPEREPRESENTATION(#12,'Axis','Curve3D',(#4134));
#4136=IFCPRODUCTDEFINITIONSHAPE($,$,(#4135));
#4137=IFCCARTESIANPOINT((0.,0.,0.));
#4138=IFCAXIS2PLACEMENT3D(#4137,#8,#9);
#4139=IFCLOCALPLACEMENT(#27,#4138);
#4140=IFCBEAM('1QA$Fuw7fFbRqnmPUVKP$F',$,'VL-074','IPE 300',$,#4139,#4136,'VL-074',$);
#4141=IFCRELASSOCIATESMATERIAL('17DhkXG414yQLWDRrp25ym',$,$,$,(#4140),#40);
#4142=IFCCARTESIANPOINT((75550.,10170.,0.));
#4143=IFCCARTESIANPOINT((82050.,10170.,0.));
#4144=IFCPOLYLINE((#4142,#4143));
#4145=IFCSHAPEREPRESENTATION(#12,'Axis','Curve3D',(#4144));
#4146=IFCPRODUCTDEFINITIONSHAPE($,$,(#4145));
#4147=IFCCARTESIANPOINT((0.,0.,0.));
#4148=IFCAXIS2PLACEMENT3D(#4147,#8,#9);
#4149=IFCLOCALPLACEMENT(#27,#4148);
#4150=IFCBEAM('1U7CWR3tnDAekV$G31dV51',$,'VL-075','IPE 300',$,#4149,#4146,'VL-075',$);
#4151=IFCRELASSOCIATESMATERIAL('2xSxnvWpn1Lg1_NFyjypAs',$,$,$,(#4150),#40);
#4152=IFCCARTESIANPOINT((82050.,10170.,0.));
#4153=IFCCARTESIANPOINT((88550.,10170.,0.));
#4154=IFCPOLYLINE((#4152,#4153));
#4155=IFCSHAPEREPRESENTATION(#12,'Axis','Curve3D',(#4154));
#4156=IFCPRODUCTDEFINITIONSHAPE($,$,(#4155));
#4157=IFCCARTESIANPOINT((0.,0.,0.));
#4158=IFCAXIS2PLACEMENT3D(#4157,#8,#9);
#4159=IFCLOCALPLACEMENT(#27,#4158);
#4160=IFCBEAM('1iYDD7MO94v9RL_vKQa6LH',$,'VL-076','IPE 300',$,#4159,#4156,'VL-076',$);
#4161=IFCRELASSOCIATESMATERIAL('0w0HefV1H1aB9Ff_uGCAUT',$,$,$,(#4160),#40);
#4162=IFCCARTESIANPOINT((92600.,10170.,0.));
#4163=IFCCARTESIANPOINT((99100.,10170.,0.));
#4164=IFCPOLYLINE((#4162,#4163));
#4165=IFCSHAPEREPRESENTATION(#12,'Axis','Curve3D',(#4164));
#4166=IFCPRODUCTDEFINITIONSHAPE($,$,(#4165));
#4167=IFCCARTESIANPOINT((0.,0.,0.));
#4168=IFCAXIS2PLACEMENT3D(#4167,#8,#9);
#4169=IFCLOCALPLACEMENT(#27,#4168);
#4170=IFCBEAM('3mHLrvNmz90vVQhLe3lMLN',$,'VL-077','IPE 300',$,#4169,#4166,'VL-077',$);
#4171=IFCRELASSOCIATESMATERIAL('19KnI_s1X1Cxd4C304jQjL',$,$,$,(#4170),#40);
#4172=IFCCARTESIANPOINT((99100.,10170.,0.));
#4173=IFCCARTESIANPOINT((105600.,10170.,0.));
#4174=IFCPOLYLINE((#4172,#4173));
#4175=IFCSHAPEREPRESENTATION(#12,'Axis','Curve3D',(#4174));
#4176=IFCPRODUCTDEFINITIONSHAPE($,$,(#4175));
#4177=IFCCARTESIANPOINT((0.,0.,0.));
#4178=IFCAXIS2PLACEMENT3D(#4177,#8,#9);
#4179=IFCLOCALPLACEMENT(#27,#4178);
#4180=IFCBEAM('2E$FoxACb74w0Xih46JiUx',$,'VL-078','IPE 300',$,#4179,#4176,'VL-078',$);
#4181=IFCRELASSOCIATESMATERIAL('0loxKgLdDBmP90gyofzcg3',$,$,$,(#4180),#40);
#4182=IFCCARTESIANPOINT((105600.,10170.,0.));
#4183=IFCCARTESIANPOINT((112100.,10170.,0.));
#4184=IFCPOLYLINE((#4182,#4183));
#4185=IFCSHAPEREPRESENTATION(#12,'Axis','Curve3D',(#4184));
#4186=IFCPRODUCTDEFINITIONSHAPE($,$,(#4185));
#4187=IFCCARTESIANPOINT((0.,0.,0.));
#4188=IFCAXIS2PLACEMENT3D(#4187,#8,#9);
#4189=IFCLOCALPLACEMENT(#27,#4188);
#4190=IFCBEAM('1M6qvdLyHBQOfhs49i7suM',$,'VL-079','IPE 300',$,#4189,#4186,'VL-079',$);
#4191=IFCRELASSOCIATESMATERIAL('2lk6hdGPb7QfpT0ujXzBwC',$,$,$,(#4190),#40);
#4192=IFCCARTESIANPOINT((112100.,10170.,0.));
#4193=IFCCARTESIANPOINT((118600.,10170.,0.));
#4194=IFCPOLYLINE((#4192,#4193));
#4195=IFCSHAPEREPRESENTATION(#12,'Axis','Curve3D',(#4194));
#4196=IFCPRODUCTDEFINITIONSHAPE($,$,(#4195));
#4197=IFCCARTESIANPOINT((0.,0.,0.));
#4198=IFCAXIS2PLACEMENT3D(#4197,#8,#9);
#4199=IFCLOCALPLACEMENT(#27,#4198);
#4200=IFCBEAM('0xm5qGjDTFEh9eNx9yMkH7',$,'VL-080','IPE 300',$,#4199,#4196,'VL-080',$);
#4201=IFCRELASSOCIATESMATERIAL('0SCMNU_TrCigl7gm4E9N7o',$,$,$,(#4200),#40);
#4202=IFCCARTESIANPOINT((118600.,10170.,0.));
#4203=IFCCARTESIANPOINT((125100.,10170.,0.));
#4204=IFCPOLYLINE((#4202,#4203));
#4205=IFCSHAPEREPRESENTATION(#12,'Axis','Curve3D',(#4204));
#4206=IFCPRODUCTDEFINITIONSHAPE($,$,(#4205));
#4207=IFCCARTESIANPOINT((0.,0.,0.));
#4208=IFCAXIS2PLACEMENT3D(#4207,#8,#9);
#4209=IFCLOCALPLACEMENT(#27,#4208);
#4210=IFCBEAM('2i56HFYw9FxOYAXXvZsLOf',$,'VL-081','IPE 300',$,#4209,#4206,'VL-081',$);
#4211=IFCRELASSOCIATESMATERIAL('1Nt0oZPiz9$uRMNKbMJXpJ',$,$,$,(#4210),#40);
#4212=IFCCARTESIANPOINT((125100.,10170.,0.));
#4213=IFCCARTESIANPOINT((131600.,10170.,0.));
#4214=IFCPOLYLINE((#4212,#4213));
#4215=IFCSHAPEREPRESENTATION(#12,'Axis','Curve3D',(#4214));
#4216=IFCPRODUCTDEFINITIONSHAPE($,$,(#4215));
#4217=IFCCARTESIANPOINT((0.,0.,0.));
#4218=IFCAXIS2PLACEMENT3D(#4217,#8,#9);
#4219=IFCLOCALPLACEMENT(#27,#4218);
#4220=IFCBEAM('3rinbIeHP4kwJjmzYNyFfg',$,'VL-082','IPE 300',$,#4219,#4216,'VL-082',$);
#4221=IFCRELASSOCIATESMATERIAL('1ocWZyFrH2iPA71aTUGGux',$,$,$,(#4220),#40);
#4222=IFCCARTESIANPOINT((131600.,10170.,0.));
#4223=IFCCARTESIANPOINT((138100.,10170.,0.));
#4224=IFCPOLYLINE((#4222,#4223));
#4225=IFCSHAPEREPRESENTATION(#12,'Axis','Curve3D',(#4224));
#4226=IFCPRODUCTDEFINITIONSHAPE($,$,(#4225));
#4227=IFCCARTESIANPOINT((0.,0.,0.));
#4228=IFCAXIS2PLACEMENT3D(#4227,#8,#9);
#4229=IFCLOCALPLACEMENT(#27,#4228);
#4230=IFCBEAM('2dJkdHV757fwOEzoDjhwZf',$,'VL-083','IPE 300',$,#4229,#4226,'VL-083',$);
#4231=IFCRELASSOCIATESMATERIAL('0hq_Drduf08R6w0azzM5vA',$,$,$,(#4230),#40);
#4232=IFCCARTESIANPOINT((138100.,10170.,0.));
#4233=IFCCARTESIANPOINT((144600.,10170.,0.));
#4234=IFCPOLYLINE((#4232,#4233));
#4235=IFCSHAPEREPRESENTATION(#12,'Axis','Curve3D',(#4234));
#4236=IFCPRODUCTDEFINITIONSHAPE($,$,(#4235));
#4237=IFCCARTESIANPOINT((0.,0.,0.));
#4238=IFCAXIS2PLACEMENT3D(#4237,#8,#9);
#4239=IFCLOCALPLACEMENT(#27,#4238);
#4240=IFCBEAM('0wu6GgEHr4cewLzGoT24sV',$,'VL-084','IPE 300',$,#4239,#4236,'VL-084',$);
#4241=IFCRELASSOCIATESMATERIAL('21YUa4PCHEkB_GG5_mIkQn',$,$,$,(#4240),#40);
#4242=IFCCARTESIANPOINT((0.,10170.,0.));
#4243=IFCCARTESIANPOINT((6500.,10170.,0.));
#4244=IFCPOLYLINE((#4242,#4243));
#4245=IFCSHAPEREPRESENTATION(#12,'Axis','Curve3D',(#4244));
#4246=IFCPRODUCTDEFINITIONSHAPE($,$,(#4245));
#4247=IFCCARTESIANPOINT((0.,0.,0.));
#4248=IFCAXIS2PLACEMENT3D(#4247,#8,#9);
#4249=IFCLOCALPLACEMENT(#31,#4248);
#4250=IFCBEAM('2F9oXGSTX3henVmeQ1Udz4',$,'VL-085','IPE 300',$,#4249,#4246,'VL-085',$);
#4251=IFCRELASSOCIATESMATERIAL('3Oh_XPb6b3RPrtUYht7ixU',$,$,$,(#4250),#40);
#4252=IFCCARTESIANPOINT((6500.,10170.,0.));
#4253=IFCCARTESIANPOINT((13000.,10170.,0.));
#4254=IFCPOLYLINE((#4252,#4253));
#4255=IFCSHAPEREPRESENTATION(#12,'Axis','Curve3D',(#4254));
#4256=IFCPRODUCTDEFINITIONSHAPE($,$,(#4255));
#4257=IFCCARTESIANPOINT((0.,0.,0.));
#4258=IFCAXIS2PLACEMENT3D(#4257,#8,#9);
#4259=IFCLOCALPLACEMENT(#31,#4258);
#4260=IFCBEAM('2qI2JOooT0ohGwifyloHpL',$,'VL-086','IPE 300',$,#4259,#4256,'VL-086',$);
#4261=IFCRELASSOCIATESMATERIAL('0uJhK3Q_1DCv_jwIWI$1Ht',$,$,$,(#4260),#40);
#4262=IFCCARTESIANPOINT((13000.,10170.,0.));
#4263=IFCCARTESIANPOINT((19500.,10170.,0.));
#4264=IFCPOLYLINE((#4262,#4263));
#4265=IFCSHAPEREPRESENTATION(#12,'Axis','Curve3D',(#4264));
#4266=IFCPRODUCTDEFINITIONSHAPE($,$,(#4265));
#4267=IFCCARTESIANPOINT((0.,0.,0.));
#4268=IFCAXIS2PLACEMENT3D(#4267,#8,#9);
#4269=IFCLOCALPLACEMENT(#31,#4268);
#4270=IFCBEAM('3r_2KavDH09O6ErRP8tBch',$,'VL-087','IPE 300',$,#4269,#4266,'VL-087',$);
#4271=IFCRELASSOCIATESMATERIAL('1vd7Ww2CjBXArOMb80BeCi',$,$,$,(#4270),#40);
#4272=IFCCARTESIANPOINT((19500.,10170.,0.));
#4273=IFCCARTESIANPOINT((26000.,10170.,0.));
#4274=IFCPOLYLINE((#4272,#4273));
#4275=IFCSHAPEREPRESENTATION(#12,'Axis','Curve3D',(#4274));
#4276=IFCPRODUCTDEFINITIONSHAPE($,$,(#4275));
#4277=IFCCARTESIANPOINT((0.,0.,0.));
#4278=IFCAXIS2PLACEMENT3D(#4277,#8,#9);
#4279=IFCLOCALPLACEMENT(#31,#4278);
#4280=IFCBEAM('2A0zeazYv21AeSPaUTrXy2',$,'VL-088','IPE 300',$,#4279,#4276,'VL-088',$);
#4281=IFCRELASSOCIATESMATERIAL('1QFwAnpn9ADAckBYaxNhsG',$,$,$,(#4280),#40);
#4282=IFCCARTESIANPOINT((26000.,10170.,0.));
#4283=IFCCARTESIANPOINT((32500.,10170.,0.));
#4284=IFCPOLYLINE((#4282,#4283));
#4285=IFCSHAPEREPRESENTATION(#12,'Axis','Curve3D',(#4284));
#4286=IFCPRODUCTDEFINITIONSHAPE($,$,(#4285));
#4287=IFCCARTESIANPOINT((0.,0.,0.));
#4288=IFCAXIS2PLACEMENT3D(#4287,#8,#9);
#4289=IFCLOCALPLACEMENT(#31,#4288);
#4290=IFCBEAM('0c$FOiUQT1LO6La_zRKaHt',$,'VL-089','IPE 300',$,#4289,#4286,'VL-089',$);
#4291=IFCRELASSOCIATESMATERIAL('0vXLGM$j98bvGzrJD3B0gj',$,$,$,(#4290),#40);
#4292=IFCCARTESIANPOINT((32500.,10170.,0.));
#4293=IFCCARTESIANPOINT((39000.,10170.,0.));
#4294=IFCPOLYLINE((#4292,#4293));
#4295=IFCSHAPEREPRESENTATION(#12,'Axis','Curve3D',(#4294));
#4296=IFCPRODUCTDEFINITIONSHAPE($,$,(#4295));
#4297=IFCCARTESIANPOINT((0.,0.,0.));
#4298=IFCAXIS2PLACEMENT3D(#4297,#8,#9);
#4299=IFCLOCALPLACEMENT(#31,#4298);
#4300=IFCBEAM('2Lqw9U$RT1zwXbS3Dkf4oD',$,'VL-090','IPE 300',$,#4299,#4296,'VL-090',$);
#4301=IFCRELASSOCIATESMATERIAL('0OeITfWBDFHvPcQppiFpn0',$,$,$,(#4300),#40);
#4302=IFCCARTESIANPOINT((39000.,10170.,0.));
#4303=IFCCARTESIANPOINT((45500.,10170.,0.));
#4304=IFCPOLYLINE((#4302,#4303));
#4305=IFCSHAPEREPRESENTATION(#12,'Axis','Curve3D',(#4304));
#4306=IFCPRODUCTDEFINITIONSHAPE($,$,(#4305));
#4307=IFCCARTESIANPOINT((0.,0.,0.));
#4308=IFCAXIS2PLACEMENT3D(#4307,#8,#9);
#4309=IFCLOCALPLACEMENT(#31,#4308);
#4310=IFCBEAM('3ZAK_wnBX5$Q20NJVApTt9',$,'VL-091','IPE 300',$,#4309,#4306,'VL-091',$);
#4311=IFCRELASSOCIATESMATERIAL('3IKwfVoED9x80kVX4ftAA7',$,$,$,(#4310),#40);
#4312=IFCCARTESIANPOINT((45500.,10170.,0.));
#4313=IFCCARTESIANPOINT((52000.,10170.,0.));
#4314=IFCPOLYLINE((#4312,#4313));
#4315=IFCSHAPEREPRESENTATION(#12,'Axis','Curve3D',(#4314));
#4316=IFCPRODUCTDEFINITIONSHAPE($,$,(#4315));
#4317=IFCCARTESIANPOINT((0.,0.,0.));
#4318=IFCAXIS2PLACEMENT3D(#4317,#8,#9);
#4319=IFCLOCALPLACEMENT(#31,#4318);
#4320=IFCBEAM('0FR1qDHYT7YAPcqW3gZM8P',$,'VL-092','IPE 300',$,#4319,#4316,'VL-092',$);
#4321=IFCRELASSOCIATESMATERIAL('3jcQX1zYf4Bea$TE$L0BYa',$,$,$,(#4320),#40);
#4322=IFCCARTESIANPOINT((56050.,10170.,0.));
#4323=IFCCARTESIANPOINT((62550.,10170.,0.));
#4324=IFCPOLYLINE((#4322,#4323));
#4325=IFCSHAPEREPRESENTATION(#12,'Axis','Curve3D',(#4324));
#4326=IFCPRODUCTDEFINITIONSHAPE($,$,(#4325));
#4327=IFCCARTESIANPOINT((0.,0.,0.));
#4328=IFCAXIS2PLACEMENT3D(#4327,#8,#9);
#4329=IFCLOCALPLACEMENT(#31,#4328);
#4330=IFCBEAM('10SDLctXT2rABbixzZXbrk',$,'VL-093','IPE 300',$,#4329,#4326,'VL-093',$);
#4331=IFCRELASSOCIATESMATERIAL('2exz5PwMX3zwxpEJPU6l89',$,$,$,(#4330),#40);
#4332=IFCCARTESIANPOINT((62550.,10170.,0.));
#4333=IFCCARTESIANPOINT((69050.,10170.,0.));
#4334=IFCPOLYLINE((#4332,#4333));
#4335=IFCSHAPEREPRESENTATION(#12,'Axis','Curve3D',(#4334));
#4336=IFCPRODUCTDEFINITIONSHAPE($,$,(#4335));
#4337=IFCCARTESIANPOINT((0.,0.,0.));
#4338=IFCAXIS2PLACEMENT3D(#4337,#8,#9);
#4339=IFCLOCALPLACEMENT(#31,#4338);
#4340=IFCBEAM('1nC7bawpf1I9XZqgLYX12f',$,'VL-094','IPE 300',$,#4339,#4336,'VL-094',$);
#4341=IFCRELASSOCIATESMATERIAL('3pQPd$fGbD8gcGW8pYlvN6',$,$,$,(#4340),#40);
#4342=IFCCARTESIANPOINT((69050.,10170.,0.));
#4343=IFCCARTESIANPOINT((75550.,10170.,0.));
#4344=IFCPOLYLINE((#4342,#4343));
#4345=IFCSHAPEREPRESENTATION(#12,'Axis','Curve3D',(#4344));
#4346=IFCPRODUCTDEFINITIONSHAPE($,$,(#4345));
#4347=IFCCARTESIANPOINT((0.,0.,0.));
#4348=IFCAXIS2PLACEMENT3D(#4347,#8,#9);
#4349=IFCLOCALPLACEMENT(#31,#4348);
#4350=IFCBEAM('2HDdyugWv92QGUzc8DkhIx',$,'VL-095','IPE 300',$,#4349,#4346,'VL-095',$);
#4351=IFCRELASSOCIATESMATERIAL('0qIUgTtrf6KBurIARVPvhc',$,$,$,(#4350),#40);
#4352=IFCCARTESIANPOINT((75550.,10170.,0.));
#4353=IFCCARTESIANPOINT((82050.,10170.,0.));
#4354=IFCPOLYLINE((#4352,#4353));
#4355=IFCSHAPEREPRESENTATION(#12,'Axis','Curve3D',(#4354));
#4356=IFCPRODUCTDEFINITIONSHAPE($,$,(#4355));
#4357=IFCCARTESIANPOINT((0.,0.,0.));
#4358=IFCAXIS2PLACEMENT3D(#4357,#8,#9);
#4359=IFCLOCALPLACEMENT(#31,#4358);
#4360=IFCBEAM('1hQMIIpb5B9PYbksMVwPcf',$,'VL-096','IPE 300',$,#4359,#4356,'VL-096',$);
#4361=IFCRELASSOCIATESMATERIAL('30KWJFpxb2bxnNg17pz4ZZ',$,$,$,(#4360),#40);
#4362=IFCCARTESIANPOINT((82050.,10170.,0.));
#4363=IFCCARTESIANPOINT((88550.,10170.,0.));
#4364=IFCPOLYLINE((#4362,#4363));
#4365=IFCSHAPEREPRESENTATION(#12,'Axis','Curve3D',(#4364));
#4366=IFCPRODUCTDEFINITIONSHAPE($,$,(#4365));
#4367=IFCCARTESIANPOINT((0.,0.,0.));
#4368=IFCAXIS2PLACEMENT3D(#4367,#8,#9);
#4369=IFCLOCALPLACEMENT(#31,#4368);
#4370=IFCBEAM('09dA9FDxD4JOD9Slvf3_2T',$,'VL-097','IPE 300',$,#4369,#4366,'VL-097',$);
#4371=IFCRELASSOCIATESMATERIAL('1fDOTVeQLCpQses0wvJUFg',$,$,$,(#4370),#40);
#4372=IFCCARTESIANPOINT((92600.,10170.,0.));
#4373=IFCCARTESIANPOINT((99100.,10170.,0.));
#4374=IFCPOLYLINE((#4372,#4373));
#4375=IFCSHAPEREPRESENTATION(#12,'Axis','Curve3D',(#4374));
#4376=IFCPRODUCTDEFINITIONSHAPE($,$,(#4375));
#4377=IFCCARTESIANPOINT((0.,0.,0.));
#4378=IFCAXIS2PLACEMENT3D(#4377,#8,#9);
#4379=IFCLOCALPLACEMENT(#31,#4378);
#4380=IFCBEAM('3lKgxD9q54Lv7pHfmccid5',$,'VL-098','IPE 300',$,#4379,#4376,'VL-098',$);
#4381=IFCRELASSOCIATESMATERIAL('0iUpa8KPL2nApS0iQiUSh_',$,$,$,(#4380),#40);
#4382=IFCCARTESIANPOINT((99100.,10170.,0.));
#4383=IFCCARTESIANPOINT((105600.,10170.,0.));
#4384=IFCPOLYLINE((#4382,#4383));
#4385=IFCSHAPEREPRESENTATION(#12,'Axis','Curve3D',(#4384));
#4386=IFCPRODUCTDEFINITIONSHAPE($,$,(#4385));
#4387=IFCCARTESIANPOINT((0.,0.,0.));
#4388=IFCAXIS2PLACEMENT3D(#4387,#8,#9);
#4389=IFCLOCALPLACEMENT(#31,#4388);
#4390=IFCBEAM('0F1naUP_HCxRq1Eji6gmEK',$,'VL-099','IPE 300',$,#4389,#4386,'VL-099',$);
#4391=IFCRELASSOCIATESMATERIAL('3Sg01_NTX1hR$zieZ1Whzq',$,$,$,(#4390),#40);
#4392=IFCCARTESIANPOINT((105600.,10170.,0.));
#4393=IFCCARTESIANPOINT((112100.,10170.,0.));
#4394=IFCPOLYLINE((#4392,#4393));
#4395=IFCSHAPEREPRESENTATION(#12,'Axis','Curve3D',(#4394));
#4396=IFCPRODUCTDEFINITIONSHAPE($,$,(#4395));
#4397=IFCCARTESIANPOINT((0.,0.,0.));
#4398=IFCAXIS2PLACEMENT3D(#4397,#8,#9);
#4399=IFCLOCALPLACEMENT(#31,#4398);
#4400=IFCBEAM('3d6knccpHAmealVrNWDR3v',$,'VL-100','IPE 300',$,#4399,#4396,'VL-100',$);
#4401=IFCRELASSOCIATESMATERIAL('37tcCfR7X7vA7Cv4NyB0yK',$,$,$,(#4400),#40);
#4402=IFCCARTESIANPOINT((112100.,10170.,0.));
#4403=IFCCARTESIANPOINT((118600.,10170.,0.));
#4404=IFCPOLYLINE((#4402,#4403));
#4405=IFCSHAPEREPRESENTATION(#12,'Axis','Curve3D',(#4404));
#4406=IFCPRODUCTDEFINITIONSHAPE($,$,(#4405));
#4407=IFCCARTESIANPOINT((0.,0.,0.));
#4408=IFCAXIS2PLACEMENT3D(#4407,#8,#9);
#4409=IFCLOCALPLACEMENT(#31,#4408);
#4410=IFCBEAM('2027XY$eTEyfThSwpAh8EE',$,'VL-101','IPE 300',$,#4409,#4406,'VL-101',$);
#4411=IFCRELASSOCIATESMATERIAL('0ANpu2WIrFBhEnZadw4q_n',$,$,$,(#4410),#40);
#4412=IFCCARTESIANPOINT((118600.,10170.,0.));
#4413=IFCCARTESIANPOINT((125100.,10170.,0.));
#4414=IFCPOLYLINE((#4412,#4413));
#4415=IFCSHAPEREPRESENTATION(#12,'Axis','Curve3D',(#4414));
#4416=IFCPRODUCTDEFINITIONSHAPE($,$,(#4415));
#4417=IFCCARTESIANPOINT((0.,0.,0.));
#4418=IFCAXIS2PLACEMENT3D(#4417,#8,#9);
#4419=IFCLOCALPLACEMENT(#31,#4418);
#4420=IFCBEAM('3blLWapCD19R1uPn5WY54d',$,'VL-102','IPE 300',$,#4419,#4416,'VL-102',$);
#4421=IFCRELASSOCIATESMATERIAL('0ru0f45ibBIhf1tfESlNSX',$,$,$,(#4420),#40);
#4422=IFCCARTESIANPOINT((125100.,10170.,0.));
#4423=IFCCARTESIANPOINT((131600.,10170.,0.));
#4424=IFCPOLYLINE((#4422,#4423));
#4425=IFCSHAPEREPRESENTATION(#12,'Axis','Curve3D',(#4424));
#4426=IFCPRODUCTDEFINITIONSHAPE($,$,(#4425));
#4427=IFCCARTESIANPOINT((0.,0.,0.));
#4428=IFCAXIS2PLACEMENT3D(#4427,#8,#9);
#4429=IFCLOCALPLACEMENT(#31,#4428);
#4430=IFCBEAM('2IeZN4n9D5fwQDiS8avKI1',$,'VL-103','IPE 300',$,#4429,#4426,'VL-103',$);
#4431=IFCRELASSOCIATESMATERIAL('3cWSxvY65BJvvKCxC0E0F8',$,$,$,(#4430),#40);
#4432=IFCCARTESIANPOINT((131600.,10170.,0.));
#4433=IFCCARTESIANPOINT((138100.,10170.,0.));
#4434=IFCPOLYLINE((#4432,#4433));
#4435=IFCSHAPEREPRESENTATION(#12,'Axis','Curve3D',(#4434));
#4436=IFCPRODUCTDEFINITIONSHAPE($,$,(#4435));
#4437=IFCCARTESIANPOINT((0.,0.,0.));
#4438=IFCAXIS2PLACEMENT3D(#4437,#8,#9);
#4439=IFCLOCALPLACEMENT(#31,#4438);
#4440=IFCBEAM('2Oy6dY2L9DdwCdJ_CZTeOv',$,'VL-104','IPE 300',$,#4439,#4436,'VL-104',$);
#4441=IFCRELASSOCIATESMATERIAL('1jwynp0ez6dhQEkwhI_Guw',$,$,$,(#4440),#40);
#4442=IFCCARTESIANPOINT((138100.,10170.,0.));
#4443=IFCCARTESIANPOINT((144600.,10170.,0.));
#4444=IFCPOLYLINE((#4442,#4443));
#4445=IFCSHAPEREPRESENTATION(#12,'Axis','Curve3D',(#4444));
#4446=IFCPRODUCTDEFINITIONSHAPE($,$,(#4445));
#4447=IFCCARTESIANPOINT((0.,0.,0.));
#4448=IFCAXIS2PLACEMENT3D(#4447,#8,#9);
#4449=IFCLOCALPLACEMENT(#31,#4448);
#4450=IFCBEAM('0nWaB5RCv2xBVLtavCxM_Z',$,'VL-105','IPE 300',$,#4449,#4446,'VL-105',$);
#4451=IFCRELASSOCIATESMATERIAL('1LVbnlDG9CQR3B3e__6E3q',$,$,$,(#4450),#40);
#4452=IFCCARTESIANPOINT((0.,10170.,0.));
#4453=IFCCARTESIANPOINT((6500.,10170.,0.));
#4454=IFCPOLYLINE((#4452,#4453));
#4455=IFCSHAPEREPRESENTATION(#12,'Axis','Curve3D',(#4454));
#4456=IFCPRODUCTDEFINITIONSHAPE($,$,(#4455));
#4457=IFCCARTESIANPOINT((0.,0.,0.));
#4458=IFCAXIS2PLACEMENT3D(#4457,#8,#9);
#4459=IFCLOCALPLACEMENT(#35,#4458);
#4460=IFCBEAM('3ujigGOrH49fUKLom7Lmjm',$,'VL-106','IPE 270',$,#4459,#4456,'VL-106',$);
#4461=IFCRELASSOCIATESMATERIAL('3i1IsG0Ef8DQr82kO2bGHY',$,$,$,(#4460),#40);
#4462=IFCCARTESIANPOINT((6500.,10170.,0.));
#4463=IFCCARTESIANPOINT((13000.,10170.,0.));
#4464=IFCPOLYLINE((#4462,#4463));
#4465=IFCSHAPEREPRESENTATION(#12,'Axis','Curve3D',(#4464));
#4466=IFCPRODUCTDEFINITIONSHAPE($,$,(#4465));
#4467=IFCCARTESIANPOINT((0.,0.,0.));
#4468=IFCAXIS2PLACEMENT3D(#4467,#8,#9);
#4469=IFCLOCALPLACEMENT(#35,#4468);
#4470=IFCBEAM('2sCub$7tb7VxZZIvngZcOE',$,'VL-107','IPE 270',$,#4469,#4466,'VL-107',$);
#4471=IFCRELASSOCIATESMATERIAL('06KtTaxhr2cR0f4DsFkn7t',$,$,$,(#4470),#40);
#4472=IFCCARTESIANPOINT((13000.,10170.,0.));
#4473=IFCCARTESIANPOINT((19500.,10170.,0.));
#4474=IFCPOLYLINE((#4472,#4473));
#4475=IFCSHAPEREPRESENTATION(#12,'Axis','Curve3D',(#4474));
#4476=IFCPRODUCTDEFINITIONSHAPE($,$,(#4475));
#4477=IFCCARTESIANPOINT((0.,0.,0.));
#4478=IFCAXIS2PLACEMENT3D(#4477,#8,#9);
#4479=IFCLOCALPLACEMENT(#35,#4478);
#4480=IFCBEAM('2CLhSHW711PQ2$Yjw0aSzT',$,'VL-108','IPE 270',$,#4479,#4476,'VL-108',$);
#4481=IFCRELASSOCIATESMATERIAL('0_50v0SHP67w$BC82Qr$oG',$,$,$,(#4480),#40);
#4482=IFCCARTESIANPOINT((19500.,10170.,0.));
#4483=IFCCARTESIANPOINT((26000.,10170.,0.));
#4484=IFCPOLYLINE((#4482,#4483));
#4485=IFCSHAPEREPRESENTATION(#12,'Axis','Curve3D',(#4484));
#4486=IFCPRODUCTDEFINITIONSHAPE($,$,(#4485));
#4487=IFCCARTESIANPOINT((0.,0.,0.));
#4488=IFCAXIS2PLACEMENT3D(#4487,#8,#9);
#4489=IFCLOCALPLACEMENT(#35,#4488);
#4490=IFCBEAM('1RAukplk10je9HrOsl8bSc',$,'VL-109','IPE 270',$,#4489,#4486,'VL-109',$);
#4491=IFCRELASSOCIATESMATERIAL('3mbGA4UdP26ARYZEv2w01h',$,$,$,(#4490),#40);
#4492=IFCCARTESIANPOINT((26000.,10170.,0.));
#4493=IFCCARTESIANPOINT((32500.,10170.,0.));
#4494=IFCPOLYLINE((#4492,#4493));
#4495=IFCSHAPEREPRESENTATION(#12,'Axis','Curve3D',(#4494));
#4496=IFCPRODUCTDEFINITIONSHAPE($,$,(#4495));
#4497=IFCCARTESIANPOINT((0.,0.,0.));
#4498=IFCAXIS2PLACEMENT3D(#4497,#8,#9);
#4499=IFCLOCALPLACEMENT(#35,#4498);
#4500=IFCBEAM('0qSC1uu45Bhw9yq9y$8zpS',$,'VL-110','IPE 270',$,#4499,#4496,'VL-110',$);
#4501=IFCRELASSOCIATESMATERIAL('0elYiQINf2RAx5GMdJ60X8',$,$,$,(#4500),#40);
#4502=IFCCARTESIANPOINT((32500.,10170.,0.));
#4503=IFCCARTESIANPOINT((39000.,10170.,0.));
#4504=IFCPOLYLINE((#4502,#4503));
#4505=IFCSHAPEREPRESENTATION(#12,'Axis','Curve3D',(#4504));
#4506=IFCPRODUCTDEFINITIONSHAPE($,$,(#4505));
#4507=IFCCARTESIANPOINT((0.,0.,0.));
#4508=IFCAXIS2PLACEMENT3D(#4507,#8,#9);
#4509=IFCLOCALPLACEMENT(#35,#4508);
#4510=IFCBEAM('2Kn5Lq6$XCGgJuPC$QwOjM',$,'VL-111','IPE 270',$,#4509,#4506,'VL-111',$);
#4511=IFCRELASSOCIATESMATERIAL('2wVg3iognDfgA0coUOYiCl',$,$,$,(#4510),#40);
#4512=IFCCARTESIANPOINT((39000.,10170.,0.));
#4513=IFCCARTESIANPOINT((45500.,10170.,0.));
#4514=IFCPOLYLINE((#4512,#4513));
#4515=IFCSHAPEREPRESENTATION(#12,'Axis','Curve3D',(#4514));
#4516=IFCPRODUCTDEFINITIONSHAPE($,$,(#4515));
#4517=IFCCARTESIANPOINT((0.,0.,0.));
#4518=IFCAXIS2PLACEMENT3D(#4517,#8,#9);
#4519=IFCLOCALPLACEMENT(#35,#4518);
#4520=IFCBEAM('0G2b8J$g51sOTIQaFM$Neu',$,'VL-112','IPE 270',$,#4519,#4516,'VL-112',$);
#4521=IFCRELASSOCIATESMATERIAL('2a_yUqFOT9xgjJjQ_TJVJR',$,$,$,(#4520),#40);
#4522=IFCCARTESIANPOINT((45500.,10170.,0.));
#4523=IFCCARTESIANPOINT((52000.,10170.,0.));
#4524=IFCPOLYLINE((#4522,#4523));
#4525=IFCSHAPEREPRESENTATION(#12,'Axis','Curve3D',(#4524));
#4526=IFCPRODUCTDEFINITIONSHAPE($,$,(#4525));
#4527=IFCCARTESIANPOINT((0.,0.,0.));
#4528=IFCAXIS2PLACEMENT3D(#4527,#8,#9);
#4529=IFCLOCALPLACEMENT(#35,#4528);
#4530=IFCBEAM('39A5nZpOPCw9FkFU6SI1D3',$,'VL-113','IPE 270',$,#4529,#4526,'VL-113',$);
#4531=IFCRELASSOCIATESMATERIAL('1L1XZ9Gyj54PoFBMM8nAK$',$,$,$,(#4530),#40);
#4532=IFCCARTESIANPOINT((56050.,10170.,0.));
#4533=IFCCARTESIANPOINT((62550.,10170.,0.));
#4534=IFCPOLYLINE((#4532,#4533));
#4535=IFCSHAPEREPRESENTATION(#12,'Axis','Curve3D',(#4534));
#4536=IFCPRODUCTDEFINITIONSHAPE($,$,(#4535));
#4537=IFCCARTESIANPOINT((0.,0.,0.));
#4538=IFCAXIS2PLACEMENT3D(#4537,#8,#9);
#4539=IFCLOCALPLACEMENT(#35,#4538);
#4540=IFCBEAM('3YemC6SEj3lAAhCjy0IYCQ',$,'VL-114','IPE 270',$,#4539,#4536,'VL-114',$);
#4541=IFCRELASSOCIATESMATERIAL('1bld14ngLATej$ecqzyDvC',$,$,$,(#4540),#40);
#4542=IFCCARTESIANPOINT((62550.,10170.,0.));
#4543=IFCCARTESIANPOINT((69050.,10170.,0.));
#4544=IFCPOLYLINE((#4542,#4543));
#4545=IFCSHAPEREPRESENTATION(#12,'Axis','Curve3D',(#4544));
#4546=IFCPRODUCTDEFINITIONSHAPE($,$,(#4545));
#4547=IFCCARTESIANPOINT((0.,0.,0.));
#4548=IFCAXIS2PLACEMENT3D(#4547,#8,#9);
#4549=IFCLOCALPLACEMENT(#35,#4548);
#4550=IFCBEAM('37OEJmaAHBBwBXHNV6YEf2',$,'VL-115','IPE 270',$,#4549,#4546,'VL-115',$);
#4551=IFCRELASSOCIATESMATERIAL('1jCW2RAuDB2hoDuJka$K8W',$,$,$,(#4550),#40);
#4552=IFCCARTESIANPOINT((69050.,10170.,0.));
#4553=IFCCARTESIANPOINT((75550.,10170.,0.));
#4554=IFCPOLYLINE((#4552,#4553));
#4555=IFCSHAPEREPRESENTATION(#12,'Axis','Curve3D',(#4554));
#4556=IFCPRODUCTDEFINITIONSHAPE($,$,(#4555));
#4557=IFCCARTESIANPOINT((0.,0.,0.));
#4558=IFCAXIS2PLACEMENT3D(#4557,#8,#9);
#4559=IFCLOCALPLACEMENT(#35,#4558);
#4560=IFCBEAM('2HooIZjaT8OQyjyTvSJYWU',$,'VL-116','IPE 270',$,#4559,#4556,'VL-116',$);
#4561=IFCRELASSOCIATESMATERIAL('3sE094Chb0gObCJI8Bj_VK',$,$,$,(#4560),#40);
#4562=IFCCARTESIANPOINT((75550.,10170.,0.));
#4563=IFCCARTESIANPOINT((82050.,10170.,0.));
#4564=IFCPOLYLINE((#4562,#4563));
#4565=IFCSHAPEREPRESENTATION(#12,'Axis','Curve3D',(#4564));
#4566=IFCPRODUCTDEFINITIONSHAPE($,$,(#4565));
#4567=IFCCARTESIANPOINT((0.,0.,0.));
#4568=IFCAXIS2PLACEMENT3D(#4567,#8,#9);
#4569=IFCLOCALPLACEMENT(#35,#4568);
#4570=IFCBEAM('202p5jlXH65QNQ_1P93fby',$,'VL-117','IPE 270',$,#4569,#4566,'VL-117',$);
#4571=IFCRELASSOCIATESMATERIAL('1RcS9tgZzCiPFzH_dS5szZ',$,$,$,(#4570),#40);
#4572=IFCCARTESIANPOINT((82050.,10170.,0.));
#4573=IFCCARTESIANPOINT((88550.,10170.,0.));
#4574=IFCPOLYLINE((#4572,#4573));
#4575=IFCSHAPEREPRESENTATION(#12,'Axis','Curve3D',(#4574));
#4576=IFCPRODUCTDEFINITIONSHAPE($,$,(#4575));
#4577=IFCCARTESIANPOINT((0.,0.,0.));
#4578=IFCAXIS2PLACEMENT3D(#4577,#8,#9);
#4579=IFCLOCALPLACEMENT(#35,#4578);
#4580=IFCBEAM('2IoGRnL8X79Pad6epiRsiR',$,'VL-118','IPE 270',$,#4579,#4576,'VL-118',$);
#4581=IFCRELASSOCIATESMATERIAL('0KCmwIG2DF2gDtifB7pTsc',$,$,$,(#4580),#40);
#4582=IFCCARTESIANPOINT((92600.,10170.,0.));
#4583=IFCCARTESIANPOINT((99100.,10170.,0.));
#4584=IFCPOLYLINE((#4582,#4583));
#4585=IFCSHAPEREPRESENTATION(#12,'Axis','Curve3D',(#4584));
#4586=IFCPRODUCTDEFINITIONSHAPE($,$,(#4585));
#4587=IFCCARTESIANPOINT((0.,0.,0.));
#4588=IFCAXIS2PLACEMENT3D(#4587,#8,#9);
#4589=IFCLOCALPLACEMENT(#35,#4588);
#4590=IFCBEAM('0h8vNLs893nAXr3$NjcEv5',$,'VL-119','IPE 270',$,#4589,#4586,'VL-119',$);
#4591=IFCRELASSOCIATESMATERIAL('3vCbJVBNT6iBD8v_HvWlgY',$,$,$,(#4590),#40);
#4592=IFCCARTESIANPOINT((99100.,10170.,0.));
#4593=IFCCARTESIANPOINT((105600.,10170.,0.));
#4594=IFCPOLYLINE((#4592,#4593));
#4595=IFCSHAPEREPRESENTATION(#12,'Axis','Curve3D',(#4594));
#4596=IFCPRODUCTDEFINITIONSHAPE($,$,(#4595));
#4597=IFCCARTESIANPOINT((0.,0.,0.));
#4598=IFCAXIS2PLACEMENT3D(#4597,#8,#9);
#4599=IFCLOCALPLACEMENT(#35,#4598);
#4600=IFCBEAM('3AQ5Ps0jz0WBbPJG7KDBfh',$,'VL-120','IPE 270',$,#4599,#4596,'VL-120',$);
#4601=IFCRELASSOCIATESMATERIAL('3GZmKqxwDAL96nBbbmSHlh',$,$,$,(#4600),#40);
#4602=IFCCARTESIANPOINT((105600.,10170.,0.));
#4603=IFCCARTESIANPOINT((112100.,10170.,0.));
#4604=IFCPOLYLINE((#4602,#4603));
#4605=IFCSHAPEREPRESENTATION(#12,'Axis','Curve3D',(#4604));
#4606=IFCPRODUCTDEFINITIONSHAPE($,$,(#4605));
#4607=IFCCARTESIANPOINT((0.,0.,0.));
#4608=IFCAXIS2PLACEMENT3D(#4607,#8,#9);
#4609=IFCLOCALPLACEMENT(#35,#4608);
#4610=IFCBEAM('3Nwq7XnxT3dR9RrAZilGZa',$,'VL-121','IPE 270',$,#4609,#4606,'VL-121',$);
#4611=IFCRELASSOCIATESMATERIAL('0kLpZsLprAfgAKFum88duU',$,$,$,(#4610),#40);
#4612=IFCCARTESIANPOINT((112100.,10170.,0.));
#4613=IFCCARTESIANPOINT((118600.,10170.,0.));
#4614=IFCPOLYLINE((#4612,#4613));
#4615=IFCSHAPEREPRESENTATION(#12,'Axis','Curve3D',(#4614));
#4616=IFCPRODUCTDEFINITIONSHAPE($,$,(#4615));
#4617=IFCCARTESIANPOINT((0.,0.,0.));
#4618=IFCAXIS2PLACEMENT3D(#4617,#8,#9);
#4619=IFCLOCALPLACEMENT(#35,#4618);
#4620=IFCBEAM('2u1StWID50OPOYSlcMV$CZ',$,'VL-122','IPE 270',$,#4619,#4616,'VL-122',$);
#4621=IFCRELASSOCIATESMATERIAL('23HZPAVRH39PclmRQAGU2D',$,$,$,(#4620),#40);
#4622=IFCCARTESIANPOINT((118600.,10170.,0.));
#4623=IFCCARTESIANPOINT((125100.,10170.,0.));
#4624=IFCPOLYLINE((#4622,#4623));
#4625=IFCSHAPEREPRESENTATION(#12,'Axis','Curve3D',(#4624));
#4626=IFCPRODUCTDEFINITIONSHAPE($,$,(#4625));
#4627=IFCCARTESIANPOINT((0.,0.,0.));
#4628=IFCAXIS2PLACEMENT3D(#4627,#8,#9);
#4629=IFCLOCALPLACEMENT(#35,#4628);
#4630=IFCBEAM('0_MUGaUPjFrfL6Jzw7_N6S',$,'VL-123','IPE 270',$,#4629,#4626,'VL-123',$);
#4631=IFCRELASSOCIATESMATERIAL('09RRFt5sDASAo8ZJA$sjBG',$,$,$,(#4630),#40);
#4632=IFCCARTESIANPOINT((125100.,10170.,0.));
#4633=IFCCARTESIANPOINT((131600.,10170.,0.));
#4634=IFCPOLYLINE((#4632,#4633));
#4635=IFCSHAPEREPRESENTATION(#12,'Axis','Curve3D',(#4634));
#4636=IFCPRODUCTDEFINITIONSHAPE($,$,(#4635));
#4637=IFCCARTESIANPOINT((0.,0.,0.));
#4638=IFCAXIS2PLACEMENT3D(#4637,#8,#9);
#4639=IFCLOCALPLACEMENT(#35,#4638);
#4640=IFCBEAM('2muqNvtfP9zxSnqRN_ZEL2',$,'VL-124','IPE 270',$,#4639,#4636,'VL-124',$);
#4641=IFCRELASSOCIATESMATERIAL('11PjJMswX2yvHYCZil$FIN',$,$,$,(#4640),#40);
#4642=IFCCARTESIANPOINT((131600.,10170.,0.));
#4643=IFCCARTESIANPOINT((138100.,10170.,0.));
#4644=IFCPOLYLINE((#4642,#4643));
#4645=IFCSHAPEREPRESENTATION(#12,'Axis','Curve3D',(#4644));
#4646=IFCPRODUCTDEFINITIONSHAPE($,$,(#4645));
#4647=IFCCARTESIANPOINT((0.,0.,0.));
#4648=IFCAXIS2PLACEMENT3D(#4647,#8,#9);
#4649=IFCLOCALPLACEMENT(#35,#4648);
#4650=IFCBEAM('1Jr37xD1DDQwoBh2ZN3stz',$,'VL-125','IPE 270',$,#4649,#4646,'VL-125',$);
#4651=IFCRELASSOCIATESMATERIAL('1MvFnMyG16qw90XuaJW2UK',$,$,$,(#4650),#40);
#4652=IFCCARTESIANPOINT((138100.,10170.,0.));
#4653=IFCCARTESIANPOINT((144600.,10170.,0.));
#4654=IFCPOLYLINE((#4652,#4653));
#4655=IFCSHAPEREPRESENTATION(#12,'Axis','Curve3D',(#4654));
#4656=IFCPRODUCTDEFINITIONSHAPE($,$,(#4655));
#4657=IFCCARTESIANPOINT((0.,0.,0.));
#4658=IFCAXIS2PLACEMENT3D(#4657,#8,#9);
#4659=IFCLOCALPLACEMENT(#35,#4658);
#4660=IFCBEAM('1Y7sNiSVLEoPnqJE3K7JxM',$,'VL-126','IPE 270',$,#4659,#4656,'VL-126',$);
#4661=IFCRELASSOCIATESMATERIAL('1V2kDLw5f8X9SRqLavXjLT',$,$,$,(#4660),#40);
#4662=IFCCARTESIANPOINT((0.,14840.,0.));
#4663=IFCCARTESIANPOINT((6500.,14840.,0.));
#4664=IFCPOLYLINE((#4662,#4663));
#4665=IFCSHAPEREPRESENTATION(#12,'Axis','Curve3D',(#4664));
#4666=IFCPRODUCTDEFINITIONSHAPE($,$,(#4665));
#4667=IFCCARTESIANPOINT((0.,0.,0.));
#4668=IFCAXIS2PLACEMENT3D(#4667,#8,#9);
#4669=IFCLOCALPLACEMENT(#27,#4668);
#4670=IFCBEAM('04lh7HRtTFgfysrSKQm_u7',$,'VL-127','IPE 300',$,#4669,#4666,'VL-127',$);
#4671=IFCRELASSOCIATESMATERIAL('0A3KnYsp5EivzP2RffOvYF',$,$,$,(#4670),#40);
#4672=IFCCARTESIANPOINT((6500.,14840.,0.));
#4673=IFCCARTESIANPOINT((13000.,14840.,0.));
#4674=IFCPOLYLINE((#4672,#4673));
#4675=IFCSHAPEREPRESENTATION(#12,'Axis','Curve3D',(#4674));
#4676=IFCPRODUCTDEFINITIONSHAPE($,$,(#4675));
#4677=IFCCARTESIANPOINT((0.,0.,0.));
#4678=IFCAXIS2PLACEMENT3D(#4677,#8,#9);
#4679=IFCLOCALPLACEMENT(#27,#4678);
#4680=IFCBEAM('03zcIomvj7ovf0nhp5M2Q0',$,'VL-128','IPE 300',$,#4679,#4676,'VL-128',$);
#4681=IFCRELASSOCIATESMATERIAL('3sO_wIA19ALBIB_6pQieJQ',$,$,$,(#4680),#40);
#4682=IFCCARTESIANPOINT((13000.,14840.,0.));
#4683=IFCCARTESIANPOINT((19500.,14840.,0.));
#4684=IFCPOLYLINE((#4682,#4683));
#4685=IFCSHAPEREPRESENTATION(#12,'Axis','Curve3D',(#4684));
#4686=IFCPRODUCTDEFINITIONSHAPE($,$,(#4685));
#4687=IFCCARTESIANPOINT((0.,0.,0.));
#4688=IFCAXIS2PLACEMENT3D(#4687,#8,#9);
#4689=IFCLOCALPLACEMENT(#27,#4688);
#4690=IFCBEAM('2YkXR54DjAofUPFnj68Ti0',$,'VL-129','IPE 300',$,#4689,#4686,'VL-129',$);
#4691=IFCRELASSOCIATESMATERIAL('0GTD8v48r2WAEjgVGbTZtu',$,$,$,(#4690),#40);
#4692=IFCCARTESIANPOINT((19500.,14840.,0.));
#4693=IFCCARTESIANPOINT((26000.,14840.,0.));
#4694=IFCPOLYLINE((#4692,#4693));
#4695=IFCSHAPEREPRESENTATION(#12,'Axis','Curve3D',(#4694));
#4696=IFCPRODUCTDEFINITIONSHAPE($,$,(#4695));
#4697=IFCCARTESIANPOINT((0.,0.,0.));
#4698=IFCAXIS2PLACEMENT3D(#4697,#8,#9);
#4699=IFCLOCALPLACEMENT(#27,#4698);
#4700=IFCBEAM('1UVVjJRyj4AfO6efj6RPJ_',$,'VL-130','IPE 300',$,#4699,#4696,'VL-130',$);
#4701=IFCRELASSOCIATESMATERIAL('0Znt5dUqz9w9XJLGU5o8hA',$,$,$,(#4700),#40);
#4702=IFCCARTESIANPOINT((26000.,14840.,0.));
#4703=IFCCARTESIANPOINT((32500.,14840.,0.));
#4704=IFCPOLYLINE((#4702,#4703));
#4705=IFCSHAPEREPRESENTATION(#12,'Axis','Curve3D',(#4704));
#4706=IFCPRODUCTDEFINITIONSHAPE($,$,(#4705));
#4707=IFCCARTESIANPOINT((0.,0.,0.));
#4708=IFCAXIS2PLACEMENT3D(#4707,#8,#9);
#4709=IFCLOCALPLACEMENT(#27,#4708);
#4710=IFCBEAM('2uRF3YjkL1tR9qnWaLTups',$,'VL-131','IPE 300',$,#4709,#4706,'VL-131',$);
#4711=IFCRELASSOCIATESMATERIAL('1fysNJamL71xxMQsu1aPVO',$,$,$,(#4710),#40);
#4712=IFCCARTESIANPOINT((32500.,14840.,0.));
#4713=IFCCARTESIANPOINT((39000.,14840.,0.));
#4714=IFCPOLYLINE((#4712,#4713));
#4715=IFCSHAPEREPRESENTATION(#12,'Axis','Curve3D',(#4714));
#4716=IFCPRODUCTDEFINITIONSHAPE($,$,(#4715));
#4717=IFCCARTESIANPOINT((0.,0.,0.));
#4718=IFCAXIS2PLACEMENT3D(#4717,#8,#9);
#4719=IFCLOCALPLACEMENT(#27,#4718);
#4720=IFCBEAM('0qIoXnOvP2ZAK3J80han2U',$,'VL-132','IPE 300',$,#4719,#4716,'VL-132',$);
#4721=IFCRELASSOCIATESMATERIAL('0E1VygvBn01faIXvtQqCwY',$,$,$,(#4720),#40);
#4722=IFCCARTESIANPOINT((39000.,14840.,0.));
#4723=IFCCARTESIANPOINT((45500.,14840.,0.));
#4724=IFCPOLYLINE((#4722,#4723));
#4725=IFCSHAPEREPRESENTATION(#12,'Axis','Curve3D',(#4724));
#4726=IFCPRODUCTDEFINITIONSHAPE($,$,(#4725));
#4727=IFCCARTESIANPOINT((0.,0.,0.));
#4728=IFCAXIS2PLACEMENT3D(#4727,#8,#9);
#4729=IFCLOCALPLACEMENT(#27,#4728);
#4730=IFCBEAM('2tj_s0ssX2oPe8pNQz4oKX',$,'VL-133','IPE 300',$,#4729,#4726,'VL-133',$);
#4731=IFCRELASSOCIATESMATERIAL('2RhcwRarj6K9Qjg2JsLehx',$,$,$,(#4730),#40);
#4732=IFCCARTESIANPOINT((45500.,14840.,0.));
#4733=IFCCARTESIANPOINT((52000.,14840.,0.));
#4734=IFCPOLYLINE((#4732,#4733));
#4735=IFCSHAPEREPRESENTATION(#12,'Axis','Curve3D',(#4734));
#4736=IFCPRODUCTDEFINITIONSHAPE($,$,(#4735));
#4737=IFCCARTESIANPOINT((0.,0.,0.));
#4738=IFCAXIS2PLACEMENT3D(#4737,#8,#9);
#4739=IFCLOCALPLACEMENT(#27,#4738);
#4740=IFCBEAM('1D$NC0eY1D4vkntuZ1AXBp',$,'VL-134','IPE 300',$,#4739,#4736,'VL-134',$);
#4741=IFCRELASSOCIATESMATERIAL('0TbmIgKQX6HwOWt28zIKGC',$,$,$,(#4740),#40);
#4742=IFCCARTESIANPOINT((56050.,14840.,0.));
#4743=IFCCARTESIANPOINT((62550.,14840.,0.));
#4744=IFCPOLYLINE((#4742,#4743));
#4745=IFCSHAPEREPRESENTATION(#12,'Axis','Curve3D',(#4744));
#4746=IFCPRODUCTDEFINITIONSHAPE($,$,(#4745));
#4747=IFCCARTESIANPOINT((0.,0.,0.));
#4748=IFCAXIS2PLACEMENT3D(#4747,#8,#9);
#4749=IFCLOCALPLACEMENT(#27,#4748);
#4750=IFCBEAM('1ImzZgY5X1jPkH6XD2Fgnz',$,'VL-135','IPE 300',$,#4749,#4746,'VL-135',$);
#4751=IFCRELASSOCIATESMATERIAL('3ioH1COJv7HBSFZ2OJjfRF',$,$,$,(#4750),#40);
#4752=IFCCARTESIANPOINT((62550.,14840.,0.));
#4753=IFCCARTESIANPOINT((69050.,14840.,0.));
#4754=IFCPOLYLINE((#4752,#4753));
#4755=IFCSHAPEREPRESENTATION(#12,'Axis','Curve3D',(#4754));
#4756=IFCPRODUCTDEFINITIONSHAPE($,$,(#4755));
#4757=IFCCARTESIANPOINT((0.,0.,0.));
#4758=IFCAXIS2PLACEMENT3D(#4757,#8,#9);
#4759=IFCLOCALPLACEMENT(#27,#4758);
#4760=IFCBEAM('3dYnKwadr4kPnqYP3w1Xe5',$,'VL-136','IPE 300',$,#4759,#4756,'VL-136',$);
#4761=IFCRELASSOCIATESMATERIAL('3STBVWKNzC4Q2lTkXUdxnS',$,$,$,(#4760),#40);
#4762=IFCCARTESIANPOINT((69050.,14840.,0.));
#4763=IFCCARTESIANPOINT((75550.,14840.,0.));
#4764=IFCPOLYLINE((#4762,#4763));
#4765=IFCSHAPEREPRESENTATION(#12,'Axis','Curve3D',(#4764));
#4766=IFCPRODUCTDEFINITIONSHAPE($,$,(#4765));
#4767=IFCCARTESIANPOINT((0.,0.,0.));
#4768=IFCAXIS2PLACEMENT3D(#4767,#8,#9);
#4769=IFCLOCALPLACEMENT(#27,#4768);
#4770=IFCBEAM('0Pic6pJFDAugfXMlIR_Drn',$,'VL-137','IPE 300',$,#4769,#4766,'VL-137',$);
#4771=IFCRELASSOCIATESMATERIAL('3ivHxgYqvAO90lFShQlT7H',$,$,$,(#4770),#40);
#4772=IFCCARTESIANPOINT((75550.,14840.,0.));
#4773=IFCCARTESIANPOINT((82050.,14840.,0.));
#4774=IFCPOLYLINE((#4772,#4773));
#4775=IFCSHAPEREPRESENTATION(#12,'Axis','Curve3D',(#4774));
#4776=IFCPRODUCTDEFINITIONSHAPE($,$,(#4775));
#4777=IFCCARTESIANPOINT((0.,0.,0.));
#4778=IFCAXIS2PLACEMENT3D(#4777,#8,#9);
#4779=IFCLOCALPLACEMENT(#27,#4778);
#4780=IFCBEAM('0Jf_PJ52TF9uRnZ8HIZBKi',$,'VL-138','IPE 300',$,#4779,#4776,'VL-138',$);
#4781=IFCRELASSOCIATESMATERIAL('1W3t5HzGnBXQcWmwBByQq8',$,$,$,(#4780),#40);
#4782=IFCCARTESIANPOINT((82050.,14840.,0.));
#4783=IFCCARTESIANPOINT((88550.,14840.,0.));
#4784=IFCPOLYLINE((#4782,#4783));
#4785=IFCSHAPEREPRESENTATION(#12,'Axis','Curve3D',(#4784));
#4786=IFCPRODUCTDEFINITIONSHAPE($,$,(#4785));
#4787=IFCCARTESIANPOINT((0.,0.,0.));
#4788=IFCAXIS2PLACEMENT3D(#4787,#8,#9);
#4789=IFCLOCALPLACEMENT(#27,#4788);
#4790=IFCBEAM('10rm7A8fXEgg4_AtWVsjPI',$,'VL-139','IPE 300',$,#4789,#4786,'VL-139',$);
#4791=IFCRELASSOCIATESMATERIAL('1GCjW7NgL85x5sF$iSgxsj',$,$,$,(#4790),#40);
#4792=IFCCARTESIANPOINT((92600.,14840.,0.));
#4793=IFCCARTESIANPOINT((99100.,14840.,0.));
#4794=IFCPOLYLINE((#4792,#4793));
#4795=IFCSHAPEREPRESENTATION(#12,'Axis','Curve3D',(#4794));
#4796=IFCPRODUCTDEFINITIONSHAPE($,$,(#4795));
#4797=IFCCARTESIANPOINT((0.,0.,0.));
#4798=IFCAXIS2PLACEMENT3D(#4797,#8,#9);
#4799=IFCLOCALPLACEMENT(#27,#4798);
#4800=IFCBEAM('2g4XZZBvfEJg3ZKUHYJqzV',$,'VL-140','IPE 300',$,#4799,#4796,'VL-140',$);
#4801=IFCRELASSOCIATESMATERIAL('08t_H8Md13NQIvdP82YlP3',$,$,$,(#4800),#40);
#4802=IFCCARTESIANPOINT((99100.,14840.,0.));
#4803=IFCCARTESIANPOINT((105600.,14840.,0.));
#4804=IFCPOLYLINE((#4802,#4803));
#4805=IFCSHAPEREPRESENTATION(#12,'Axis','Curve3D',(#4804));
#4806=IFCPRODUCTDEFINITIONSHAPE($,$,(#4805));
#4807=IFCCARTESIANPOINT((0.,0.,0.));
#4808=IFCAXIS2PLACEMENT3D(#4807,#8,#9);
#4809=IFCLOCALPLACEMENT(#27,#4808);
#4810=IFCBEAM('2VRwDYPJf8yPhe2$CHL42u',$,'VL-141','IPE 300',$,#4809,#4806,'VL-141',$);
#4811=IFCRELASSOCIATESMATERIAL('1GhdHRrbz4$PxNIhs_AYX4',$,$,$,(#4810),#40);
#4812=IFCCARTESIANPOINT((105600.,14840.,0.));
#4813=IFCCARTESIANPOINT((112100.,14840.,0.));
#4814=IFCPOLYLINE((#4812,#4813));
#4815=IFCSHAPEREPRESENTATION(#12,'Axis','Curve3D',(#4814));
#4816=IFCPRODUCTDEFINITIONSHAPE($,$,(#4815));
#4817=IFCCARTESIANPOINT((0.,0.,0.));
#4818=IFCAXIS2PLACEMENT3D(#4817,#8,#9);
#4819=IFCLOCALPLACEMENT(#27,#4818);
#4820=IFCBEAM('38zdIieFDBJPsVu5WSe2Rj',$,'VL-142','IPE 300',$,#4819,#4816,'VL-142',$);
#4821=IFCRELASSOCIATESMATERIAL('0jbGwwweH5Bglab59L_cCA',$,$,$,(#4820),#40);
#4822=IFCCARTESIANPOINT((112100.,14840.,0.));
#4823=IFCCARTESIANPOINT((118600.,14840.,0.));
#4824=IFCPOLYLINE((#4822,#4823));
#4825=IFCSHAPEREPRESENTATION(#12,'Axis','Curve3D',(#4824));
#4826=IFCPRODUCTDEFINITIONSHAPE($,$,(#4825));
#4827=IFCCARTESIANPOINT((0.,0.,0.));
#4828=IFCAXIS2PLACEMENT3D(#4827,#8,#9);
#4829=IFCLOCALPLACEMENT(#27,#4828);
#4830=IFCBEAM('0ZW4SDzYD4$PhvKBO_up3h',$,'VL-143','IPE 300',$,#4829,#4826,'VL-143',$);
#4831=IFCRELASSOCIATESMATERIAL('1mI8gbbNn6l86tnq7TV8O1',$,$,$,(#4830),#40);
#4832=IFCCARTESIANPOINT((118600.,14840.,0.));
#4833=IFCCARTESIANPOINT((125100.,14840.,0.));
#4834=IFCPOLYLINE((#4832,#4833));
#4835=IFCSHAPEREPRESENTATION(#12,'Axis','Curve3D',(#4834));
#4836=IFCPRODUCTDEFINITIONSHAPE($,$,(#4835));
#4837=IFCCARTESIANPOINT((0.,0.,0.));
#4838=IFCAXIS2PLACEMENT3D(#4837,#8,#9);
#4839=IFCLOCALPLACEMENT(#27,#4838);
#4840=IFCBEAM('1QOiZEvZz75hy_o5XB6Ww9',$,'VL-144','IPE 300',$,#4839,#4836,'VL-144',$);
#4841=IFCRELASSOCIATESMATERIAL('2lrzYmoTHAPxtjfrd8YmR8',$,$,$,(#4840),#40);
#4842=IFCCARTESIANPOINT((125100.,14840.,0.));
#4843=IFCCARTESIANPOINT((131600.,14840.,0.));
#4844=IFCPOLYLINE((#4842,#4843));
#4845=IFCSHAPEREPRESENTATION(#12,'Axis','Curve3D',(#4844));
#4846=IFCPRODUCTDEFINITIONSHAPE($,$,(#4845));
#4847=IFCCARTESIANPOINT((0.,0.,0.));
#4848=IFCAXIS2PLACEMENT3D(#4847,#8,#9);
#4849=IFCLOCALPLACEMENT(#27,#4848);
#4850=IFCBEAM('2l0gU0opjFVxrm0MzDrQv0',$,'VL-145','IPE 300',$,#4849,#4846,'VL-145',$);
#4851=IFCRELASSOCIATESMATERIAL('3kRGgv9SrBxBvyhy4pQ_tr',$,$,$,(#4850),#40);
#4852=IFCCARTESIANPOINT((131600.,14840.,0.));
#4853=IFCCARTESIANPOINT((138100.,14840.,0.));
#4854=IFCPOLYLINE((#4852,#4853));
#4855=IFCSHAPEREPRESENTATION(#12,'Axis','Curve3D',(#4854));
#4856=IFCPRODUCTDEFINITIONSHAPE($,$,(#4855));
#4857=IFCCARTESIANPOINT((0.,0.,0.));
#4858=IFCAXIS2PLACEMENT3D(#4857,#8,#9);
#4859=IFCLOCALPLACEMENT(#27,#4858);
#4860=IFCBEAM('2jtsqM63DEsOtBbPKTFuKy',$,'VL-146','IPE 300',$,#4859,#4856,'VL-146',$);
#4861=IFCRELASSOCIATESMATERIAL('0L_cKyrNP7henessufJS$c',$,$,$,(#4860),#40);
#4862=IFCCARTESIANPOINT((138100.,14840.,0.));
#4863=IFCCARTESIANPOINT((144600.,14840.,0.));
#4864=IFCPOLYLINE((#4862,#4863));
#4865=IFCSHAPEREPRESENTATION(#12,'Axis','Curve3D',(#4864));
#4866=IFCPRODUCTDEFINITIONSHAPE($,$,(#4865));
#4867=IFCCARTESIANPOINT((0.,0.,0.));
#4868=IFCAXIS2PLACEMENT3D(#4867,#8,#9);
#4869=IFCLOCALPLACEMENT(#27,#4868);
#4870=IFCBEAM('29hZ_1DU5CJA1EC6ug1oBt',$,'VL-147','IPE 300',$,#4869,#4866,'VL-147',$);
#4871=IFCRELASSOCIATESMATERIAL('12RDmJ$9v35w2DuHXz4ry$',$,$,$,(#4870),#40);
#4872=IFCCARTESIANPOINT((0.,14840.,0.));
#4873=IFCCARTESIANPOINT((6500.,14840.,0.));
#4874=IFCPOLYLINE((#4872,#4873));
#4875=IFCSHAPEREPRESENTATION(#12,'Axis','Curve3D',(#4874));
#4876=IFCPRODUCTDEFINITIONSHAPE($,$,(#4875));
#4877=IFCCARTESIANPOINT((0.,0.,0.));
#4878=IFCAXIS2PLACEMENT3D(#4877,#8,#9);
#4879=IFCLOCALPLACEMENT(#31,#4878);
#4880=IFCBEAM('3SQ2PTZID7SA_Ck2WPN65Y',$,'VL-148','IPE 300',$,#4879,#4876,'VL-148',$);
#4881=IFCRELASSOCIATESMATERIAL('3uI1ZlmX11PPRA6kIW10Ok',$,$,$,(#4880),#40);
#4882=IFCCARTESIANPOINT((6500.,14840.,0.));
#4883=IFCCARTESIANPOINT((13000.,14840.,0.));
#4884=IFCPOLYLINE((#4882,#4883));
#4885=IFCSHAPEREPRESENTATION(#12,'Axis','Curve3D',(#4884));
#4886=IFCPRODUCTDEFINITIONSHAPE($,$,(#4885));
#4887=IFCCARTESIANPOINT((0.,0.,0.));
#4888=IFCAXIS2PLACEMENT3D(#4887,#8,#9);
#4889=IFCLOCALPLACEMENT(#31,#4888);
#4890=IFCBEAM('2Nw201fu50Kx4vKs85yL8d',$,'VL-149','IPE 300',$,#4889,#4886,'VL-149',$);
#4891=IFCRELASSOCIATESMATERIAL('11iEzea$H4Cvfp1GJrEjCg',$,$,$,(#4890),#40);
#4892=IFCCARTESIANPOINT((13000.,14840.,0.));
#4893=IFCCARTESIANPOINT((19500.,14840.,0.));
#4894=IFCPOLYLINE((#4892,#4893));
#4895=IFCSHAPEREPRESENTATION(#12,'Axis','Curve3D',(#4894));
#4896=IFCPRODUCTDEFINITIONSHAPE($,$,(#4895));
#4897=IFCCARTESIANPOINT((0.,0.,0.));
#4898=IFCAXIS2PLACEMENT3D(#4897,#8,#9);
#4899=IFCLOCALPLACEMENT(#31,#4898);
#4900=IFCBEAM('25AnTEfoHFceK3QrhLTFog',$,'VL-150','IPE 300',$,#4899,#4896,'VL-150',$);
#4901=IFCRELASSOCIATESMATERIAL('2wjg26qE15pQAYMKOtLOa_',$,$,$,(#4900),#40);
#4902=IFCCARTESIANPOINT((19500.,14840.,0.));
#4903=IFCCARTESIANPOINT((26000.,14840.,0.));
#4904=IFCPOLYLINE((#4902,#4903));
#4905=IFCSHAPEREPRESENTATION(#12,'Axis','Curve3D',(#4904));
#4906=IFCPRODUCTDEFINITIONSHAPE($,$,(#4905));
#4907=IFCCARTESIANPOINT((0.,0.,0.));
#4908=IFCAXIS2PLACEMENT3D(#4907,#8,#9);
#4909=IFCLOCALPLACEMENT(#31,#4908);
#4910=IFCBEAM('2PiWZXCHr5dxub$WDRuKiH',$,'VL-151','IPE 300',$,#4909,#4906,'VL-151',$);
#4911=IFCRELASSOCIATESMATERIAL('24sROA_WDATAkihI5a3KkD',$,$,$,(#4910),#40);
#4912=IFCCARTESIANPOINT((26000.,14840.,0.));
#4913=IFCCARTESIANPOINT((32500.,14840.,0.));
#4914=IFCPOLYLINE((#4912,#4913));
#4915=IFCSHAPEREPRESENTATION(#12,'Axis','Curve3D',(#4914));
#4916=IFCPRODUCTDEFINITIONSHAPE($,$,(#4915));
#4917=IFCCARTESIANPOINT((0.,0.,0.));
#4918=IFCAXIS2PLACEMENT3D(#4917,#8,#9);
#4919=IFCLOCALPLACEMENT(#31,#4918);
#4920=IFCBEAM('0Y3dmr6U1A_ht7FfpgXXxF',$,'VL-152','IPE 300',$,#4919,#4916,'VL-152',$);
#4921=IFCRELASSOCIATESMATERIAL('3dIXww7X118v9Tia3qU8BZ',$,$,$,(#4920),#40);
#4922=IFCCARTESIANPOINT((32500.,14840.,0.));
#4923=IFCCARTESIANPOINT((39000.,14840.,0.));
#4924=IFCPOLYLINE((#4922,#4923));
#4925=IFCSHAPEREPRESENTATION(#12,'Axis','Curve3D',(#4924));
#4926=IFCPRODUCTDEFINITIONSHAPE($,$,(#4925));
#4927=IFCCARTESIANPOINT((0.,0.,0.));
#4928=IFCAXIS2PLACEMENT3D(#4927,#8,#9);
#4929=IFCLOCALPLACEMENT(#31,#4928);
#4930=IFCBEAM('2G5jTk$AbCzB70UocKgfru',$,'VL-153','IPE 300',$,#4929,#4926,'VL-153',$);
#4931=IFCRELASSOCIATESMATERIAL('3Vh8qj8hr0WR5KIOuMm0D$',$,$,$,(#4930),#40);
#4932=IFCCARTESIANPOINT((39000.,14840.,0.));
#4933=IFCCARTESIANPOINT((45500.,14840.,0.));
#4934=IFCPOLYLINE((#4932,#4933));
#4935=IFCSHAPEREPRESENTATION(#12,'Axis','Curve3D',(#4934));
#4936=IFCPRODUCTDEFINITIONSHAPE($,$,(#4935));
#4937=IFCCARTESIANPOINT((0.,0.,0.));
#4938=IFCAXIS2PLACEMENT3D(#4937,#8,#9);
#4939=IFCLOCALPLACEMENT(#31,#4938);
#4940=IFCBEAM('382V9yy9DD4e$Dcm404wpr',$,'VL-154','IPE 300',$,#4939,#4936,'VL-154',$);
#4941=IFCRELASSOCIATESMATERIAL('0ZHi8FVw51q8_0nDx9aEGf',$,$,$,(#4940),#40);
#4942=IFCCARTESIANPOINT((45500.,14840.,0.));
#4943=IFCCARTESIANPOINT((52000.,14840.,0.));
#4944=IFCPOLYLINE((#4942,#4943));
#4945=IFCSHAPEREPRESENTATION(#12,'Axis','Curve3D',(#4944));
#4946=IFCPRODUCTDEFINITIONSHAPE($,$,(#4945));
#4947=IFCCARTESIANPOINT((0.,0.,0.));
#4948=IFCAXIS2PLACEMENT3D(#4947,#8,#9);
#4949=IFCLOCALPLACEMENT(#31,#4948);
#4950=IFCBEAM('2N78hxqFn1UvSNNnp2dRnR',$,'VL-155','IPE 300',$,#4949,#4946,'VL-155',$);
#4951=IFCRELASSOCIATESMATERIAL('2E1B2F1DX7VAzq$eYEpi59',$,$,$,(#4950),#40);
#4952=IFCCARTESIANPOINT((56050.,14840.,0.));
#4953=IFCCARTESIANPOINT((62550.,14840.,0.));
#4954=IFCPOLYLINE((#4952,#4953));
#4955=IFCSHAPEREPRESENTATION(#12,'Axis','Curve3D',(#4954));
#4956=IFCPRODUCTDEFINITIONSHAPE($,$,(#4955));
#4957=IFCCARTESIANPOINT((0.,0.,0.));
#4958=IFCAXIS2PLACEMENT3D(#4957,#8,#9);
#4959=IFCLOCALPLACEMENT(#31,#4958);
#4960=IFCBEAM('3xsWe7kdL7JfNeM_9IssHn',$,'VL-156','IPE 300',$,#4959,#4956,'VL-156',$);
#4961=IFCRELASSOCIATESMATERIAL('0SLKScGXf6SP1N1989Uz2s',$,$,$,(#4960),#40);
#4962=IFCCARTESIANPOINT((62550.,14840.,0.));
#4963=IFCCARTESIANPOINT((69050.,14840.,0.));
#4964=IFCPOLYLINE((#4962,#4963));
#4965=IFCSHAPEREPRESENTATION(#12,'Axis','Curve3D',(#4964));
#4966=IFCPRODUCTDEFINITIONSHAPE($,$,(#4965));
#4967=IFCCARTESIANPOINT((0.,0.,0.));
#4968=IFCAXIS2PLACEMENT3D(#4967,#8,#9);
#4969=IFCLOCALPLACEMENT(#31,#4968);
#4970=IFCBEAM('384bpeozX51O4lwQKwIKMR',$,'VL-157','IPE 300',$,#4969,#4966,'VL-157',$);
#4971=IFCRELASSOCIATESMATERIAL('1iQBOJRer9nA_zXRzBsp68',$,$,$,(#4970),#40);
#4972=IFCCARTESIANPOINT((69050.,14840.,0.));
#4973=IFCCARTESIANPOINT((75550.,14840.,0.));
#4974=IFCPOLYLINE((#4972,#4973));
#4975=IFCSHAPEREPRESENTATION(#12,'Axis','Curve3D',(#4974));
#4976=IFCPRODUCTDEFINITIONSHAPE($,$,(#4975));
#4977=IFCCARTESIANPOINT((0.,0.,0.));
#4978=IFCAXIS2PLACEMENT3D(#4977,#8,#9);
#4979=IFCLOCALPLACEMENT(#31,#4978);
#4980=IFCBEAM('3fMafCZqzB2ReS32J$k88Z',$,'VL-158','IPE 300',$,#4979,#4976,'VL-158',$);
#4981=IFCRELASSOCIATESMATERIAL('1OnZNQM8v9Ygte95$1murS',$,$,$,(#4980),#40);
#4982=IFCCARTESIANPOINT((75550.,14840.,0.));
#4983=IFCCARTESIANPOINT((82050.,14840.,0.));
#4984=IFCPOLYLINE((#4982,#4983));
#4985=IFCSHAPEREPRESENTATION(#12,'Axis','Curve3D',(#4984));
#4986=IFCPRODUCTDEFINITIONSHAPE($,$,(#4985));
#4987=IFCCARTESIANPOINT((0.,0.,0.));
#4988=IFCAXIS2PLACEMENT3D(#4987,#8,#9);
#4989=IFCLOCALPLACEMENT(#31,#4988);
#4990=IFCBEAM('04MPrEh8DC0goALIgR26ts',$,'VL-159','IPE 300',$,#4989,#4986,'VL-159',$);
#4991=IFCRELASSOCIATESMATERIAL('0oM9yUXD15t9P3mBZ5j9rs',$,$,$,(#4990),#40);
#4992=IFCCARTESIANPOINT((82050.,14840.,0.));
#4993=IFCCARTESIANPOINT((88550.,14840.,0.));
#4994=IFCPOLYLINE((#4992,#4993));
#4995=IFCSHAPEREPRESENTATION(#12,'Axis','Curve3D',(#4994));
#4996=IFCPRODUCTDEFINITIONSHAPE($,$,(#4995));
#4997=IFCCARTESIANPOINT((0.,0.,0.));
#4998=IFCAXIS2PLACEMENT3D(#4997,#8,#9);
#4999=IFCLOCALPLACEMENT(#31,#4998);
#5000=IFCBEAM('2lN3spMPH8nuOToR7yquKy',$,'VL-160','IPE 300',$,#4999,#4996,'VL-160',$);
#5001=IFCRELASSOCIATESMATERIAL('2EHNxVicfEpPXKez9Ye1tZ',$,$,$,(#5000),#40);
#5002=IFCCARTESIANPOINT((92600.,14840.,0.));
#5003=IFCCARTESIANPOINT((99100.,14840.,0.));
#5004=IFCPOLYLINE((#5002,#5003));
#5005=IFCSHAPEREPRESENTATION(#12,'Axis','Curve3D',(#5004));
#5006=IFCPRODUCTDEFINITIONSHAPE($,$,(#5005));
#5007=IFCCARTESIANPOINT((0.,0.,0.));
#5008=IFCAXIS2PLACEMENT3D(#5007,#8,#9);
#5009=IFCLOCALPLACEMENT(#31,#5008);
#5010=IFCBEAM('3mNaUdgXz2oBb4G1wNeelY',$,'VL-161','IPE 300',$,#5009,#5006,'VL-161',$);
#5011=IFCRELASSOCIATESMATERIAL('3JfZbNvaH3owAAmzXvZ58N',$,$,$,(#5010),#40);
#5012=IFCCARTESIANPOINT((99100.,14840.,0.));
#5013=IFCCARTESIANPOINT((105600.,14840.,0.));
#5014=IFCPOLYLINE((#5012,#5013));
#5015=IFCSHAPEREPRESENTATION(#12,'Axis','Curve3D',(#5014));
#5016=IFCPRODUCTDEFINITIONSHAPE($,$,(#5015));
#5017=IFCCARTESIANPOINT((0.,0.,0.));
#5018=IFCAXIS2PLACEMENT3D(#5017,#8,#9);
#5019=IFCLOCALPLACEMENT(#31,#5018);
#5020=IFCBEAM('35un5PyZfBcvyPljSemAgk',$,'VL-162','IPE 300',$,#5019,#5016,'VL-162',$);
#5021=IFCRELASSOCIATESMATERIAL('2Huy5Pq3z9SfnVxsnAieq1',$,$,$,(#5020),#40);
#5022=IFCCARTESIANPOINT((105600.,14840.,0.));
#5023=IFCCARTESIANPOINT((112100.,14840.,0.));
#5024=IFCPOLYLINE((#5022,#5023));
#5025=IFCSHAPEREPRESENTATION(#12,'Axis','Curve3D',(#5024));
#5026=IFCPRODUCTDEFINITIONSHAPE($,$,(#5025));
#5027=IFCCARTESIANPOINT((0.,0.,0.));
#5028=IFCAXIS2PLACEMENT3D(#5027,#8,#9);
#5029=IFCLOCALPLACEMENT(#31,#5028);
#5030=IFCBEAM('3fRmDimwP2DQvJE_zn5wRo',$,'VL-163','IPE 300',$,#5029,#5026,'VL-163',$);
#5031=IFCRELASSOCIATESMATERIAL('1FwzZAIhD7LwILQEXzbK6Q',$,$,$,(#5030),#40);
#5032=IFCCARTESIANPOINT((112100.,14840.,0.));
#5033=IFCCARTESIANPOINT((118600.,14840.,0.));
#5034=IFCPOLYLINE((#5032,#5033));
#5035=IFCSHAPEREPRESENTATION(#12,'Axis','Curve3D',(#5034));
#5036=IFCPRODUCTDEFINITIONSHAPE($,$,(#5035));
#5037=IFCCARTESIANPOINT((0.,0.,0.));
#5038=IFCAXIS2PLACEMENT3D(#5037,#8,#9);
#5039=IFCLOCALPLACEMENT(#31,#5038);
#5040=IFCBEAM('1_nideh$bABgs7FvNbiD_B',$,'VL-164','IPE 300',$,#5039,#5036,'VL-164',$);
#5041=IFCRELASSOCIATESMATERIAL('2N0y3S1$H8bOSnraDEVPhf',$,$,$,(#5040),#40);
#5042=IFCCARTESIANPOINT((118600.,14840.,0.));
#5043=IFCCARTESIANPOINT((125100.,14840.,0.));
#5044=IFCPOLYLINE((#5042,#5043));
#5045=IFCSHAPEREPRESENTATION(#12,'Axis','Curve3D',(#5044));
#5046=IFCPRODUCTDEFINITIONSHAPE($,$,(#5045));
#5047=IFCCARTESIANPOINT((0.,0.,0.));
#5048=IFCAXIS2PLACEMENT3D(#5047,#8,#9);
#5049=IFCLOCALPLACEMENT(#31,#5048);
#5050=IFCBEAM('2Aj2wIndP7wg_gAfrl2nZA',$,'VL-165','IPE 300',$,#5049,#5046,'VL-165',$);
#5051=IFCRELASSOCIATESMATERIAL('1UasqbspL0Wuw9rmFULFzM',$,$,$,(#5050),#40);
#5052=IFCCARTESIANPOINT((125100.,14840.,0.));
#5053=IFCCARTESIANPOINT((131600.,14840.,0.));
#5054=IFCPOLYLINE((#5052,#5053));
#5055=IFCSHAPEREPRESENTATION(#12,'Axis','Curve3D',(#5054));
#5056=IFCPRODUCTDEFINITIONSHAPE($,$,(#5055));
#5057=IFCCARTESIANPOINT((0.,0.,0.));
#5058=IFCAXIS2PLACEMENT3D(#5057,#8,#9);
#5059=IFCLOCALPLACEMENT(#31,#5058);
#5060=IFCBEAM('08GSanKL1CdPCn$5FXROUb',$,'VL-166','IPE 300',$,#5059,#5056,'VL-166',$);
#5061=IFCRELASSOCIATESMATERIAL('0xIzFyS9T3DRFi7mGIqVQR',$,$,$,(#5060),#40);
#5062=IFCCARTESIANPOINT((131600.,14840.,0.));
#5063=IFCCARTESIANPOINT((138100.,14840.,0.));
#5064=IFCPOLYLINE((#5062,#5063));
#5065=IFCSHAPEREPRESENTATION(#12,'Axis','Curve3D',(#5064));
#5066=IFCPRODUCTDEFINITIONSHAPE($,$,(#5065));
#5067=IFCCARTESIANPOINT((0.,0.,0.));
#5068=IFCAXIS2PLACEMENT3D(#5067,#8,#9);
#5069=IFCLOCALPLACEMENT(#31,#5068);
#5070=IFCBEAM('15qP8KRX95kOONUaJCZ7IO',$,'VL-167','IPE 300',$,#5069,#5066,'VL-167',$);
#5071=IFCRELASSOCIATESMATERIAL('2Ar4CSVGr0v89XnbvWFzZV',$,$,$,(#5070),#40);
#5072=IFCCARTESIANPOINT((138100.,14840.,0.));
#5073=IFCCARTESIANPOINT((144600.,14840.,0.));
#5074=IFCPOLYLINE((#5072,#5073));
#5075=IFCSHAPEREPRESENTATION(#12,'Axis','Curve3D',(#5074));
#5076=IFCPRODUCTDEFINITIONSHAPE($,$,(#5075));
#5077=IFCCARTESIANPOINT((0.,0.,0.));
#5078=IFCAXIS2PLACEMENT3D(#5077,#8,#9);
#5079=IFCLOCALPLACEMENT(#31,#5078);
#5080=IFCBEAM('0dcl9mGAf7iAc5pivygLBa',$,'VL-168','IPE 300',$,#5079,#5076,'VL-168',$);
#5081=IFCRELASSOCIATESMATERIAL('2XAdGZ$xD6GhlbMyxa6MIn',$,$,$,(#5080),#40);
#5082=IFCCARTESIANPOINT((0.,14840.,0.));
#5083=IFCCARTESIANPOINT((6500.,14840.,0.));
#5084=IFCPOLYLINE((#5082,#5083));
#5085=IFCSHAPEREPRESENTATION(#12,'Axis','Curve3D',(#5084));
#5086=IFCPRODUCTDEFINITIONSHAPE($,$,(#5085));
#5087=IFCCARTESIANPOINT((0.,0.,0.));
#5088=IFCAXIS2PLACEMENT3D(#5087,#8,#9);
#5089=IFCLOCALPLACEMENT(#35,#5088);
#5090=IFCBEAM('2ci2Lg05HEdBbGU8elWvIG',$,'VL-169','IPE 270',$,#5089,#5086,'VL-169',$);
#5091=IFCRELASSOCIATESMATERIAL('3B7NYsv4D6$w8DFnLGFXr4',$,$,$,(#5090),#40);
#5092=IFCCARTESIANPOINT((6500.,14840.,0.));
#5093=IFCCARTESIANPOINT((13000.,14840.,0.));
#5094=IFCPOLYLINE((#5092,#5093));
#5095=IFCSHAPEREPRESENTATION(#12,'Axis','Curve3D',(#5094));
#5096=IFCPRODUCTDEFINITIONSHAPE($,$,(#5095));
#5097=IFCCARTESIANPOINT((0.,0.,0.));
#5098=IFCAXIS2PLACEMENT3D(#5097,#8,#9);
#5099=IFCLOCALPLACEMENT(#35,#5098);
#5100=IFCBEAM('0m1TYsV4X9ehp5ocXAzFh1',$,'VL-170','IPE 270',$,#5099,#5096,'VL-170',$);
#5101=IFCRELASSOCIATESMATERIAL('34Wrwonm10bQ$dK0gAwo0Y',$,$,$,(#5100),#40);
#5102=IFCCARTESIANPOINT((13000.,14840.,0.));
#5103=IFCCARTESIANPOINT((19500.,14840.,0.));
#5104=IFCPOLYLINE((#5102,#5103));
#5105=IFCSHAPEREPRESENTATION(#12,'Axis','Curve3D',(#5104));
#5106=IFCPRODUCTDEFINITIONSHAPE($,$,(#5105));
#5107=IFCCARTESIANPOINT((0.,0.,0.));
#5108=IFCAXIS2PLACEMENT3D(#5107,#8,#9);
#5109=IFCLOCALPLACEMENT(#35,#5108);
#5110=IFCBEAM('1cxcJvH1j0f891xvWUYtkV',$,'VL-171','IPE 270',$,#5109,#5106,'VL-171',$);
#5111=IFCRELASSOCIATESMATERIAL('2GwIXSrKX42QXgqak$WMS1',$,$,$,(#5110),#40);
#5112=IFCCARTESIANPOINT((19500.,14840.,0.));
#5113=IFCCARTESIANPOINT((26000.,14840.,0.));
#5114=IFCPOLYLINE((#5112,#5113));
#5115=IFCSHAPEREPRESENTATION(#12,'Axis','Curve3D',(#5114));
#5116=IFCPRODUCTDEFINITIONSHAPE($,$,(#5115));
#5117=IFCCARTESIANPOINT((0.,0.,0.));
#5118=IFCAXIS2PLACEMENT3D(#5117,#8,#9);
#5119=IFCLOCALPLACEMENT(#35,#5118);
#5120=IFCBEAM('1l2aiEBCzCnAsLw5XRJu4$',$,'VL-172','IPE 270',$,#5119,#5116,'VL-172',$);
#5121=IFCRELASSOCIATESMATERIAL('2AS$Bjgrb9RvB3iu79Ahip',$,$,$,(#5120),#40);
#5122=IFCCARTESIANPOINT((26000.,14840.,0.));
#5123=IFCCARTESIANPOINT((32500.,14840.,0.));
#5124=IFCPOLYLINE((#5122,#5123));
#5125=IFCSHAPEREPRESENTATION(#12,'Axis','Curve3D',(#5124));
#5126=IFCPRODUCTDEFINITIONSHAPE($,$,(#5125));
#5127=IFCCARTESIANPOINT((0.,0.,0.));
#5128=IFCAXIS2PLACEMENT3D(#5127,#8,#9);
#5129=IFCLOCALPLACEMENT(#35,#5128);
#5130=IFCBEAM('1PU8SPP3LAcgKxxgu1qLTe',$,'VL-173','IPE 270',$,#5129,#5126,'VL-173',$);
#5131=IFCRELASSOCIATESMATERIAL('3eBnwiTP1APOAzqzhLXRsx',$,$,$,(#5130),#40);
#5132=IFCCARTESIANPOINT((32500.,14840.,0.));
#5133=IFCCARTESIANPOINT((39000.,14840.,0.));
#5134=IFCPOLYLINE((#5132,#5133));
#5135=IFCSHAPEREPRESENTATION(#12,'Axis','Curve3D',(#5134));
#5136=IFCPRODUCTDEFINITIONSHAPE($,$,(#5135));
#5137=IFCCARTESIANPOINT((0.,0.,0.));
#5138=IFCAXIS2PLACEMENT3D(#5137,#8,#9);
#5139=IFCLOCALPLACEMENT(#35,#5138);
#5140=IFCBEAM('1HdmKK5U14_e8X4cNKvwgk',$,'VL-174','IPE 270',$,#5139,#5136,'VL-174',$);
#5141=IFCRELASSOCIATESMATERIAL('25RPcmy7f49QjZGYi1D6GH',$,$,$,(#5140),#40);
#5142=IFCCARTESIANPOINT((39000.,14840.,0.));
#5143=IFCCARTESIANPOINT((45500.,14840.,0.));
#5144=IFCPOLYLINE((#5142,#5143));
#5145=IFCSHAPEREPRESENTATION(#12,'Axis','Curve3D',(#5144));
#5146=IFCPRODUCTDEFINITIONSHAPE($,$,(#5145));
#5147=IFCCARTESIANPOINT((0.,0.,0.));
#5148=IFCAXIS2PLACEMENT3D(#5147,#8,#9);
#5149=IFCLOCALPLACEMENT(#35,#5148);
#5150=IFCBEAM('2tpjGUUtXFzAStHoklTH2V',$,'VL-175','IPE 270',$,#5149,#5146,'VL-175',$);
#5151=IFCRELASSOCIATESMATERIAL('18tbrAjfPEK9JjBdIcNl6$',$,$,$,(#5150),#40);
#5152=IFCCARTESIANPOINT((45500.,14840.,0.));
#5153=IFCCARTESIANPOINT((52000.,14840.,0.));
#5154=IFCPOLYLINE((#5152,#5153));
#5155=IFCSHAPEREPRESENTATION(#12,'Axis','Curve3D',(#5154));
#5156=IFCPRODUCTDEFINITIONSHAPE($,$,(#5155));
#5157=IFCCARTESIANPOINT((0.,0.,0.));
#5158=IFCAXIS2PLACEMENT3D(#5157,#8,#9);
#5159=IFCLOCALPLACEMENT(#35,#5158);
#5160=IFCBEAM('35s9hp__LAa9d44jhFggf_',$,'VL-176','IPE 270',$,#5159,#5156,'VL-176',$);
#5161=IFCRELASSOCIATESMATERIAL('2su4eX6fnDo9tNNwy3USFk',$,$,$,(#5160),#40);
#5162=IFCCARTESIANPOINT((56050.,14840.,0.));
#5163=IFCCARTESIANPOINT((62550.,14840.,0.));
#5164=IFCPOLYLINE((#5162,#5163));
#5165=IFCSHAPEREPRESENTATION(#12,'Axis','Curve3D',(#5164));
#5166=IFCPRODUCTDEFINITIONSHAPE($,$,(#5165));
#5167=IFCCARTESIANPOINT((0.,0.,0.));
#5168=IFCAXIS2PLACEMENT3D(#5167,#8,#9);
#5169=IFCLOCALPLACEMENT(#35,#5168);
#5170=IFCBEAM('1NPAtXec90BuCdywYBv9Hg',$,'VL-177','IPE 270',$,#5169,#5166,'VL-177',$);
#5171=IFCRELASSOCIATESMATERIAL('3FaedyA8bDvB7KwtUJirfA',$,$,$,(#5170),#40);
#5172=IFCCARTESIANPOINT((62550.,14840.,0.));
#5173=IFCCARTESIANPOINT((69050.,14840.,0.));
#5174=IFCPOLYLINE((#5172,#5173));
#5175=IFCSHAPEREPRESENTATION(#12,'Axis','Curve3D',(#5174));
#5176=IFCPRODUCTDEFINITIONSHAPE($,$,(#5175));
#5177=IFCCARTESIANPOINT((0.,0.,0.));
#5178=IFCAXIS2PLACEMENT3D(#5177,#8,#9);
#5179=IFCLOCALPLACEMENT(#35,#5178);
#5180=IFCBEAM('1qmRJQZTT9ORD8iDwT2rSn',$,'VL-178','IPE 270',$,#5179,#5176,'VL-178',$);
#5181=IFCRELASSOCIATESMATERIAL('2A1NWHW_D8AeweduMjOvrj',$,$,$,(#5180),#40);
#5182=IFCCARTESIANPOINT((69050.,14840.,0.));
#5183=IFCCARTESIANPOINT((75550.,14840.,0.));
#5184=IFCPOLYLINE((#5182,#5183));
#5185=IFCSHAPEREPRESENTATION(#12,'Axis','Curve3D',(#5184));
#5186=IFCPRODUCTDEFINITIONSHAPE($,$,(#5185));
#5187=IFCCARTESIANPOINT((0.,0.,0.));
#5188=IFCAXIS2PLACEMENT3D(#5187,#8,#9);
#5189=IFCLOCALPLACEMENT(#35,#5188);
#5190=IFCBEAM('2mRfx3KXD5Dv7czVNVfZR6',$,'VL-179','IPE 270',$,#5189,#5186,'VL-179',$);
#5191=IFCRELASSOCIATESMATERIAL('2TtGOZARf33vpftQeOkNo5',$,$,$,(#5190),#40);
#5192=IFCCARTESIANPOINT((75550.,14840.,0.));
#5193=IFCCARTESIANPOINT((82050.,14840.,0.));
#5194=IFCPOLYLINE((#5192,#5193));
#5195=IFCSHAPEREPRESENTATION(#12,'Axis','Curve3D',(#5194));
#5196=IFCPRODUCTDEFINITIONSHAPE($,$,(#5195));
#5197=IFCCARTESIANPOINT((0.,0.,0.));
#5198=IFCAXIS2PLACEMENT3D(#5197,#8,#9);
#5199=IFCLOCALPLACEMENT(#35,#5198);
#5200=IFCBEAM('1UDS3YzH1AAAqB6REwTIqj',$,'VL-180','IPE 270',$,#5199,#5196,'VL-180',$);
#5201=IFCRELASSOCIATESMATERIAL('3EmlCCY1PFawNSBENfTAXH',$,$,$,(#5200),#40);
#5202=IFCCARTESIANPOINT((82050.,14840.,0.));
#5203=IFCCARTESIANPOINT((88550.,14840.,0.));
#5204=IFCPOLYLINE((#5202,#5203));
#5205=IFCSHAPEREPRESENTATION(#12,'Axis','Curve3D',(#5204));
#5206=IFCPRODUCTDEFINITIONSHAPE($,$,(#5205));
#5207=IFCCARTESIANPOINT((0.,0.,0.));
#5208=IFCAXIS2PLACEMENT3D(#5207,#8,#9);
#5209=IFCLOCALPLACEMENT(#35,#5208);
#5210=IFCBEAM('3yRWIJzFPD9hAq9vI0HVfl',$,'VL-181','IPE 270',$,#5209,#5206,'VL-181',$);
#5211=IFCRELASSOCIATESMATERIAL('3cBJGaLuP9lQbWy$niuJMV',$,$,$,(#5210),#40);
#5212=IFCCARTESIANPOINT((92600.,14840.,0.));
#5213=IFCCARTESIANPOINT((99100.,14840.,0.));
#5214=IFCPOLYLINE((#5212,#5213));
#5215=IFCSHAPEREPRESENTATION(#12,'Axis','Curve3D',(#5214));
#5216=IFCPRODUCTDEFINITIONSHAPE($,$,(#5215));
#5217=IFCCARTESIANPOINT((0.,0.,0.));
#5218=IFCAXIS2PLACEMENT3D(#5217,#8,#9);
#5219=IFCLOCALPLACEMENT(#35,#5218);
#5220=IFCBEAM('1tKXXBdcr8y9yvlsa4uJUf',$,'VL-182','IPE 270',$,#5219,#5216,'VL-182',$);
#5221=IFCRELASSOCIATESMATERIAL('1_frgNQnrBghpx1edgJbSy',$,$,$,(#5220),#40);
#5222=IFCCARTESIANPOINT((99100.,14840.,0.));
#5223=IFCCARTESIANPOINT((105600.,14840.,0.));
#5224=IFCPOLYLINE((#5222,#5223));
#5225=IFCSHAPEREPRESENTATION(#12,'Axis','Curve3D',(#5224));
#5226=IFCPRODUCTDEFINITIONSHAPE($,$,(#5225));
#5227=IFCCARTESIANPOINT((0.,0.,0.));
#5228=IFCAXIS2PLACEMENT3D(#5227,#8,#9);
#5229=IFCLOCALPLACEMENT(#35,#5228);
#5230=IFCBEAM('08VLtZv7D32hM9KFpMwDEg',$,'VL-183','IPE 270',$,#5229,#5226,'VL-183',$);
#5231=IFCRELASSOCIATESMATERIAL('3YzS9HcD514uDYOBhwAa2B',$,$,$,(#5230),#40);
#5232=IFCCARTESIANPOINT((105600.,14840.,0.));
#5233=IFCCARTESIANPOINT((112100.,14840.,0.));
#5234=IFCPOLYLINE((#5232,#5233));
#5235=IFCSHAPEREPRESENTATION(#12,'Axis','Curve3D',(#5234));
#5236=IFCPRODUCTDEFINITIONSHAPE($,$,(#5235));
#5237=IFCCARTESIANPOINT((0.,0.,0.));
#5238=IFCAXIS2PLACEMENT3D(#5237,#8,#9);
#5239=IFCLOCALPLACEMENT(#35,#5238);
#5240=IFCBEAM('3rVXp2wKb21eoaaggEP7$O',$,'VL-184','IPE 270',$,#5239,#5236,'VL-184',$);
#5241=IFCRELASSOCIATESMATERIAL('1jZD4J3ofB2RzAUIDWVnab',$,$,$,(#5240),#40);
#5242=IFCCARTESIANPOINT((112100.,14840.,0.));
#5243=IFCCARTESIANPOINT((118600.,14840.,0.));
#5244=IFCPOLYLINE((#5242,#5243));
#5245=IFCSHAPEREPRESENTATION(#12,'Axis','Curve3D',(#5244));
#5246=IFCPRODUCTDEFINITIONSHAPE($,$,(#5245));
#5247=IFCCARTESIANPOINT((0.,0.,0.));
#5248=IFCAXIS2PLACEMENT3D(#5247,#8,#9);
#5249=IFCLOCALPLACEMENT(#35,#5248);
#5250=IFCBEAM('08R2Y_CN9CMQ4h4aoxwhWy',$,'VL-185','IPE 270',$,#5249,#5246,'VL-185',$);
#5251=IFCRELASSOCIATESMATERIAL('0K9s9I05b9iByz7AxvN_o4',$,$,$,(#5250),#40);
#5252=IFCCARTESIANPOINT((118600.,14840.,0.));
#5253=IFCCARTESIANPOINT((125100.,14840.,0.));
#5254=IFCPOLYLINE((#5252,#5253));
#5255=IFCSHAPEREPRESENTATION(#12,'Axis','Curve3D',(#5254));
#5256=IFCPRODUCTDEFINITIONSHAPE($,$,(#5255));
#5257=IFCCARTESIANPOINT((0.,0.,0.));
#5258=IFCAXIS2PLACEMENT3D(#5257,#8,#9);
#5259=IFCLOCALPLACEMENT(#35,#5258);
#5260=IFCBEAM('0W47UggbP0DBltfg9xb7cz',$,'VL-186','IPE 270',$,#5259,#5256,'VL-186',$);
#5261=IFCRELASSOCIATESMATERIAL('2oHgw1$QHEGPci1YabzFMR',$,$,$,(#5260),#40);
#5262=IFCCARTESIANPOINT((125100.,14840.,0.));
#5263=IFCCARTESIANPOINT((131600.,14840.,0.));
#5264=IFCPOLYLINE((#5262,#5263));
#5265=IFCSHAPEREPRESENTATION(#12,'Axis','Curve3D',(#5264));
#5266=IFCPRODUCTDEFINITIONSHAPE($,$,(#5265));
#5267=IFCCARTESIANPOINT((0.,0.,0.));
#5268=IFCAXIS2PLACEMENT3D(#5267,#8,#9);
#5269=IFCLOCALPLACEMENT(#35,#5268);
#5270=IFCBEAM('0qZsqD2tL4mAVZyVa67Noz',$,'VL-187','IPE 270',$,#5269,#5266,'VL-187',$);
#5271=IFCRELASSOCIATESMATERIAL('19pnR6vvnCTvTjWmf8XFYx',$,$,$,(#5270),#40);
#5272=IFCCARTESIANPOINT((131600.,14840.,0.));
#5273=IFCCARTESIANPOINT((138100.,14840.,0.));
#5274=IFCPOLYLINE((#5272,#5273));
#5275=IFCSHAPEREPRESENTATION(#12,'Axis','Curve3D',(#5274));
#5276=IFCPRODUCTDEFINITIONSHAPE($,$,(#5275));
#5277=IFCCARTESIANPOINT((0.,0.,0.));
#5278=IFCAXIS2PLACEMENT3D(#5277,#8,#9);
#5279=IFCLOCALPLACEMENT(#35,#5278);
#5280=IFCBEAM('0u1CfWuhz8cewKkFcyyHmV',$,'VL-188','IPE 270',$,#5279,#5276,'VL-188',$);
#5281=IFCRELASSOCIATESMATERIAL('2X31THmL5FG8S8OquDQzIm',$,$,$,(#5280),#40);
#5282=IFCCARTESIANPOINT((138100.,14840.,0.));
#5283=IFCCARTESIANPOINT((144600.,14840.,0.));
#5284=IFCPOLYLINE((#5282,#5283));
#5285=IFCSHAPEREPRESENTATION(#12,'Axis','Curve3D',(#5284));
#5286=IFCPRODUCTDEFINITIONSHAPE($,$,(#5285));
#5287=IFCCARTESIANPOINT((0.,0.,0.));
#5288=IFCAXIS2PLACEMENT3D(#5287,#8,#9);
#5289=IFCLOCALPLACEMENT(#35,#5288);
#5290=IFCBEAM('0HO1zX8DPF5f0VVasOF5yX',$,'VL-189','IPE 270',$,#5289,#5286,'VL-189',$);
#5291=IFCRELASSOCIATESMATERIAL('1z3bV9Dvn2lfEPqHM3Fpd$',$,$,$,(#5290),#40);
#5292=IFCCARTESIANPOINT((0.,19510.,0.));
#5293=IFCCARTESIANPOINT((6500.,19510.,0.));
#5294=IFCPOLYLINE((#5292,#5293));
#5295=IFCSHAPEREPRESENTATION(#12,'Axis','Curve3D',(#5294));
#5296=IFCPRODUCTDEFINITIONSHAPE($,$,(#5295));
#5297=IFCCARTESIANPOINT((0.,0.,0.));
#5298=IFCAXIS2PLACEMENT3D(#5297,#8,#9);
#5299=IFCLOCALPLACEMENT(#27,#5298);
#5300=IFCBEAM('0lWVZYpvzBdw7MByjk6cEO',$,'VL-190','IPE 240',$,#5299,#5296,'VL-190',$);
#5301=IFCRELASSOCIATESMATERIAL('2KY1eEuhLC6u4w8ohJsolA',$,$,$,(#5300),#40);
#5302=IFCCARTESIANPOINT((6500.,19510.,0.));
#5303=IFCCARTESIANPOINT((13000.,19510.,0.));
#5304=IFCPOLYLINE((#5302,#5303));
#5305=IFCSHAPEREPRESENTATION(#12,'Axis','Curve3D',(#5304));
#5306=IFCPRODUCTDEFINITIONSHAPE($,$,(#5305));
#5307=IFCCARTESIANPOINT((0.,0.,0.));
#5308=IFCAXIS2PLACEMENT3D(#5307,#8,#9);
#5309=IFCLOCALPLACEMENT(#27,#5308);
#5310=IFCBEAM('2BxD7SjdXEch4rj5v8X0EG',$,'VL-191','IPE 240',$,#5309,#5306,'VL-191',$);
#5311=IFCRELASSOCIATESMATERIAL('1jmzeFRAP4kB03C8TGY4vW',$,$,$,(#5310),#40);
#5312=IFCCARTESIANPOINT((13000.,19510.,0.));
#5313=IFCCARTESIANPOINT((19500.,19510.,0.));
#5314=IFCPOLYLINE((#5312,#5313));
#5315=IFCSHAPEREPRESENTATION(#12,'Axis','Curve3D',(#5314));
#5316=IFCPRODUCTDEFINITIONSHAPE($,$,(#5315));
#5317=IFCCARTESIANPOINT((0.,0.,0.));
#5318=IFCAXIS2PLACEMENT3D(#5317,#8,#9);
#5319=IFCLOCALPLACEMENT(#27,#5318);
#5320=IFCBEAM('2lIi9URQ1CiB_33SePnGFC',$,'VL-192','IPE 240',$,#5319,#5316,'VL-192',$);
#5321=IFCRELASSOCIATESMATERIAL('0P36nTHZj6E86ET9QZNsD2',$,$,$,(#5320),#40);
#5322=IFCCARTESIANPOINT((19500.,19510.,0.));
#5323=IFCCARTESIANPOINT((26000.,19510.,0.));
#5324=IFCPOLYLINE((#5322,#5323));
#5325=IFCSHAPEREPRESENTATION(#12,'Axis','Curve3D',(#5324));
#5326=IFCPRODUCTDEFINITIONSHAPE($,$,(#5325));
#5327=IFCCARTESIANPOINT((0.,0.,0.));
#5328=IFCAXIS2PLACEMENT3D(#5327,#8,#9);
#5329=IFCLOCALPLACEMENT(#27,#5328);
#5330=IFCBEAM('1c3uH_D$jC_OvHKRedWitu',$,'VL-193','IPE 240',$,#5329,#5326,'VL-193',$);
#5331=IFCRELASSOCIATESMATERIAL('3j9s16c8bE$O8GaVydQmDQ',$,$,$,(#5330),#40);
#5332=IFCCARTESIANPOINT((26000.,19510.,0.));
#5333=IFCCARTESIANPOINT((32500.,19510.,0.));
#5334=IFCPOLYLINE((#5332,#5333));
#5335=IFCSHAPEREPRESENTATION(#12,'Axis','Curve3D',(#5334));
#5336=IFCPRODUCTDEFINITIONSHAPE($,$,(#5335));
#5337=IFCCARTESIANPOINT((0.,0.,0.));
#5338=IFCAXIS2PLACEMENT3D(#5337,#8,#9);
#5339=IFCLOCALPLACEMENT(#27,#5338);
#5340=IFCBEAM('0ruAHE7mL6bOQhRZA8miIT',$,'VL-194','IPE 240',$,#5339,#5336,'VL-194',$);
#5341=IFCRELASSOCIATESMATERIAL('0HX9BfgAfB69Oxw3AcLncC',$,$,$,(#5340),#40);
#5342=IFCCARTESIANPOINT((32500.,19510.,0.));
#5343=IFCCARTESIANPOINT((39000.,19510.,0.));
#5344=IFCPOLYLINE((#5342,#5343));
#5345=IFCSHAPEREPRESENTATION(#12,'Axis','Curve3D',(#5344));
#5346=IFCPRODUCTDEFINITIONSHAPE($,$,(#5345));
#5347=IFCCARTESIANPOINT((0.,0.,0.));
#5348=IFCAXIS2PLACEMENT3D(#5347,#8,#9);
#5349=IFCLOCALPLACEMENT(#27,#5348);
#5350=IFCBEAM('3sbKr6btDEn8NbHd_2dIt1',$,'VL-195','IPE 240',$,#5349,#5346,'VL-195',$);
#5351=IFCRELASSOCIATESMATERIAL('2MOLfA0UDAzArlTgeM9ZXj',$,$,$,(#5350),#40);
#5352=IFCCARTESIANPOINT((39000.,19510.,0.));
#5353=IFCCARTESIANPOINT((45500.,19510.,0.));
#5354=IFCPOLYLINE((#5352,#5353));
#5355=IFCSHAPEREPRESENTATION(#12,'Axis','Curve3D',(#5354));
#5356=IFCPRODUCTDEFINITIONSHAPE($,$,(#5355));
#5357=IFCCARTESIANPOINT((0.,0.,0.));
#5358=IFCAXIS2PLACEMENT3D(#5357,#8,#9);
#5359=IFCLOCALPLACEMENT(#27,#5358);
#5360=IFCBEAM('3QhnUIGCj9OvGett6lT2x7',$,'VL-196','IPE 240',$,#5359,#5356,'VL-196',$);
#5361=IFCRELASSOCIATESMATERIAL('1oL$Lq8KH8PvZBX0uIFbi8',$,$,$,(#5360),#40);
#5362=IFCCARTESIANPOINT((45500.,19510.,0.));
#5363=IFCCARTESIANPOINT((52000.,19510.,0.));
#5364=IFCPOLYLINE((#5362,#5363));
#5365=IFCSHAPEREPRESENTATION(#12,'Axis','Curve3D',(#5364));
#5366=IFCPRODUCTDEFINITIONSHAPE($,$,(#5365));
#5367=IFCCARTESIANPOINT((0.,0.,0.));
#5368=IFCAXIS2PLACEMENT3D(#5367,#8,#9);
#5369=IFCLOCALPLACEMENT(#27,#5368);
#5370=IFCBEAM('0BkZ9ulBD6OvBxAn86twtO',$,'VL-197','IPE 240',$,#5369,#5366,'VL-197',$);
#5371=IFCRELASSOCIATESMATERIAL('2YwZyKkrX5KfsfxBc_OhtQ',$,$,$,(#5370),#40);
#5372=IFCCARTESIANPOINT((56050.,19510.,0.));
#5373=IFCCARTESIANPOINT((62550.,19510.,0.));
#5374=IFCPOLYLINE((#5372,#5373));
#5375=IFCSHAPEREPRESENTATION(#12,'Axis','Curve3D',(#5374));
#5376=IFCPRODUCTDEFINITIONSHAPE($,$,(#5375));
#5377=IFCCARTESIANPOINT((0.,0.,0.));
#5378=IFCAXIS2PLACEMENT3D(#5377,#8,#9);
#5379=IFCLOCALPLACEMENT(#27,#5378);
#5380=IFCBEAM('23fvBYVE933AFW75YaD9Ad',$,'VL-198','IPE 240',$,#5379,#5376,'VL-198',$);
#5381=IFCRELASSOCIATESMATERIAL('0N9LT9cL1AtBjQ$n3NNbdN',$,$,$,(#5380),#40);
#5382=IFCCARTESIANPOINT((62550.,19510.,0.));
#5383=IFCCARTESIANPOINT((69050.,19510.,0.));
#5384=IFCPOLYLINE((#5382,#5383));
#5385=IFCSHAPEREPRESENTATION(#12,'Axis','Curve3D',(#5384));
#5386=IFCPRODUCTDEFINITIONSHAPE($,$,(#5385));
#5387=IFCCARTESIANPOINT((0.,0.,0.));
#5388=IFCAXIS2PLACEMENT3D(#5387,#8,#9);
#5389=IFCLOCALPLACEMENT(#27,#5388);
#5390=IFCBEAM('1_BrpqVy1BUvLJCdHzVK06',$,'VL-199','IPE 240',$,#5389,#5386,'VL-199',$);
#5391=IFCRELASSOCIATESMATERIAL('0_mF58x111mOs7UGY6WJV1',$,$,$,(#5390),#40);
#5392=IFCCARTESIANPOINT((69050.,19510.,0.));
#5393=IFCCARTESIANPOINT((75550.,19510.,0.));
#5394=IFCPOLYLINE((#5392,#5393));
#5395=IFCSHAPEREPRESENTATION(#12,'Axis','Curve3D',(#5394));
#5396=IFCPRODUCTDEFINITIONSHAPE($,$,(#5395));
#5397=IFCCARTESIANPOINT((0.,0.,0.));
#5398=IFCAXIS2PLACEMENT3D(#5397,#8,#9);
#5399=IFCLOCALPLACEMENT(#27,#5398);
#5400=IFCBEAM('2Tv7vG$vL2LRLxAZk8zxTO',$,'VL-200','IPE 240',$,#5399,#5396,'VL-200',$);
#5401=IFCRELASSOCIATESMATERIAL('3fgYbJu9v9_BiJd2lrUM0n',$,$,$,(#5400),#40);
#5402=IFCCARTESIANPOINT((75550.,19510.,0.));
#5403=IFCCARTESIANPOINT((82050.,19510.,0.));
#5404=IFCPOLYLINE((#5402,#5403));
#5405=IFCSHAPEREPRESENTATION(#12,'Axis','Curve3D',(#5404));
#5406=IFCPRODUCTDEFINITIONSHAPE($,$,(#5405));
#5407=IFCCARTESIANPOINT((0.,0.,0.));
#5408=IFCAXIS2PLACEMENT3D(#5407,#8,#9);
#5409=IFCLOCALPLACEMENT(#27,#5408);
#5410=IFCBEAM('0zAUgmLQb0BgqezqRFY_Zc',$,'VL-201','IPE 240',$,#5409,#5406,'VL-201',$);
#5411=IFCRELASSOCIATESMATERIAL('1ckihG4e97tR2A6UKBwIOv',$,$,$,(#5410),#40);
#5412=IFCCARTESIANPOINT((82050.,19510.,0.));
#5413=IFCCARTESIANPOINT((88550.,19510.,0.));
#5414=IFCPOLYLINE((#5412,#5413));
#5415=IFCSHAPEREPRESENTATION(#12,'Axis','Curve3D',(#5414));
#5416=IFCPRODUCTDEFINITIONSHAPE($,$,(#5415));
#5417=IFCCARTESIANPOINT((0.,0.,0.));
#5418=IFCAXIS2PLACEMENT3D(#5417,#8,#9);
#5419=IFCLOCALPLACEMENT(#27,#5418);
#5420=IFCBEAM('2ieMoj82zFwfbjFfeOscCU',$,'VL-202','IPE 240',$,#5419,#5416,'VL-202',$);
#5421=IFCRELASSOCIATESMATERIAL('0c3Y5PAeb0mxN72zqQfLp3',$,$,$,(#5420),#40);
#5422=IFCCARTESIANPOINT((92600.,19510.,0.));
#5423=IFCCARTESIANPOINT((99100.,19510.,0.));
#5424=IFCPOLYLINE((#5422,#5423));
#5425=IFCSHAPEREPRESENTATION(#12,'Axis','Curve3D',(#5424));
#5426=IFCPRODUCTDEFINITIONSHAPE($,$,(#5425));
#5427=IFCCARTESIANPOINT((0.,0.,0.));
#5428=IFCAXIS2PLACEMENT3D(#5427,#8,#9);
#5429=IFCLOCALPLACEMENT(#27,#5428);
#5430=IFCBEAM('3Yx6pBaR9C2ePG4hw8TZru',$,'VL-203','IPE 240',$,#5429,#5426,'VL-203',$);
#5431=IFCRELASSOCIATESMATERIAL('1vobHPJQP2PxXZJZDFYwez',$,$,$,(#5430),#40);
#5432=IFCCARTESIANPOINT((99100.,19510.,0.));
#5433=IFCCARTESIANPOINT((105600.,19510.,0.));
#5434=IFCPOLYLINE((#5432,#5433));
#5435=IFCSHAPEREPRESENTATION(#12,'Axis','Curve3D',(#5434));
#5436=IFCPRODUCTDEFINITIONSHAPE($,$,(#5435));
#5437=IFCCARTESIANPOINT((0.,0.,0.));
#5438=IFCAXIS2PLACEMENT3D(#5437,#8,#9);
#5439=IFCLOCALPLACEMENT(#27,#5438);
#5440=IFCBEAM('0ZQjS00pX2DvgFOZ2eDEGE',$,'VL-204','IPE 240',$,#5439,#5436,'VL-204',$);
#5441=IFCRELASSOCIATESMATERIAL('3o2lDc7sH4TwW01lNtOerL',$,$,$,(#5440),#40);
#5442=IFCCARTESIANPOINT((105600.,19510.,0.));
#5443=IFCCARTESIANPOINT((112100.,19510.,0.));
#5444=IFCPOLYLINE((#5442,#5443));
#5445=IFCSHAPEREPRESENTATION(#12,'Axis','Curve3D',(#5444));
#5446=IFCPRODUCTDEFINITIONSHAPE($,$,(#5445));
#5447=IFCCARTESIANPOINT((0.,0.,0.));
#5448=IFCAXIS2PLACEMENT3D(#5447,#8,#9);
#5449=IFCLOCALPLACEMENT(#27,#5448);
#5450=IFCBEAM('1KbvRDIFT8EBy_J7Z6vkLZ',$,'VL-205','IPE 240',$,#5449,#5446,'VL-205',$);
#5451=IFCRELASSOCIATESMATERIAL('0exXle9VvEruCqB3gjNN7s',$,$,$,(#5450),#40);
#5452=IFCCARTESIANPOINT((112100.,19510.,0.));
#5453=IFCCARTESIANPOINT((118600.,19510.,0.));
#5454=IFCPOLYLINE((#5452,#5453));
#5455=IFCSHAPEREPRESENTATION(#12,'Axis','Curve3D',(#5454));
#5456=IFCPRODUCTDEFINITIONSHAPE($,$,(#5455));
#5457=IFCCARTESIANPOINT((0.,0.,0.));
#5458=IFCAXIS2PLACEMENT3D(#5457,#8,#9);
#5459=IFCLOCALPLACEMENT(#27,#5458);
#5460=IFCBEAM('3iqTbh1vT8xQ21GTqVl2n5',$,'VL-206','IPE 240',$,#5459,#5456,'VL-206',$);
#5461=IFCRELASSOCIATESMATERIAL('04AwLpOyf5yQzLZ_a_LABq',$,$,$,(#5460),#40);
#5462=IFCCARTESIANPOINT((118600.,19510.,0.));
#5463=IFCCARTESIANPOINT((125100.,19510.,0.));
#5464=IFCPOLYLINE((#5462,#5463));
#5465=IFCSHAPEREPRESENTATION(#12,'Axis','Curve3D',(#5464));
#5466=IFCPRODUCTDEFINITIONSHAPE($,$,(#5465));
#5467=IFCCARTESIANPOINT((0.,0.,0.));
#5468=IFCAXIS2PLACEMENT3D(#5467,#8,#9);
#5469=IFCLOCALPLACEMENT(#27,#5468);
#5470=IFCBEAM('21$PcY4EnFYAJSTGRAh55N',$,'VL-207','IPE 240',$,#5469,#5466,'VL-207',$);
#5471=IFCRELASSOCIATESMATERIAL('3O3fdqmv9EjPtUfefqLAGr',$,$,$,(#5470),#40);
#5472=IFCCARTESIANPOINT((125100.,19510.,0.));
#5473=IFCCARTESIANPOINT((131600.,19510.,0.));
#5474=IFCPOLYLINE((#5472,#5473));
#5475=IFCSHAPEREPRESENTATION(#12,'Axis','Curve3D',(#5474));
#5476=IFCPRODUCTDEFINITIONSHAPE($,$,(#5475));
#5477=IFCCARTESIANPOINT((0.,0.,0.));
#5478=IFCAXIS2PLACEMENT3D(#5477,#8,#9);
#5479=IFCLOCALPLACEMENT(#27,#5478);
#5480=IFCBEAM('3d5_iWvub3PvYTjg3XxIQF',$,'VL-208','IPE 240',$,#5479,#5476,'VL-208',$);
#5481=IFCRELASSOCIATESMATERIAL('1lk25Pw5j3phOSSXmfWDYz',$,$,$,(#5480),#40);
#5482=IFCCARTESIANPOINT((131600.,19510.,0.));
#5483=IFCCARTESIANPOINT((138100.,19510.,0.));
#5484=IFCPOLYLINE((#5482,#5483));
#5485=IFCSHAPEREPRESENTATION(#12,'Axis','Curve3D',(#5484));
#5486=IFCPRODUCTDEFINITIONSHAPE($,$,(#5485));
#5487=IFCCARTESIANPOINT((0.,0.,0.));
#5488=IFCAXIS2PLACEMENT3D(#5487,#8,#9);
#5489=IFCLOCALPLACEMENT(#27,#5488);
#5490=IFCBEAM('2_jZIqRyr2eAmcRJa46ANS',$,'VL-209','IPE 240',$,#5489,#5486,'VL-209',$);
#5491=IFCRELASSOCIATESMATERIAL('01fUQIv1LDvO352ZuMD$9t',$,$,$,(#5490),#40);
#5492=IFCCARTESIANPOINT((138100.,19510.,0.));
#5493=IFCCARTESIANPOINT((144600.,19510.,0.));
#5494=IFCPOLYLINE((#5492,#5493));
#5495=IFCSHAPEREPRESENTATION(#12,'Axis','Curve3D',(#5494));
#5496=IFCPRODUCTDEFINITIONSHAPE($,$,(#5495));
#5497=IFCCARTESIANPOINT((0.,0.,0.));
#5498=IFCAXIS2PLACEMENT3D(#5497,#8,#9);
#5499=IFCLOCALPLACEMENT(#27,#5498);
#5500=IFCBEAM('1a$WUNoP98AOHDrdF6jLCR',$,'VL-210','IPE 240',$,#5499,#5496,'VL-210',$);
#5501=IFCRELASSOCIATESMATERIAL('2QtGG135v2wQeNjp9wEB_W',$,$,$,(#5500),#40);
#5502=IFCCARTESIANPOINT((0.,19510.,0.));
#5503=IFCCARTESIANPOINT((6500.,19510.,0.));
#5504=IFCPOLYLINE((#5502,#5503));
#5505=IFCSHAPEREPRESENTATION(#12,'Axis','Curve3D',(#5504));
#5506=IFCPRODUCTDEFINITIONSHAPE($,$,(#5505));
#5507=IFCCARTESIANPOINT((0.,0.,0.));
#5508=IFCAXIS2PLACEMENT3D(#5507,#8,#9);
#5509=IFCLOCALPLACEMENT(#31,#5508);
#5510=IFCBEAM('2v4_B1301CdQuNvPgPbOm$',$,'VL-211','IPE 240',$,#5509,#5506,'VL-211',$);
#5511=IFCRELASSOCIATESMATERIAL('0cnIjmyg9BwxGfbmMZzBHH',$,$,$,(#5510),#40);
#5512=IFCCARTESIANPOINT((6500.,19510.,0.));
#5513=IFCCARTESIANPOINT((13000.,19510.,0.));
#5514=IFCPOLYLINE((#5512,#5513));
#5515=IFCSHAPEREPRESENTATION(#12,'Axis','Curve3D',(#5514));
#5516=IFCPRODUCTDEFINITIONSHAPE($,$,(#5515));
#5517=IFCCARTESIANPOINT((0.,0.,0.));
#5518=IFCAXIS2PLACEMENT3D(#5517,#8,#9);
#5519=IFCLOCALPLACEMENT(#31,#5518);
#5520=IFCBEAM('22mBHNa5bFsQKZv0j$ebLm',$,'VL-212','IPE 240',$,#5519,#5516,'VL-212',$);
#5521=IFCRELASSOCIATESMATERIAL('3OyPV_ezHDuBLG7mwCICLT',$,$,$,(#5520),#40);
#5522=IFCCARTESIANPOINT((13000.,19510.,0.));
#5523=IFCCARTESIANPOINT((19500.,19510.,0.));
#5524=IFCPOLYLINE((#5522,#5523));
#5525=IFCSHAPEREPRESENTATION(#12,'Axis','Curve3D',(#5524));
#5526=IFCPRODUCTDEFINITIONSHAPE($,$,(#5525));
#5527=IFCCARTESIANPOINT((0.,0.,0.));
#5528=IFCAXIS2PLACEMENT3D(#5527,#8,#9);
#5529=IFCLOCALPLACEMENT(#31,#5528);
#5530=IFCBEAM('2cEz5a8C12vu8i6mm4QYHu',$,'VL-213','IPE 240',$,#5529,#5526,'VL-213',$);
#5531=IFCRELASSOCIATESMATERIAL('1XGCtG7wb7fBaDSog1FLQW',$,$,$,(#5530),#40);
#5532=IFCCARTESIANPOINT((19500.,19510.,0.));
#5533=IFCCARTESIANPOINT((26000.,19510.,0.));
#5534=IFCPOLYLINE((#5532,#5533));
#5535=IFCSHAPEREPRESENTATION(#12,'Axis','Curve3D',(#5534));
#5536=IFCPRODUCTDEFINITIONSHAPE($,$,(#5535));
#5537=IFCCARTESIANPOINT((0.,0.,0.));
#5538=IFCAXIS2PLACEMENT3D(#5537,#8,#9);
#5539=IFCLOCALPLACEMENT(#31,#5538);
#5540=IFCBEAM('2x2KFN_jfAJeXYhJ_PDO$C',$,'VL-214','IPE 240',$,#5539,#5536,'VL-214',$);
#5541=IFCRELASSOCIATESMATERIAL('3MI_cuNJz5N95SDNLXmc84',$,$,$,(#5540),#40);
#5542=IFCCARTESIANPOINT((26000.,19510.,0.));
#5543=IFCCARTESIANPOINT((32500.,19510.,0.));
#5544=IFCPOLYLINE((#5542,#5543));
#5545=IFCSHAPEREPRESENTATION(#12,'Axis','Curve3D',(#5544));
#5546=IFCPRODUCTDEFINITIONSHAPE($,$,(#5545));
#5547=IFCCARTESIANPOINT((0.,0.,0.));
#5548=IFCAXIS2PLACEMENT3D(#5547,#8,#9);
#5549=IFCLOCALPLACEMENT(#31,#5548);
#5550=IFCBEAM('0B5SM$EXrCG97W988mnVzJ',$,'VL-215','IPE 240',$,#5549,#5546,'VL-215',$);
#5551=IFCRELASSOCIATESMATERIAL('2EaUH6D1X90xCn8HkY$Lro',$,$,$,(#5550),#40);
#5552=IFCCARTESIANPOINT((32500.,19510.,0.));
#5553=IFCCARTESIANPOINT((39000.,19510.,0.));
#5554=IFCPOLYLINE((#5552,#5553));
#5555=IFCSHAPEREPRESENTATION(#12,'Axis','Curve3D',(#5554));
#5556=IFCPRODUCTDEFINITIONSHAPE($,$,(#5555));
#5557=IFCCARTESIANPOINT((0.,0.,0.));
#5558=IFCAXIS2PLACEMENT3D(#5557,#8,#9);
#5559=IFCLOCALPLACEMENT(#31,#5558);
#5560=IFCBEAM('2zkjFyWo54tg4QF68VGj0T',$,'VL-216','IPE 240',$,#5559,#5556,'VL-216',$);
#5561=IFCRELASSOCIATESMATERIAL('3_CExaFyr8XftoeYoYN9HS',$,$,$,(#5560),#40);
#5562=IFCCARTESIANPOINT((39000.,19510.,0.));
#5563=IFCCARTESIANPOINT((45500.,19510.,0.));
#5564=IFCPOLYLINE((#5562,#5563));
#5565=IFCSHAPEREPRESENTATION(#12,'Axis','Curve3D',(#5564));
#5566=IFCPRODUCTDEFINITIONSHAPE($,$,(#5565));
#5567=IFCCARTESIANPOINT((0.,0.,0.));
#5568=IFCAXIS2PLACEMENT3D(#5567,#8,#9);
#5569=IFCLOCALPLACEMENT(#31,#5568);
#5570=IFCBEAM('0XdC5GZvj8GRclxhDsQOwW',$,'VL-217','IPE 240',$,#5569,#5566,'VL-217',$);
#5571=IFCRELASSOCIATESMATERIAL('2d9ms9hOD5xeFrsgzEvX5W',$,$,$,(#5570),#40);
#5572=IFCCARTESIANPOINT((45500.,19510.,0.));
#5573=IFCCARTESIANPOINT((52000.,19510.,0.));
#5574=IFCPOLYLINE((#5572,#5573));
#5575=IFCSHAPEREPRESENTATION(#12,'Axis','Curve3D',(#5574));
#5576=IFCPRODUCTDEFINITIONSHAPE($,$,(#5575));
#5577=IFCCARTESIANPOINT((0.,0.,0.));
#5578=IFCAXIS2PLACEMENT3D(#5577,#8,#9);
#5579=IFCLOCALPLACEMENT(#31,#5578);
#5580=IFCBEAM('3rOW9owBjBnADSbKez0jS_',$,'VL-218','IPE 240',$,#5579,#5576,'VL-218',$);
#5581=IFCRELASSOCIATESMATERIAL('0470HHjkz29v3q90v7HK1D',$,$,$,(#5580),#40);
#5582=IFCCARTESIANPOINT((56050.,19510.,0.));
#5583=IFCCARTESIANPOINT((62550.,19510.,0.));
#5584=IFCPOLYLINE((#5582,#5583));
#5585=IFCSHAPEREPRESENTATION(#12,'Axis','Curve3D',(#5584));
#5586=IFCPRODUCTDEFINITIONSHAPE($,$,(#5585));
#5587=IFCCARTESIANPOINT((0.,0.,0.));
#5588=IFCAXIS2PLACEMENT3D(#5587,#8,#9);
#5589=IFCLOCALPLACEMENT(#31,#5588);
#5590=IFCBEAM('3FiMLyBnrFAQ70_fwpHKXN',$,'VL-219','IPE 240',$,#5589,#5586,'VL-219',$);
#5591=IFCRELASSOCIATESMATERIAL('3w5_GwlHPDvPolmWIOYiph',$,$,$,(#5590),#40);
#5592=IFCCARTESIANPOINT((62550.,19510.,0.));
#5593=IFCCARTESIANPOINT((69050.,19510.,0.));
#5594=IFCPOLYLINE((#5592,#5593));
#5595=IFCSHAPEREPRESENTATION(#12,'Axis','Curve3D',(#5594));
#5596=IFCPRODUCTDEFINITIONSHAPE($,$,(#5595));
#5597=IFCCARTESIANPOINT((0.,0.,0.));
#5598=IFCAXIS2PLACEMENT3D(#5597,#8,#9);
#5599=IFCLOCALPLACEMENT(#31,#5598);
#5600=IFCBEAM('1n77rhrYPFgvq8F_MlxbaL',$,'VL-220','IPE 240',$,#5599,#5596,'VL-220',$);
#5601=IFCRELASSOCIATESMATERIAL('0vCiY1yX53rhGIaxXf8v3g',$,$,$,(#5600),#40);
#5602=IFCCARTESIANPOINT((69050.,19510.,0.));
#5603=IFCCARTESIANPOINT((75550.,19510.,0.));
#5604=IFCPOLYLINE((#5602,#5603));
#5605=IFCSHAPEREPRESENTATION(#12,'Axis','Curve3D',(#5604));
#5606=IFCPRODUCTDEFINITIONSHAPE($,$,(#5605));
#5607=IFCCARTESIANPOINT((0.,0.,0.));
#5608=IFCAXIS2PLACEMENT3D(#5607,#8,#9);
#5609=IFCLOCALPLACEMENT(#31,#5608);
#5610=IFCBEAM('3iJZ2LhDzDuAP8wnuIUyLR',$,'VL-221','IPE 240',$,#5609,#5606,'VL-221',$);
#5611=IFCRELASSOCIATESMATERIAL('1f_FvehMDCXfMI6Q3kb1$k',$,$,$,(#5610),#40);
#5612=IFCCARTESIANPOINT((75550.,19510.,0.));
#5613=IFCCARTESIANPOINT((82050.,19510.,0.));
#5614=IFCPOLYLINE((#5612,#5613));
#5615=IFCSHAPEREPRESENTATION(#12,'Axis','Curve3D',(#5614));
#5616=IFCPRODUCTDEFINITIONSHAPE($,$,(#5615));
#5617=IFCCARTESIANPOINT((0.,0.,0.));
#5618=IFCAXIS2PLACEMENT3D(#5617,#8,#9);
#5619=IFCLOCALPLACEMENT(#31,#5618);
#5620=IFCBEAM('20XDlgv9H4heD_98s5f$In',$,'VL-222','IPE 240',$,#5619,#5616,'VL-222',$);
#5621=IFCRELASSOCIATESMATERIAL('1aDUCK3Sn6fAEWdV3H0p3e',$,$,$,(#5620),#40);
#5622=IFCCARTESIANPOINT((82050.,19510.,0.));
#5623=IFCCARTESIANPOINT((88550.,19510.,0.));
#5624=IFCPOLYLINE((#5622,#5623));
#5625=IFCSHAPEREPRESENTATION(#12,'Axis','Curve3D',(#5624));
#5626=IFCPRODUCTDEFINITIONSHAPE($,$,(#5625));
#5627=IFCCARTESIANPOINT((0.,0.,0.));
#5628=IFCAXIS2PLACEMENT3D(#5627,#8,#9);
#5629=IFCLOCALPLACEMENT(#31,#5628);
#5630=IFCBEAM('3aKKXeAYDFOfTdfiS8Pj_e',$,'VL-223','IPE 240',$,#5629,#5626,'VL-223',$);
#5631=IFCRELASSOCIATESMATERIAL('3xUOkbn9f5k8pCsnCYEyCy',$,$,$,(#5630),#40);
#5632=IFCCARTESIANPOINT((92600.,19510.,0.));
#5633=IFCCARTESIANPOINT((99100.,19510.,0.));
#5634=IFCPOLYLINE((#5632,#5633));
#5635=IFCSHAPEREPRESENTATION(#12,'Axis','Curve3D',(#5634));
#5636=IFCPRODUCTDEFINITIONSHAPE($,$,(#5635));
#5637=IFCCARTESIANPOINT((0.,0.,0.));
#5638=IFCAXIS2PLACEMENT3D(#5637,#8,#9);
#5639=IFCLOCALPLACEMENT(#31,#5638);
#5640=IFCBEAM('0uNGbb97L9fPTA1UkN2yAG',$,'VL-224','IPE 240',$,#5639,#5636,'VL-224',$);
#5641=IFCRELASSOCIATESMATERIAL('2F1QZXlgjFlvkKZpkAgamx',$,$,$,(#5640),#40);
#5642=IFCCARTESIANPOINT((99100.,19510.,0.));
#5643=IFCCARTESIANPOINT((105600.,19510.,0.));
#5644=IFCPOLYLINE((#5642,#5643));
#5645=IFCSHAPEREPRESENTATION(#12,'Axis','Curve3D',(#5644));
#5646=IFCPRODUCTDEFINITIONSHAPE($,$,(#5645));
#5647=IFCCARTESIANPOINT((0.,0.,0.));
#5648=IFCAXIS2PLACEMENT3D(#5647,#8,#9);
#5649=IFCLOCALPLACEMENT(#31,#5648);
#5650=IFCBEAM('2fjUUCYTT2ORRI__8o$lV$',$,'VL-225','IPE 240',$,#5649,#5646,'VL-225',$);
#5651=IFCRELASSOCIATESMATERIAL('1rDB_XKzzF89xEw9CTBwp0',$,$,$,(#5650),#40);
#5652=IFCCARTESIANPOINT((105600.,19510.,0.));
#5653=IFCCARTESIANPOINT((112100.,19510.,0.));
#5654=IFCPOLYLINE((#5652,#5653));
#5655=IFCSHAPEREPRESENTATION(#12,'Axis','Curve3D',(#5654));
#5656=IFCPRODUCTDEFINITIONSHAPE($,$,(#5655));
#5657=IFCCARTESIANPOINT((0.,0.,0.));
#5658=IFCAXIS2PLACEMENT3D(#5657,#8,#9);
#5659=IFCLOCALPLACEMENT(#31,#5658);
#5660=IFCBEAM('1J2UJWyCjByBAvRZU_RiYU',$,'VL-226','IPE 240',$,#5659,#5656,'VL-226',$);
#5661=IFCRELASSOCIATESMATERIAL('2M0buistHFuPMbnDn54q83',$,$,$,(#5660),#40);
#5662=IFCCARTESIANPOINT((112100.,19510.,0.));
#5663=IFCCARTESIANPOINT((118600.,19510.,0.));
#5664=IFCPOLYLINE((#5662,#5663));
#5665=IFCSHAPEREPRESENTATION(#12,'Axis','Curve3D',(#5664));
#5666=IFCPRODUCTDEFINITIONSHAPE($,$,(#5665));
#5667=IFCCARTESIANPOINT((0.,0.,0.));
#5668=IFCAXIS2PLACEMENT3D(#5667,#8,#9);
#5669=IFCLOCALPLACEMENT(#31,#5668);
#5670=IFCBEAM('2lcPPQJH12jBZ0ylqFNWbW',$,'VL-227','IPE 240',$,#5669,#5666,'VL-227',$);
#5671=IFCRELASSOCIATESMATERIAL('1F6apzJ5nAdRZjRDwd0of3',$,$,$,(#5670),#40);
#5672=IFCCARTESIANPOINT((118600.,19510.,0.));
#5673=IFCCARTESIANPOINT((125100.,19510.,0.));
#5674=IFCPOLYLINE((#5672,#5673));
#5675=IFCSHAPEREPRESENTATION(#12,'Axis','Curve3D',(#5674));
#5676=IFCPRODUCTDEFINITIONSHAPE($,$,(#5675));
#5677=IFCCARTESIANPOINT((0.,0.,0.));
#5678=IFCAXIS2PLACEMENT3D(#5677,#8,#9);
#5679=IFCLOCALPLACEMENT(#31,#5678);
#5680=IFCBEAM('2se9TIWrvB3xenYM9dZAbT',$,'VL-228','IPE 240',$,#5679,#5676,'VL-228',$);
#5681=IFCRELASSOCIATESMATERIAL('2_zQN3b9bEFxjUXflda41v',$,$,$,(#5680),#40);
#5682=IFCCARTESIANPOINT((125100.,19510.,0.));
#5683=IFCCARTESIANPOINT((131600.,19510.,0.));
#5684=IFCPOLYLINE((#5682,#5683));
#5685=IFCSHAPEREPRESENTATION(#12,'Axis','Curve3D',(#5684));
#5686=IFCPRODUCTDEFINITIONSHAPE($,$,(#5685));
#5687=IFCCARTESIANPOINT((0.,0.,0.));
#5688=IFCAXIS2PLACEMENT3D(#5687,#8,#9);
#5689=IFCLOCALPLACEMENT(#31,#5688);
#5690=IFCBEAM('1JSF854OHAmQhsE1y8C8me',$,'VL-229','IPE 240',$,#5689,#5686,'VL-229',$);
#5691=IFCRELASSOCIATESMATERIAL('0UYbGRL9nFH93A0Vblu1RA',$,$,$,(#5690),#40);
#5692=IFCCARTESIANPOINT((131600.,19510.,0.));
#5693=IFCCARTESIANPOINT((138100.,19510.,0.));
#5694=IFCPOLYLINE((#5692,#5693));
#5695=IFCSHAPEREPRESENTATION(#12,'Axis','Curve3D',(#5694));
#5696=IFCPRODUCTDEFINITIONSHAPE($,$,(#5695));
#5697=IFCCARTESIANPOINT((0.,0.,0.));
#5698=IFCAXIS2PLACEMENT3D(#5697,#8,#9);
#5699=IFCLOCALPLACEMENT(#31,#5698);
#5700=IFCBEAM('13aJ01t8n4k84w6nHgm$fo',$,'VL-230','IPE 240',$,#5699,#5696,'VL-230',$);
#5701=IFCRELASSOCIATESMATERIAL('2DOPkEpJ1BBx4x_GRfQn4_',$,$,$,(#5700),#40);
#5702=IFCCARTESIANPOINT((138100.,19510.,0.));
#5703=IFCCARTESIANPOINT((144600.,19510.,0.));
#5704=IFCPOLYLINE((#5702,#5703));
#5705=IFCSHAPEREPRESENTATION(#12,'Axis','Curve3D',(#5704));
#5706=IFCPRODUCTDEFINITIONSHAPE($,$,(#5705));
#5707=IFCCARTESIANPOINT((0.,0.,0.));
#5708=IFCAXIS2PLACEMENT3D(#5707,#8,#9);
#5709=IFCLOCALPLACEMENT(#31,#5708);
#5710=IFCBEAM('0P_mJA4058XgfINLn9IZMO',$,'VL-231','IPE 240',$,#5709,#5706,'VL-231',$);
#5711=IFCRELASSOCIATESMATERIAL('0lEA1W$rTBj87VzBoBCBuu',$,$,$,(#5710),#40);
#5712=IFCCARTESIANPOINT((0.,19510.,0.));
#5713=IFCCARTESIANPOINT((6500.,19510.,0.));
#5714=IFCPOLYLINE((#5712,#5713));
#5715=IFCSHAPEREPRESENTATION(#12,'Axis','Curve3D',(#5714));
#5716=IFCPRODUCTDEFINITIONSHAPE($,$,(#5715));
#5717=IFCCARTESIANPOINT((0.,0.,0.));
#5718=IFCAXIS2PLACEMENT3D(#5717,#8,#9);
#5719=IFCLOCALPLACEMENT(#35,#5718);
#5720=IFCBEAM('2hirEdUZb0Te$1TZF6_kRZ',$,'VL-232','IPE 200',$,#5719,#5716,'VL-232',$);
#5721=IFCRELASSOCIATESMATERIAL('0LntHJH9v6qxQKN_heAOK$',$,$,$,(#5720),#40);
#5722=IFCCARTESIANPOINT((6500.,19510.,0.));
#5723=IFCCARTESIANPOINT((13000.,19510.,0.));
#5724=IFCPOLYLINE((#5722,#5723));
#5725=IFCSHAPEREPRESENTATION(#12,'Axis','Curve3D',(#5724));
#5726=IFCPRODUCTDEFINITIONSHAPE($,$,(#5725));
#5727=IFCCARTESIANPOINT((0.,0.,0.));
#5728=IFCAXIS2PLACEMENT3D(#5727,#8,#9);
#5729=IFCLOCALPLACEMENT(#35,#5728);
#5730=IFCBEAM('1xeLlWaHP7WgWj5Cs5lnej',$,'VL-233','IPE 200',$,#5729,#5726,'VL-233',$);
#5731=IFCRELASSOCIATESMATERIAL('3paI1poKX6zwWQOI$SkAZt',$,$,$,(#5730),#40);
#5732=IFCCARTESIANPOINT((13000.,19510.,0.));
#5733=IFCCARTESIANPOINT((19500.,19510.,0.));
#5734=IFCPOLYLINE((#5732,#5733));
#5735=IFCSHAPEREPRESENTATION(#12,'Axis','Curve3D',(#5734));
#5736=IFCPRODUCTDEFINITIONSHAPE($,$,(#5735));
#5737=IFCCARTESIANPOINT((0.,0.,0.));
#5738=IFCAXIS2PLACEMENT3D(#5737,#8,#9);
#5739=IFCLOCALPLACEMENT(#35,#5738);
#5740=IFCBEAM('0OmsNnBKL6_vKSFSv$nDl7',$,'VL-234','IPE 200',$,#5739,#5736,'VL-234',$);
#5741=IFCRELASSOCIATESMATERIAL('1hEGlxpLnDIfbgR9MpFnVf',$,$,$,(#5740),#40);
#5742=IFCCARTESIANPOINT((19500.,19510.,0.));
#5743=IFCCARTESIANPOINT((26000.,19510.,0.));
#5744=IFCPOLYLINE((#5742,#5743));
#5745=IFCSHAPEREPRESENTATION(#12,'Axis','Curve3D',(#5744));
#5746=IFCPRODUCTDEFINITIONSHAPE($,$,(#5745));
#5747=IFCCARTESIANPOINT((0.,0.,0.));
#5748=IFCAXIS2PLACEMENT3D(#5747,#8,#9);
#5749=IFCLOCALPLACEMENT(#35,#5748);
#5750=IFCBEAM('1rUy9CdWr1vwxaoQ421AW3',$,'VL-235','IPE 200',$,#5749,#5746,'VL-235',$);
#5751=IFCRELASSOCIATESMATERIAL('0LkVq5ugvAvRtnwf15cO5z',$,$,$,(#5750),#40);
#5752=IFCCARTESIANPOINT((26000.,19510.,0.));
#5753=IFCCARTESIANPOINT((32500.,19510.,0.));
#5754=IFCPOLYLINE((#5752,#5753));
#5755=IFCSHAPEREPRESENTATION(#12,'Axis','Curve3D',(#5754));
#5756=IFCPRODUCTDEFINITIONSHAPE($,$,(#5755));
#5757=IFCCARTESIANPOINT((0.,0.,0.));
#5758=IFCAXIS2PLACEMENT3D(#5757,#8,#9);
#5759=IFCLOCALPLACEMENT(#35,#5758);
#5760=IFCBEAM('1euAoA_4D6SQHUE5jdqMEq',$,'VL-236','IPE 200',$,#5759,#5756,'VL-236',$);
#5761=IFCRELASSOCIATESMATERIAL('3AznPPkgL8$vqmy1h2YDbI',$,$,$,(#5760),#40);
#5762=IFCCARTESIANPOINT((32500.,19510.,0.));
#5763=IFCCARTESIANPOINT((39000.,19510.,0.));
#5764=IFCPOLYLINE((#5762,#5763));
#5765=IFCSHAPEREPRESENTATION(#12,'Axis','Curve3D',(#5764));
#5766=IFCPRODUCTDEFINITIONSHAPE($,$,(#5765));
#5767=IFCCARTESIANPOINT((0.,0.,0.));
#5768=IFCAXIS2PLACEMENT3D(#5767,#8,#9);
#5769=IFCLOCALPLACEMENT(#35,#5768);
#5770=IFCBEAM('22_gyOjl97UviuoJ$YhHDU',$,'VL-237','IPE 200',$,#5769,#5766,'VL-237',$);
#5771=IFCRELASSOCIATESMATERIAL('3UnIRXNt1FLPC1G2VtUiHV',$,$,$,(#5770),#40);
#5772=IFCCARTESIANPOINT((39000.,19510.,0.));
#5773=IFCCARTESIANPOINT((45500.,19510.,0.));
#5774=IFCPOLYLINE((#5772,#5773));
#5775=IFCSHAPEREPRESENTATION(#12,'Axis','Curve3D',(#5774));
#5776=IFCPRODUCTDEFINITIONSHAPE($,$,(#5775));
#5777=IFCCARTESIANPOINT((0.,0.,0.));
#5778=IFCAXIS2PLACEMENT3D(#5777,#8,#9);
#5779=IFCLOCALPLACEMENT(#35,#5778);
#5780=IFCBEAM('2amf1fnMz6JeQgTL8yIJAf',$,'VL-238','IPE 200',$,#5779,#5776,'VL-238',$);
#5781=IFCRELASSOCIATESMATERIAL('3ihX03afLFreNhVwDaj$_E',$,$,$,(#5780),#40);
#5782=IFCCARTESIANPOINT((45500.,19510.,0.));
#5783=IFCCARTESIANPOINT((52000.,19510.,0.));
#5784=IFCPOLYLINE((#5782,#5783));
#5785=IFCSHAPEREPRESENTATION(#12,'Axis','Curve3D',(#5784));
#5786=IFCPRODUCTDEFINITIONSHAPE($,$,(#5785));
#5787=IFCCARTESIANPOINT((0.,0.,0.));
#5788=IFCAXIS2PLACEMENT3D(#5787,#8,#9);
#5789=IFCLOCALPLACEMENT(#35,#5788);
#5790=IFCBEAM('2pHoVxw$zCAf3K5jmIpydz',$,'VL-239','IPE 200',$,#5789,#5786,'VL-239',$);
#5791=IFCRELASSOCIATESMATERIAL('2T8mGcN1HFCu3J810OrT1k',$,$,$,(#5790),#40);
#5792=IFCCARTESIANPOINT((56050.,19510.,0.));
#5793=IFCCARTESIANPOINT((62550.,19510.,0.));
#5794=IFCPOLYLINE((#5792,#5793));
#5795=IFCSHAPEREPRESENTATION(#12,'Axis','Curve3D',(#5794));
#5796=IFCPRODUCTDEFINITIONSHAPE($,$,(#5795));
#5797=IFCCARTESIANPOINT((0.,0.,0.));
#5798=IFCAXIS2PLACEMENT3D(#5797,#8,#9);
#5799=IFCLOCALPLACEMENT(#35,#5798);
#5800=IFCBEAM('0niBVyg6bBKg2e9Nc2jPkZ',$,'VL-240','IPE 200',$,#5799,#5796,'VL-240',$);
#5801=IFCRELASSOCIATESMATERIAL('14XxqNVNHFb8OxPvRwcgsG',$,$,$,(#5800),#40);
#5802=IFCCARTESIANPOINT((62550.,19510.,0.));
#5803=IFCCARTESIANPOINT((69050.,19510.,0.));
#5804=IFCPOLYLINE((#5802,#5803));
#5805=IFCSHAPEREPRESENTATION(#12,'Axis','Curve3D',(#5804));
#5806=IFCPRODUCTDEFINITIONSHAPE($,$,(#5805));
#5807=IFCCARTESIANPOINT((0.,0.,0.));
#5808=IFCAXIS2PLACEMENT3D(#5807,#8,#9);
#5809=IFCLOCALPLACEMENT(#35,#5808);
#5810=IFCBEAM('26uCNa$310tAA97XwDsviS',$,'VL-241','IPE 200',$,#5809,#5806,'VL-241',$);
#5811=IFCRELASSOCIATESMATERIAL('1f5X_gkCr4s8QLgLqE0Kk7',$,$,$,(#5810),#40);
#5812=IFCCARTESIANPOINT((69050.,19510.,0.));
#5813=IFCCARTESIANPOINT((75550.,19510.,0.));
#5814=IFCPOLYLINE((#5812,#5813));
#5815=IFCSHAPEREPRESENTATION(#12,'Axis','Curve3D',(#5814));
#5816=IFCPRODUCTDEFINITIONSHAPE($,$,(#5815));
#5817=IFCCARTESIANPOINT((0.,0.,0.));
#5818=IFCAXIS2PLACEMENT3D(#5817,#8,#9);
#5819=IFCLOCALPLACEMENT(#35,#5818);
#5820=IFCBEAM('2QkKTfKpz9PxRGzRACHNLr',$,'VL-242','IPE 200',$,#5819,#5816,'VL-242',$);
#5821=IFCRELASSOCIATESMATERIAL('2kV4iez090Ue5ZxZZX8CLS',$,$,$,(#5820),#40);
#5822=IFCCARTESIANPOINT((75550.,19510.,0.));
#5823=IFCCARTESIANPOINT((82050.,19510.,0.));
#5824=IFCPOLYLINE((#5822,#5823));
#5825=IFCSHAPEREPRESENTATION(#12,'Axis','Curve3D',(#5824));
#5826=IFCPRODUCTDEFINITIONSHAPE($,$,(#5825));
#5827=IFCCARTESIANPOINT((0.,0.,0.));
#5828=IFCAXIS2PLACEMENT3D(#5827,#8,#9);
#5829=IFCLOCALPLACEMENT(#35,#5828);
#5830=IFCBEAM('1E0LsGsM97mQ24D09zgNSC',$,'VL-243','IPE 200',$,#5829,#5826,'VL-243',$);
#5831=IFCRELASSOCIATESMATERIAL('3Dyat$bYH0AgZGTuQOTUHo',$,$,$,(#5830),#40);
#5832=IFCCARTESIANPOINT((82050.,19510.,0.));
#5833=IFCCARTESIANPOINT((88550.,19510.,0.));
#5834=IFCPOLYLINE((#5832,#5833));
#5835=IFCSHAPEREPRESENTATION(#12,'Axis','Curve3D',(#5834));
#5836=IFCPRODUCTDEFINITIONSHAPE($,$,(#5835));
#5837=IFCCARTESIANPOINT((0.,0.,0.));
#5838=IFCAXIS2PLACEMENT3D(#5837,#8,#9);
#5839=IFCLOCALPLACEMENT(#35,#5838);
#5840=IFCBEAM('0LfU0AIRX4kxYT7Z4pfXJ3',$,'VL-244','IPE 200',$,#5839,#5836,'VL-244',$);
#5841=IFCRELASSOCIATESMATERIAL('2$SM3OhszBVRPEC_2InDWj',$,$,$,(#5840),#40);
#5842=IFCCARTESIANPOINT((92600.,19510.,0.));
#5843=IFCCARTESIANPOINT((99100.,19510.,0.));
#5844=IFCPOLYLINE((#5842,#5843));
#5845=IFCSHAPEREPRESENTATION(#12,'Axis','Curve3D',(#5844));
#5846=IFCPRODUCTDEFINITIONSHAPE($,$,(#5845));
#5847=IFCCARTESIANPOINT((0.,0.,0.));
#5848=IFCAXIS2PLACEMENT3D(#5847,#8,#9);
#5849=IFCLOCALPLACEMENT(#35,#5848);
#5850=IFCBEAM('1Nf5w2Ov95nxwrmbGupsNn',$,'VL-245','IPE 200',$,#5849,#5846,'VL-245',$);
#5851=IFCRELASSOCIATESMATERIAL('3KIPU4lm50ARO1eX36T$Nu',$,$,$,(#5850),#40);
#5852=IFCCARTESIANPOINT((99100.,19510.,0.));
#5853=IFCCARTESIANPOINT((105600.,19510.,0.));
#5854=IFCPOLYLINE((#5852,#5853));
#5855=IFCSHAPEREPRESENTATION(#12,'Axis','Curve3D',(#5854));
#5856=IFCPRODUCTDEFINITIONSHAPE($,$,(#5855));
#5857=IFCCARTESIANPOINT((0.,0.,0.));
#5858=IFCAXIS2PLACEMENT3D(#5857,#8,#9);
#5859=IFCLOCALPLACEMENT(#35,#5858);
#5860=IFCBEAM('2zJekzND99B9Rk7MuV4cwQ',$,'VL-246','IPE 200',$,#5859,#5856,'VL-246',$);
#5861=IFCRELASSOCIATESMATERIAL('0DOH08VXT2pxgJXaITUFjf',$,$,$,(#5860),#40);
#5862=IFCCARTESIANPOINT((105600.,19510.,0.));
#5863=IFCCARTESIANPOINT((112100.,19510.,0.));
#5864=IFCPOLYLINE((#5862,#5863));
#5865=IFCSHAPEREPRESENTATION(#12,'Axis','Curve3D',(#5864));
#5866=IFCPRODUCTDEFINITIONSHAPE($,$,(#5865));
#5867=IFCCARTESIANPOINT((0.,0.,0.));
#5868=IFCAXIS2PLACEMENT3D(#5867,#8,#9);
#5869=IFCLOCALPLACEMENT(#35,#5868);
#5870=IFCBEAM('0CbjemOTz8we6oemXuzDnA',$,'VL-247','IPE 200',$,#5869,#5866,'VL-247',$);
#5871=IFCRELASSOCIATESMATERIAL('31VWQ9Y3nEdQPTXMvCQI$p',$,$,$,(#5870),#40);
#5872=IFCCARTESIANPOINT((112100.,19510.,0.));
#5873=IFCCARTESIANPOINT((118600.,19510.,0.));
#5874=IFCPOLYLINE((#5872,#5873));
#5875=IFCSHAPEREPRESENTATION(#12,'Axis','Curve3D',(#5874));
#5876=IFCPRODUCTDEFINITIONSHAPE($,$,(#5875));
#5877=IFCCARTESIANPOINT((0.,0.,0.));
#5878=IFCAXIS2PLACEMENT3D(#5877,#8,#9);
#5879=IFCLOCALPLACEMENT(#35,#5878);
#5880=IFCBEAM('2c8pzWrY18F9pJGiSxT7RP',$,'VL-248','IPE 200',$,#5879,#5876,'VL-248',$);
#5881=IFCRELASSOCIATESMATERIAL('0fZ9$HS4PDRehL0Ao2p80L',$,$,$,(#5880),#40);
#5882=IFCCARTESIANPOINT((118600.,19510.,0.));
#5883=IFCCARTESIANPOINT((125100.,19510.,0.));
#5884=IFCPOLYLINE((#5882,#5883));
#5885=IFCSHAPEREPRESENTATION(#12,'Axis','Curve3D',(#5884));
#5886=IFCPRODUCTDEFINITIONSHAPE($,$,(#5885));
#5887=IFCCARTESIANPOINT((0.,0.,0.));
#5888=IFCAXIS2PLACEMENT3D(#5887,#8,#9);
#5889=IFCLOCALPLACEMENT(#35,#5888);
#5890=IFCBEAM('2kEUMLrUX5mOnjK0RbkjZs',$,'VL-249','IPE 200',$,#5889,#5886,'VL-249',$);
#5891=IFCRELASSOCIATESMATERIAL('2vWIzxZJHCeOehCyrioBEr',$,$,$,(#5890),#40);
#5892=IFCCARTESIANPOINT((125100.,19510.,0.));
#5893=IFCCARTESIANPOINT((131600.,19510.,0.));
#5894=IFCPOLYLINE((#5892,#5893));
#5895=IFCSHAPEREPRESENTATION(#12,'Axis','Curve3D',(#5894));
#5896=IFCPRODUCTDEFINITIONSHAPE($,$,(#5895));
#5897=IFCCARTESIANPOINT((0.,0.,0.));
#5898=IFCAXIS2PLACEMENT3D(#5897,#8,#9);
#5899=IFCLOCALPLACEMENT(#35,#5898);
#5900=IFCBEAM('2yo15aMqHEbQairk0JGpBt',$,'VL-250','IPE 200',$,#5899,#5896,'VL-250',$);
#5901=IFCRELASSOCIATESMATERIAL('1ftZhRhF15JQxzeNhhpviD',$,$,$,(#5900),#40);
#5902=IFCCARTESIANPOINT((131600.,19510.,0.));
#5903=IFCCARTESIANPOINT((138100.,19510.,0.));
#5904=IFCPOLYLINE((#5902,#5903));
#5905=IFCSHAPEREPRESENTATION(#12,'Axis','Curve3D',(#5904));
#5906=IFCPRODUCTDEFINITIONSHAPE($,$,(#5905));
#5907=IFCCARTESIANPOINT((0.,0.,0.));
#5908=IFCAXIS2PLACEMENT3D(#5907,#8,#9);
#5909=IFCLOCALPLACEMENT(#35,#5908);
#5910=IFCBEAM('3CYbrhVDb0mBt2iNVxyazI',$,'VL-251','IPE 200',$,#5909,#5906,'VL-251',$);
#5911=IFCRELASSOCIATESMATERIAL('2w9PkmGz1CQALMDzIXCETx',$,$,$,(#5910),#40);
#5912=IFCCARTESIANPOINT((138100.,19510.,0.));
#5913=IFCCARTESIANPOINT((144600.,19510.,0.));
#5914=IFCPOLYLINE((#5912,#5913));
#5915=IFCSHAPEREPRESENTATION(#12,'Axis','Curve3D',(#5914));
#5916=IFCPRODUCTDEFINITIONSHAPE($,$,(#5915));
#5917=IFCCARTESIANPOINT((0.,0.,0.));
#5918=IFCAXIS2PLACEMENT3D(#5917,#8,#9);
#5919=IFCLOCALPLACEMENT(#35,#5918);
#5920=IFCBEAM('3NBRxsa3HEQhmtqsxOq1Zj',$,'VL-252','IPE 200',$,#5919,#5916,'VL-252',$);
#5921=IFCRELASSOCIATESMATERIAL('2x8LctgUzDCPV7mIJM5$d0',$,$,$,(#5920),#40);
#5922=IFCCARTESIANPOINT((39000.,0.,0.));
#5923=IFCCARTESIANPOINT((45500.,0.,0.));
#5924=IFCPOLYLINE((#5922,#5923));
#5925=IFCSHAPEREPRESENTATION(#12,'Axis','Curve3D',(#5924));
#5926=IFCPRODUCTDEFINITIONSHAPE($,$,(#5925));
#5927=IFCCARTESIANPOINT((0.,0.,0.));
#5928=IFCAXIS2PLACEMENT3D(#5927,#8,#9);
#5929=IFCLOCALPLACEMENT(#27,#5928);
#5930=IFCBEAM('25KUvjN6P2fui_E0l6yEDM',$,'VL-253','IPE 140',$,#5929,#5926,'VL-253',$);
#5931=IFCRELASSOCIATESMATERIAL('2ei9pDgzPDVfV_q0snH7s2',$,$,$,(#5930),#40);
#5932=IFCCARTESIANPOINT((45500.,0.,0.));
#5933=IFCCARTESIANPOINT((52000.,0.,0.));
#5934=IFCPOLYLINE((#5932,#5933));
#5935=IFCSHAPEREPRESENTATION(#12,'Axis','Curve3D',(#5934));
#5936=IFCPRODUCTDEFINITIONSHAPE($,$,(#5935));
#5937=IFCCARTESIANPOINT((0.,0.,0.));
#5938=IFCAXIS2PLACEMENT3D(#5937,#8,#9);
#5939=IFCLOCALPLACEMENT(#27,#5938);
#5940=IFCBEAM('0NH4z0KI53pe2BkaG0NDsc',$,'VL-254','IPE 140',$,#5939,#5936,'VL-254',$);
#5941=IFCRELASSOCIATESMATERIAL('0pG5soNlbAkg_6RNc2ywpI',$,$,$,(#5940),#40);
#5942=IFCCARTESIANPOINT((56050.,0.,0.));
#5943=IFCCARTESIANPOINT((62550.,0.,0.));
#5944=IFCPOLYLINE((#5942,#5943));
#5945=IFCSHAPEREPRESENTATION(#12,'Axis','Curve3D',(#5944));
#5946=IFCPRODUCTDEFINITIONSHAPE($,$,(#5945));
#5947=IFCCARTESIANPOINT((0.,0.,0.));
#5948=IFCAXIS2PLACEMENT3D(#5947,#8,#9);
#5949=IFCLOCALPLACEMENT(#27,#5948);
#5950=IFCBEAM('1ybhRzy4TFTBbopc1fpS99',$,'VL-255','IPE 140',$,#5949,#5946,'VL-255',$);
#5951=IFCRELASSOCIATESMATERIAL('1rrTcuk$TFwukMX2WiOdwG',$,$,$,(#5950),#40);
#5952=IFCCARTESIANPOINT((62550.,0.,0.));
#5953=IFCCARTESIANPOINT((69050.,0.,0.));
#5954=IFCPOLYLINE((#5952,#5953));
#5955=IFCSHAPEREPRESENTATION(#12,'Axis','Curve3D',(#5954));
#5956=IFCPRODUCTDEFINITIONSHAPE($,$,(#5955));
#5957=IFCCARTESIANPOINT((0.,0.,0.));
#5958=IFCAXIS2PLACEMENT3D(#5957,#8,#9);
#5959=IFCLOCALPLACEMENT(#27,#5958);
#5960=IFCBEAM('2kA$nSl3n2bff$cvSsfpms',$,'VL-256','IPE 140',$,#5959,#5956,'VL-256',$);
#5961=IFCRELASSOCIATESMATERIAL('0NUGh$L9z9SOZaeLwbf6W7',$,$,$,(#5960),#40);
#5962=IFCCARTESIANPOINT((69050.,0.,0.));
#5963=IFCCARTESIANPOINT((75550.,0.,0.));
#5964=IFCPOLYLINE((#5962,#5963));
#5965=IFCSHAPEREPRESENTATION(#12,'Axis','Curve3D',(#5964));
#5966=IFCPRODUCTDEFINITIONSHAPE($,$,(#5965));
#5967=IFCCARTESIANPOINT((0.,0.,0.));
#5968=IFCAXIS2PLACEMENT3D(#5967,#8,#9);
#5969=IFCLOCALPLACEMENT(#27,#5968);
#5970=IFCBEAM('0DEbRFfgjF_RQa5AufdSvQ',$,'VL-257','IPE 140',$,#5969,#5966,'VL-257',$);
#5971=IFCRELASSOCIATESMATERIAL('3erkABQL10Duaj6oj_tIvT',$,$,$,(#5970),#40);
#5972=IFCCARTESIANPOINT((75550.,0.,0.));
#5973=IFCCARTESIANPOINT((82050.,0.,0.));
#5974=IFCPOLYLINE((#5972,#5973));
#5975=IFCSHAPEREPRESENTATION(#12,'Axis','Curve3D',(#5974));
#5976=IFCPRODUCTDEFINITIONSHAPE($,$,(#5975));
#5977=IFCCARTESIANPOINT((0.,0.,0.));
#5978=IFCAXIS2PLACEMENT3D(#5977,#8,#9);
#5979=IFCLOCALPLACEMENT(#27,#5978);
#5980=IFCBEAM('1MPgtyWs17_PVETQ1ZQW2t',$,'VL-258','IPE 140',$,#5979,#5976,'VL-258',$);
#5981=IFCRELASSOCIATESMATERIAL('0DGcVUpB515ufancopGZNE',$,$,$,(#5980),#40);
#5982=IFCCARTESIANPOINT((82050.,0.,0.));
#5983=IFCCARTESIANPOINT((88550.,0.,0.));
#5984=IFCPOLYLINE((#5982,#5983));
#5985=IFCSHAPEREPRESENTATION(#12,'Axis','Curve3D',(#5984));
#5986=IFCPRODUCTDEFINITIONSHAPE($,$,(#5985));
#5987=IFCCARTESIANPOINT((0.,0.,0.));
#5988=IFCAXIS2PLACEMENT3D(#5987,#8,#9);
#5989=IFCLOCALPLACEMENT(#27,#5988);
#5990=IFCBEAM('2jIhxUetv8jfEVTlSDtVTr',$,'VL-259','IPE 140',$,#5989,#5986,'VL-259',$);
#5991=IFCRELASSOCIATESMATERIAL('0W1X5M3YDDNBzDbDVkl6BQ',$,$,$,(#5990),#40);
#5992=IFCCARTESIANPOINT((92600.,0.,0.));
#5993=IFCCARTESIANPOINT((99100.,0.,0.));
#5994=IFCPOLYLINE((#5992,#5993));
#5995=IFCSHAPEREPRESENTATION(#12,'Axis','Curve3D',(#5994));
#5996=IFCPRODUCTDEFINITIONSHAPE($,$,(#5995));
#5997=IFCCARTESIANPOINT((0.,0.,0.));
#5998=IFCAXIS2PLACEMENT3D(#5997,#8,#9);
#5999=IFCLOCALPLACEMENT(#27,#5998);
#6000=IFCBEAM('1Ohcxp4rP7KAs6$poaUDd2',$,'VL-260','IPE 140',$,#5999,#5996,'VL-260',$);
#6001=IFCRELASSOCIATESMATERIAL('1siAnfrOnFaRsH$vOBTt5e',$,$,$,(#6000),#40);
#6002=IFCCARTESIANPOINT((99100.,0.,0.));
#6003=IFCCARTESIANPOINT((105600.,0.,0.));
#6004=IFCPOLYLINE((#6002,#6003));
#6005=IFCSHAPEREPRESENTATION(#12,'Axis','Curve3D',(#6004));
#6006=IFCPRODUCTDEFINITIONSHAPE($,$,(#6005));
#6007=IFCCARTESIANPOINT((0.,0.,0.));
#6008=IFCAXIS2PLACEMENT3D(#6007,#8,#9);
#6009=IFCLOCALPLACEMENT(#27,#6008);
#6010=IFCBEAM('2Io7KgH796_8ihRN0STXsg',$,'VL-261','IPE 140',$,#6009,#6006,'VL-261',$);
#6011=IFCRELASSOCIATESMATERIAL('00IZxRRLvC5wegAqs5kcZY',$,$,$,(#6010),#40);
#6012=IFCCARTESIANPOINT((1083.3,5500.,0.));
#6013=IFCCARTESIANPOINT((1083.3,10170.,0.));
#6014=IFCPOLYLINE((#6012,#6013));
#6015=IFCSHAPEREPRESENTATION(#12,'Axis','Curve3D',(#6014));
#6016=IFCPRODUCTDEFINITIONSHAPE($,$,(#6015));
#6017=IFCCARTESIANPOINT((0.,0.,0.));
#6018=IFCAXIS2PLACEMENT3D(#6017,#8,#9);
#6019=IFCLOCALPLACEMENT(#27,#6018);
#6020=IFCBEAM('3cUY6rOhT25gg83FequkOG',$,'VS-001','IPE 240',$,#6019,#6016,'VS-001',$);
#6021=IFCRELASSOCIATESMATERIAL('3Xi7C8AUj75B3WURrhGzUa',$,$,$,(#6020),#40);
#6022=IFCCARTESIANPOINT((1083.3,10170.,0.));
#6023=IFCCARTESIANPOINT((1083.3,14840.,0.));
#6024=IFCPOLYLINE((#6022,#6023));
#6025=IFCSHAPEREPRESENTATION(#12,'Axis','Curve3D',(#6024));
#6026=IFCPRODUCTDEFINITIONSHAPE($,$,(#6025));
#6027=IFCCARTESIANPOINT((0.,0.,0.));
#6028=IFCAXIS2PLACEMENT3D(#6027,#8,#9);
#6029=IFCLOCALPLACEMENT(#27,#6028);
#6030=IFCBEAM('030iw3FCn1$9SEYhLuwax0',$,'VS-002','IPE 240',$,#6029,#6026,'VS-002',$);
#6031=IFCRELASSOCIATESMATERIAL('1_EW30KyP3YxisWCAPx6Yj',$,$,$,(#6030),#40);
#6032=IFCCARTESIANPOINT((1083.3,14840.,0.));
#6033=IFCCARTESIANPOINT((1083.3,19510.,0.));
#6034=IFCPOLYLINE((#6032,#6033));
#6035=IFCSHAPEREPRESENTATION(#12,'Axis','Curve3D',(#6034));
#6036=IFCPRODUCTDEFINITIONSHAPE($,$,(#6035));
#6037=IFCCARTESIANPOINT((0.,0.,0.));
#6038=IFCAXIS2PLACEMENT3D(#6037,#8,#9);
#6039=IFCLOCALPLACEMENT(#27,#6038);
#6040=IFCBEAM('03PmbgU69Cm9ttdkHHjahk',$,'VS-003','IPE 240',$,#6039,#6036,'VS-003',$);
#6041=IFCRELASSOCIATESMATERIAL('2KnyxRm7XFeu0eQ9123e06',$,$,$,(#6040),#40);
#6042=IFCCARTESIANPOINT((2166.6999999999998,5500.,0.));
#6043=IFCCARTESIANPOINT((2166.6999999999998,10170.,0.));
#6044=IFCPOLYLINE((#6042,#6043));
#6045=IFCSHAPEREPRESENTATION(#12,'Axis','Curve3D',(#6044));
#6046=IFCPRODUCTDEFINITIONSHAPE($,$,(#6045));
#6047=IFCCARTESIANPOINT((0.,0.,0.));
#6048=IFCAXIS2PLACEMENT3D(#6047,#8,#9);
#6049=IFCLOCALPLACEMENT(#27,#6048);
#6050=IFCBEAM('2PlziVG5j6yeZqfiO54QhL',$,'VS-004','IPE 200',$,#6049,#6046,'VS-004',$);
#6051=IFCRELASSOCIATESMATERIAL('1vLI7Yf4DBZ9q8BzAGW4WM',$,$,$,(#6050),#40);
#6052=IFCCARTESIANPOINT((2166.6999999999998,10170.,0.));
#6053=IFCCARTESIANPOINT((2166.6999999999998,14840.,0.));
#6054=IFCPOLYLINE((#6052,#6053));
#6055=IFCSHAPEREPRESENTATION(#12,'Axis','Curve3D',(#6054));
#6056=IFCPRODUCTDEFINITIONSHAPE($,$,(#6055));
#6057=IFCCARTESIANPOINT((0.,0.,0.));
#6058=IFCAXIS2PLACEMENT3D(#6057,#8,#9);
#6059=IFCLOCALPLACEMENT(#27,#6058);
#6060=IFCBEAM('24S2pN7$94BhAVG32rBC3g',$,'VS-005','IPE 200',$,#6059,#6056,'VS-005',$);
#6061=IFCRELASSOCIATESMATERIAL('04uTZKhdH41fNVEveoBcjM',$,$,$,(#6060),#40);
#6062=IFCCARTESIANPOINT((2166.6999999999998,14840.,0.));
#6063=IFCCARTESIANPOINT((2166.6999999999998,19510.,0.));
#6064=IFCPOLYLINE((#6062,#6063));
#6065=IFCSHAPEREPRESENTATION(#12,'Axis','Curve3D',(#6064));
#6066=IFCPRODUCTDEFINITIONSHAPE($,$,(#6065));
#6067=IFCCARTESIANPOINT((0.,0.,0.));
#6068=IFCAXIS2PLACEMENT3D(#6067,#8,#9);
#6069=IFCLOCALPLACEMENT(#27,#6068);
#6070=IFCBEAM('1IcekPeXr8lf8R5EY5lZHV',$,'VS-006','IPE 200',$,#6069,#6066,'VS-006',$);
#6071=IFCRELASSOCIATESMATERIAL('2W5auTELn2GvqYk4JF62Mq',$,$,$,(#6070),#40);
#6072=IFCCARTESIANPOINT((3250.,5500.,0.));
#6073=IFCCARTESIANPOINT((3250.,10170.,0.));
#6074=IFCPOLYLINE((#6072,#6073));
#6075=IFCSHAPEREPRESENTATION(#12,'Axis','Curve3D',(#6074));
#6076=IFCPRODUCTDEFINITIONSHAPE($,$,(#6075));
#6077=IFCCARTESIANPOINT((0.,0.,0.));
#6078=IFCAXIS2PLACEMENT3D(#6077,#8,#9);
#6079=IFCLOCALPLACEMENT(#27,#6078);
#6080=IFCBEAM('3zuo7UTGfDofJ$QykvG0$m',$,'VS-007','IPE 200',$,#6079,#6076,'VS-007',$);
#6081=IFCRELASSOCIATESMATERIAL('2I_oxtM3v3SwUKbRHbHZPs',$,$,$,(#6080),#40);
#6082=IFCCARTESIANPOINT((3250.,10170.,0.));
#6083=IFCCARTESIANPOINT((3250.,14840.,0.));
#6084=IFCPOLYLINE((#6082,#6083));
#6085=IFCSHAPEREPRESENTATION(#12,'Axis','Curve3D',(#6084));
#6086=IFCPRODUCTDEFINITIONSHAPE($,$,(#6085));
#6087=IFCCARTESIANPOINT((0.,0.,0.));
#6088=IFCAXIS2PLACEMENT3D(#6087,#8,#9);
#6089=IFCLOCALPLACEMENT(#27,#6088);
#6090=IFCBEAM('1HQeHkObHCr9cgNnm7HuD6',$,'VS-008','IPE 200',$,#6089,#6086,'VS-008',$);
#6091=IFCRELASSOCIATESMATERIAL('0mlGPdPFLCv9jFz_TdOe0w',$,$,$,(#6090),#40);
#6092=IFCCARTESIANPOINT((3250.,14840.,0.));
#6093=IFCCARTESIANPOINT((3250.,19510.,0.));
#6094=IFCPOLYLINE((#6092,#6093));
#6095=IFCSHAPEREPRESENTATION(#12,'Axis','Curve3D',(#6094));
#6096=IFCPRODUCTDEFINITIONSHAPE($,$,(#6095));
#6097=IFCCARTESIANPOINT((0.,0.,0.));
#6098=IFCAXIS2PLACEMENT3D(#6097,#8,#9);
#6099=IFCLOCALPLACEMENT(#27,#6098);
#6100=IFCBEAM('361EWDBTf8SPuFLfak1YwE',$,'VS-009','IPE 200',$,#6099,#6096,'VS-009',$);
#6101=IFCRELASSOCIATESMATERIAL('0zdbPp9uf7uPiRwwDI4$8b',$,$,$,(#6100),#40);
#6102=IFCCARTESIANPOINT((4333.3000000000002,5500.,0.));
#6103=IFCCARTESIANPOINT((4333.3000000000002,10170.,0.));
#6104=IFCPOLYLINE((#6102,#6103));
#6105=IFCSHAPEREPRESENTATION(#12,'Axis','Curve3D',(#6104));
#6106=IFCPRODUCTDEFINITIONSHAPE($,$,(#6105));
#6107=IFCCARTESIANPOINT((0.,0.,0.));
#6108=IFCAXIS2PLACEMENT3D(#6107,#8,#9);
#6109=IFCLOCALPLACEMENT(#27,#6108);
#6110=IFCBEAM('3gC4iVoq55pv791GUgqRMc',$,'VS-010','IPE 200',$,#6109,#6106,'VS-010',$);
#6111=IFCRELASSOCIATESMATERIAL('14fS32wAb0EBOEbro5Ax1s',$,$,$,(#6110),#40);
#6112=IFCCARTESIANPOINT((4333.3000000000002,10170.,0.));
#6113=IFCCARTESIANPOINT((4333.3000000000002,14840.,0.));
#6114=IFCPOLYLINE((#6112,#6113));
#6115=IFCSHAPEREPRESENTATION(#12,'Axis','Curve3D',(#6114));
#6116=IFCPRODUCTDEFINITIONSHAPE($,$,(#6115));
#6117=IFCCARTESIANPOINT((0.,0.,0.));
#6118=IFCAXIS2PLACEMENT3D(#6117,#8,#9);
#6119=IFCLOCALPLACEMENT(#27,#6118);
#6120=IFCBEAM('2bET0ZBjjBwfu1_D3gjfPU',$,'VS-011','IPE 200',$,#6119,#6116,'VS-011',$);
#6121=IFCRELASSOCIATESMATERIAL('1CV1D8diH0rgeU7kMNXgEr',$,$,$,(#6120),#40);
#6122=IFCCARTESIANPOINT((4333.3000000000002,14840.,0.));
#6123=IFCCARTESIANPOINT((4333.3000000000002,19510.,0.));
#6124=IFCPOLYLINE((#6122,#6123));
#6125=IFCSHAPEREPRESENTATION(#12,'Axis','Curve3D',(#6124));
#6126=IFCPRODUCTDEFINITIONSHAPE($,$,(#6125));
#6127=IFCCARTESIANPOINT((0.,0.,0.));
#6128=IFCAXIS2PLACEMENT3D(#6127,#8,#9);
#6129=IFCLOCALPLACEMENT(#27,#6128);
#6130=IFCBEAM('3UROBtFTz7LAreb4GuU4BC',$,'VS-012','IPE 200',$,#6129,#6126,'VS-012',$);
#6131=IFCRELASSOCIATESMATERIAL('29$qnQdXP43gNQRPc8InJ3',$,$,$,(#6130),#40);
#6132=IFCCARTESIANPOINT((5416.6999999999998,5500.,0.));
#6133=IFCCARTESIANPOINT((5416.6999999999998,10170.,0.));
#6134=IFCPOLYLINE((#6132,#6133));
#6135=IFCSHAPEREPRESENTATION(#12,'Axis','Curve3D',(#6134));
#6136=IFCPRODUCTDEFINITIONSHAPE($,$,(#6135));
#6137=IFCCARTESIANPOINT((0.,0.,0.));
#6138=IFCAXIS2PLACEMENT3D(#6137,#8,#9);
#6139=IFCLOCALPLACEMENT(#27,#6138);
#6140=IFCBEAM('0nJBhWadrEnu$ftU3LUZl_',$,'VS-013','IPE 240',$,#6139,#6136,'VS-013',$);
#6141=IFCRELASSOCIATESMATERIAL('2gilvtL$PA2AmYNrSIoJfH',$,$,$,(#6140),#40);
#6142=IFCCARTESIANPOINT((5416.6999999999998,10170.,0.));
#6143=IFCCARTESIANPOINT((5416.6999999999998,14840.,0.));
#6144=IFCPOLYLINE((#6142,#6143));
#6145=IFCSHAPEREPRESENTATION(#12,'Axis','Curve3D',(#6144));
#6146=IFCPRODUCTDEFINITIONSHAPE($,$,(#6145));
#6147=IFCCARTESIANPOINT((0.,0.,0.));
#6148=IFCAXIS2PLACEMENT3D(#6147,#8,#9);
#6149=IFCLOCALPLACEMENT(#27,#6148);
#6150=IFCBEAM('3glv17_S9EnOnDLmRXDnYw',$,'VS-014','IPE 240',$,#6149,#6146,'VS-014',$);
#6151=IFCRELASSOCIATESMATERIAL('0WLUcf35fEmwpZ9$_NTKGG',$,$,$,(#6150),#40);
#6152=IFCCARTESIANPOINT((5416.6999999999998,14840.,0.));
#6153=IFCCARTESIANPOINT((5416.6999999999998,19510.,0.));
#6154=IFCPOLYLINE((#6152,#6153));
#6155=IFCSHAPEREPRESENTATION(#12,'Axis','Curve3D',(#6154));
#6156=IFCPRODUCTDEFINITIONSHAPE($,$,(#6155));
#6157=IFCCARTESIANPOINT((0.,0.,0.));
#6158=IFCAXIS2PLACEMENT3D(#6157,#8,#9);
#6159=IFCLOCALPLACEMENT(#27,#6158);
#6160=IFCBEAM('0fnnNe9Ln0PfMEaAl$VG$2',$,'VS-015','IPE 240',$,#6159,#6156,'VS-015',$);
#6161=IFCRELASSOCIATESMATERIAL('0LduT8bzP9FudStzOb$crL',$,$,$,(#6160),#40);
#6162=IFCCARTESIANPOINT((1083.3,5500.,0.));
#6163=IFCCARTESIANPOINT((1083.3,10170.,0.));
#6164=IFCPOLYLINE((#6162,#6163));
#6165=IFCSHAPEREPRESENTATION(#12,'Axis','Curve3D',(#6164));
#6166=IFCPRODUCTDEFINITIONSHAPE($,$,(#6165));
#6167=IFCCARTESIANPOINT((0.,0.,0.));
#6168=IFCAXIS2PLACEMENT3D(#6167,#8,#9);
#6169=IFCLOCALPLACEMENT(#31,#6168);
#6170=IFCBEAM('0ShLse8vn8uxRHVon2A9S$',$,'VS-016','IPE 240',$,#6169,#6166,'VS-016',$);
#6171=IFCRELASSOCIATESMATERIAL('2nAKNv7AH8fwQ0itbSXaUm',$,$,$,(#6170),#40);
#6172=IFCCARTESIANPOINT((1083.3,10170.,0.));
#6173=IFCCARTESIANPOINT((1083.3,14840.,0.));
#6174=IFCPOLYLINE((#6172,#6173));
#6175=IFCSHAPEREPRESENTATION(#12,'Axis','Curve3D',(#6174));
#6176=IFCPRODUCTDEFINITIONSHAPE($,$,(#6175));
#6177=IFCCARTESIANPOINT((0.,0.,0.));
#6178=IFCAXIS2PLACEMENT3D(#6177,#8,#9);
#6179=IFCLOCALPLACEMENT(#31,#6178);
#6180=IFCBEAM('2arTKko_TC49LZSVsmqeML',$,'VS-017','IPE 240',$,#6179,#6176,'VS-017',$);
#6181=IFCRELASSOCIATESMATERIAL('2b76yktojBHhK4B59S1QAZ',$,$,$,(#6180),#40);
#6182=IFCCARTESIANPOINT((1083.3,14840.,0.));
#6183=IFCCARTESIANPOINT((1083.3,19510.,0.));
#6184=IFCPOLYLINE((#6182,#6183));
#6185=IFCSHAPEREPRESENTATION(#12,'Axis','Curve3D',(#6184));
#6186=IFCPRODUCTDEFINITIONSHAPE($,$,(#6185));
#6187=IFCCARTESIANPOINT((0.,0.,0.));
#6188=IFCAXIS2PLACEMENT3D(#6187,#8,#9);
#6189=IFCLOCALPLACEMENT(#31,#6188);
#6190=IFCBEAM('1zzBFv7AT1sh3VEIVGqpzI',$,'VS-018','IPE 240',$,#6189,#6186,'VS-018',$);
#6191=IFCRELASSOCIATESMATERIAL('27a3MQGX1DJgPuSYU1ay5X',$,$,$,(#6190),#40);
#6192=IFCCARTESIANPOINT((2166.6999999999998,5500.,0.));
#6193=IFCCARTESIANPOINT((2166.6999999999998,10170.,0.));
#6194=IFCPOLYLINE((#6192,#6193));
#6195=IFCSHAPEREPRESENTATION(#12,'Axis','Curve3D',(#6194));
#6196=IFCPRODUCTDEFINITIONSHAPE($,$,(#6195));
#6197=IFCCARTESIANPOINT((0.,0.,0.));
#6198=IFCAXIS2PLACEMENT3D(#6197,#8,#9);
#6199=IFCLOCALPLACEMENT(#31,#6198);
#6200=IFCBEAM('1Wip$Q5NLAy9aHKBblX5da',$,'VS-019','IPE 200',$,#6199,#6196,'VS-019',$);
#6201=IFCRELASSOCIATESMATERIAL('3T8N5yaPD29QRwhb1VoFtI',$,$,$,(#6200),#40);
#6202=IFCCARTESIANPOINT((2166.6999999999998,10170.,0.));
#6203=IFCCARTESIANPOINT((2166.6999999999998,14840.,0.));
#6204=IFCPOLYLINE((#6202,#6203));
#6205=IFCSHAPEREPRESENTATION(#12,'Axis','Curve3D',(#6204));
#6206=IFCPRODUCTDEFINITIONSHAPE($,$,(#6205));
#6207=IFCCARTESIANPOINT((0.,0.,0.));
#6208=IFCAXIS2PLACEMENT3D(#6207,#8,#9);
#6209=IFCLOCALPLACEMENT(#31,#6208);
#6210=IFCBEAM('1N8uzHp0f4QB6ovtLj8B5b',$,'VS-020','IPE 200',$,#6209,#6206,'VS-020',$);
#6211=IFCRELASSOCIATESMATERIAL('16zf451Oj0KP831XYBhg3$',$,$,$,(#6210),#40);
#6212=IFCCARTESIANPOINT((2166.6999999999998,14840.,0.));
#6213=IFCCARTESIANPOINT((2166.6999999999998,19510.,0.));
#6214=IFCPOLYLINE((#6212,#6213));
#6215=IFCSHAPEREPRESENTATION(#12,'Axis','Curve3D',(#6214));
#6216=IFCPRODUCTDEFINITIONSHAPE($,$,(#6215));
#6217=IFCCARTESIANPOINT((0.,0.,0.));
#6218=IFCAXIS2PLACEMENT3D(#6217,#8,#9);
#6219=IFCLOCALPLACEMENT(#31,#6218);
#6220=IFCBEAM('2ql7UCN513Q8qAQTb90fZl',$,'VS-021','IPE 200',$,#6219,#6216,'VS-021',$);
#6221=IFCRELASSOCIATESMATERIAL('0A1MQWbozArv8W18Emh5_F',$,$,$,(#6220),#40);
#6222=IFCCARTESIANPOINT((3250.,5500.,0.));
#6223=IFCCARTESIANPOINT((3250.,10170.,0.));
#6224=IFCPOLYLINE((#6222,#6223));
#6225=IFCSHAPEREPRESENTATION(#12,'Axis','Curve3D',(#6224));
#6226=IFCPRODUCTDEFINITIONSHAPE($,$,(#6225));
#6227=IFCCARTESIANPOINT((0.,0.,0.));
#6228=IFCAXIS2PLACEMENT3D(#6227,#8,#9);
#6229=IFCLOCALPLACEMENT(#31,#6228);
#6230=IFCBEAM('23_yNm$u1Cp9hooN7XnqrL',$,'VS-022','IPE 200',$,#6229,#6226,'VS-022',$);
#6231=IFCRELASSOCIATESMATERIAL('1_yCXxwAj1$QSYy8DvL1F9',$,$,$,(#6230),#40);
#6232=IFCCARTESIANPOINT((3250.,10170.,0.));
#6233=IFCCARTESIANPOINT((3250.,14840.,0.));
#6234=IFCPOLYLINE((#6232,#6233));
#6235=IFCSHAPEREPRESENTATION(#12,'Axis','Curve3D',(#6234));
#6236=IFCPRODUCTDEFINITIONSHAPE($,$,(#6235));
#6237=IFCCARTESIANPOINT((0.,0.,0.));
#6238=IFCAXIS2PLACEMENT3D(#6237,#8,#9);
#6239=IFCLOCALPLACEMENT(#31,#6238);
#6240=IFCBEAM('3XWEUi1sLCwAEVKRZI6snl',$,'VS-023','IPE 200',$,#6239,#6236,'VS-023',$);
#6241=IFCRELASSOCIATESMATERIAL('093RI5Epf3YAc6zyAoXy09',$,$,$,(#6240),#40);
#6242=IFCCARTESIANPOINT((3250.,14840.,0.));
#6243=IFCCARTESIANPOINT((3250.,19510.,0.));
#6244=IFCPOLYLINE((#6242,#6243));
#6245=IFCSHAPEREPRESENTATION(#12,'Axis','Curve3D',(#6244));
#6246=IFCPRODUCTDEFINITIONSHAPE($,$,(#6245));
#6247=IFCCARTESIANPOINT((0.,0.,0.));
#6248=IFCAXIS2PLACEMENT3D(#6247,#8,#9);
#6249=IFCLOCALPLACEMENT(#31,#6248);
#6250=IFCBEAM('0vNI2fLTvAgRU5ASJC3dEj',$,'VS-024','IPE 200',$,#6249,#6246,'VS-024',$);
#6251=IFCRELASSOCIATESMATERIAL('15MkCfQJz4ruYhjfZkwvPF',$,$,$,(#6250),#40);
#6252=IFCCARTESIANPOINT((4333.3000000000002,5500.,0.));
#6253=IFCCARTESIANPOINT((4333.3000000000002,10170.,0.));
#6254=IFCPOLYLINE((#6252,#6253));
#6255=IFCSHAPEREPRESENTATION(#12,'Axis','Curve3D',(#6254));
#6256=IFCPRODUCTDEFINITIONSHAPE($,$,(#6255));
#6257=IFCCARTESIANPOINT((0.,0.,0.));
#6258=IFCAXIS2PLACEMENT3D(#6257,#8,#9);
#6259=IFCLOCALPLACEMENT(#31,#6258);
#6260=IFCBEAM('3S7AEsUZPCqRUYlzFSrrhb',$,'VS-025','IPE 200',$,#6259,#6256,'VS-025',$);
#6261=IFCRELASSOCIATESMATERIAL('0o0uTO6HP7zQG6E1Idov_$',$,$,$,(#6260),#40);
#6262=IFCCARTESIANPOINT((4333.3000000000002,10170.,0.));
#6263=IFCCARTESIANPOINT((4333.3000000000002,14840.,0.));
#6264=IFCPOLYLINE((#6262,#6263));
#6265=IFCSHAPEREPRESENTATION(#12,'Axis','Curve3D',(#6264));
#6266=IFCPRODUCTDEFINITIONSHAPE($,$,(#6265));
#6267=IFCCARTESIANPOINT((0.,0.,0.));
#6268=IFCAXIS2PLACEMENT3D(#6267,#8,#9);
#6269=IFCLOCALPLACEMENT(#31,#6268);
#6270=IFCBEAM('3QXzf4APn0fRD_cdTBDBuD',$,'VS-026','IPE 200',$,#6269,#6266,'VS-026',$);
#6271=IFCRELASSOCIATESMATERIAL('1tpq3EIPH1rw_TC1e4wmCa',$,$,$,(#6270),#40);
#6272=IFCCARTESIANPOINT((4333.3000000000002,14840.,0.));
#6273=IFCCARTESIANPOINT((4333.3000000000002,19510.,0.));
#6274=IFCPOLYLINE((#6272,#6273));
#6275=IFCSHAPEREPRESENTATION(#12,'Axis','Curve3D',(#6274));
#6276=IFCPRODUCTDEFINITIONSHAPE($,$,(#6275));
#6277=IFCCARTESIANPOINT((0.,0.,0.));
#6278=IFCAXIS2PLACEMENT3D(#6277,#8,#9);
#6279=IFCLOCALPLACEMENT(#31,#6278);
#6280=IFCBEAM('0eOYwQgsX4kg9no$FueKn_',$,'VS-027','IPE 200',$,#6279,#6276,'VS-027',$);
#6281=IFCRELASSOCIATESMATERIAL('2PqGm_O0TDQBTsQ0fwUGHm',$,$,$,(#6280),#40);
#6282=IFCCARTESIANPOINT((5416.6999999999998,5500.,0.));
#6283=IFCCARTESIANPOINT((5416.6999999999998,10170.,0.));
#6284=IFCPOLYLINE((#6282,#6283));
#6285=IFCSHAPEREPRESENTATION(#12,'Axis','Curve3D',(#6284));
#6286=IFCPRODUCTDEFINITIONSHAPE($,$,(#6285));
#6287=IFCCARTESIANPOINT((0.,0.,0.));
#6288=IFCAXIS2PLACEMENT3D(#6287,#8,#9);
#6289=IFCLOCALPLACEMENT(#31,#6288);
#6290=IFCBEAM('3ZjBEh38z7hwe7DkWXMU0w',$,'VS-028','IPE 240',$,#6289,#6286,'VS-028',$);
#6291=IFCRELASSOCIATESMATERIAL('0SC4D8nW52teqxruviN4gL',$,$,$,(#6290),#40);
#6292=IFCCARTESIANPOINT((5416.6999999999998,10170.,0.));
#6293=IFCCARTESIANPOINT((5416.6999999999998,14840.,0.));
#6294=IFCPOLYLINE((#6292,#6293));
#6295=IFCSHAPEREPRESENTATION(#12,'Axis','Curve3D',(#6294));
#6296=IFCPRODUCTDEFINITIONSHAPE($,$,(#6295));
#6297=IFCCARTESIANPOINT((0.,0.,0.));
#6298=IFCAXIS2PLACEMENT3D(#6297,#8,#9);
#6299=IFCLOCALPLACEMENT(#31,#6298);
#6300=IFCBEAM('1ZYtEe0L96ixxzDqUx1TmJ',$,'VS-029','IPE 240',$,#6299,#6296,'VS-029',$);
#6301=IFCRELASSOCIATESMATERIAL('3mS2RU2vXBaA$Wyj$Z2rw0',$,$,$,(#6300),#40);
#6302=IFCCARTESIANPOINT((5416.6999999999998,14840.,0.));
#6303=IFCCARTESIANPOINT((5416.6999999999998,19510.,0.));
#6304=IFCPOLYLINE((#6302,#6303));
#6305=IFCSHAPEREPRESENTATION(#12,'Axis','Curve3D',(#6304));
#6306=IFCPRODUCTDEFINITIONSHAPE($,$,(#6305));
#6307=IFCCARTESIANPOINT((0.,0.,0.));
#6308=IFCAXIS2PLACEMENT3D(#6307,#8,#9);
#6309=IFCLOCALPLACEMENT(#31,#6308);
#6310=IFCBEAM('1YK43GIl92POU_7ku8NLS0',$,'VS-030','IPE 240',$,#6309,#6306,'VS-030',$);
#6311=IFCRELASSOCIATESMATERIAL('2jyT2h7o59SAxUv85pUF46',$,$,$,(#6310),#40);
#6312=IFCCARTESIANPOINT((1625.,5500.,0.));
#6313=IFCCARTESIANPOINT((1625.,10170.,0.));
#6314=IFCPOLYLINE((#6312,#6313));
#6315=IFCSHAPEREPRESENTATION(#12,'Axis','Curve3D',(#6314));
#6316=IFCPRODUCTDEFINITIONSHAPE($,$,(#6315));
#6317=IFCCARTESIANPOINT((0.,0.,0.));
#6318=IFCAXIS2PLACEMENT3D(#6317,#8,#9);
#6319=IFCLOCALPLACEMENT(#35,#6318);
#6320=IFCBEAM('3JHuXMCrD7LRnx5xU1VNbd',$,'VS-031','IPE 160',$,#6319,#6316,'VS-031',$);
#6321=IFCRELASSOCIATESMATERIAL('3_b$_bdYf8cwftxYnbPGzm',$,$,$,(#6320),#40);
#6322=IFCCARTESIANPOINT((1625.,10170.,0.));
#6323=IFCCARTESIANPOINT((1625.,14840.,0.));
#6324=IFCPOLYLINE((#6322,#6323));
#6325=IFCSHAPEREPRESENTATION(#12,'Axis','Curve3D',(#6324));
#6326=IFCPRODUCTDEFINITIONSHAPE($,$,(#6325));
#6327=IFCCARTESIANPOINT((0.,0.,0.));
#6328=IFCAXIS2PLACEMENT3D(#6327,#8,#9);
#6329=IFCLOCALPLACEMENT(#35,#6328);
#6330=IFCBEAM('2pj7KEYxvFnQfk0mRY7JkX',$,'VS-032','IPE 160',$,#6329,#6326,'VS-032',$);
#6331=IFCRELASSOCIATESMATERIAL('0U3a893ov8vg9tj9fYgBGd',$,$,$,(#6330),#40);
#6332=IFCCARTESIANPOINT((1625.,14840.,0.));
#6333=IFCCARTESIANPOINT((1625.,19510.,0.));
#6334=IFCPOLYLINE((#6332,#6333));
#6335=IFCSHAPEREPRESENTATION(#12,'Axis','Curve3D',(#6334));
#6336=IFCPRODUCTDEFINITIONSHAPE($,$,(#6335));
#6337=IFCCARTESIANPOINT((0.,0.,0.));
#6338=IFCAXIS2PLACEMENT3D(#6337,#8,#9);
#6339=IFCLOCALPLACEMENT(#35,#6338);
#6340=IFCBEAM('12Rss35Sn7igv6AUBMe1US',$,'VS-033','IPE 160',$,#6339,#6336,'VS-033',$);
#6341=IFCRELASSOCIATESMATERIAL('3vMbRVjhTDPOb7$pQ78zPY',$,$,$,(#6340),#40);
#6342=IFCCARTESIANPOINT((3250.,5500.,0.));
#6343=IFCCARTESIANPOINT((3250.,10170.,0.));
#6344=IFCPOLYLINE((#6342,#6343));
#6345=IFCSHAPEREPRESENTATION(#12,'Axis','Curve3D',(#6344));
#6346=IFCPRODUCTDEFINITIONSHAPE($,$,(#6345));
#6347=IFCCARTESIANPOINT((0.,0.,0.));
#6348=IFCAXIS2PLACEMENT3D(#6347,#8,#9);
#6349=IFCLOCALPLACEMENT(#35,#6348);
#6350=IFCBEAM('1f_p6c2WnAwOc3aYAEZVQ2',$,'VS-034','IPE 160',$,#6349,#6346,'VS-034',$);
#6351=IFCRELASSOCIATESMATERIAL('1pHdC7ok198v9V5xrIc9UN',$,$,$,(#6350),#40);
#6352=IFCCARTESIANPOINT((3250.,10170.,0.));
#6353=IFCCARTESIANPOINT((3250.,14840.,0.));
#6354=IFCPOLYLINE((#6352,#6353));
#6355=IFCSHAPEREPRESENTATION(#12,'Axis','Curve3D',(#6354));
#6356=IFCPRODUCTDEFINITIONSHAPE($,$,(#6355));
#6357=IFCCARTESIANPOINT((0.,0.,0.));
#6358=IFCAXIS2PLACEMENT3D(#6357,#8,#9);
#6359=IFCLOCALPLACEMENT(#35,#6358);
#6360=IFCBEAM('1$tyCShAP4_RaqYBXyawmf',$,'VS-035','IPE 160',$,#6359,#6356,'VS-035',$);
#6361=IFCRELASSOCIATESMATERIAL('21ohAju5zF4P1cyQZ4a6LW',$,$,$,(#6360),#40);
#6362=IFCCARTESIANPOINT((3250.,14840.,0.));
#6363=IFCCARTESIANPOINT((3250.,19510.,0.));
#6364=IFCPOLYLINE((#6362,#6363));
#6365=IFCSHAPEREPRESENTATION(#12,'Axis','Curve3D',(#6364));
#6366=IFCPRODUCTDEFINITIONSHAPE($,$,(#6365));
#6367=IFCCARTESIANPOINT((0.,0.,0.));
#6368=IFCAXIS2PLACEMENT3D(#6367,#8,#9);
#6369=IFCLOCALPLACEMENT(#35,#6368);
#6370=IFCBEAM('0FvCBfsAj1i91_ePZp0DxI',$,'VS-036','IPE 160',$,#6369,#6366,'VS-036',$);
#6371=IFCRELASSOCIATESMATERIAL('3KZ12WBwr1tQSy3N82emPO',$,$,$,(#6370),#40);
#6372=IFCCARTESIANPOINT((4875.,5500.,0.));
#6373=IFCCARTESIANPOINT((4875.,10170.,0.));
#6374=IFCPOLYLINE((#6372,#6373));
#6375=IFCSHAPEREPRESENTATION(#12,'Axis','Curve3D',(#6374));
#6376=IFCPRODUCTDEFINITIONSHAPE($,$,(#6375));
#6377=IFCCARTESIANPOINT((0.,0.,0.));
#6378=IFCAXIS2PLACEMENT3D(#6377,#8,#9);
#6379=IFCLOCALPLACEMENT(#35,#6378);
#6380=IFCBEAM('0UcRLB_AXASvzpu4IFoDkk',$,'VS-037','IPE 160',$,#6379,#6376,'VS-037',$);
#6381=IFCRELASSOCIATESMATERIAL('134_ea7vP7BhqUEYViaXgG',$,$,$,(#6380),#40);
#6382=IFCCARTESIANPOINT((4875.,10170.,0.));
#6383=IFCCARTESIANPOINT((4875.,14840.,0.));
#6384=IFCPOLYLINE((#6382,#6383));
#6385=IFCSHAPEREPRESENTATION(#12,'Axis','Curve3D',(#6384));
#6386=IFCPRODUCTDEFINITIONSHAPE($,$,(#6385));
#6387=IFCCARTESIANPOINT((0.,0.,0.));
#6388=IFCAXIS2PLACEMENT3D(#6387,#8,#9);
#6389=IFCLOCALPLACEMENT(#35,#6388);
#6390=IFCBEAM('13VPcYksrDauo3oIoXlx0j',$,'VS-038','IPE 160',$,#6389,#6386,'VS-038',$);
#6391=IFCRELASSOCIATESMATERIAL('2PwNv0aBT4k93n9m5T3WSQ',$,$,$,(#6390),#40);
#6392=IFCCARTESIANPOINT((4875.,14840.,0.));
#6393=IFCCARTESIANPOINT((4875.,19510.,0.));
#6394=IFCPOLYLINE((#6392,#6393));
#6395=IFCSHAPEREPRESENTATION(#12,'Axis','Curve3D',(#6394));
#6396=IFCPRODUCTDEFINITIONSHAPE($,$,(#6395));
#6397=IFCCARTESIANPOINT((0.,0.,0.));
#6398=IFCAXIS2PLACEMENT3D(#6397,#8,#9);
#6399=IFCLOCALPLACEMENT(#35,#6398);
#6400=IFCBEAM('0w0HbcUOD5qvFK_YbSkv2S',$,'VS-039','IPE 160',$,#6399,#6396,'VS-039',$);
#6401=IFCRELASSOCIATESMATERIAL('114rCVTe98lejfWmZooG7j',$,$,$,(#6400),#40);
#6402=IFCCARTESIANPOINT((7583.3000000000002,5500.,0.));
#6403=IFCCARTESIANPOINT((7583.3000000000002,10170.,0.));
#6404=IFCPOLYLINE((#6402,#6403));
#6405=IFCSHAPEREPRESENTATION(#12,'Axis','Curve3D',(#6404));
#6406=IFCPRODUCTDEFINITIONSHAPE($,$,(#6405));
#6407=IFCCARTESIANPOINT((0.,0.,0.));
#6408=IFCAXIS2PLACEMENT3D(#6407,#8,#9);
#6409=IFCLOCALPLACEMENT(#27,#6408);
#6410=IFCBEAM('2p_$3R$r9CNBWjshhO_$zI',$,'VS-040','IPE 240',$,#6409,#6406,'VS-040',$);
#6411=IFCRELASSOCIATESMATERIAL('1LT8z0pDX6m8txlG58sjlN',$,$,$,(#6410),#40);
#6412=IFCCARTESIANPOINT((7583.3000000000002,10170.,0.));
#6413=IFCCARTESIANPOINT((7583.3000000000002,14840.,0.));
#6414=IFCPOLYLINE((#6412,#6413));
#6415=IFCSHAPEREPRESENTATION(#12,'Axis','Curve3D',(#6414));
#6416=IFCPRODUCTDEFINITIONSHAPE($,$,(#6415));
#6417=IFCCARTESIANPOINT((0.,0.,0.));
#6418=IFCAXIS2PLACEMENT3D(#6417,#8,#9);
#6419=IFCLOCALPLACEMENT(#27,#6418);
#6420=IFCBEAM('0iDC8p5Pf8IflaudjyJEbn',$,'VS-041','IPE 240',$,#6419,#6416,'VS-041',$);
#6421=IFCRELASSOCIATESMATERIAL('21spsD0oDFnRagk20h2J59',$,$,$,(#6420),#40);
#6422=IFCCARTESIANPOINT((7583.3000000000002,14840.,0.));
#6423=IFCCARTESIANPOINT((7583.3000000000002,19510.,0.));
#6424=IFCPOLYLINE((#6422,#6423));
#6425=IFCSHAPEREPRESENTATION(#12,'Axis','Curve3D',(#6424));
#6426=IFCPRODUCTDEFINITIONSHAPE($,$,(#6425));
#6427=IFCCARTESIANPOINT((0.,0.,0.));
#6428=IFCAXIS2PLACEMENT3D(#6427,#8,#9);
#6429=IFCLOCALPLACEMENT(#27,#6428);
#6430=IFCBEAM('2BDGf_dM9AEgztb3R8CZl6',$,'VS-042','IPE 240',$,#6429,#6426,'VS-042',$);
#6431=IFCRELASSOCIATESMATERIAL('3UGiGt3Zn7qh42icSAlBzX',$,$,$,(#6430),#40);
#6432=IFCCARTESIANPOINT((8666.7000000000007,5500.,0.));
#6433=IFCCARTESIANPOINT((8666.7000000000007,10170.,0.));
#6434=IFCPOLYLINE((#6432,#6433));
#6435=IFCSHAPEREPRESENTATION(#12,'Axis','Curve3D',(#6434));
#6436=IFCPRODUCTDEFINITIONSHAPE($,$,(#6435));
#6437=IFCCARTESIANPOINT((0.,0.,0.));
#6438=IFCAXIS2PLACEMENT3D(#6437,#8,#9);
#6439=IFCLOCALPLACEMENT(#27,#6438);
#6440=IFCBEAM('0cT3mzXrf4xvUSG62NazyA',$,'VS-043','IPE 200',$,#6439,#6436,'VS-043',$);
#6441=IFCRELASSOCIATESMATERIAL('1xQUqXb7D6zuWLCbyZ2cD8',$,$,$,(#6440),#40);
#6442=IFCCARTESIANPOINT((8666.7000000000007,10170.,0.));
#6443=IFCCARTESIANPOINT((8666.7000000000007,14840.,0.));
#6444=IFCPOLYLINE((#6442,#6443));
#6445=IFCSHAPEREPRESENTATION(#12,'Axis','Curve3D',(#6444));
#6446=IFCPRODUCTDEFINITIONSHAPE($,$,(#6445));
#6447=IFCCARTESIANPOINT((0.,0.,0.));
#6448=IFCAXIS2PLACEMENT3D(#6447,#8,#9);
#6449=IFCLOCALPLACEMENT(#27,#6448);
#6450=IFCBEAM('1WdiuZUVz9eOSBQElNL3yT',$,'VS-044','IPE 200',$,#6449,#6446,'VS-044',$);
#6451=IFCRELASSOCIATESMATERIAL('1WsselPbrF2RUn_y43omjS',$,$,$,(#6450),#40);
#6452=IFCCARTESIANPOINT((8666.7000000000007,14840.,0.));
#6453=IFCCARTESIANPOINT((8666.7000000000007,19510.,0.));
#6454=IFCPOLYLINE((#6452,#6453));
#6455=IFCSHAPEREPRESENTATION(#12,'Axis','Curve3D',(#6454));
#6456=IFCPRODUCTDEFINITIONSHAPE($,$,(#6455));
#6457=IFCCARTESIANPOINT((0.,0.,0.));
#6458=IFCAXIS2PLACEMENT3D(#6457,#8,#9);
#6459=IFCLOCALPLACEMENT(#27,#6458);
#6460=IFCBEAM('03GgZzuYv3_h$1HPR2lmBS',$,'VS-045','IPE 200',$,#6459,#6456,'VS-045',$);
#6461=IFCRELASSOCIATESMATERIAL('3x7gMWvkj2ixUBFZZNUaDv',$,$,$,(#6460),#40);
#6462=IFCCARTESIANPOINT((9750.,5500.,0.));
#6463=IFCCARTESIANPOINT((9750.,10170.,0.));
#6464=IFCPOLYLINE((#6462,#6463));
#6465=IFCSHAPEREPRESENTATION(#12,'Axis','Curve3D',(#6464));
#6466=IFCPRODUCTDEFINITIONSHAPE($,$,(#6465));
#6467=IFCCARTESIANPOINT((0.,0.,0.));
#6468=IFCAXIS2PLACEMENT3D(#6467,#8,#9);
#6469=IFCLOCALPLACEMENT(#27,#6468);
#6470=IFCBEAM('2yjiyaLM9828fbnLL51uWF',$,'VS-046','IPE 200',$,#6469,#6466,'VS-046',$);
#6471=IFCRELASSOCIATESMATERIAL('1C7InwwNnDiftn_DaFIc2H',$,$,$,(#6470),#40);
#6472=IFCCARTESIANPOINT((9750.,10170.,0.));
#6473=IFCCARTESIANPOINT((9750.,14840.,0.));
#6474=IFCPOLYLINE((#6472,#6473));
#6475=IFCSHAPEREPRESENTATION(#12,'Axis','Curve3D',(#6474));
#6476=IFCPRODUCTDEFINITIONSHAPE($,$,(#6475));
#6477=IFCCARTESIANPOINT((0.,0.,0.));
#6478=IFCAXIS2PLACEMENT3D(#6477,#8,#9);
#6479=IFCLOCALPLACEMENT(#27,#6478);
#6480=IFCBEAM('3H0NqzmIH3lgMoxyGloOE7',$,'VS-047','IPE 200',$,#6479,#6476,'VS-047',$);
#6481=IFCRELASSOCIATESMATERIAL('0lpfwIdibDehD$Arw2eJhW',$,$,$,(#6480),#40);
#6482=IFCCARTESIANPOINT((9750.,14840.,0.));
#6483=IFCCARTESIANPOINT((9750.,19510.,0.));
#6484=IFCPOLYLINE((#6482,#6483));
#6485=IFCSHAPEREPRESENTATION(#12,'Axis','Curve3D',(#6484));
#6486=IFCPRODUCTDEFINITIONSHAPE($,$,(#6485));
#6487=IFCCARTESIANPOINT((0.,0.,0.));
#6488=IFCAXIS2PLACEMENT3D(#6487,#8,#9);
#6489=IFCLOCALPLACEMENT(#27,#6488);
#6490=IFCBEAM('1PgXAH8iLBR9TN3rNpeiY_',$,'VS-048','IPE 200',$,#6489,#6486,'VS-048',$);
#6491=IFCRELASSOCIATESMATERIAL('3Rdpd8St5DO9WYQK22QvhQ',$,$,$,(#6490),#40);
#6492=IFCCARTESIANPOINT((10833.299999999999,5500.,0.));
#6493=IFCCARTESIANPOINT((10833.299999999999,10170.,0.));
#6494=IFCPOLYLINE((#6492,#6493));
#6495=IFCSHAPEREPRESENTATION(#12,'Axis','Curve3D',(#6494));
#6496=IFCPRODUCTDEFINITIONSHAPE($,$,(#6495));
#6497=IFCCARTESIANPOINT((0.,0.,0.));
#6498=IFCAXIS2PLACEMENT3D(#6497,#8,#9);
#6499=IFCLOCALPLACEMENT(#27,#6498);
#6500=IFCBEAM('24spVLzfz7Hf3Mcp1z5uQK',$,'VS-049','IPE 200',$,#6499,#6496,'VS-049',$);
#6501=IFCRELASSOCIATESMATERIAL('32tnWkHYv0jvqWp$juTtBP',$,$,$,(#6500),#40);
#6502=IFCCARTESIANPOINT((10833.299999999999,10170.,0.));
#6503=IFCCARTESIANPOINT((10833.299999999999,14840.,0.));
#6504=IFCPOLYLINE((#6502,#6503));
#6505=IFCSHAPEREPRESENTATION(#12,'Axis','Curve3D',(#6504));
#6506=IFCPRODUCTDEFINITIONSHAPE($,$,(#6505));
#6507=IFCCARTESIANPOINT((0.,0.,0.));
#6508=IFCAXIS2PLACEMENT3D(#6507,#8,#9);
#6509=IFCLOCALPLACEMENT(#27,#6508);
#6510=IFCBEAM('3MBQZmvdfB8wzh_CL4elj3',$,'VS-050','IPE 200',$,#6509,#6506,'VS-050',$);
#6511=IFCRELASSOCIATESMATERIAL('3AR_ELIU5A8eU24rJVbQM8',$,$,$,(#6510),#40);
#6512=IFCCARTESIANPOINT((10833.299999999999,14840.,0.));
#6513=IFCCARTESIANPOINT((10833.299999999999,19510.,0.));
#6514=IFCPOLYLINE((#6512,#6513));
#6515=IFCSHAPEREPRESENTATION(#12,'Axis','Curve3D',(#6514));
#6516=IFCPRODUCTDEFINITIONSHAPE($,$,(#6515));
#6517=IFCCARTESIANPOINT((0.,0.,0.));
#6518=IFCAXIS2PLACEMENT3D(#6517,#8,#9);
#6519=IFCLOCALPLACEMENT(#27,#6518);
#6520=IFCBEAM('2yMVMkBk5CXA2qpX$ObCSD',$,'VS-051','IPE 200',$,#6519,#6516,'VS-051',$);
#6521=IFCRELASSOCIATESMATERIAL('3pD3dZ12v5OON_mhJgpUZr',$,$,$,(#6520),#40);
#6522=IFCCARTESIANPOINT((11916.700000000001,5500.,0.));
#6523=IFCCARTESIANPOINT((11916.700000000001,10170.,0.));
#6524=IFCPOLYLINE((#6522,#6523));
#6525=IFCSHAPEREPRESENTATION(#12,'Axis','Curve3D',(#6524));
#6526=IFCPRODUCTDEFINITIONSHAPE($,$,(#6525));
#6527=IFCCARTESIANPOINT((0.,0.,0.));
#6528=IFCAXIS2PLACEMENT3D(#6527,#8,#9);
#6529=IFCLOCALPLACEMENT(#27,#6528);
#6530=IFCBEAM('0iw_kVfnfCducLr9lffSp5',$,'VS-052','IPE 240',$,#6529,#6526,'VS-052',$);
#6531=IFCRELASSOCIATESMATERIAL('1ii53Sdd1CvAzKDruoQX68',$,$,$,(#6530),#40);
#6532=IFCCARTESIANPOINT((11916.700000000001,10170.,0.));
#6533=IFCCARTESIANPOINT((11916.700000000001,14840.,0.));
#6534=IFCPOLYLINE((#6532,#6533));
#6535=IFCSHAPEREPRESENTATION(#12,'Axis','Curve3D',(#6534));
#6536=IFCPRODUCTDEFINITIONSHAPE($,$,(#6535));
#6537=IFCCARTESIANPOINT((0.,0.,0.));
#6538=IFCAXIS2PLACEMENT3D(#6537,#8,#9);
#6539=IFCLOCALPLACEMENT(#27,#6538);
#6540=IFCBEAM('1$_4011er26wAzQM0Cym3P',$,'VS-053','IPE 240',$,#6539,#6536,'VS-053',$);
#6541=IFCRELASSOCIATESMATERIAL('3X1w1i$Pz4MR6WNe6D226z',$,$,$,(#6540),#40);
#6542=IFCCARTESIANPOINT((11916.700000000001,14840.,0.));
#6543=IFCCARTESIANPOINT((11916.700000000001,19510.,0.));
#6544=IFCPOLYLINE((#6542,#6543));
#6545=IFCSHAPEREPRESENTATION(#12,'Axis','Curve3D',(#6544));
#6546=IFCPRODUCTDEFINITIONSHAPE($,$,(#6545));
#6547=IFCCARTESIANPOINT((0.,0.,0.));
#6548=IFCAXIS2PLACEMENT3D(#6547,#8,#9);
#6549=IFCLOCALPLACEMENT(#27,#6548);
#6550=IFCBEAM('2o4Key80TA3A5IDOuRYcj2',$,'VS-054','IPE 240',$,#6549,#6546,'VS-054',$);
#6551=IFCRELASSOCIATESMATERIAL('3UvR4HA_L4zfYQb5lQnRuW',$,$,$,(#6550),#40);
#6552=IFCCARTESIANPOINT((7583.3000000000002,5500.,0.));
#6553=IFCCARTESIANPOINT((7583.3000000000002,10170.,0.));
#6554=IFCPOLYLINE((#6552,#6553));
#6555=IFCSHAPEREPRESENTATION(#12,'Axis','Curve3D',(#6554));
#6556=IFCPRODUCTDEFINITIONSHAPE($,$,(#6555));
#6557=IFCCARTESIANPOINT((0.,0.,0.));
#6558=IFCAXIS2PLACEMENT3D(#6557,#8,#9);
#6559=IFCLOCALPLACEMENT(#31,#6558);
#6560=IFCBEAM('3Ho7CMgXr158SvkApBlez5',$,'VS-055','IPE 240',$,#6559,#6556,'VS-055',$);
#6561=IFCRELASSOCIATESMATERIAL('31YYNoQcX89Obt1HJsWPMq',$,$,$,(#6560),#40);
#6562=IFCCARTESIANPOINT((7583.3000000000002,10170.,0.));
#6563=IFCCARTESIANPOINT((7583.3000000000002,14840.,0.));
#6564=IFCPOLYLINE((#6562,#6563));
#6565=IFCSHAPEREPRESENTATION(#12,'Axis','Curve3D',(#6564));
#6566=IFCPRODUCTDEFINITIONSHAPE($,$,(#6565));
#6567=IFCCARTESIANPOINT((0.,0.,0.));
#6568=IFCAXIS2PLACEMENT3D(#6567,#8,#9);
#6569=IFCLOCALPLACEMENT(#31,#6568);
#6570=IFCBEAM('14H2w0ULPDiAdrYmimcfg9',$,'VS-056','IPE 240',$,#6569,#6566,'VS-056',$);
#6571=IFCRELASSOCIATESMATERIAL('28OzPEPrDBEBC2koe0ZBDh',$,$,$,(#6570),#40);
#6572=IFCCARTESIANPOINT((7583.3000000000002,14840.,0.));
#6573=IFCCARTESIANPOINT((7583.3000000000002,19510.,0.));
#6574=IFCPOLYLINE((#6572,#6573));
#6575=IFCSHAPEREPRESENTATION(#12,'Axis','Curve3D',(#6574));
#6576=IFCPRODUCTDEFINITIONSHAPE($,$,(#6575));
#6577=IFCCARTESIANPOINT((0.,0.,0.));
#6578=IFCAXIS2PLACEMENT3D(#6577,#8,#9);
#6579=IFCLOCALPLACEMENT(#31,#6578);
#6580=IFCBEAM('34cZLw_C93DAgKaHe2JJ62',$,'VS-057','IPE 240',$,#6579,#6576,'VS-057',$);
#6581=IFCRELASSOCIATESMATERIAL('0S2731_M5Ah8hQoNgsnNU_',$,$,$,(#6580),#40);
#6582=IFCCARTESIANPOINT((8666.7000000000007,5500.,0.));
#6583=IFCCARTESIANPOINT((8666.7000000000007,10170.,0.));
#6584=IFCPOLYLINE((#6582,#6583));
#6585=IFCSHAPEREPRESENTATION(#12,'Axis','Curve3D',(#6584));
#6586=IFCPRODUCTDEFINITIONSHAPE($,$,(#6585));
#6587=IFCCARTESIANPOINT((0.,0.,0.));
#6588=IFCAXIS2PLACEMENT3D(#6587,#8,#9);
#6589=IFCLOCALPLACEMENT(#31,#6588);
#6590=IFCBEAM('3wMxc8IYfB4e7mWVGQl9e0',$,'VS-058','IPE 200',$,#6589,#6586,'VS-058',$);
#6591=IFCRELASSOCIATESMATERIAL('3J8VY13Br789XXapCydxUs',$,$,$,(#6590),#40);
#6592=IFCCARTESIANPOINT((8666.7000000000007,10170.,0.));
#6593=IFCCARTESIANPOINT((8666.7000000000007,14840.,0.));
#6594=IFCPOLYLINE((#6592,#6593));
#6595=IFCSHAPEREPRESENTATION(#12,'Axis','Curve3D',(#6594));
#6596=IFCPRODUCTDEFINITIONSHAPE($,$,(#6595));
#6597=IFCCARTESIANPOINT((0.,0.,0.));
#6598=IFCAXIS2PLACEMENT3D(#6597,#8,#9);
#6599=IFCLOCALPLACEMENT(#31,#6598);
#6600=IFCBEAM('1mxnaSRUP8rw1j7pb96buB',$,'VS-059','IPE 200',$,#6599,#6596,'VS-059',$);
#6601=IFCRELASSOCIATESMATERIAL('08FH4bUOX2rA0IMp3ExNGf',$,$,$,(#6600),#40);
#6602=IFCCARTESIANPOINT((8666.7000000000007,14840.,0.));
#6603=IFCCARTESIANPOINT((8666.7000000000007,19510.,0.));
#6604=IFCPOLYLINE((#6602,#6603));
#6605=IFCSHAPEREPRESENTATION(#12,'Axis','Curve3D',(#6604));
#6606=IFCPRODUCTDEFINITIONSHAPE($,$,(#6605));
#6607=IFCCARTESIANPOINT((0.,0.,0.));
#6608=IFCAXIS2PLACEMENT3D(#6607,#8,#9);
#6609=IFCLOCALPLACEMENT(#31,#6608);
#6610=IFCBEAM('3uisGwDyn8YegHy7oNVTYa',$,'VS-060','IPE 200',$,#6609,#6606,'VS-060',$);
#6611=IFCRELASSOCIATESMATERIAL('1RUSpvmanAUeon14joa69$',$,$,$,(#6610),#40);
#6612=IFCCARTESIANPOINT((9750.,5500.,0.));
#6613=IFCCARTESIANPOINT((9750.,10170.,0.));
#6614=IFCPOLYLINE((#6612,#6613));
#6615=IFCSHAPEREPRESENTATION(#12,'Axis','Curve3D',(#6614));
#6616=IFCPRODUCTDEFINITIONSHAPE($,$,(#6615));
#6617=IFCCARTESIANPOINT((0.,0.,0.));
#6618=IFCAXIS2PLACEMENT3D(#6617,#8,#9);
#6619=IFCLOCALPLACEMENT(#31,#6618);
#6620=IFCBEAM('3rdcHnORT2$AMHaWoUzn2i',$,'VS-061','IPE 200',$,#6619,#6616,'VS-061',$);
#6621=IFCRELASSOCIATESMATERIAL('3eG8_qBoL1uxBo0kuKumue',$,$,$,(#6620),#40);
#6622=IFCCARTESIANPOINT((9750.,10170.,0.));
#6623=IFCCARTESIANPOINT((9750.,14840.,0.));
#6624=IFCPOLYLINE((#6622,#6623));
#6625=IFCSHAPEREPRESENTATION(#12,'Axis','Curve3D',(#6624));
#6626=IFCPRODUCTDEFINITIONSHAPE($,$,(#6625));
#6627=IFCCARTESIANPOINT((0.,0.,0.));
#6628=IFCAXIS2PLACEMENT3D(#6627,#8,#9);
#6629=IFCLOCALPLACEMENT(#31,#6628);
#6630=IFCBEAM('3$7GNHHnD9kAkZVQ87p5fy',$,'VS-062','IPE 200',$,#6629,#6626,'VS-062',$);
#6631=IFCRELASSOCIATESMATERIAL('2$o2D3xqv8gh9IVe2_J_Ds',$,$,$,(#6630),#40);
#6632=IFCCARTESIANPOINT((9750.,14840.,0.));
#6633=IFCCARTESIANPOINT((9750.,19510.,0.));
#6634=IFCPOLYLINE((#6632,#6633));
#6635=IFCSHAPEREPRESENTATION(#12,'Axis','Curve3D',(#6634));
#6636=IFCPRODUCTDEFINITIONSHAPE($,$,(#6635));
#6637=IFCCARTESIANPOINT((0.,0.,0.));
#6638=IFCAXIS2PLACEMENT3D(#6637,#8,#9);
#6639=IFCLOCALPLACEMENT(#31,#6638);
#6640=IFCBEAM('03Z5vSZJ558PzkNsPuQsX5',$,'VS-063','IPE 200',$,#6639,#6636,'VS-063',$);
#6641=IFCRELASSOCIATESMATERIAL('2N3whQXWr3oeGcpgEM2sSy',$,$,$,(#6640),#40);
#6642=IFCCARTESIANPOINT((10833.299999999999,5500.,0.));
#6643=IFCCARTESIANPOINT((10833.299999999999,10170.,0.));
#6644=IFCPOLYLINE((#6642,#6643));
#6645=IFCSHAPEREPRESENTATION(#12,'Axis','Curve3D',(#6644));
#6646=IFCPRODUCTDEFINITIONSHAPE($,$,(#6645));
#6647=IFCCARTESIANPOINT((0.,0.,0.));
#6648=IFCAXIS2PLACEMENT3D(#6647,#8,#9);
#6649=IFCLOCALPLACEMENT(#31,#6648);
#6650=IFCBEAM('0rEEILcav3qBBw3IFGuYEz',$,'VS-064','IPE 200',$,#6649,#6646,'VS-064',$);
#6651=IFCRELASSOCIATESMATERIAL('1EVKEgyYL1EAouaAQPVa1X',$,$,$,(#6650),#40);
#6652=IFCCARTESIANPOINT((10833.299999999999,10170.,0.));
#6653=IFCCARTESIANPOINT((10833.299999999999,14840.,0.));
#6654=IFCPOLYLINE((#6652,#6653));
#6655=IFCSHAPEREPRESENTATION(#12,'Axis','Curve3D',(#6654));
#6656=IFCPRODUCTDEFINITIONSHAPE($,$,(#6655));
#6657=IFCCARTESIANPOINT((0.,0.,0.));
#6658=IFCAXIS2PLACEMENT3D(#6657,#8,#9);
#6659=IFCLOCALPLACEMENT(#31,#6658);
#6660=IFCBEAM('2hbHANmZrEIO0$VndalBgi',$,'VS-065','IPE 200',$,#6659,#6656,'VS-065',$);
#6661=IFCRELASSOCIATESMATERIAL('2RSx1sCur6h8l9aV5NZMos',$,$,$,(#6660),#40);
#6662=IFCCARTESIANPOINT((10833.299999999999,14840.,0.));
#6663=IFCCARTESIANPOINT((10833.299999999999,19510.,0.));
#6664=IFCPOLYLINE((#6662,#6663));
#6665=IFCSHAPEREPRESENTATION(#12,'Axis','Curve3D',(#6664));
#6666=IFCPRODUCTDEFINITIONSHAPE($,$,(#6665));
#6667=IFCCARTESIANPOINT((0.,0.,0.));
#6668=IFCAXIS2PLACEMENT3D(#6667,#8,#9);
#6669=IFCLOCALPLACEMENT(#31,#6668);
#6670=IFCBEAM('09EvMaK_H5a8a0gltz_5GR',$,'VS-066','IPE 200',$,#6669,#6666,'VS-066',$);
#6671=IFCRELASSOCIATESMATERIAL('1hp96dXDD5RfgZZxAXOsf9',$,$,$,(#6670),#40);
#6672=IFCCARTESIANPOINT((11916.700000000001,5500.,0.));
#6673=IFCCARTESIANPOINT((11916.700000000001,10170.,0.));
#6674=IFCPOLYLINE((#6672,#6673));
#6675=IFCSHAPEREPRESENTATION(#12,'Axis','Curve3D',(#6674));
#6676=IFCPRODUCTDEFINITIONSHAPE($,$,(#6675));
#6677=IFCCARTESIANPOINT((0.,0.,0.));
#6678=IFCAXIS2PLACEMENT3D(#6677,#8,#9);
#6679=IFCLOCALPLACEMENT(#31,#6678);
#6680=IFCBEAM('2Rcj9KfEPFrxM6XgLz36ty',$,'VS-067','IPE 240',$,#6679,#6676,'VS-067',$);
#6681=IFCRELASSOCIATESMATERIAL('2pdbLkgCX3xQBkk6Osmv$d',$,$,$,(#6680),#40);
#6682=IFCCARTESIANPOINT((11916.700000000001,10170.,0.));
#6683=IFCCARTESIANPOINT((11916.700000000001,14840.,0.));
#6684=IFCPOLYLINE((#6682,#6683));
#6685=IFCSHAPEREPRESENTATION(#12,'Axis','Curve3D',(#6684));
#6686=IFCPRODUCTDEFINITIONSHAPE($,$,(#6685));
#6687=IFCCARTESIANPOINT((0.,0.,0.));
#6688=IFCAXIS2PLACEMENT3D(#6687,#8,#9);
#6689=IFCLOCALPLACEMENT(#31,#6688);
#6690=IFCBEAM('28c0U9WQLFcfr0PlJSXzLl',$,'VS-068','IPE 240',$,#6689,#6686,'VS-068',$);
#6691=IFCRELASSOCIATESMATERIAL('0OLdysEAf0wvQXzNr_uOao',$,$,$,(#6690),#40);
#6692=IFCCARTESIANPOINT((11916.700000000001,14840.,0.));
#6693=IFCCARTESIANPOINT((11916.700000000001,19510.,0.));
#6694=IFCPOLYLINE((#6692,#6693));
#6695=IFCSHAPEREPRESENTATION(#12,'Axis','Curve3D',(#6694));
#6696=IFCPRODUCTDEFINITIONSHAPE($,$,(#6695));
#6697=IFCCARTESIANPOINT((0.,0.,0.));
#6698=IFCAXIS2PLACEMENT3D(#6697,#8,#9);
#6699=IFCLOCALPLACEMENT(#31,#6698);
#6700=IFCBEAM('1gpbZ0eTbESxbZA1duWHOp',$,'VS-069','IPE 240',$,#6699,#6696,'VS-069',$);
#6701=IFCRELASSOCIATESMATERIAL('0nPHgnxZv9092$CtU7O5JT',$,$,$,(#6700),#40);
#6702=IFCCARTESIANPOINT((8125.,5500.,0.));
#6703=IFCCARTESIANPOINT((8125.,10170.,0.));
#6704=IFCPOLYLINE((#6702,#6703));
#6705=IFCSHAPEREPRESENTATION(#12,'Axis','Curve3D',(#6704));
#6706=IFCPRODUCTDEFINITIONSHAPE($,$,(#6705));
#6707=IFCCARTESIANPOINT((0.,0.,0.));
#6708=IFCAXIS2PLACEMENT3D(#6707,#8,#9);
#6709=IFCLOCALPLACEMENT(#35,#6708);
#6710=IFCBEAM('11EZundgn0pwH3s$daGY_K',$,'VS-070','IPE 160',$,#6709,#6706,'VS-070',$);
#6711=IFCRELASSOCIATESMATERIAL('0d7tpc$HfF$9ikqo9ivixr',$,$,$,(#6710),#40);
#6712=IFCCARTESIANPOINT((8125.,10170.,0.));
#6713=IFCCARTESIANPOINT((8125.,14840.,0.));
#6714=IFCPOLYLINE((#6712,#6713));
#6715=IFCSHAPEREPRESENTATION(#12,'Axis','Curve3D',(#6714));
#6716=IFCPRODUCTDEFINITIONSHAPE($,$,(#6715));
#6717=IFCCARTESIANPOINT((0.,0.,0.));
#6718=IFCAXIS2PLACEMENT3D(#6717,#8,#9);
#6719=IFCLOCALPLACEMENT(#35,#6718);
#6720=IFCBEAM('1WRX3ZEUzCN9fajmaBx5nP',$,'VS-071','IPE 160',$,#6719,#6716,'VS-071',$);
#6721=IFCRELASSOCIATESMATERIAL('14i$ijo21DOf68BVQmHSKx',$,$,$,(#6720),#40);
#6722=IFCCARTESIANPOINT((8125.,14840.,0.));
#6723=IFCCARTESIANPOINT((8125.,19510.,0.));
#6724=IFCPOLYLINE((#6722,#6723));
#6725=IFCSHAPEREPRESENTATION(#12,'Axis','Curve3D',(#6724));
#6726=IFCPRODUCTDEFINITIONSHAPE($,$,(#6725));
#6727=IFCCARTESIANPOINT((0.,0.,0.));
#6728=IFCAXIS2PLACEMENT3D(#6727,#8,#9);
#6729=IFCLOCALPLACEMENT(#35,#6728);
#6730=IFCBEAM('1Y$xI8zX98FAEOG22WJBN_',$,'VS-072','IPE 160',$,#6729,#6726,'VS-072',$);
#6731=IFCRELASSOCIATESMATERIAL('1VAkPtxmzBePy7gCxCrOFM',$,$,$,(#6730),#40);
#6732=IFCCARTESIANPOINT((9750.,5500.,0.));
#6733=IFCCARTESIANPOINT((9750.,10170.,0.));
#6734=IFCPOLYLINE((#6732,#6733));
#6735=IFCSHAPEREPRESENTATION(#12,'Axis','Curve3D',(#6734));
#6736=IFCPRODUCTDEFINITIONSHAPE($,$,(#6735));
#6737=IFCCARTESIANPOINT((0.,0.,0.));
#6738=IFCAXIS2PLACEMENT3D(#6737,#8,#9);
#6739=IFCLOCALPLACEMENT(#35,#6738);
#6740=IFCBEAM('3gdCPw2MnBdgUFqNlVzqv2',$,'VS-073','IPE 160',$,#6739,#6736,'VS-073',$);
#6741=IFCRELASSOCIATESMATERIAL('3tTBHTJUbCwRMAiJLOX92j',$,$,$,(#6740),#40);
#6742=IFCCARTESIANPOINT((9750.,10170.,0.));
#6743=IFCCARTESIANPOINT((9750.,14840.,0.));
#6744=IFCPOLYLINE((#6742,#6743));
#6745=IFCSHAPEREPRESENTATION(#12,'Axis','Curve3D',(#6744));
#6746=IFCPRODUCTDEFINITIONSHAPE($,$,(#6745));
#6747=IFCCARTESIANPOINT((0.,0.,0.));
#6748=IFCAXIS2PLACEMENT3D(#6747,#8,#9);
#6749=IFCLOCALPLACEMENT(#35,#6748);
#6750=IFCBEAM('3PAv1isV11uP6Ne7DBSlnY',$,'VS-074','IPE 160',$,#6749,#6746,'VS-074',$);
#6751=IFCRELASSOCIATESMATERIAL('2$x3$6wPr2phvRadNiUOlu',$,$,$,(#6750),#40);
#6752=IFCCARTESIANPOINT((9750.,14840.,0.));
#6753=IFCCARTESIANPOINT((9750.,19510.,0.));
#6754=IFCPOLYLINE((#6752,#6753));
#6755=IFCSHAPEREPRESENTATION(#12,'Axis','Curve3D',(#6754));
#6756=IFCPRODUCTDEFINITIONSHAPE($,$,(#6755));
#6757=IFCCARTESIANPOINT((0.,0.,0.));
#6758=IFCAXIS2PLACEMENT3D(#6757,#8,#9);
#6759=IFCLOCALPLACEMENT(#35,#6758);
#6760=IFCBEAM('36ERdivV92oO2AMkRBqAYi',$,'VS-075','IPE 160',$,#6759,#6756,'VS-075',$);
#6761=IFCRELASSOCIATESMATERIAL('0lyME$BJLFIwsvR0ubHtQG',$,$,$,(#6760),#40);
#6762=IFCCARTESIANPOINT((11375.,5500.,0.));
#6763=IFCCARTESIANPOINT((11375.,10170.,0.));
#6764=IFCPOLYLINE((#6762,#6763));
#6765=IFCSHAPEREPRESENTATION(#12,'Axis','Curve3D',(#6764));
#6766=IFCPRODUCTDEFINITIONSHAPE($,$,(#6765));
#6767=IFCCARTESIANPOINT((0.,0.,0.));
#6768=IFCAXIS2PLACEMENT3D(#6767,#8,#9);
#6769=IFCLOCALPLACEMENT(#35,#6768);
#6770=IFCBEAM('3STqp3JyD3JPE7pVaCGCUf',$,'VS-076','IPE 160',$,#6769,#6766,'VS-076',$);
#6771=IFCRELASSOCIATESMATERIAL('2cPeCFdBL3fvPlaO6qgQe2',$,$,$,(#6770),#40);
#6772=IFCCARTESIANPOINT((11375.,10170.,0.));
#6773=IFCCARTESIANPOINT((11375.,14840.,0.));
#6774=IFCPOLYLINE((#6772,#6773));
#6775=IFCSHAPEREPRESENTATION(#12,'Axis','Curve3D',(#6774));
#6776=IFCPRODUCTDEFINITIONSHAPE($,$,(#6775));
#6777=IFCCARTESIANPOINT((0.,0.,0.));
#6778=IFCAXIS2PLACEMENT3D(#6777,#8,#9);
#6779=IFCLOCALPLACEMENT(#35,#6778);
#6780=IFCBEAM('1j6jeM605Fae76eE_ieG7z',$,'VS-077','IPE 160',$,#6779,#6776,'VS-077',$);
#6781=IFCRELASSOCIATESMATERIAL('0mgG4_RLv13Oo4wDbKr1mK',$,$,$,(#6780),#40);
#6782=IFCCARTESIANPOINT((11375.,14840.,0.));
#6783=IFCCARTESIANPOINT((11375.,19510.,0.));
#6784=IFCPOLYLINE((#6782,#6783));
#6785=IFCSHAPEREPRESENTATION(#12,'Axis','Curve3D',(#6784));
#6786=IFCPRODUCTDEFINITIONSHAPE($,$,(#6785));
#6787=IFCCARTESIANPOINT((0.,0.,0.));
#6788=IFCAXIS2PLACEMENT3D(#6787,#8,#9);
#6789=IFCLOCALPLACEMENT(#35,#6788);
#6790=IFCBEAM('1r2prW1Sj4TOoygbw7MfFc',$,'VS-078','IPE 160',$,#6789,#6786,'VS-078',$);
#6791=IFCRELASSOCIATESMATERIAL('3GCUk_zZf7M8j3$_58B6Q$',$,$,$,(#6790),#40);
#6792=IFCCARTESIANPOINT((14083.299999999999,5500.,0.));
#6793=IFCCARTESIANPOINT((14083.299999999999,10170.,0.));
#6794=IFCPOLYLINE((#6792,#6793));
#6795=IFCSHAPEREPRESENTATION(#12,'Axis','Curve3D',(#6794));
#6796=IFCPRODUCTDEFINITIONSHAPE($,$,(#6795));
#6797=IFCCARTESIANPOINT((0.,0.,0.));
#6798=IFCAXIS2PLACEMENT3D(#6797,#8,#9);
#6799=IFCLOCALPLACEMENT(#27,#6798);
#6800=IFCBEAM('21QM$7s$X5$u1rhZTiMVjO',$,'VS-079','IPE 240',$,#6799,#6796,'VS-079',$);
#6801=IFCRELASSOCIATESMATERIAL('2uT2oRiPPFngRS7ER7USxI',$,$,$,(#6800),#40);
#6802=IFCCARTESIANPOINT((14083.299999999999,10170.,0.));
#6803=IFCCARTESIANPOINT((14083.299999999999,14840.,0.));
#6804=IFCPOLYLINE((#6802,#6803));
#6805=IFCSHAPEREPRESENTATION(#12,'Axis','Curve3D',(#6804));
#6806=IFCPRODUCTDEFINITIONSHAPE($,$,(#6805));
#6807=IFCCARTESIANPOINT((0.,0.,0.));
#6808=IFCAXIS2PLACEMENT3D(#6807,#8,#9);
#6809=IFCLOCALPLACEMENT(#27,#6808);
#6810=IFCBEAM('3LHVmb9qXF6eAgDLZgG3Cq',$,'VS-080','IPE 240',$,#6809,#6806,'VS-080',$);
#6811=IFCRELASSOCIATESMATERIAL('3OPeBwrnrBDAOl2_CeSvxS',$,$,$,(#6810),#40);
#6812=IFCCARTESIANPOINT((14083.299999999999,14840.,0.));
#6813=IFCCARTESIANPOINT((14083.299999999999,19510.,0.));
#6814=IFCPOLYLINE((#6812,#6813));
#6815=IFCSHAPEREPRESENTATION(#12,'Axis','Curve3D',(#6814));
#6816=IFCPRODUCTDEFINITIONSHAPE($,$,(#6815));
#6817=IFCCARTESIANPOINT((0.,0.,0.));
#6818=IFCAXIS2PLACEMENT3D(#6817,#8,#9);
#6819=IFCLOCALPLACEMENT(#27,#6818);
#6820=IFCBEAM('1j4A0CieL8BhtCk9fuQehr',$,'VS-081','IPE 240',$,#6819,#6816,'VS-081',$);
#6821=IFCRELASSOCIATESMATERIAL('1cQddeBBT66RZ06kbneGp9',$,$,$,(#6820),#40);
#6822=IFCCARTESIANPOINT((15166.700000000001,5500.,0.));
#6823=IFCCARTESIANPOINT((15166.700000000001,10170.,0.));
#6824=IFCPOLYLINE((#6822,#6823));
#6825=IFCSHAPEREPRESENTATION(#12,'Axis','Curve3D',(#6824));
#6826=IFCPRODUCTDEFINITIONSHAPE($,$,(#6825));
#6827=IFCCARTESIANPOINT((0.,0.,0.));
#6828=IFCAXIS2PLACEMENT3D(#6827,#8,#9);
#6829=IFCLOCALPLACEMENT(#27,#6828);
#6830=IFCBEAM('0OQM2XQSTFsfGs0hFXi8eZ',$,'VS-082','IPE 200',$,#6829,#6826,'VS-082',$);
#6831=IFCRELASSOCIATESMATERIAL('2R$L$XZbHF$ABt2hzprOqR',$,$,$,(#6830),#40);
#6832=IFCCARTESIANPOINT((15166.700000000001,10170.,0.));
#6833=IFCCARTESIANPOINT((15166.700000000001,14840.,0.));
#6834=IFCPOLYLINE((#6832,#6833));
#6835=IFCSHAPEREPRESENTATION(#12,'Axis','Curve3D',(#6834));
#6836=IFCPRODUCTDEFINITIONSHAPE($,$,(#6835));
#6837=IFCCARTESIANPOINT((0.,0.,0.));
#6838=IFCAXIS2PLACEMENT3D(#6837,#8,#9);
#6839=IFCLOCALPLACEMENT(#27,#6838);
#6840=IFCBEAM('0b5k96yIX2TgqFuigcy7nF',$,'VS-083','IPE 200',$,#6839,#6836,'VS-083',$);
#6841=IFCRELASSOCIATESMATERIAL('0onJLAbJT3RODqhCUegzL5',$,$,$,(#6840),#40);
#6842=IFCCARTESIANPOINT((15166.700000000001,14840.,0.));
#6843=IFCCARTESIANPOINT((15166.700000000001,19510.,0.));
#6844=IFCPOLYLINE((#6842,#6843));
#6845=IFCSHAPEREPRESENTATION(#12,'Axis','Curve3D',(#6844));
#6846=IFCPRODUCTDEFINITIONSHAPE($,$,(#6845));
#6847=IFCCARTESIANPOINT((0.,0.,0.));
#6848=IFCAXIS2PLACEMENT3D(#6847,#8,#9);
#6849=IFCLOCALPLACEMENT(#27,#6848);
#6850=IFCBEAM('1Bcrg0ppXFAwmqfJZKnK4$',$,'VS-084','IPE 200',$,#6849,#6846,'VS-084',$);
#6851=IFCRELASSOCIATESMATERIAL('3GDOBedDX4G8WsuLOTLAzq',$,$,$,(#6850),#40);
#6852=IFCCARTESIANPOINT((16250.,5500.,0.));
#6853=IFCCARTESIANPOINT((16250.,10170.,0.));
#6854=IFCPOLYLINE((#6852,#6853));
#6855=IFCSHAPEREPRESENTATION(#12,'Axis','Curve3D',(#6854));
#6856=IFCPRODUCTDEFINITIONSHAPE($,$,(#6855));
#6857=IFCCARTESIANPOINT((0.,0.,0.));
#6858=IFCAXIS2PLACEMENT3D(#6857,#8,#9);
#6859=IFCLOCALPLACEMENT(#27,#6858);
#6860=IFCBEAM('2Xh8tsxV5FlAAmjZgplymF',$,'VS-085','IPE 200',$,#6859,#6856,'VS-085',$);
#6861=IFCRELASSOCIATESMATERIAL('0e__Qc1oT6zeoCArIJ18DY',$,$,$,(#6860),#40);
#6862=IFCCARTESIANPOINT((16250.,10170.,0.));
#6863=IFCCARTESIANPOINT((16250.,14840.,0.));
#6864=IFCPOLYLINE((#6862,#6863));
#6865=IFCSHAPEREPRESENTATION(#12,'Axis','Curve3D',(#6864));
#6866=IFCPRODUCTDEFINITIONSHAPE($,$,(#6865));
#6867=IFCCARTESIANPOINT((0.,0.,0.));
#6868=IFCAXIS2PLACEMENT3D(#6867,#8,#9);
#6869=IFCLOCALPLACEMENT(#27,#6868);
#6870=IFCBEAM('3c78AzlV96S8ryB5VGXGgH',$,'VS-086','IPE 200',$,#6869,#6866,'VS-086',$);
#6871=IFCRELASSOCIATESMATERIAL('1njlpI$hTAJ8YA_MkuC3gL',$,$,$,(#6870),#40);
#6872=IFCCARTESIANPOINT((16250.,14840.,0.));
#6873=IFCCARTESIANPOINT((16250.,19510.,0.));
#6874=IFCPOLYLINE((#6872,#6873));
#6875=IFCSHAPEREPRESENTATION(#12,'Axis','Curve3D',(#6874));
#6876=IFCPRODUCTDEFINITIONSHAPE($,$,(#6875));
#6877=IFCCARTESIANPOINT((0.,0.,0.));
#6878=IFCAXIS2PLACEMENT3D(#6877,#8,#9);
#6879=IFCLOCALPLACEMENT(#27,#6878);
#6880=IFCBEAM('0qAdHzDRDDaBE4YtbIZjvo',$,'VS-087','IPE 200',$,#6879,#6876,'VS-087',$);
#6881=IFCRELASSOCIATESMATERIAL('2BqyZV$Lf5rR2crCrfQtZR',$,$,$,(#6880),#40);
#6882=IFCCARTESIANPOINT((17333.299999999999,5500.,0.));
#6883=IFCCARTESIANPOINT((17333.299999999999,10170.,0.));
#6884=IFCPOLYLINE((#6882,#6883));
#6885=IFCSHAPEREPRESENTATION(#12,'Axis','Curve3D',(#6884));
#6886=IFCPRODUCTDEFINITIONSHAPE($,$,(#6885));
#6887=IFCCARTESIANPOINT((0.,0.,0.));
#6888=IFCAXIS2PLACEMENT3D(#6887,#8,#9);
#6889=IFCLOCALPLACEMENT(#27,#6888);
#6890=IFCBEAM('2MNxcXrkD6ugMoW6lS_h9Y',$,'VS-088','IPE 200',$,#6889,#6886,'VS-088',$);
#6891=IFCRELASSOCIATESMATERIAL('0VukaPD0bEkRPPwB$kDs9s',$,$,$,(#6890),#40);
#6892=IFCCARTESIANPOINT((17333.299999999999,10170.,0.));
#6893=IFCCARTESIANPOINT((17333.299999999999,14840.,0.));
#6894=IFCPOLYLINE((#6892,#6893));
#6895=IFCSHAPEREPRESENTATION(#12,'Axis','Curve3D',(#6894));
#6896=IFCPRODUCTDEFINITIONSHAPE($,$,(#6895));
#6897=IFCCARTESIANPOINT((0.,0.,0.));
#6898=IFCAXIS2PLACEMENT3D(#6897,#8,#9);
#6899=IFCLOCALPLACEMENT(#27,#6898);
#6900=IFCBEAM('3HzK7151H0Qe2_sj$9x25y',$,'VS-089','IPE 200',$,#6899,#6896,'VS-089',$);
#6901=IFCRELASSOCIATESMATERIAL('3rZaTL5Pn1TwsGjDvaDLAZ',$,$,$,(#6900),#40);
#6902=IFCCARTESIANPOINT((17333.299999999999,14840.,0.));
#6903=IFCCARTESIANPOINT((17333.299999999999,19510.,0.));
#6904=IFCPOLYLINE((#6902,#6903));
#6905=IFCSHAPEREPRESENTATION(#12,'Axis','Curve3D',(#6904));
#6906=IFCPRODUCTDEFINITIONSHAPE($,$,(#6905));
#6907=IFCCARTESIANPOINT((0.,0.,0.));
#6908=IFCAXIS2PLACEMENT3D(#6907,#8,#9);
#6909=IFCLOCALPLACEMENT(#27,#6908);
#6910=IFCBEAM('0iNqQO8pHCafvTNVLQ6OWt',$,'VS-090','IPE 200',$,#6909,#6906,'VS-090',$);
#6911=IFCRELASSOCIATESMATERIAL('0VizlDdpz1fgaXjSjKSj8J',$,$,$,(#6910),#40);
#6912=IFCCARTESIANPOINT((18416.700000000001,5500.,0.));
#6913=IFCCARTESIANPOINT((18416.700000000001,10170.,0.));
#6914=IFCPOLYLINE((#6912,#6913));
#6915=IFCSHAPEREPRESENTATION(#12,'Axis','Curve3D',(#6914));
#6916=IFCPRODUCTDEFINITIONSHAPE($,$,(#6915));
#6917=IFCCARTESIANPOINT((0.,0.,0.));
#6918=IFCAXIS2PLACEMENT3D(#6917,#8,#9);
#6919=IFCLOCALPLACEMENT(#27,#6918);
#6920=IFCBEAM('3f5KAcoeD4DgAuns9zVW9O',$,'VS-091','IPE 240',$,#6919,#6916,'VS-091',$);
#6921=IFCRELASSOCIATESMATERIAL('0eN$eVFy94RuT8BqB2o6q8',$,$,$,(#6920),#40);
#6922=IFCCARTESIANPOINT((18416.700000000001,10170.,0.));
#6923=IFCCARTESIANPOINT((18416.700000000001,14840.,0.));
#6924=IFCPOLYLINE((#6922,#6923));
#6925=IFCSHAPEREPRESENTATION(#12,'Axis','Curve3D',(#6924));
#6926=IFCPRODUCTDEFINITIONSHAPE($,$,(#6925));
#6927=IFCCARTESIANPOINT((0.,0.,0.));
#6928=IFCAXIS2PLACEMENT3D(#6927,#8,#9);
#6929=IFCLOCALPLACEMENT(#27,#6928);
#6930=IFCBEAM('385$ltS2j7a8E3MgoLGw4m',$,'VS-092','IPE 240',$,#6929,#6926,'VS-092',$);
#6931=IFCRELASSOCIATESMATERIAL('1VSQ0NeGL879P0r5lfUTJx',$,$,$,(#6930),#40);
#6932=IFCCARTESIANPOINT((18416.700000000001,14840.,0.));
#6933=IFCCARTESIANPOINT((18416.700000000001,19510.,0.));
#6934=IFCPOLYLINE((#6932,#6933));
#6935=IFCSHAPEREPRESENTATION(#12,'Axis','Curve3D',(#6934));
#6936=IFCPRODUCTDEFINITIONSHAPE($,$,(#6935));
#6937=IFCCARTESIANPOINT((0.,0.,0.));
#6938=IFCAXIS2PLACEMENT3D(#6937,#8,#9);
#6939=IFCLOCALPLACEMENT(#27,#6938);
#6940=IFCBEAM('0sEan9HBr9v9wb_Eqrov2H',$,'VS-093','IPE 240',$,#6939,#6936,'VS-093',$);
#6941=IFCRELASSOCIATESMATERIAL('0gL8zK9Gj4_R15xoawkjKM',$,$,$,(#6940),#40);
#6942=IFCCARTESIANPOINT((14083.299999999999,5500.,0.));
#6943=IFCCARTESIANPOINT((14083.299999999999,10170.,0.));
#6944=IFCPOLYLINE((#6942,#6943));
#6945=IFCSHAPEREPRESENTATION(#12,'Axis','Curve3D',(#6944));
#6946=IFCPRODUCTDEFINITIONSHAPE($,$,(#6945));
#6947=IFCCARTESIANPOINT((0.,0.,0.));
#6948=IFCAXIS2PLACEMENT3D(#6947,#8,#9);
#6949=IFCLOCALPLACEMENT(#31,#6948);
#6950=IFCBEAM('079Yl6PhzE2wrRyENp$$yQ',$,'VS-094','IPE 240',$,#6949,#6946,'VS-094',$);
#6951=IFCRELASSOCIATESMATERIAL('3JSw7ephb0FvDrWnj2W73h',$,$,$,(#6950),#40);
#6952=IFCCARTESIANPOINT((14083.299999999999,10170.,0.));
#6953=IFCCARTESIANPOINT((14083.299999999999,14840.,0.));
#6954=IFCPOLYLINE((#6952,#6953));
#6955=IFCSHAPEREPRESENTATION(#12,'Axis','Curve3D',(#6954));
#6956=IFCPRODUCTDEFINITIONSHAPE($,$,(#6955));
#6957=IFCCARTESIANPOINT((0.,0.,0.));
#6958=IFCAXIS2PLACEMENT3D(#6957,#8,#9);
#6959=IFCLOCALPLACEMENT(#31,#6958);
#6960=IFCBEAM('0j1GUaAU5DjfZsjlEBiufG',$,'VS-095','IPE 240',$,#6959,#6956,'VS-095',$);
#6961=IFCRELASSOCIATESMATERIAL('02eeN2eQf4MBoqQNvyv$Cj',$,$,$,(#6960),#40);
#6962=IFCCARTESIANPOINT((14083.299999999999,14840.,0.));
#6963=IFCCARTESIANPOINT((14083.299999999999,19510.,0.));
#6964=IFCPOLYLINE((#6962,#6963));
#6965=IFCSHAPEREPRESENTATION(#12,'Axis','Curve3D',(#6964));
#6966=IFCPRODUCTDEFINITIONSHAPE($,$,(#6965));
#6967=IFCCARTESIANPOINT((0.,0.,0.));
#6968=IFCAXIS2PLACEMENT3D(#6967,#8,#9);
#6969=IFCLOCALPLACEMENT(#31,#6968);
#6970=IFCBEAM('2qMz94a7vCEvW5kE3YyNwn',$,'VS-096','IPE 240',$,#6969,#6966,'VS-096',$);
#6971=IFCRELASSOCIATESMATERIAL('22oeXIbDP7QuU4cGNPrr8e',$,$,$,(#6970),#40);
#6972=IFCCARTESIANPOINT((15166.700000000001,5500.,0.));
#6973=IFCCARTESIANPOINT((15166.700000000001,10170.,0.));
#6974=IFCPOLYLINE((#6972,#6973));
#6975=IFCSHAPEREPRESENTATION(#12,'Axis','Curve3D',(#6974));
#6976=IFCPRODUCTDEFINITIONSHAPE($,$,(#6975));
#6977=IFCCARTESIANPOINT((0.,0.,0.));
#6978=IFCAXIS2PLACEMENT3D(#6977,#8,#9);
#6979=IFCLOCALPLACEMENT(#31,#6978);
#6980=IFCBEAM('17PocGxCLBLfnZnSVWnsYm',$,'VS-097','IPE 200',$,#6979,#6976,'VS-097',$);
#6981=IFCRELASSOCIATESMATERIAL('1t8cuNs01CkguYXVdSTjba',$,$,$,(#6980),#40);
#6982=IFCCARTESIANPOINT((15166.700000000001,10170.,0.));
#6983=IFCCARTESIANPOINT((15166.700000000001,14840.,0.));
#6984=IFCPOLYLINE((#6982,#6983));
#6985=IFCSHAPEREPRESENTATION(#12,'Axis','Curve3D',(#6984));
#6986=IFCPRODUCTDEFINITIONSHAPE($,$,(#6985));
#6987=IFCCARTESIANPOINT((0.,0.,0.));
#6988=IFCAXIS2PLACEMENT3D(#6987,#8,#9);
#6989=IFCLOCALPLACEMENT(#31,#6988);
#6990=IFCBEAM('1otDqsXWXE1AH6K98Y3byY',$,'VS-098','IPE 200',$,#6989,#6986,'VS-098',$);
#6991=IFCRELASSOCIATESMATERIAL('2XWv3FlwD7Y9K1M2x0OGcr',$,$,$,(#6990),#40);
#6992=IFCCARTESIANPOINT((15166.700000000001,14840.,0.));
#6993=IFCCARTESIANPOINT((15166.700000000001,19510.,0.));
#6994=IFCPOLYLINE((#6992,#6993));
#6995=IFCSHAPEREPRESENTATION(#12,'Axis','Curve3D',(#6994));
#6996=IFCPRODUCTDEFINITIONSHAPE($,$,(#6995));
#6997=IFCCARTESIANPOINT((0.,0.,0.));
#6998=IFCAXIS2PLACEMENT3D(#6997,#8,#9);
#6999=IFCLOCALPLACEMENT(#31,#6998);
#7000=IFCBEAM('1zHoI28NH0ZvVJQpLpMRBp',$,'VS-099','IPE 200',$,#6999,#6996,'VS-099',$);
#7001=IFCRELASSOCIATESMATERIAL('3mAhvBVTLF08FVVWTzxdcV',$,$,$,(#7000),#40);
#7002=IFCCARTESIANPOINT((16250.,5500.,0.));
#7003=IFCCARTESIANPOINT((16250.,10170.,0.));
#7004=IFCPOLYLINE((#7002,#7003));
#7005=IFCSHAPEREPRESENTATION(#12,'Axis','Curve3D',(#7004));
#7006=IFCPRODUCTDEFINITIONSHAPE($,$,(#7005));
#7007=IFCCARTESIANPOINT((0.,0.,0.));
#7008=IFCAXIS2PLACEMENT3D(#7007,#8,#9);
#7009=IFCLOCALPLACEMENT(#31,#7008);
#7010=IFCBEAM('0hJT7lkYnF6vTrhF$zceD6',$,'VS-100','IPE 200',$,#7009,#7006,'VS-100',$);
#7011=IFCRELASSOCIATESMATERIAL('2NOOgPc65Bq9EmMfQZ85jh',$,$,$,(#7010),#40);
#7012=IFCCARTESIANPOINT((16250.,10170.,0.));
#7013=IFCCARTESIANPOINT((16250.,14840.,0.));
#7014=IFCPOLYLINE((#7012,#7013));
#7015=IFCSHAPEREPRESENTATION(#12,'Axis','Curve3D',(#7014));
#7016=IFCPRODUCTDEFINITIONSHAPE($,$,(#7015));
#7017=IFCCARTESIANPOINT((0.,0.,0.));
#7018=IFCAXIS2PLACEMENT3D(#7017,#8,#9);
#7019=IFCLOCALPLACEMENT(#31,#7018);
#7020=IFCBEAM('0lEvXFbB1B7gU6EwSe20rj',$,'VS-101','IPE 200',$,#7019,#7016,'VS-101',$);
#7021=IFCRELASSOCIATESMATERIAL('1Aufyb_Fj2teoIf4s7UNFe',$,$,$,(#7020),#40);
#7022=IFCCARTESIANPOINT((16250.,14840.,0.));
#7023=IFCCARTESIANPOINT((16250.,19510.,0.));
#7024=IFCPOLYLINE((#7022,#7023));
#7025=IFCSHAPEREPRESENTATION(#12,'Axis','Curve3D',(#7024));
#7026=IFCPRODUCTDEFINITIONSHAPE($,$,(#7025));
#7027=IFCCARTESIANPOINT((0.,0.,0.));
#7028=IFCAXIS2PLACEMENT3D(#7027,#8,#9);
#7029=IFCLOCALPLACEMENT(#31,#7028);
#7030=IFCBEAM('1sR1Fwo_PCzBRIpC_NvEEl',$,'VS-102','IPE 200',$,#7029,#7026,'VS-102',$);
#7031=IFCRELASSOCIATESMATERIAL('0W39ADI6X6Avunh89rUD$7',$,$,$,(#7030),#40);
#7032=IFCCARTESIANPOINT((17333.299999999999,5500.,0.));
#7033=IFCCARTESIANPOINT((17333.299999999999,10170.,0.));
#7034=IFCPOLYLINE((#7032,#7033));
#7035=IFCSHAPEREPRESENTATION(#12,'Axis','Curve3D',(#7034));
#7036=IFCPRODUCTDEFINITIONSHAPE($,$,(#7035));
#7037=IFCCARTESIANPOINT((0.,0.,0.));
#7038=IFCAXIS2PLACEMENT3D(#7037,#8,#9);
#7039=IFCLOCALPLACEMENT(#31,#7038);
#7040=IFCBEAM('2UdMgt1er0jhBT5BVA6jAn',$,'VS-103','IPE 200',$,#7039,#7036,'VS-103',$);
#7041=IFCRELASSOCIATESMATERIAL('2rX863O41Fhw$60PUo7DJq',$,$,$,(#7040),#40);
#7042=IFCCARTESIANPOINT((17333.299999999999,10170.,0.));
#7043=IFCCARTESIANPOINT((17333.299999999999,14840.,0.));
#7044=IFCPOLYLINE((#7042,#7043));
#7045=IFCSHAPEREPRESENTATION(#12,'Axis','Curve3D',(#7044));
#7046=IFCPRODUCTDEFINITIONSHAPE($,$,(#7045));
#7047=IFCCARTESIANPOINT((0.,0.,0.));
#7048=IFCAXIS2PLACEMENT3D(#7047,#8,#9);
#7049=IFCLOCALPLACEMENT(#31,#7048);
#7050=IFCBEAM('18WulNDy984vWbnSN0lVXO',$,'VS-104','IPE 200',$,#7049,#7046,'VS-104',$);
#7051=IFCRELASSOCIATESMATERIAL('0uUOlYxbjASwTDUfeKTyhn',$,$,$,(#7050),#40);
#7052=IFCCARTESIANPOINT((17333.299999999999,14840.,0.));
#7053=IFCCARTESIANPOINT((17333.299999999999,19510.,0.));
#7054=IFCPOLYLINE((#7052,#7053));
#7055=IFCSHAPEREPRESENTATION(#12,'Axis','Curve3D',(#7054));
#7056=IFCPRODUCTDEFINITIONSHAPE($,$,(#7055));
#7057=IFCCARTESIANPOINT((0.,0.,0.));
#7058=IFCAXIS2PLACEMENT3D(#7057,#8,#9);
#7059=IFCLOCALPLACEMENT(#31,#7058);
#7060=IFCBEAM('1mIZClcDjF_AX1N8PkuC0M',$,'VS-105','IPE 200',$,#7059,#7056,'VS-105',$);
#7061=IFCRELASSOCIATESMATERIAL('129N8iXC1A9AZhxk2PsSxU',$,$,$,(#7060),#40);
#7062=IFCCARTESIANPOINT((18416.700000000001,5500.,0.));
#7063=IFCCARTESIANPOINT((18416.700000000001,10170.,0.));
#7064=IFCPOLYLINE((#7062,#7063));
#7065=IFCSHAPEREPRESENTATION(#12,'Axis','Curve3D',(#7064));
#7066=IFCPRODUCTDEFINITIONSHAPE($,$,(#7065));
#7067=IFCCARTESIANPOINT((0.,0.,0.));
#7068=IFCAXIS2PLACEMENT3D(#7067,#8,#9);
#7069=IFCLOCALPLACEMENT(#31,#7068);
#7070=IFCBEAM('2NZf66LOXE3wX8CQ$HjscA',$,'VS-106','IPE 240',$,#7069,#7066,'VS-106',$);
#7071=IFCRELASSOCIATESMATERIAL('0AniSesg16RedLu6Ow1QQt',$,$,$,(#7070),#40);
#7072=IFCCARTESIANPOINT((18416.700000000001,10170.,0.));
#7073=IFCCARTESIANPOINT((18416.700000000001,14840.,0.));
#7074=IFCPOLYLINE((#7072,#7073));
#7075=IFCSHAPEREPRESENTATION(#12,'Axis','Curve3D',(#7074));
#7076=IFCPRODUCTDEFINITIONSHAPE($,$,(#7075));
#7077=IFCCARTESIANPOINT((0.,0.,0.));
#7078=IFCAXIS2PLACEMENT3D(#7077,#8,#9);
#7079=IFCLOCALPLACEMENT(#31,#7078);
#7080=IFCBEAM('2bdPl4uB195R7aAXce7hH3',$,'VS-107','IPE 240',$,#7079,#7076,'VS-107',$);
#7081=IFCRELASSOCIATESMATERIAL('1jxvL_s1fDJv7WSN7Lru4K',$,$,$,(#7080),#40);
#7082=IFCCARTESIANPOINT((18416.700000000001,14840.,0.));
#7083=IFCCARTESIANPOINT((18416.700000000001,19510.,0.));
#7084=IFCPOLYLINE((#7082,#7083));
#7085=IFCSHAPEREPRESENTATION(#12,'Axis','Curve3D',(#7084));
#7086=IFCPRODUCTDEFINITIONSHAPE($,$,(#7085));
#7087=IFCCARTESIANPOINT((0.,0.,0.));
#7088=IFCAXIS2PLACEMENT3D(#7087,#8,#9);
#7089=IFCLOCALPLACEMENT(#31,#7088);
#7090=IFCBEAM('2_Z0$YMsn5YvwUEdcHz2ej',$,'VS-108','IPE 240',$,#7089,#7086,'VS-108',$);
#7091=IFCRELASSOCIATESMATERIAL('0ByUVuWK99seSpFFCMADek',$,$,$,(#7090),#40);
#7092=IFCCARTESIANPOINT((14625.,5500.,0.));
#7093=IFCCARTESIANPOINT((14625.,10170.,0.));
#7094=IFCPOLYLINE((#7092,#7093));
#7095=IFCSHAPEREPRESENTATION(#12,'Axis','Curve3D',(#7094));
#7096=IFCPRODUCTDEFINITIONSHAPE($,$,(#7095));
#7097=IFCCARTESIANPOINT((0.,0.,0.));
#7098=IFCAXIS2PLACEMENT3D(#7097,#8,#9);
#7099=IFCLOCALPLACEMENT(#35,#7098);
#7100=IFCBEAM('2v$zO0Tr5ATP$SSUU8tZXp',$,'VS-109','IPE 160',$,#7099,#7096,'VS-109',$);
#7101=IFCRELASSOCIATESMATERIAL('2QyPicXbv33QHmrk0xrzVK',$,$,$,(#7100),#40);
#7102=IFCCARTESIANPOINT((14625.,10170.,0.));
#7103=IFCCARTESIANPOINT((14625.,14840.,0.));
#7104=IFCPOLYLINE((#7102,#7103));
#7105=IFCSHAPEREPRESENTATION(#12,'Axis','Curve3D',(#7104));
#7106=IFCPRODUCTDEFINITIONSHAPE($,$,(#7105));
#7107=IFCCARTESIANPOINT((0.,0.,0.));
#7108=IFCAXIS2PLACEMENT3D(#7107,#8,#9);
#7109=IFCLOCALPLACEMENT(#35,#7108);
#7110=IFCBEAM('1RdblgLBHDaQAdJEgziIOG',$,'VS-110','IPE 160',$,#7109,#7106,'VS-110',$);
#7111=IFCRELASSOCIATESMATERIAL('2N0VpMqgz5tPr_Y6NJWD$D',$,$,$,(#7110),#40);
#7112=IFCCARTESIANPOINT((14625.,14840.,0.));
#7113=IFCCARTESIANPOINT((14625.,19510.,0.));
#7114=IFCPOLYLINE((#7112,#7113));
#7115=IFCSHAPEREPRESENTATION(#12,'Axis','Curve3D',(#7114));
#7116=IFCPRODUCTDEFINITIONSHAPE($,$,(#7115));
#7117=IFCCARTESIANPOINT((0.,0.,0.));
#7118=IFCAXIS2PLACEMENT3D(#7117,#8,#9);
#7119=IFCLOCALPLACEMENT(#35,#7118);
#7120=IFCBEAM('1dhFfrM1v0DwfPTrGo4Y8V',$,'VS-111','IPE 160',$,#7119,#7116,'VS-111',$);
#7121=IFCRELASSOCIATESMATERIAL('1Ir3mn73X72foXbbJm8LAO',$,$,$,(#7120),#40);
#7122=IFCCARTESIANPOINT((16250.,5500.,0.));
#7123=IFCCARTESIANPOINT((16250.,10170.,0.));
#7124=IFCPOLYLINE((#7122,#7123));
#7125=IFCSHAPEREPRESENTATION(#12,'Axis','Curve3D',(#7124));
#7126=IFCPRODUCTDEFINITIONSHAPE($,$,(#7125));
#7127=IFCCARTESIANPOINT((0.,0.,0.));
#7128=IFCAXIS2PLACEMENT3D(#7127,#8,#9);
#7129=IFCLOCALPLACEMENT(#35,#7128);
#7130=IFCBEAM('1EV$BknonDlAp510QA0fj9',$,'VS-112','IPE 160',$,#7129,#7126,'VS-112',$);
#7131=IFCRELASSOCIATESMATERIAL('2ViE0L_2z0owfm2r5bNw6N',$,$,$,(#7130),#40);
#7132=IFCCARTESIANPOINT((16250.,10170.,0.));
#7133=IFCCARTESIANPOINT((16250.,14840.,0.));
#7134=IFCPOLYLINE((#7132,#7133));
#7135=IFCSHAPEREPRESENTATION(#12,'Axis','Curve3D',(#7134));
#7136=IFCPRODUCTDEFINITIONSHAPE($,$,(#7135));
#7137=IFCCARTESIANPOINT((0.,0.,0.));
#7138=IFCAXIS2PLACEMENT3D(#7137,#8,#9);
#7139=IFCLOCALPLACEMENT(#35,#7138);
#7140=IFCBEAM('1F_COEx$zAnehEsRMZm$7_',$,'VS-113','IPE 160',$,#7139,#7136,'VS-113',$);
#7141=IFCRELASSOCIATESMATERIAL('05GKd_TeP34wOsIHjgbtJC',$,$,$,(#7140),#40);
#7142=IFCCARTESIANPOINT((16250.,14840.,0.));
#7143=IFCCARTESIANPOINT((16250.,19510.,0.));
#7144=IFCPOLYLINE((#7142,#7143));
#7145=IFCSHAPEREPRESENTATION(#12,'Axis','Curve3D',(#7144));
#7146=IFCPRODUCTDEFINITIONSHAPE($,$,(#7145));
#7147=IFCCARTESIANPOINT((0.,0.,0.));
#7148=IFCAXIS2PLACEMENT3D(#7147,#8,#9);
#7149=IFCLOCALPLACEMENT(#35,#7148);
#7150=IFCBEAM('2ut5JK$ur1b87jkoZRzHVL',$,'VS-114','IPE 160',$,#7149,#7146,'VS-114',$);
#7151=IFCRELASSOCIATESMATERIAL('2iWbN1oqzE1RgTpTfEWG$r',$,$,$,(#7150),#40);
#7152=IFCCARTESIANPOINT((17875.,5500.,0.));
#7153=IFCCARTESIANPOINT((17875.,10170.,0.));
#7154=IFCPOLYLINE((#7152,#7153));
#7155=IFCSHAPEREPRESENTATION(#12,'Axis','Curve3D',(#7154));
#7156=IFCPRODUCTDEFINITIONSHAPE($,$,(#7155));
#7157=IFCCARTESIANPOINT((0.,0.,0.));
#7158=IFCAXIS2PLACEMENT3D(#7157,#8,#9);
#7159=IFCLOCALPLACEMENT(#35,#7158);
#7160=IFCBEAM('1stu8EWrDE8AExZH4tX7DY',$,'VS-115','IPE 160',$,#7159,#7156,'VS-115',$);
#7161=IFCRELASSOCIATESMATERIAL('34TPDtoJ18E9iNq9WiDpyE',$,$,$,(#7160),#40);
#7162=IFCCARTESIANPOINT((17875.,10170.,0.));
#7163=IFCCARTESIANPOINT((17875.,14840.,0.));
#7164=IFCPOLYLINE((#7162,#7163));
#7165=IFCSHAPEREPRESENTATION(#12,'Axis','Curve3D',(#7164));
#7166=IFCPRODUCTDEFINITIONSHAPE($,$,(#7165));
#7167=IFCCARTESIANPOINT((0.,0.,0.));
#7168=IFCAXIS2PLACEMENT3D(#7167,#8,#9);
#7169=IFCLOCALPLACEMENT(#35,#7168);
#7170=IFCBEAM('1mfardL8569Q3la$iUHiri',$,'VS-116','IPE 160',$,#7169,#7166,'VS-116',$);
#7171=IFCRELASSOCIATESMATERIAL('2imqfiQZXD_w05o2MEe_31',$,$,$,(#7170),#40);
#7172=IFCCARTESIANPOINT((17875.,14840.,0.));
#7173=IFCCARTESIANPOINT((17875.,19510.,0.));
#7174=IFCPOLYLINE((#7172,#7173));
#7175=IFCSHAPEREPRESENTATION(#12,'Axis','Curve3D',(#7174));
#7176=IFCPRODUCTDEFINITIONSHAPE($,$,(#7175));
#7177=IFCCARTESIANPOINT((0.,0.,0.));
#7178=IFCAXIS2PLACEMENT3D(#7177,#8,#9);
#7179=IFCLOCALPLACEMENT(#35,#7178);
#7180=IFCBEAM('3DBTv$I7jBPgOapHAxMwko',$,'VS-117','IPE 160',$,#7179,#7176,'VS-117',$);
#7181=IFCRELASSOCIATESMATERIAL('0w2A8chi56FB1kJczyo8N_',$,$,$,(#7180),#40);
#7182=IFCCARTESIANPOINT((20583.299999999999,5500.,0.));
#7183=IFCCARTESIANPOINT((20583.299999999999,10170.,0.));
#7184=IFCPOLYLINE((#7182,#7183));
#7185=IFCSHAPEREPRESENTATION(#12,'Axis','Curve3D',(#7184));
#7186=IFCPRODUCTDEFINITIONSHAPE($,$,(#7185));
#7187=IFCCARTESIANPOINT((0.,0.,0.));
#7188=IFCAXIS2PLACEMENT3D(#7187,#8,#9);
#7189=IFCLOCALPLACEMENT(#27,#7188);
#7190=IFCBEAM('0W2WO6snf5ywZ_dRZZa46f',$,'VS-118','IPE 240',$,#7189,#7186,'VS-118',$);
#7191=IFCRELASSOCIATESMATERIAL('02jw6ghozBK9St$QxhuMiW',$,$,$,(#7190),#40);
#7192=IFCCARTESIANPOINT((20583.299999999999,10170.,0.));
#7193=IFCCARTESIANPOINT((20583.299999999999,14840.,0.));
#7194=IFCPOLYLINE((#7192,#7193));
#7195=IFCSHAPEREPRESENTATION(#12,'Axis','Curve3D',(#7194));
#7196=IFCPRODUCTDEFINITIONSHAPE($,$,(#7195));
#7197=IFCCARTESIANPOINT((0.,0.,0.));
#7198=IFCAXIS2PLACEMENT3D(#7197,#8,#9);
#7199=IFCLOCALPLACEMENT(#27,#7198);
#7200=IFCBEAM('1sHXQBRcT7vQAVcjjGRf8C',$,'VS-119','IPE 240',$,#7199,#7196,'VS-119',$);
#7201=IFCRELASSOCIATESMATERIAL('3IVpo5fKH0ng9xsrDpsfCP',$,$,$,(#7200),#40);
#7202=IFCCARTESIANPOINT((20583.299999999999,14840.,0.));
#7203=IFCCARTESIANPOINT((20583.299999999999,19510.,0.));
#7204=IFCPOLYLINE((#7202,#7203));
#7205=IFCSHAPEREPRESENTATION(#12,'Axis','Curve3D',(#7204));
#7206=IFCPRODUCTDEFINITIONSHAPE($,$,(#7205));
#7207=IFCCARTESIANPOINT((0.,0.,0.));
#7208=IFCAXIS2PLACEMENT3D(#7207,#8,#9);
#7209=IFCLOCALPLACEMENT(#27,#7208);
#7210=IFCBEAM('3ZWH8bviv3V9pmP$lQ167D',$,'VS-120','IPE 240',$,#7209,#7206,'VS-120',$);
#7211=IFCRELASSOCIATESMATERIAL('1aRb5_DrbAJ8g2yI52y7P8',$,$,$,(#7210),#40);
#7212=IFCCARTESIANPOINT((21666.700000000001,5500.,0.));
#7213=IFCCARTESIANPOINT((21666.700000000001,10170.,0.));
#7214=IFCPOLYLINE((#7212,#7213));
#7215=IFCSHAPEREPRESENTATION(#12,'Axis','Curve3D',(#7214));
#7216=IFCPRODUCTDEFINITIONSHAPE($,$,(#7215));
#7217=IFCCARTESIANPOINT((0.,0.,0.));
#7218=IFCAXIS2PLACEMENT3D(#7217,#8,#9);
#7219=IFCLOCALPLACEMENT(#27,#7218);
#7220=IFCBEAM('3Vgu9A5xDAbRgSGKVUPYgq',$,'VS-121','IPE 200',$,#7219,#7216,'VS-121',$);
#7221=IFCRELASSOCIATESMATERIAL('37iteiYD192RORzmCHD_UL',$,$,$,(#7220),#40);
#7222=IFCCARTESIANPOINT((21666.700000000001,10170.,0.));
#7223=IFCCARTESIANPOINT((21666.700000000001,14840.,0.));
#7224=IFCPOLYLINE((#7222,#7223));
#7225=IFCSHAPEREPRESENTATION(#12,'Axis','Curve3D',(#7224));
#7226=IFCPRODUCTDEFINITIONSHAPE($,$,(#7225));
#7227=IFCCARTESIANPOINT((0.,0.,0.));
#7228=IFCAXIS2PLACEMENT3D(#7227,#8,#9);
#7229=IFCLOCALPLACEMENT(#27,#7228);
#7230=IFCBEAM('1jNB1hFO1CiPRxQJvhBtzh',$,'VS-122','IPE 200',$,#7229,#7226,'VS-122',$);
#7231=IFCRELASSOCIATESMATERIAL('36I0bxDSD0muqqxF0nqRsJ',$,$,$,(#7230),#40);
#7232=IFCCARTESIANPOINT((21666.700000000001,14840.,0.));
#7233=IFCCARTESIANPOINT((21666.700000000001,19510.,0.));
#7234=IFCPOLYLINE((#7232,#7233));
#7235=IFCSHAPEREPRESENTATION(#12,'Axis','Curve3D',(#7234));
#7236=IFCPRODUCTDEFINITIONSHAPE($,$,(#7235));
#7237=IFCCARTESIANPOINT((0.,0.,0.));
#7238=IFCAXIS2PLACEMENT3D(#7237,#8,#9);
#7239=IFCLOCALPLACEMENT(#27,#7238);
#7240=IFCBEAM('18g7DKB2T9tfAKBg8SHpcT',$,'VS-123','IPE 200',$,#7239,#7236,'VS-123',$);
#7241=IFCRELASSOCIATESMATERIAL('35DRva7Tn5gOM3iFf9yPz3',$,$,$,(#7240),#40);
#7242=IFCCARTESIANPOINT((22750.,5500.,0.));
#7243=IFCCARTESIANPOINT((22750.,10170.,0.));
#7244=IFCPOLYLINE((#7242,#7243));
#7245=IFCSHAPEREPRESENTATION(#12,'Axis','Curve3D',(#7244));
#7246=IFCPRODUCTDEFINITIONSHAPE($,$,(#7245));
#7247=IFCCARTESIANPOINT((0.,0.,0.));
#7248=IFCAXIS2PLACEMENT3D(#7247,#8,#9);
#7249=IFCLOCALPLACEMENT(#27,#7248);
#7250=IFCBEAM('0IA2xtCST3ixQWG$mSt00T',$,'VS-124','IPE 200',$,#7249,#7246,'VS-124',$);
#7251=IFCRELASSOCIATESMATERIAL('3VDt0gSQPDl9nfbdITpjwm',$,$,$,(#7250),#40);
#7252=IFCCARTESIANPOINT((22750.,10170.,0.));
#7253=IFCCARTESIANPOINT((22750.,14840.,0.));
#7254=IFCPOLYLINE((#7252,#7253));
#7255=IFCSHAPEREPRESENTATION(#12,'Axis','Curve3D',(#7254));
#7256=IFCPRODUCTDEFINITIONSHAPE($,$,(#7255));
#7257=IFCCARTESIANPOINT((0.,0.,0.));
#7258=IFCAXIS2PLACEMENT3D(#7257,#8,#9);
#7259=IFCLOCALPLACEMENT(#27,#7258);
#7260=IFCBEAM('3u0S53mQ57Dg_RvbEpCEBP',$,'VS-125','IPE 200',$,#7259,#7256,'VS-125',$);
#7261=IFCRELASSOCIATESMATERIAL('03n0cbPs91ZQ7NdvfCtjjR',$,$,$,(#7260),#40);
#7262=IFCCARTESIANPOINT((22750.,14840.,0.));
#7263=IFCCARTESIANPOINT((22750.,19510.,0.));
#7264=IFCPOLYLINE((#7262,#7263));
#7265=IFCSHAPEREPRESENTATION(#12,'Axis','Curve3D',(#7264));
#7266=IFCPRODUCTDEFINITIONSHAPE($,$,(#7265));
#7267=IFCCARTESIANPOINT((0.,0.,0.));
#7268=IFCAXIS2PLACEMENT3D(#7267,#8,#9);
#7269=IFCLOCALPLACEMENT(#27,#7268);
#7270=IFCBEAM('1z_ryvsR12TA_rney4PaGi',$,'VS-126','IPE 200',$,#7269,#7266,'VS-126',$);
#7271=IFCRELASSOCIATESMATERIAL('3zdkHLuaj4FRPa3$GUiROD',$,$,$,(#7270),#40);
#7272=IFCCARTESIANPOINT((23833.299999999999,5500.,0.));
#7273=IFCCARTESIANPOINT((23833.299999999999,10170.,0.));
#7274=IFCPOLYLINE((#7272,#7273));
#7275=IFCSHAPEREPRESENTATION(#12,'Axis','Curve3D',(#7274));
#7276=IFCPRODUCTDEFINITIONSHAPE($,$,(#7275));
#7277=IFCCARTESIANPOINT((0.,0.,0.));
#7278=IFCAXIS2PLACEMENT3D(#7277,#8,#9);
#7279=IFCLOCALPLACEMENT(#27,#7278);
#7280=IFCBEAM('0ZxpdsgkT0C9iHZjJo4Qed',$,'VS-127','IPE 200',$,#7279,#7276,'VS-127',$);
#7281=IFCRELASSOCIATESMATERIAL('1_bPuNXsP2iuhEdgZT1Gpc',$,$,$,(#7280),#40);
#7282=IFCCARTESIANPOINT((23833.299999999999,10170.,0.));
#7283=IFCCARTESIANPOINT((23833.299999999999,14840.,0.));
#7284=IFCPOLYLINE((#7282,#7283));
#7285=IFCSHAPEREPRESENTATION(#12,'Axis','Curve3D',(#7284));
#7286=IFCPRODUCTDEFINITIONSHAPE($,$,(#7285));
#7287=IFCCARTESIANPOINT((0.,0.,0.));
#7288=IFCAXIS2PLACEMENT3D(#7287,#8,#9);
#7289=IFCLOCALPLACEMENT(#27,#7288);
#7290=IFCBEAM('1LgyLFZcHDFeVW1D$jbgr8',$,'VS-128','IPE 200',$,#7289,#7286,'VS-128',$);
#7291=IFCRELASSOCIATESMATERIAL('2tYqfNVA53GfMnsLR2NRNf',$,$,$,(#7290),#40);
#7292=IFCCARTESIANPOINT((23833.299999999999,14840.,0.));
#7293=IFCCARTESIANPOINT((23833.299999999999,19510.,0.));
#7294=IFCPOLYLINE((#7292,#7293));
#7295=IFCSHAPEREPRESENTATION(#12,'Axis','Curve3D',(#7294));
#7296=IFCPRODUCTDEFINITIONSHAPE($,$,(#7295));
#7297=IFCCARTESIANPOINT((0.,0.,0.));
#7298=IFCAXIS2PLACEMENT3D(#7297,#8,#9);
#7299=IFCLOCALPLACEMENT(#27,#7298);
#7300=IFCBEAM('39bmfSuEbDLO_s4m1_zp9$',$,'VS-129','IPE 200',$,#7299,#7296,'VS-129',$);
#7301=IFCRELASSOCIATESMATERIAL('3dQfwhTbr82eVVS4sNt9iR',$,$,$,(#7300),#40);
#7302=IFCCARTESIANPOINT((24916.700000000001,5500.,0.));
#7303=IFCCARTESIANPOINT((24916.700000000001,10170.,0.));
#7304=IFCPOLYLINE((#7302,#7303));
#7305=IFCSHAPEREPRESENTATION(#12,'Axis','Curve3D',(#7304));
#7306=IFCPRODUCTDEFINITIONSHAPE($,$,(#7305));
#7307=IFCCARTESIANPOINT((0.,0.,0.));
#7308=IFCAXIS2PLACEMENT3D(#7307,#8,#9);
#7309=IFCLOCALPLACEMENT(#27,#7308);
#7310=IFCBEAM('2CbD0SEBrEdudZMBoypNeA',$,'VS-130','IPE 240',$,#7309,#7306,'VS-130',$);
#7311=IFCRELASSOCIATESMATERIAL('1tx01nEJP2CAV4gHIJvaG7',$,$,$,(#7310),#40);
#7312=IFCCARTESIANPOINT((24916.700000000001,10170.,0.));
#7313=IFCCARTESIANPOINT((24916.700000000001,14840.,0.));
#7314=IFCPOLYLINE((#7312,#7313));
#7315=IFCSHAPEREPRESENTATION(#12,'Axis','Curve3D',(#7314));
#7316=IFCPRODUCTDEFINITIONSHAPE($,$,(#7315));
#7317=IFCCARTESIANPOINT((0.,0.,0.));
#7318=IFCAXIS2PLACEMENT3D(#7317,#8,#9);
#7319=IFCLOCALPLACEMENT(#27,#7318);
#7320=IFCBEAM('1FIkZ4nKbDHv0fH8pCITi$',$,'VS-131','IPE 240',$,#7319,#7316,'VS-131',$);
#7321=IFCRELASSOCIATESMATERIAL('0H_T3HFHv078WfvQiuGJAy',$,$,$,(#7320),#40);
#7322=IFCCARTESIANPOINT((24916.700000000001,14840.,0.));
#7323=IFCCARTESIANPOINT((24916.700000000001,19510.,0.));
#7324=IFCPOLYLINE((#7322,#7323));
#7325=IFCSHAPEREPRESENTATION(#12,'Axis','Curve3D',(#7324));
#7326=IFCPRODUCTDEFINITIONSHAPE($,$,(#7325));
#7327=IFCCARTESIANPOINT((0.,0.,0.));
#7328=IFCAXIS2PLACEMENT3D(#7327,#8,#9);
#7329=IFCLOCALPLACEMENT(#27,#7328);
#7330=IFCBEAM('2xEfwxcEn7ku36ASBiD1Nz',$,'VS-132','IPE 240',$,#7329,#7326,'VS-132',$);
#7331=IFCRELASSOCIATESMATERIAL('1gxSdwEWHE6wG1Y9BHsSvg',$,$,$,(#7330),#40);
#7332=IFCCARTESIANPOINT((20583.299999999999,5500.,0.));
#7333=IFCCARTESIANPOINT((20583.299999999999,10170.,0.));
#7334=IFCPOLYLINE((#7332,#7333));
#7335=IFCSHAPEREPRESENTATION(#12,'Axis','Curve3D',(#7334));
#7336=IFCPRODUCTDEFINITIONSHAPE($,$,(#7335));
#7337=IFCCARTESIANPOINT((0.,0.,0.));
#7338=IFCAXIS2PLACEMENT3D(#7337,#8,#9);
#7339=IFCLOCALPLACEMENT(#31,#7338);
#7340=IFCBEAM('07d7g6SsbCaPiyhhmfUDkF',$,'VS-133','IPE 240',$,#7339,#7336,'VS-133',$);
#7341=IFCRELASSOCIATESMATERIAL('0Y2lIu5I9D68RphMiXpB2p',$,$,$,(#7340),#40);
#7342=IFCCARTESIANPOINT((20583.299999999999,10170.,0.));
#7343=IFCCARTESIANPOINT((20583.299999999999,14840.,0.));
#7344=IFCPOLYLINE((#7342,#7343));
#7345=IFCSHAPEREPRESENTATION(#12,'Axis','Curve3D',(#7344));
#7346=IFCPRODUCTDEFINITIONSHAPE($,$,(#7345));
#7347=IFCCARTESIANPOINT((0.,0.,0.));
#7348=IFCAXIS2PLACEMENT3D(#7347,#8,#9);
#7349=IFCLOCALPLACEMENT(#31,#7348);
#7350=IFCBEAM('2rX6m9Ikb4bgjNif_McGrL',$,'VS-134','IPE 240',$,#7349,#7346,'VS-134',$);
#7351=IFCRELASSOCIATESMATERIAL('1hKTRNtWz0WRsmfurJPRox',$,$,$,(#7350),#40);
#7352=IFCCARTESIANPOINT((20583.299999999999,14840.,0.));
#7353=IFCCARTESIANPOINT((20583.299999999999,19510.,0.));
#7354=IFCPOLYLINE((#7352,#7353));
#7355=IFCSHAPEREPRESENTATION(#12,'Axis','Curve3D',(#7354));
#7356=IFCPRODUCTDEFINITIONSHAPE($,$,(#7355));
#7357=IFCCARTESIANPOINT((0.,0.,0.));
#7358=IFCAXIS2PLACEMENT3D(#7357,#8,#9);
#7359=IFCLOCALPLACEMENT(#31,#7358);
#7360=IFCBEAM('0nffZk6RbA7h_wjiePml8z',$,'VS-135','IPE 240',$,#7359,#7356,'VS-135',$);
#7361=IFCRELASSOCIATESMATERIAL('0c5LjMf9j3YuzjYyv174dS',$,$,$,(#7360),#40);
#7362=IFCCARTESIANPOINT((21666.700000000001,5500.,0.));
#7363=IFCCARTESIANPOINT((21666.700000000001,10170.,0.));
#7364=IFCPOLYLINE((#7362,#7363));
#7365=IFCSHAPEREPRESENTATION(#12,'Axis','Curve3D',(#7364));
#7366=IFCPRODUCTDEFINITIONSHAPE($,$,(#7365));
#7367=IFCCARTESIANPOINT((0.,0.,0.));
#7368=IFCAXIS2PLACEMENT3D(#7367,#8,#9);
#7369=IFCLOCALPLACEMENT(#31,#7368);
#7370=IFCBEAM('2LNMT4ohvBnwRmlZZH0NSH',$,'VS-136','IPE 200',$,#7369,#7366,'VS-136',$);
#7371=IFCRELASSOCIATESMATERIAL('3l5a7fyvv1JgbGVfiUp86y',$,$,$,(#7370),#40);
#7372=IFCCARTESIANPOINT((21666.700000000001,10170.,0.));
#7373=IFCCARTESIANPOINT((21666.700000000001,14840.,0.));
#7374=IFCPOLYLINE((#7372,#7373));
#7375=IFCSHAPEREPRESENTATION(#12,'Axis','Curve3D',(#7374));
#7376=IFCPRODUCTDEFINITIONSHAPE($,$,(#7375));
#7377=IFCCARTESIANPOINT((0.,0.,0.));
#7378=IFCAXIS2PLACEMENT3D(#7377,#8,#9);
#7379=IFCLOCALPLACEMENT(#31,#7378);
#7380=IFCBEAM('0v$d8qMIv85w3WUtFMeRjC',$,'VS-137','IPE 200',$,#7379,#7376,'VS-137',$);
#7381=IFCRELASSOCIATESMATERIAL('01zcp$mIX9KftoKYCWPkKj',$,$,$,(#7380),#40);
#7382=IFCCARTESIANPOINT((21666.700000000001,14840.,0.));
#7383=IFCCARTESIANPOINT((21666.700000000001,19510.,0.));
#7384=IFCPOLYLINE((#7382,#7383));
#7385=IFCSHAPEREPRESENTATION(#12,'Axis','Curve3D',(#7384));
#7386=IFCPRODUCTDEFINITIONSHAPE($,$,(#7385));
#7387=IFCCARTESIANPOINT((0.,0.,0.));
#7388=IFCAXIS2PLACEMENT3D(#7387,#8,#9);
#7389=IFCLOCALPLACEMENT(#31,#7388);
#7390=IFCBEAM('17JE$AVv57rAzq3AgLKvJe',$,'VS-138','IPE 200',$,#7389,#7386,'VS-138',$);
#7391=IFCRELASSOCIATESMATERIAL('0EprgX$7v78fgne_So2Nv0',$,$,$,(#7390),#40);
#7392=IFCCARTESIANPOINT((22750.,5500.,0.));
#7393=IFCCARTESIANPOINT((22750.,10170.,0.));
#7394=IFCPOLYLINE((#7392,#7393));
#7395=IFCSHAPEREPRESENTATION(#12,'Axis','Curve3D',(#7394));
#7396=IFCPRODUCTDEFINITIONSHAPE($,$,(#7395));
#7397=IFCCARTESIANPOINT((0.,0.,0.));
#7398=IFCAXIS2PLACEMENT3D(#7397,#8,#9);
#7399=IFCLOCALPLACEMENT(#31,#7398);
#7400=IFCBEAM('1kqeuw8$X1yxsFYCO_hnn$',$,'VS-139','IPE 200',$,#7399,#7396,'VS-139',$);
#7401=IFCRELASSOCIATESMATERIAL('3XqXgSbLjDkhU_05dG0vbk',$,$,$,(#7400),#40);
#7402=IFCCARTESIANPOINT((22750.,10170.,0.));
#7403=IFCCARTESIANPOINT((22750.,14840.,0.));
#7404=IFCPOLYLINE((#7402,#7403));
#7405=IFCSHAPEREPRESENTATION(#12,'Axis','Curve3D',(#7404));
#7406=IFCPRODUCTDEFINITIONSHAPE($,$,(#7405));
#7407=IFCCARTESIANPOINT((0.,0.,0.));
#7408=IFCAXIS2PLACEMENT3D(#7407,#8,#9);
#7409=IFCLOCALPLACEMENT(#31,#7408);
#7410=IFCBEAM('3ZsGhENvD1Su$43cYjWlE5',$,'VS-140','IPE 200',$,#7409,#7406,'VS-140',$);
#7411=IFCRELASSOCIATESMATERIAL('23t9EO9c9CCQ6gIzXD6qrG',$,$,$,(#7410),#40);
#7412=IFCCARTESIANPOINT((22750.,14840.,0.));
#7413=IFCCARTESIANPOINT((22750.,19510.,0.));
#7414=IFCPOLYLINE((#7412,#7413));
#7415=IFCSHAPEREPRESENTATION(#12,'Axis','Curve3D',(#7414));
#7416=IFCPRODUCTDEFINITIONSHAPE($,$,(#7415));
#7417=IFCCARTESIANPOINT((0.,0.,0.));
#7418=IFCAXIS2PLACEMENT3D(#7417,#8,#9);
#7419=IFCLOCALPLACEMENT(#31,#7418);
#7420=IFCBEAM('00TX3zoGfERx_W9kq91$7L',$,'VS-141','IPE 200',$,#7419,#7416,'VS-141',$);
#7421=IFCRELASSOCIATESMATERIAL('3kJUCGJ_rDSRSn$IMloVK1',$,$,$,(#7420),#40);
#7422=IFCCARTESIANPOINT((23833.299999999999,5500.,0.));
#7423=IFCCARTESIANPOINT((23833.299999999999,10170.,0.));
#7424=IFCPOLYLINE((#7422,#7423));
#7425=IFCSHAPEREPRESENTATION(#12,'Axis','Curve3D',(#7424));
#7426=IFCPRODUCTDEFINITIONSHAPE($,$,(#7425));
#7427=IFCCARTESIANPOINT((0.,0.,0.));
#7428=IFCAXIS2PLACEMENT3D(#7427,#8,#9);
#7429=IFCLOCALPLACEMENT(#31,#7428);
#7430=IFCBEAM('0VbwaGEFDDHhRxZ6kGLG8Z',$,'VS-142','IPE 200',$,#7429,#7426,'VS-142',$);
#7431=IFCRELASSOCIATESMATERIAL('2uXJEEgMbBk8kabu_YMCEz',$,$,$,(#7430),#40);
#7432=IFCCARTESIANPOINT((23833.299999999999,10170.,0.));
#7433=IFCCARTESIANPOINT((23833.299999999999,14840.,0.));
#7434=IFCPOLYLINE((#7432,#7433));
#7435=IFCSHAPEREPRESENTATION(#12,'Axis','Curve3D',(#7434));
#7436=IFCPRODUCTDEFINITIONSHAPE($,$,(#7435));
#7437=IFCCARTESIANPOINT((0.,0.,0.));
#7438=IFCAXIS2PLACEMENT3D(#7437,#8,#9);
#7439=IFCLOCALPLACEMENT(#31,#7438);
#7440=IFCBEAM('35z2MZDdr1PwQUlF$JhMBQ',$,'VS-143','IPE 200',$,#7439,#7436,'VS-143',$);
#7441=IFCRELASSOCIATESMATERIAL('0Z9vRsaon3kgbttF_GSVD1',$,$,$,(#7440),#40);
#7442=IFCCARTESIANPOINT((23833.299999999999,14840.,0.));
#7443=IFCCARTESIANPOINT((23833.299999999999,19510.,0.));
#7444=IFCPOLYLINE((#7442,#7443));
#7445=IFCSHAPEREPRESENTATION(#12,'Axis','Curve3D',(#7444));
#7446=IFCPRODUCTDEFINITIONSHAPE($,$,(#7445));
#7447=IFCCARTESIANPOINT((0.,0.,0.));
#7448=IFCAXIS2PLACEMENT3D(#7447,#8,#9);
#7449=IFCLOCALPLACEMENT(#31,#7448);
#7450=IFCBEAM('3dq6pITErCkPWqZ8T$XzeQ',$,'VS-144','IPE 200',$,#7449,#7446,'VS-144',$);
#7451=IFCRELASSOCIATESMATERIAL('3MBfgzisX10h_T1CsJVBLm',$,$,$,(#7450),#40);
#7452=IFCCARTESIANPOINT((24916.700000000001,5500.,0.));
#7453=IFCCARTESIANPOINT((24916.700000000001,10170.,0.));
#7454=IFCPOLYLINE((#7452,#7453));
#7455=IFCSHAPEREPRESENTATION(#12,'Axis','Curve3D',(#7454));
#7456=IFCPRODUCTDEFINITIONSHAPE($,$,(#7455));
#7457=IFCCARTESIANPOINT((0.,0.,0.));
#7458=IFCAXIS2PLACEMENT3D(#7457,#8,#9);
#7459=IFCLOCALPLACEMENT(#31,#7458);
#7460=IFCBEAM('3uKqgRJ6T8z9qf5JjBTtnX',$,'VS-145','IPE 240',$,#7459,#7456,'VS-145',$);
#7461=IFCRELASSOCIATESMATERIAL('1irYIPiSzBLgD_2As_97Vi',$,$,$,(#7460),#40);
#7462=IFCCARTESIANPOINT((24916.700000000001,10170.,0.));
#7463=IFCCARTESIANPOINT((24916.700000000001,14840.,0.));
#7464=IFCPOLYLINE((#7462,#7463));
#7465=IFCSHAPEREPRESENTATION(#12,'Axis','Curve3D',(#7464));
#7466=IFCPRODUCTDEFINITIONSHAPE($,$,(#7465));
#7467=IFCCARTESIANPOINT((0.,0.,0.));
#7468=IFCAXIS2PLACEMENT3D(#7467,#8,#9);
#7469=IFCLOCALPLACEMENT(#31,#7468);
#7470=IFCBEAM('2ZiVZuex50RxobU1M5EdeM',$,'VS-146','IPE 240',$,#7469,#7466,'VS-146',$);
#7471=IFCRELASSOCIATESMATERIAL('2eEH$BwNT63xeyr2n5$Xau',$,$,$,(#7470),#40);
#7472=IFCCARTESIANPOINT((24916.700000000001,14840.,0.));
#7473=IFCCARTESIANPOINT((24916.700000000001,19510.,0.));
#7474=IFCPOLYLINE((#7472,#7473));
#7475=IFCSHAPEREPRESENTATION(#12,'Axis','Curve3D',(#7474));
#7476=IFCPRODUCTDEFINITIONSHAPE($,$,(#7475));
#7477=IFCCARTESIANPOINT((0.,0.,0.));
#7478=IFCAXIS2PLACEMENT3D(#7477,#8,#9);
#7479=IFCLOCALPLACEMENT(#31,#7478);
#7480=IFCBEAM('1sVbhcP$v7UOyKVZVVGCQA',$,'VS-147','IPE 240',$,#7479,#7476,'VS-147',$);
#7481=IFCRELASSOCIATESMATERIAL('3ZJeqe2Ej4lQKk7Yf96Pxi',$,$,$,(#7480),#40);
#7482=IFCCARTESIANPOINT((21125.,5500.,0.));
#7483=IFCCARTESIANPOINT((21125.,10170.,0.));
#7484=IFCPOLYLINE((#7482,#7483));
#7485=IFCSHAPEREPRESENTATION(#12,'Axis','Curve3D',(#7484));
#7486=IFCPRODUCTDEFINITIONSHAPE($,$,(#7485));
#7487=IFCCARTESIANPOINT((0.,0.,0.));
#7488=IFCAXIS2PLACEMENT3D(#7487,#8,#9);
#7489=IFCLOCALPLACEMENT(#35,#7488);
#7490=IFCBEAM('0LvpueCufAMx1JAZ_alF$E',$,'VS-148','IPE 160',$,#7489,#7486,'VS-148',$);
#7491=IFCRELASSOCIATESMATERIAL('1PlQle0PT5ZPhhHFIBF1dK',$,$,$,(#7490),#40);
#7492=IFCCARTESIANPOINT((21125.,10170.,0.));
#7493=IFCCARTESIANPOINT((21125.,14840.,0.));
#7494=IFCPOLYLINE((#7492,#7493));
#7495=IFCSHAPEREPRESENTATION(#12,'Axis','Curve3D',(#7494));
#7496=IFCPRODUCTDEFINITIONSHAPE($,$,(#7495));
#7497=IFCCARTESIANPOINT((0.,0.,0.));
#7498=IFCAXIS2PLACEMENT3D(#7497,#8,#9);
#7499=IFCLOCALPLACEMENT(#35,#7498);
#7500=IFCBEAM('2CHtx0TJL3tO6MUggmCuZd',$,'VS-149','IPE 160',$,#7499,#7496,'VS-149',$);
#7501=IFCRELASSOCIATESMATERIAL('3hZZZB6qvBfO7pl__3TRjh',$,$,$,(#7500),#40);
#7502=IFCCARTESIANPOINT((21125.,14840.,0.));
#7503=IFCCARTESIANPOINT((21125.,19510.,0.));
#7504=IFCPOLYLINE((#7502,#7503));
#7505=IFCSHAPEREPRESENTATION(#12,'Axis','Curve3D',(#7504));
#7506=IFCPRODUCTDEFINITIONSHAPE($,$,(#7505));
#7507=IFCCARTESIANPOINT((0.,0.,0.));
#7508=IFCAXIS2PLACEMENT3D(#7507,#8,#9);
#7509=IFCLOCALPLACEMENT(#35,#7508);
#7510=IFCBEAM('2GCynOYZP1$gyM7T2p6o_H',$,'VS-150','IPE 160',$,#7509,#7506,'VS-150',$);
#7511=IFCRELASSOCIATESMATERIAL('0PJdjIVDXFMBV5shqg5Uj$',$,$,$,(#7510),#40);
#7512=IFCCARTESIANPOINT((22750.,5500.,0.));
#7513=IFCCARTESIANPOINT((22750.,10170.,0.));
#7514=IFCPOLYLINE((#7512,#7513));
#7515=IFCSHAPEREPRESENTATION(#12,'Axis','Curve3D',(#7514));
#7516=IFCPRODUCTDEFINITIONSHAPE($,$,(#7515));
#7517=IFCCARTESIANPOINT((0.,0.,0.));
#7518=IFCAXIS2PLACEMENT3D(#7517,#8,#9);
#7519=IFCLOCALPLACEMENT(#35,#7518);
#7520=IFCBEAM('0UtklQvgLDMe5CQxNNQbji',$,'VS-151','IPE 160',$,#7519,#7516,'VS-151',$);
#7521=IFCRELASSOCIATESMATERIAL('0Gi$jH6Uz0yxAtYIy655Oe',$,$,$,(#7520),#40);
#7522=IFCCARTESIANPOINT((22750.,10170.,0.));
#7523=IFCCARTESIANPOINT((22750.,14840.,0.));
#7524=IFCPOLYLINE((#7522,#7523));
#7525=IFCSHAPEREPRESENTATION(#12,'Axis','Curve3D',(#7524));
#7526=IFCPRODUCTDEFINITIONSHAPE($,$,(#7525));
#7527=IFCCARTESIANPOINT((0.,0.,0.));
#7528=IFCAXIS2PLACEMENT3D(#7527,#8,#9);
#7529=IFCLOCALPLACEMENT(#35,#7528);
#7530=IFCBEAM('26s1lASHvAv9219WbrSXxq',$,'VS-152','IPE 160',$,#7529,#7526,'VS-152',$);
#7531=IFCRELASSOCIATESMATERIAL('1O1ssun0D07BRlKtwoGQ7H',$,$,$,(#7530),#40);
#7532=IFCCARTESIANPOINT((22750.,14840.,0.));
#7533=IFCCARTESIANPOINT((22750.,19510.,0.));
#7534=IFCPOLYLINE((#7532,#7533));
#7535=IFCSHAPEREPRESENTATION(#12,'Axis','Curve3D',(#7534));
#7536=IFCPRODUCTDEFINITIONSHAPE($,$,(#7535));
#7537=IFCCARTESIANPOINT((0.,0.,0.));
#7538=IFCAXIS2PLACEMENT3D(#7537,#8,#9);
#7539=IFCLOCALPLACEMENT(#35,#7538);
#7540=IFCBEAM('10ljVfdfn9PQgiW1TnDZbj',$,'VS-153','IPE 160',$,#7539,#7536,'VS-153',$);
#7541=IFCRELASSOCIATESMATERIAL('1$6dCeS0r0wB$NrGRFb6bC',$,$,$,(#7540),#40);
#7542=IFCCARTESIANPOINT((24375.,5500.,0.));
#7543=IFCCARTESIANPOINT((24375.,10170.,0.));
#7544=IFCPOLYLINE((#7542,#7543));
#7545=IFCSHAPEREPRESENTATION(#12,'Axis','Curve3D',(#7544));
#7546=IFCPRODUCTDEFINITIONSHAPE($,$,(#7545));
#7547=IFCCARTESIANPOINT((0.,0.,0.));
#7548=IFCAXIS2PLACEMENT3D(#7547,#8,#9);
#7549=IFCLOCALPLACEMENT(#35,#7548);
#7550=IFCBEAM('0uu7m3zN56GgcpmGG$2jRV',$,'VS-154','IPE 160',$,#7549,#7546,'VS-154',$);
#7551=IFCRELASSOCIATESMATERIAL('3poaZYheP7MQ86GdBl1SYr',$,$,$,(#7550),#40);
#7552=IFCCARTESIANPOINT((24375.,10170.,0.));
#7553=IFCCARTESIANPOINT((24375.,14840.,0.));
#7554=IFCPOLYLINE((#7552,#7553));
#7555=IFCSHAPEREPRESENTATION(#12,'Axis','Curve3D',(#7554));
#7556=IFCPRODUCTDEFINITIONSHAPE($,$,(#7555));
#7557=IFCCARTESIANPOINT((0.,0.,0.));
#7558=IFCAXIS2PLACEMENT3D(#7557,#8,#9);
#7559=IFCLOCALPLACEMENT(#35,#7558);
#7560=IFCBEAM('1KsPGungf8oQfxwS5xrb3L',$,'VS-155','IPE 160',$,#7559,#7556,'VS-155',$);
#7561=IFCRELASSOCIATESMATERIAL('1bIRvSVUrCA8n4mWKQ0Og7',$,$,$,(#7560),#40);
#7562=IFCCARTESIANPOINT((24375.,14840.,0.));
#7563=IFCCARTESIANPOINT((24375.,19510.,0.));
#7564=IFCPOLYLINE((#7562,#7563));
#7565=IFCSHAPEREPRESENTATION(#12,'Axis','Curve3D',(#7564));
#7566=IFCPRODUCTDEFINITIONSHAPE($,$,(#7565));
#7567=IFCCARTESIANPOINT((0.,0.,0.));
#7568=IFCAXIS2PLACEMENT3D(#7567,#8,#9);
#7569=IFCLOCALPLACEMENT(#35,#7568);
#7570=IFCBEAM('3k2NG0FLrAXOpXXFr$xvxV',$,'VS-156','IPE 160',$,#7569,#7566,'VS-156',$);
#7571=IFCRELASSOCIATESMATERIAL('2lCFcNuj1CHgdwlplqEJKI',$,$,$,(#7570),#40);
#7572=IFCCARTESIANPOINT((27083.299999999999,5500.,0.));
#7573=IFCCARTESIANPOINT((27083.299999999999,10170.,0.));
#7574=IFCPOLYLINE((#7572,#7573));
#7575=IFCSHAPEREPRESENTATION(#12,'Axis','Curve3D',(#7574));
#7576=IFCPRODUCTDEFINITIONSHAPE($,$,(#7575));
#7577=IFCCARTESIANPOINT((0.,0.,0.));
#7578=IFCAXIS2PLACEMENT3D(#7577,#8,#9);
#7579=IFCLOCALPLACEMENT(#27,#7578);
#7580=IFCBEAM('1IL$K$XFb57QafTtgrYsNU',$,'VS-157','IPE 240',$,#7579,#7576,'VS-157',$);
#7581=IFCRELASSOCIATESMATERIAL('1$VEeBwRTEFBfeKPs52FeT',$,$,$,(#7580),#40);
#7582=IFCCARTESIANPOINT((27083.299999999999,10170.,0.));
#7583=IFCCARTESIANPOINT((27083.299999999999,14840.,0.));
#7584=IFCPOLYLINE((#7582,#7583));
#7585=IFCSHAPEREPRESENTATION(#12,'Axis','Curve3D',(#7584));
#7586=IFCPRODUCTDEFINITIONSHAPE($,$,(#7585));
#7587=IFCCARTESIANPOINT((0.,0.,0.));
#7588=IFCAXIS2PLACEMENT3D(#7587,#8,#9);
#7589=IFCLOCALPLACEMENT(#27,#7588);
#7590=IFCBEAM('3lOu_g58TCLuXpD54q83Jp',$,'VS-158','IPE 240',$,#7589,#7586,'VS-158',$);
#7591=IFCRELASSOCIATESMATERIAL('1J_l$7dzP6eekUFAPjZE7S',$,$,$,(#7590),#40);
#7592=IFCCARTESIANPOINT((27083.299999999999,14840.,0.));
#7593=IFCCARTESIANPOINT((27083.299999999999,19510.,0.));
#7594=IFCPOLYLINE((#7592,#7593));
#7595=IFCSHAPEREPRESENTATION(#12,'Axis','Curve3D',(#7594));
#7596=IFCPRODUCTDEFINITIONSHAPE($,$,(#7595));
#7597=IFCCARTESIANPOINT((0.,0.,0.));
#7598=IFCAXIS2PLACEMENT3D(#7597,#8,#9);
#7599=IFCLOCALPLACEMENT(#27,#7598);
#7600=IFCBEAM('0sCwD8xzf34ep$oTqk07Y9',$,'VS-159','IPE 240',$,#7599,#7596,'VS-159',$);
#7601=IFCRELASSOCIATESMATERIAL('3SnhO4Zmr0Hga_DwDqZiye',$,$,$,(#7600),#40);
#7602=IFCCARTESIANPOINT((28166.700000000001,5500.,0.));
#7603=IFCCARTESIANPOINT((28166.700000000001,10170.,0.));
#7604=IFCPOLYLINE((#7602,#7603));
#7605=IFCSHAPEREPRESENTATION(#12,'Axis','Curve3D',(#7604));
#7606=IFCPRODUCTDEFINITIONSHAPE($,$,(#7605));
#7607=IFCCARTESIANPOINT((0.,0.,0.));
#7608=IFCAXIS2PLACEMENT3D(#7607,#8,#9);
#7609=IFCLOCALPLACEMENT(#27,#7608);
#7610=IFCBEAM('0TFCGZ_FjF0fKlFNKYbEQ0',$,'VS-160','IPE 200',$,#7609,#7606,'VS-160',$);
#7611=IFCRELASSOCIATESMATERIAL('2J$9NEXzHDCB4NGgN6B8ZO',$,$,$,(#7610),#40);
#7612=IFCCARTESIANPOINT((28166.700000000001,10170.,0.));
#7613=IFCCARTESIANPOINT((28166.700000000001,14840.,0.));
#7614=IFCPOLYLINE((#7612,#7613));
#7615=IFCSHAPEREPRESENTATION(#12,'Axis','Curve3D',(#7614));
#7616=IFCPRODUCTDEFINITIONSHAPE($,$,(#7615));
#7617=IFCCARTESIANPOINT((0.,0.,0.));
#7618=IFCAXIS2PLACEMENT3D(#7617,#8,#9);
#7619=IFCLOCALPLACEMENT(#27,#7618);
#7620=IFCBEAM('0ISkP1Sfn209XvWcc766YC',$,'VS-161','IPE 200',$,#7619,#7616,'VS-161',$);
#7621=IFCRELASSOCIATESMATERIAL('2689lPUWr9qxgIyHkuQZ7v',$,$,$,(#7620),#40);
#7622=IFCCARTESIANPOINT((28166.700000000001,14840.,0.));
#7623=IFCCARTESIANPOINT((28166.700000000001,19510.,0.));
#7624=IFCPOLYLINE((#7622,#7623));
#7625=IFCSHAPEREPRESENTATION(#12,'Axis','Curve3D',(#7624));
#7626=IFCPRODUCTDEFINITIONSHAPE($,$,(#7625));
#7627=IFCCARTESIANPOINT((0.,0.,0.));
#7628=IFCAXIS2PLACEMENT3D(#7627,#8,#9);
#7629=IFCLOCALPLACEMENT(#27,#7628);
#7630=IFCBEAM('0MY5RLuNf2Pv8wmeew$KUv',$,'VS-162','IPE 200',$,#7629,#7626,'VS-162',$);
#7631=IFCRELASSOCIATESMATERIAL('0ODJ37cN55fgNsQhmvK1BM',$,$,$,(#7630),#40);
#7632=IFCCARTESIANPOINT((29250.,5500.,0.));
#7633=IFCCARTESIANPOINT((29250.,10170.,0.));
#7634=IFCPOLYLINE((#7632,#7633));
#7635=IFCSHAPEREPRESENTATION(#12,'Axis','Curve3D',(#7634));
#7636=IFCPRODUCTDEFINITIONSHAPE($,$,(#7635));
#7637=IFCCARTESIANPOINT((0.,0.,0.));
#7638=IFCAXIS2PLACEMENT3D(#7637,#8,#9);
#7639=IFCLOCALPLACEMENT(#27,#7638);
#7640=IFCBEAM('3xsf8Wz2TDSfSlLcBnzv3J',$,'VS-163','IPE 200',$,#7639,#7636,'VS-163',$);
#7641=IFCRELASSOCIATESMATERIAL('39ptRbg5jAA9zq5vyG7k2A',$,$,$,(#7640),#40);
#7642=IFCCARTESIANPOINT((29250.,10170.,0.));
#7643=IFCCARTESIANPOINT((29250.,14840.,0.));
#7644=IFCPOLYLINE((#7642,#7643));
#7645=IFCSHAPEREPRESENTATION(#12,'Axis','Curve3D',(#7644));
#7646=IFCPRODUCTDEFINITIONSHAPE($,$,(#7645));
#7647=IFCCARTESIANPOINT((0.,0.,0.));
#7648=IFCAXIS2PLACEMENT3D(#7647,#8,#9);
#7649=IFCLOCALPLACEMENT(#27,#7648);
#7650=IFCBEAM('0cPT274cr24wdLBmgX4oKo',$,'VS-164','IPE 200',$,#7649,#7646,'VS-164',$);
#7651=IFCRELASSOCIATESMATERIAL('2TyE9FG9z2Zx6pVayl9_kS',$,$,$,(#7650),#40);
#7652=IFCCARTESIANPOINT((29250.,14840.,0.));
#7653=IFCCARTESIANPOINT((29250.,19510.,0.));
#7654=IFCPOLYLINE((#7652,#7653));
#7655=IFCSHAPEREPRESENTATION(#12,'Axis','Curve3D',(#7654));
#7656=IFCPRODUCTDEFINITIONSHAPE($,$,(#7655));
#7657=IFCCARTESIANPOINT((0.,0.,0.));
#7658=IFCAXIS2PLACEMENT3D(#7657,#8,#9);
#7659=IFCLOCALPLACEMENT(#27,#7658);
#7660=IFCBEAM('2XU8FVuG1DfvWGrm9E$OG9',$,'VS-165','IPE 200',$,#7659,#7656,'VS-165',$);
#7661=IFCRELASSOCIATESMATERIAL('2hC__VjEzBjA5S9eQcTSWi',$,$,$,(#7660),#40);
#7662=IFCCARTESIANPOINT((30333.299999999999,5500.,0.));
#7663=IFCCARTESIANPOINT((30333.299999999999,10170.,0.));
#7664=IFCPOLYLINE((#7662,#7663));
#7665=IFCSHAPEREPRESENTATION(#12,'Axis','Curve3D',(#7664));
#7666=IFCPRODUCTDEFINITIONSHAPE($,$,(#7665));
#7667=IFCCARTESIANPOINT((0.,0.,0.));
#7668=IFCAXIS2PLACEMENT3D(#7667,#8,#9);
#7669=IFCLOCALPLACEMENT(#27,#7668);
#7670=IFCBEAM('28EpWZogHCP9MfK5R8wZIQ',$,'VS-166','IPE 200',$,#7669,#7666,'VS-166',$);
#7671=IFCRELASSOCIATESMATERIAL('1xNtJK7Y1CZA_UifuCK7eG',$,$,$,(#7670),#40);
#7672=IFCCARTESIANPOINT((30333.299999999999,10170.,0.));
#7673=IFCCARTESIANPOINT((30333.299999999999,14840.,0.));
#7674=IFCPOLYLINE((#7672,#7673));
#7675=IFCSHAPEREPRESENTATION(#12,'Axis','Curve3D',(#7674));
#7676=IFCPRODUCTDEFINITIONSHAPE($,$,(#7675));
#7677=IFCCARTESIANPOINT((0.,0.,0.));
#7678=IFCAXIS2PLACEMENT3D(#7677,#8,#9);
#7679=IFCLOCALPLACEMENT(#27,#7678);
#7680=IFCBEAM('3VmhkA5XjFq8SqM8TqeOnb',$,'VS-167','IPE 200',$,#7679,#7676,'VS-167',$);
#7681=IFCRELASSOCIATESMATERIAL('1IzsdX1Ln7DupQL9nZelZu',$,$,$,(#7680),#40);
#7682=IFCCARTESIANPOINT((30333.299999999999,14840.,0.));
#7683=IFCCARTESIANPOINT((30333.299999999999,19510.,0.));
#7684=IFCPOLYLINE((#7682,#7683));
#7685=IFCSHAPEREPRESENTATION(#12,'Axis','Curve3D',(#7684));
#7686=IFCPRODUCTDEFINITIONSHAPE($,$,(#7685));
#7687=IFCCARTESIANPOINT((0.,0.,0.));
#7688=IFCAXIS2PLACEMENT3D(#7687,#8,#9);
#7689=IFCLOCALPLACEMENT(#27,#7688);
#7690=IFCBEAM('0ZtmyMPVH7cPFuIoZqq3dX',$,'VS-168','IPE 200',$,#7689,#7686,'VS-168',$);
#7691=IFCRELASSOCIATESMATERIAL('2ZbLPTDMP4QRdgidoQZW4F',$,$,$,(#7690),#40);
#7692=IFCCARTESIANPOINT((31416.700000000001,5500.,0.));
#7693=IFCCARTESIANPOINT((31416.700000000001,10170.,0.));
#7694=IFCPOLYLINE((#7692,#7693));
#7695=IFCSHAPEREPRESENTATION(#12,'Axis','Curve3D',(#7694));
#7696=IFCPRODUCTDEFINITIONSHAPE($,$,(#7695));
#7697=IFCCARTESIANPOINT((0.,0.,0.));
#7698=IFCAXIS2PLACEMENT3D(#7697,#8,#9);
#7699=IFCLOCALPLACEMENT(#27,#7698);
#7700=IFCBEAM('1FjfTpksb52hSXbwMwVrw3',$,'VS-169','IPE 240',$,#7699,#7696,'VS-169',$);
#7701=IFCRELASSOCIATESMATERIAL('0P5APEE853$BAqp3FFxoUZ',$,$,$,(#7700),#40);
#7702=IFCCARTESIANPOINT((31416.700000000001,10170.,0.));
#7703=IFCCARTESIANPOINT((31416.700000000001,14840.,0.));
#7704=IFCPOLYLINE((#7702,#7703));
#7705=IFCSHAPEREPRESENTATION(#12,'Axis','Curve3D',(#7704));
#7706=IFCPRODUCTDEFINITIONSHAPE($,$,(#7705));
#7707=IFCCARTESIANPOINT((0.,0.,0.));
#7708=IFCAXIS2PLACEMENT3D(#7707,#8,#9);
#7709=IFCLOCALPLACEMENT(#27,#7708);
#7710=IFCBEAM('0a46c0vq9BpwTm54melqol',$,'VS-170','IPE 240',$,#7709,#7706,'VS-170',$);
#7711=IFCRELASSOCIATESMATERIAL('1pOrJ_am5BohDty7j61PlT',$,$,$,(#7710),#40);
#7712=IFCCARTESIANPOINT((31416.700000000001,14840.,0.));
#7713=IFCCARTESIANPOINT((31416.700000000001,19510.,0.));
#7714=IFCPOLYLINE((#7712,#7713));
#7715=IFCSHAPEREPRESENTATION(#12,'Axis','Curve3D',(#7714));
#7716=IFCPRODUCTDEFINITIONSHAPE($,$,(#7715));
#7717=IFCCARTESIANPOINT((0.,0.,0.));
#7718=IFCAXIS2PLACEMENT3D(#7717,#8,#9);
#7719=IFCLOCALPLACEMENT(#27,#7718);
#7720=IFCBEAM('3uB0nz9mT5MePTuOP$0CdE',$,'VS-171','IPE 240',$,#7719,#7716,'VS-171',$);
#7721=IFCRELASSOCIATESMATERIAL('1YA_LRKPv0aQmPaM7DQXxv',$,$,$,(#7720),#40);
#7722=IFCCARTESIANPOINT((27083.299999999999,5500.,0.));
#7723=IFCCARTESIANPOINT((27083.299999999999,10170.,0.));
#7724=IFCPOLYLINE((#7722,#7723));
#7725=IFCSHAPEREPRESENTATION(#12,'Axis','Curve3D',(#7724));
#7726=IFCPRODUCTDEFINITIONSHAPE($,$,(#7725));
#7727=IFCCARTESIANPOINT((0.,0.,0.));
#7728=IFCAXIS2PLACEMENT3D(#7727,#8,#9);
#7729=IFCLOCALPLACEMENT(#31,#7728);
#7730=IFCBEAM('1Y_gMUNJHCAQ_1qIPXFybf',$,'VS-172','IPE 240',$,#7729,#7726,'VS-172',$);
#7731=IFCRELASSOCIATESMATERIAL('15lC$K_Wf8aw_zHc70rrDq',$,$,$,(#7730),#40);
#7732=IFCCARTESIANPOINT((27083.299999999999,10170.,0.));
#7733=IFCCARTESIANPOINT((27083.299999999999,14840.,0.));
#7734=IFCPOLYLINE((#7732,#7733));
#7735=IFCSHAPEREPRESENTATION(#12,'Axis','Curve3D',(#7734));
#7736=IFCPRODUCTDEFINITIONSHAPE($,$,(#7735));
#7737=IFCCARTESIANPOINT((0.,0.,0.));
#7738=IFCAXIS2PLACEMENT3D(#7737,#8,#9);
#7739=IFCLOCALPLACEMENT(#31,#7738);
#7740=IFCBEAM('0FY$s37fTDSh7KArG$$PGv',$,'VS-173','IPE 240',$,#7739,#7736,'VS-173',$);
#7741=IFCRELASSOCIATESMATERIAL('1_5MtB2qr819sFTthA0NPL',$,$,$,(#7740),#40);
#7742=IFCCARTESIANPOINT((27083.299999999999,14840.,0.));
#7743=IFCCARTESIANPOINT((27083.299999999999,19510.,0.));
#7744=IFCPOLYLINE((#7742,#7743));
#7745=IFCSHAPEREPRESENTATION(#12,'Axis','Curve3D',(#7744));
#7746=IFCPRODUCTDEFINITIONSHAPE($,$,(#7745));
#7747=IFCCARTESIANPOINT((0.,0.,0.));
#7748=IFCAXIS2PLACEMENT3D(#7747,#8,#9);
#7749=IFCLOCALPLACEMENT(#31,#7748);
#7750=IFCBEAM('3Jwx6C0DbCS9B38LPKKSUh',$,'VS-174','IPE 240',$,#7749,#7746,'VS-174',$);
#7751=IFCRELASSOCIATESMATERIAL('2F5C6MuQ11dOIbwDaOChBF',$,$,$,(#7750),#40);
#7752=IFCCARTESIANPOINT((28166.700000000001,5500.,0.));
#7753=IFCCARTESIANPOINT((28166.700000000001,10170.,0.));
#7754=IFCPOLYLINE((#7752,#7753));
#7755=IFCSHAPEREPRESENTATION(#12,'Axis','Curve3D',(#7754));
#7756=IFCPRODUCTDEFINITIONSHAPE($,$,(#7755));
#7757=IFCCARTESIANPOINT((0.,0.,0.));
#7758=IFCAXIS2PLACEMENT3D(#7757,#8,#9);
#7759=IFCLOCALPLACEMENT(#31,#7758);
#7760=IFCBEAM('2G5aanWnT1FQuif22sKzmD',$,'VS-175','IPE 200',$,#7759,#7756,'VS-175',$);
#7761=IFCRELASSOCIATESMATERIAL('0GeiWPUr91gh0GgYNtEtlI',$,$,$,(#7760),#40);
#7762=IFCCARTESIANPOINT((28166.700000000001,10170.,0.));
#7763=IFCCARTESIANPOINT((28166.700000000001,14840.,0.));
#7764=IFCPOLYLINE((#7762,#7763));
#7765=IFCSHAPEREPRESENTATION(#12,'Axis','Curve3D',(#7764));
#7766=IFCPRODUCTDEFINITIONSHAPE($,$,(#7765));
#7767=IFCCARTESIANPOINT((0.,0.,0.));
#7768=IFCAXIS2PLACEMENT3D(#7767,#8,#9);
#7769=IFCLOCALPLACEMENT(#31,#7768);
#7770=IFCBEAM('0z7xQjM7zDi9IRr0OPYsCK',$,'VS-176','IPE 200',$,#7769,#7766,'VS-176',$);
#7771=IFCRELASSOCIATESMATERIAL('1Rjp6Xfj96jOOrghlxm_Iu',$,$,$,(#7770),#40);
#7772=IFCCARTESIANPOINT((28166.700000000001,14840.,0.));
#7773=IFCCARTESIANPOINT((28166.700000000001,19510.,0.));
#7774=IFCPOLYLINE((#7772,#7773));
#7775=IFCSHAPEREPRESENTATION(#12,'Axis','Curve3D',(#7774));
#7776=IFCPRODUCTDEFINITIONSHAPE($,$,(#7775));
#7777=IFCCARTESIANPOINT((0.,0.,0.));
#7778=IFCAXIS2PLACEMENT3D(#7777,#8,#9);
#7779=IFCLOCALPLACEMENT(#31,#7778);
#7780=IFCBEAM('2wPQt0C8vFLwdv0V$VWiAy',$,'VS-177','IPE 200',$,#7779,#7776,'VS-177',$);
#7781=IFCRELASSOCIATESMATERIAL('0aCrBaHhf0GOwq4dlJrXG_',$,$,$,(#7780),#40);
#7782=IFCCARTESIANPOINT((29250.,5500.,0.));
#7783=IFCCARTESIANPOINT((29250.,10170.,0.));
#7784=IFCPOLYLINE((#7782,#7783));
#7785=IFCSHAPEREPRESENTATION(#12,'Axis','Curve3D',(#7784));
#7786=IFCPRODUCTDEFINITIONSHAPE($,$,(#7785));
#7787=IFCCARTESIANPOINT((0.,0.,0.));
#7788=IFCAXIS2PLACEMENT3D(#7787,#8,#9);
#7789=IFCLOCALPLACEMENT(#31,#7788);
#7790=IFCBEAM('3_ss2_VFj4l8PehqHr7kFA',$,'VS-178','IPE 200',$,#7789,#7786,'VS-178',$);
#7791=IFCRELASSOCIATESMATERIAL('3wrtEKz1j0EQgc2eHmHQUN',$,$,$,(#7790),#40);
#7792=IFCCARTESIANPOINT((29250.,10170.,0.));
#7793=IFCCARTESIANPOINT((29250.,14840.,0.));
#7794=IFCPOLYLINE((#7792,#7793));
#7795=IFCSHAPEREPRESENTATION(#12,'Axis','Curve3D',(#7794));
#7796=IFCPRODUCTDEFINITIONSHAPE($,$,(#7795));
#7797=IFCCARTESIANPOINT((0.,0.,0.));
#7798=IFCAXIS2PLACEMENT3D(#7797,#8,#9);
#7799=IFCLOCALPLACEMENT(#31,#7798);
#7800=IFCBEAM('0rJj6lrDX3x8OGm4wYsRas',$,'VS-179','IPE 200',$,#7799,#7796,'VS-179',$);
#7801=IFCRELASSOCIATESMATERIAL('2WvHi_9m5C5R0ZUhCe8akH',$,$,$,(#7800),#40);
#7802=IFCCARTESIANPOINT((29250.,14840.,0.));
#7803=IFCCARTESIANPOINT((29250.,19510.,0.));
#7804=IFCPOLYLINE((#7802,#7803));
#7805=IFCSHAPEREPRESENTATION(#12,'Axis','Curve3D',(#7804));
#7806=IFCPRODUCTDEFINITIONSHAPE($,$,(#7805));
#7807=IFCCARTESIANPOINT((0.,0.,0.));
#7808=IFCAXIS2PLACEMENT3D(#7807,#8,#9);
#7809=IFCLOCALPLACEMENT(#31,#7808);
#7810=IFCBEAM('0YZ5REFcz0c8AOD43OomxC',$,'VS-180','IPE 200',$,#7809,#7806,'VS-180',$);
#7811=IFCRELASSOCIATESMATERIAL('0FR_hSVmD7zPLMsrC0jyk1',$,$,$,(#7810),#40);
#7812=IFCCARTESIANPOINT((30333.299999999999,5500.,0.));
#7813=IFCCARTESIANPOINT((30333.299999999999,10170.,0.));
#7814=IFCPOLYLINE((#7812,#7813));
#7815=IFCSHAPEREPRESENTATION(#12,'Axis','Curve3D',(#7814));
#7816=IFCPRODUCTDEFINITIONSHAPE($,$,(#7815));
#7817=IFCCARTESIANPOINT((0.,0.,0.));
#7818=IFCAXIS2PLACEMENT3D(#7817,#8,#9);
#7819=IFCLOCALPLACEMENT(#31,#7818);
#7820=IFCBEAM('3lge9TIff3IBDitLjdffBP',$,'VS-181','IPE 200',$,#7819,#7816,'VS-181',$);
#7821=IFCRELASSOCIATESMATERIAL('3PQga0kFjAkOYt2ug9ylGc',$,$,$,(#7820),#40);
#7822=IFCCARTESIANPOINT((30333.299999999999,10170.,0.));
#7823=IFCCARTESIANPOINT((30333.299999999999,14840.,0.));
#7824=IFCPOLYLINE((#7822,#7823));
#7825=IFCSHAPEREPRESENTATION(#12,'Axis','Curve3D',(#7824));
#7826=IFCPRODUCTDEFINITIONSHAPE($,$,(#7825));
#7827=IFCCARTESIANPOINT((0.,0.,0.));
#7828=IFCAXIS2PLACEMENT3D(#7827,#8,#9);
#7829=IFCLOCALPLACEMENT(#31,#7828);
#7830=IFCBEAM('2UEbNjm_1BoQnapeRooRGu',$,'VS-182','IPE 200',$,#7829,#7826,'VS-182',$);
#7831=IFCRELASSOCIATESMATERIAL('2hlfmgyZXFdfGZHDSOpHpu',$,$,$,(#7830),#40);
#7832=IFCCARTESIANPOINT((30333.299999999999,14840.,0.));
#7833=IFCCARTESIANPOINT((30333.299999999999,19510.,0.));
#7834=IFCPOLYLINE((#7832,#7833));
#7835=IFCSHAPEREPRESENTATION(#12,'Axis','Curve3D',(#7834));
#7836=IFCPRODUCTDEFINITIONSHAPE($,$,(#7835));
#7837=IFCCARTESIANPOINT((0.,0.,0.));
#7838=IFCAXIS2PLACEMENT3D(#7837,#8,#9);
#7839=IFCLOCALPLACEMENT(#31,#7838);
#7840=IFCBEAM('0F2IDFP1n37g6J0NC1soSw',$,'VS-183','IPE 200',$,#7839,#7836,'VS-183',$);
#7841=IFCRELASSOCIATESMATERIAL('0JRDUcd$z3LPSpzhLGkHk8',$,$,$,(#7840),#40);
#7842=IFCCARTESIANPOINT((31416.700000000001,5500.,0.));
#7843=IFCCARTESIANPOINT((31416.700000000001,10170.,0.));
#7844=IFCPOLYLINE((#7842,#7843));
#7845=IFCSHAPEREPRESENTATION(#12,'Axis','Curve3D',(#7844));
#7846=IFCPRODUCTDEFINITIONSHAPE($,$,(#7845));
#7847=IFCCARTESIANPOINT((0.,0.,0.));
#7848=IFCAXIS2PLACEMENT3D(#7847,#8,#9);
#7849=IFCLOCALPLACEMENT(#31,#7848);
#7850=IFCBEAM('2dc3VEN_D1tOGOEfNSBw$I',$,'VS-184','IPE 240',$,#7849,#7846,'VS-184',$);
#7851=IFCRELASSOCIATESMATERIAL('2fZ0HmNBH4rOD7CfW2$nJO',$,$,$,(#7850),#40);
#7852=IFCCARTESIANPOINT((31416.700000000001,10170.,0.));
#7853=IFCCARTESIANPOINT((31416.700000000001,14840.,0.));
#7854=IFCPOLYLINE((#7852,#7853));
#7855=IFCSHAPEREPRESENTATION(#12,'Axis','Curve3D',(#7854));
#7856=IFCPRODUCTDEFINITIONSHAPE($,$,(#7855));
#7857=IFCCARTESIANPOINT((0.,0.,0.));
#7858=IFCAXIS2PLACEMENT3D(#7857,#8,#9);
#7859=IFCLOCALPLACEMENT(#31,#7858);
#7860=IFCBEAM('17ThU5MsX0_QZ7pEFQCXm9',$,'VS-185','IPE 240',$,#7859,#7856,'VS-185',$);
#7861=IFCRELASSOCIATESMATERIAL('1Carmrrwb7HfBRF1Kg_7E1',$,$,$,(#7860),#40);
#7862=IFCCARTESIANPOINT((31416.700000000001,14840.,0.));
#7863=IFCCARTESIANPOINT((31416.700000000001,19510.,0.));
#7864=IFCPOLYLINE((#7862,#7863));
#7865=IFCSHAPEREPRESENTATION(#12,'Axis','Curve3D',(#7864));
#7866=IFCPRODUCTDEFINITIONSHAPE($,$,(#7865));
#7867=IFCCARTESIANPOINT((0.,0.,0.));
#7868=IFCAXIS2PLACEMENT3D(#7867,#8,#9);
#7869=IFCLOCALPLACEMENT(#31,#7868);
#7870=IFCBEAM('0NYGQ4vav42vi3dA0KxsKC',$,'VS-186','IPE 240',$,#7869,#7866,'VS-186',$);
#7871=IFCRELASSOCIATESMATERIAL('1RWYKdis533RI6k0u3nV3J',$,$,$,(#7870),#40);
#7872=IFCCARTESIANPOINT((27625.,5500.,0.));
#7873=IFCCARTESIANPOINT((27625.,10170.,0.));
#7874=IFCPOLYLINE((#7872,#7873));
#7875=IFCSHAPEREPRESENTATION(#12,'Axis','Curve3D',(#7874));
#7876=IFCPRODUCTDEFINITIONSHAPE($,$,(#7875));
#7877=IFCCARTESIANPOINT((0.,0.,0.));
#7878=IFCAXIS2PLACEMENT3D(#7877,#8,#9);
#7879=IFCLOCALPLACEMENT(#35,#7878);
#7880=IFCBEAM('0jGpn_XLj0iR5fVvR7RB63',$,'VS-187','IPE 160',$,#7879,#7876,'VS-187',$);
#7881=IFCRELASSOCIATESMATERIAL('1Yoe_3vnj7F9inkU$4GA7O',$,$,$,(#7880),#40);
#7882=IFCCARTESIANPOINT((27625.,10170.,0.));
#7883=IFCCARTESIANPOINT((27625.,14840.,0.));
#7884=IFCPOLYLINE((#7882,#7883));
#7885=IFCSHAPEREPRESENTATION(#12,'Axis','Curve3D',(#7884));
#7886=IFCPRODUCTDEFINITIONSHAPE($,$,(#7885));
#7887=IFCCARTESIANPOINT((0.,0.,0.));
#7888=IFCAXIS2PLACEMENT3D(#7887,#8,#9);
#7889=IFCLOCALPLACEMENT(#35,#7888);
#7890=IFCBEAM('1i4NGIQx1E7R3JLfMiHfGl',$,'VS-188','IPE 160',$,#7889,#7886,'VS-188',$);
#7891=IFCRELASSOCIATESMATERIAL('2YEbbculP9gvPfAGtrQbvD',$,$,$,(#7890),#40);
#7892=IFCCARTESIANPOINT((27625.,14840.,0.));
#7893=IFCCARTESIANPOINT((27625.,19510.,0.));
#7894=IFCPOLYLINE((#7892,#7893));
#7895=IFCSHAPEREPRESENTATION(#12,'Axis','Curve3D',(#7894));
#7896=IFCPRODUCTDEFINITIONSHAPE($,$,(#7895));
#7897=IFCCARTESIANPOINT((0.,0.,0.));
#7898=IFCAXIS2PLACEMENT3D(#7897,#8,#9);
#7899=IFCLOCALPLACEMENT(#35,#7898);
#7900=IFCBEAM('14wlIv4J1AzhmeNuAHqCPz',$,'VS-189','IPE 160',$,#7899,#7896,'VS-189',$);
#7901=IFCRELASSOCIATESMATERIAL('0rDY3KEK15PgFxGPhw$61Q',$,$,$,(#7900),#40);
#7902=IFCCARTESIANPOINT((29250.,5500.,0.));
#7903=IFCCARTESIANPOINT((29250.,10170.,0.));
#7904=IFCPOLYLINE((#7902,#7903));
#7905=IFCSHAPEREPRESENTATION(#12,'Axis','Curve3D',(#7904));
#7906=IFCPRODUCTDEFINITIONSHAPE($,$,(#7905));
#7907=IFCCARTESIANPOINT((0.,0.,0.));
#7908=IFCAXIS2PLACEMENT3D(#7907,#8,#9);
#7909=IFCLOCALPLACEMENT(#35,#7908);
#7910=IFCBEAM('0wfwL5Nfj4VAHdz7OxJDQr',$,'VS-190','IPE 160',$,#7909,#7906,'VS-190',$);
#7911=IFCRELASSOCIATESMATERIAL('0WzQLl40DBeuiRAOkFWa4z',$,$,$,(#7910),#40);
#7912=IFCCARTESIANPOINT((29250.,10170.,0.));
#7913=IFCCARTESIANPOINT((29250.,14840.,0.));
#7914=IFCPOLYLINE((#7912,#7913));
#7915=IFCSHAPEREPRESENTATION(#12,'Axis','Curve3D',(#7914));
#7916=IFCPRODUCTDEFINITIONSHAPE($,$,(#7915));
#7917=IFCCARTESIANPOINT((0.,0.,0.));
#7918=IFCAXIS2PLACEMENT3D(#7917,#8,#9);
#7919=IFCLOCALPLACEMENT(#35,#7918);
#7920=IFCBEAM('3_D5tIBofEzAjMTi2hmK4V',$,'VS-191','IPE 160',$,#7919,#7916,'VS-191',$);
#7921=IFCRELASSOCIATESMATERIAL('3I9ELIZorBbguFlIkFbAAC',$,$,$,(#7920),#40);
#7922=IFCCARTESIANPOINT((29250.,14840.,0.));
#7923=IFCCARTESIANPOINT((29250.,19510.,0.));
#7924=IFCPOLYLINE((#7922,#7923));
#7925=IFCSHAPEREPRESENTATION(#12,'Axis','Curve3D',(#7924));
#7926=IFCPRODUCTDEFINITIONSHAPE($,$,(#7925));
#7927=IFCCARTESIANPOINT((0.,0.,0.));
#7928=IFCAXIS2PLACEMENT3D(#7927,#8,#9);
#7929=IFCLOCALPLACEMENT(#35,#7928);
#7930=IFCBEAM('27KY1j7DPDHvKYnIl9dg2a',$,'VS-192','IPE 160',$,#7929,#7926,'VS-192',$);
#7931=IFCRELASSOCIATESMATERIAL('1yrz3f08106uCoDyrQbJst',$,$,$,(#7930),#40);
#7932=IFCCARTESIANPOINT((30875.,5500.,0.));
#7933=IFCCARTESIANPOINT((30875.,10170.,0.));
#7934=IFCPOLYLINE((#7932,#7933));
#7935=IFCSHAPEREPRESENTATION(#12,'Axis','Curve3D',(#7934));
#7936=IFCPRODUCTDEFINITIONSHAPE($,$,(#7935));
#7937=IFCCARTESIANPOINT((0.,0.,0.));
#7938=IFCAXIS2PLACEMENT3D(#7937,#8,#9);
#7939=IFCLOCALPLACEMENT(#35,#7938);
#7940=IFCBEAM('3Trvwip3X4ewpRjJzGPryX',$,'VS-193','IPE 160',$,#7939,#7936,'VS-193',$);
#7941=IFCRELASSOCIATESMATERIAL('1O1cK0W$DCrfrUangjP81t',$,$,$,(#7940),#40);
#7942=IFCCARTESIANPOINT((30875.,10170.,0.));
#7943=IFCCARTESIANPOINT((30875.,14840.,0.));
#7944=IFCPOLYLINE((#7942,#7943));
#7945=IFCSHAPEREPRESENTATION(#12,'Axis','Curve3D',(#7944));
#7946=IFCPRODUCTDEFINITIONSHAPE($,$,(#7945));
#7947=IFCCARTESIANPOINT((0.,0.,0.));
#7948=IFCAXIS2PLACEMENT3D(#7947,#8,#9);
#7949=IFCLOCALPLACEMENT(#35,#7948);
#7950=IFCBEAM('07UVZbO5zBd9YJQYYREm$1',$,'VS-194','IPE 160',$,#7949,#7946,'VS-194',$);
#7951=IFCRELASSOCIATESMATERIAL('1Q_uGpOV588942OCGjuGVa',$,$,$,(#7950),#40);
#7952=IFCCARTESIANPOINT((30875.,14840.,0.));
#7953=IFCCARTESIANPOINT((30875.,19510.,0.));
#7954=IFCPOLYLINE((#7952,#7953));
#7955=IFCSHAPEREPRESENTATION(#12,'Axis','Curve3D',(#7954));
#7956=IFCPRODUCTDEFINITIONSHAPE($,$,(#7955));
#7957=IFCCARTESIANPOINT((0.,0.,0.));
#7958=IFCAXIS2PLACEMENT3D(#7957,#8,#9);
#7959=IFCLOCALPLACEMENT(#35,#7958);
#7960=IFCBEAM('12JD3yojvChBqnKJ57SSKE',$,'VS-195','IPE 160',$,#7959,#7956,'VS-195',$);
#7961=IFCRELASSOCIATESMATERIAL('3DwOlXPrrD5fp3W64OE77X',$,$,$,(#7960),#40);
#7962=IFCCARTESIANPOINT((33583.300000000003,5500.,0.));
#7963=IFCCARTESIANPOINT((33583.300000000003,10170.,0.));
#7964=IFCPOLYLINE((#7962,#7963));
#7965=IFCSHAPEREPRESENTATION(#12,'Axis','Curve3D',(#7964));
#7966=IFCPRODUCTDEFINITIONSHAPE($,$,(#7965));
#7967=IFCCARTESIANPOINT((0.,0.,0.));
#7968=IFCAXIS2PLACEMENT3D(#7967,#8,#9);
#7969=IFCLOCALPLACEMENT(#27,#7968);
#7970=IFCBEAM('00VU4v0759E94LQ$daX1zU',$,'VS-196','IPE 240',$,#7969,#7966,'VS-196',$);
#7971=IFCRELASSOCIATESMATERIAL('35okG6hM96KA5orl_EoeGA',$,$,$,(#7970),#40);
#7972=IFCCARTESIANPOINT((33583.300000000003,10170.,0.));
#7973=IFCCARTESIANPOINT((33583.300000000003,14840.,0.));
#7974=IFCPOLYLINE((#7972,#7973));
#7975=IFCSHAPEREPRESENTATION(#12,'Axis','Curve3D',(#7974));
#7976=IFCPRODUCTDEFINITIONSHAPE($,$,(#7975));
#7977=IFCCARTESIANPOINT((0.,0.,0.));
#7978=IFCAXIS2PLACEMENT3D(#7977,#8,#9);
#7979=IFCLOCALPLACEMENT(#27,#7978);
#7980=IFCBEAM('14$uGtKFP5ogTrybV6Nwft',$,'VS-197','IPE 240',$,#7979,#7976,'VS-197',$);
#7981=IFCRELASSOCIATESMATERIAL('1KmNBctT58IASSuBOeiHN5',$,$,$,(#7980),#40);
#7982=IFCCARTESIANPOINT((33583.300000000003,14840.,0.));
#7983=IFCCARTESIANPOINT((33583.300000000003,19510.,0.));
#7984=IFCPOLYLINE((#7982,#7983));
#7985=IFCSHAPEREPRESENTATION(#12,'Axis','Curve3D',(#7984));
#7986=IFCPRODUCTDEFINITIONSHAPE($,$,(#7985));
#7987=IFCCARTESIANPOINT((0.,0.,0.));
#7988=IFCAXIS2PLACEMENT3D(#7987,#8,#9);
#7989=IFCLOCALPLACEMENT(#27,#7988);
#7990=IFCBEAM('29Zaw9USHETOlwOcH8itXE',$,'VS-198','IPE 240',$,#7989,#7986,'VS-198',$);
#7991=IFCRELASSOCIATESMATERIAL('32ATKczh14WBJQyBAhECHp',$,$,$,(#7990),#40);
#7992=IFCCARTESIANPOINT((34666.699999999997,5500.,0.));
#7993=IFCCARTESIANPOINT((34666.699999999997,10170.,0.));
#7994=IFCPOLYLINE((#7992,#7993));
#7995=IFCSHAPEREPRESENTATION(#12,'Axis','Curve3D',(#7994));
#7996=IFCPRODUCTDEFINITIONSHAPE($,$,(#7995));
#7997=IFCCARTESIANPOINT((0.,0.,0.));
#7998=IFCAXIS2PLACEMENT3D(#7997,#8,#9);
#7999=IFCLOCALPLACEMENT(#27,#7998);
#8000=IFCBEAM('2Dj7Ak9fv7$QuTTQzwFWno',$,'VS-199','IPE 200',$,#7999,#7996,'VS-199',$);
#8001=IFCRELASSOCIATESMATERIAL('2k4OpBqf93V9Is742_200p',$,$,$,(#8000),#40);
#8002=IFCCARTESIANPOINT((34666.699999999997,10170.,0.));
#8003=IFCCARTESIANPOINT((34666.699999999997,14840.,0.));
#8004=IFCPOLYLINE((#8002,#8003));
#8005=IFCSHAPEREPRESENTATION(#12,'Axis','Curve3D',(#8004));
#8006=IFCPRODUCTDEFINITIONSHAPE($,$,(#8005));
#8007=IFCCARTESIANPOINT((0.,0.,0.));
#8008=IFCAXIS2PLACEMENT3D(#8007,#8,#9);
#8009=IFCLOCALPLACEMENT(#27,#8008);
#8010=IFCBEAM('1BZYmKcEDFywugnScSOrQ6',$,'VS-200','IPE 200',$,#8009,#8006,'VS-200',$);
#8011=IFCRELASSOCIATESMATERIAL('21hrSfBvP6LP9hg5WeYsV_',$,$,$,(#8010),#40);
#8012=IFCCARTESIANPOINT((34666.699999999997,14840.,0.));
#8013=IFCCARTESIANPOINT((34666.699999999997,19510.,0.));
#8014=IFCPOLYLINE((#8012,#8013));
#8015=IFCSHAPEREPRESENTATION(#12,'Axis','Curve3D',(#8014));
#8016=IFCPRODUCTDEFINITIONSHAPE($,$,(#8015));
#8017=IFCCARTESIANPOINT((0.,0.,0.));
#8018=IFCAXIS2PLACEMENT3D(#8017,#8,#9);
#8019=IFCLOCALPLACEMENT(#27,#8018);
#8020=IFCBEAM('0wWCbY5rj2jhmZx0iSTEa4',$,'VS-201','IPE 200',$,#8019,#8016,'VS-201',$);
#8021=IFCRELASSOCIATESMATERIAL('3KuX0Ty3P42fsSxXjIIGiC',$,$,$,(#8020),#40);
#8022=IFCCARTESIANPOINT((35750.,5500.,0.));
#8023=IFCCARTESIANPOINT((35750.,10170.,0.));
#8024=IFCPOLYLINE((#8022,#8023));
#8025=IFCSHAPEREPRESENTATION(#12,'Axis','Curve3D',(#8024));
#8026=IFCPRODUCTDEFINITIONSHAPE($,$,(#8025));
#8027=IFCCARTESIANPOINT((0.,0.,0.));
#8028=IFCAXIS2PLACEMENT3D(#8027,#8,#9);
#8029=IFCLOCALPLACEMENT(#27,#8028);
#8030=IFCBEAM('1uv4QzYKf26xHlh5z4OOFM',$,'VS-202','IPE 200',$,#8029,#8026,'VS-202',$);
#8031=IFCRELASSOCIATESMATERIAL('05eCFr3jfEs8ashn2kbGHk',$,$,$,(#8030),#40);
#8032=IFCCARTESIANPOINT((35750.,10170.,0.));
#8033=IFCCARTESIANPOINT((35750.,14840.,0.));
#8034=IFCPOLYLINE((#8032,#8033));
#8035=IFCSHAPEREPRESENTATION(#12,'Axis','Curve3D',(#8034));
#8036=IFCPRODUCTDEFINITIONSHAPE($,$,(#8035));
#8037=IFCCARTESIANPOINT((0.,0.,0.));
#8038=IFCAXIS2PLACEMENT3D(#8037,#8,#9);
#8039=IFCLOCALPLACEMENT(#27,#8038);
#8040=IFCBEAM('39jvV3_cDBTgJ$Mjhj680D',$,'VS-203','IPE 200',$,#8039,#8036,'VS-203',$);
#8041=IFCRELASSOCIATESMATERIAL('0W_r42eHD6QQkhrt_geSHe',$,$,$,(#8040),#40);
#8042=IFCCARTESIANPOINT((35750.,14840.,0.));
#8043=IFCCARTESIANPOINT((35750.,19510.,0.));
#8044=IFCPOLYLINE((#8042,#8043));
#8045=IFCSHAPEREPRESENTATION(#12,'Axis','Curve3D',(#8044));
#8046=IFCPRODUCTDEFINITIONSHAPE($,$,(#8045));
#8047=IFCCARTESIANPOINT((0.,0.,0.));
#8048=IFCAXIS2PLACEMENT3D(#8047,#8,#9);
#8049=IFCLOCALPLACEMENT(#27,#8048);
#8050=IFCBEAM('2_F3BiOzn34eQ7c8y0r_dX',$,'VS-204','IPE 200',$,#8049,#8046,'VS-204',$);
#8051=IFCRELASSOCIATESMATERIAL('0p4wzaD5n30u$4Cc59Fz_7',$,$,$,(#8050),#40);
#8052=IFCCARTESIANPOINT((36833.300000000003,5500.,0.));
#8053=IFCCARTESIANPOINT((36833.300000000003,10170.,0.));
#8054=IFCPOLYLINE((#8052,#8053));
#8055=IFCSHAPEREPRESENTATION(#12,'Axis','Curve3D',(#8054));
#8056=IFCPRODUCTDEFINITIONSHAPE($,$,(#8055));
#8057=IFCCARTESIANPOINT((0.,0.,0.));
#8058=IFCAXIS2PLACEMENT3D(#8057,#8,#9);
#8059=IFCLOCALPLACEMENT(#27,#8058);
#8060=IFCBEAM('2JTc0kAZH6z8$JBH$VQ5I6',$,'VS-205','IPE 200',$,#8059,#8056,'VS-205',$);
#8061=IFCRELASSOCIATESMATERIAL('3HlnvLoxr9yf6jwdUZzUwp',$,$,$,(#8060),#40);
#8062=IFCCARTESIANPOINT((36833.300000000003,10170.,0.));
#8063=IFCCARTESIANPOINT((36833.300000000003,14840.,0.));
#8064=IFCPOLYLINE((#8062,#8063));
#8065=IFCSHAPEREPRESENTATION(#12,'Axis','Curve3D',(#8064));
#8066=IFCPRODUCTDEFINITIONSHAPE($,$,(#8065));
#8067=IFCCARTESIANPOINT((0.,0.,0.));
#8068=IFCAXIS2PLACEMENT3D(#8067,#8,#9);
#8069=IFCLOCALPLACEMENT(#27,#8068);
#8070=IFCBEAM('1Q84aF9CT3Jw5T8Cm7jJmq',$,'VS-206','IPE 200',$,#8069,#8066,'VS-206',$);
#8071=IFCRELASSOCIATESMATERIAL('3Mm6PlTkn8euNGcFynohpc',$,$,$,(#8070),#40);
#8072=IFCCARTESIANPOINT((36833.300000000003,14840.,0.));
#8073=IFCCARTESIANPOINT((36833.300000000003,19510.,0.));
#8074=IFCPOLYLINE((#8072,#8073));
#8075=IFCSHAPEREPRESENTATION(#12,'Axis','Curve3D',(#8074));
#8076=IFCPRODUCTDEFINITIONSHAPE($,$,(#8075));
#8077=IFCCARTESIANPOINT((0.,0.,0.));
#8078=IFCAXIS2PLACEMENT3D(#8077,#8,#9);
#8079=IFCLOCALPLACEMENT(#27,#8078);
#8080=IFCBEAM('3lVWi94lHEHebSBQVOpMBy',$,'VS-207','IPE 200',$,#8079,#8076,'VS-207',$);
#8081=IFCRELASSOCIATESMATERIAL('3rjxOiKVnDB90u85jx97Kh',$,$,$,(#8080),#40);
#8082=IFCCARTESIANPOINT((37916.699999999997,5500.,0.));
#8083=IFCCARTESIANPOINT((37916.699999999997,10170.,0.));
#8084=IFCPOLYLINE((#8082,#8083));
#8085=IFCSHAPEREPRESENTATION(#12,'Axis','Curve3D',(#8084));
#8086=IFCPRODUCTDEFINITIONSHAPE($,$,(#8085));
#8087=IFCCARTESIANPOINT((0.,0.,0.));
#8088=IFCAXIS2PLACEMENT3D(#8087,#8,#9);
#8089=IFCLOCALPLACEMENT(#27,#8088);
#8090=IFCBEAM('3W5XKV7mnCFRrI8dRFou8G',$,'VS-208','IPE 240',$,#8089,#8086,'VS-208',$);
#8091=IFCRELASSOCIATESMATERIAL('2xA6jyXq57wBGX_WL$b0XV',$,$,$,(#8090),#40);
#8092=IFCCARTESIANPOINT((37916.699999999997,10170.,0.));
#8093=IFCCARTESIANPOINT((37916.699999999997,14840.,0.));
#8094=IFCPOLYLINE((#8092,#8093));
#8095=IFCSHAPEREPRESENTATION(#12,'Axis','Curve3D',(#8094));
#8096=IFCPRODUCTDEFINITIONSHAPE($,$,(#8095));
#8097=IFCCARTESIANPOINT((0.,0.,0.));
#8098=IFCAXIS2PLACEMENT3D(#8097,#8,#9);
#8099=IFCLOCALPLACEMENT(#27,#8098);
#8100=IFCBEAM('3MBQSBnDzAMA72vOqw_vOG',$,'VS-209','IPE 240',$,#8099,#8096,'VS-209',$);
#8101=IFCRELASSOCIATESMATERIAL('3p7$4ePbP6aOrzZ3RplNpr',$,$,$,(#8100),#40);
#8102=IFCCARTESIANPOINT((37916.699999999997,14840.,0.));
#8103=IFCCARTESIANPOINT((37916.699999999997,19510.,0.));
#8104=IFCPOLYLINE((#8102,#8103));
#8105=IFCSHAPEREPRESENTATION(#12,'Axis','Curve3D',(#8104));
#8106=IFCPRODUCTDEFINITIONSHAPE($,$,(#8105));
#8107=IFCCARTESIANPOINT((0.,0.,0.));
#8108=IFCAXIS2PLACEMENT3D(#8107,#8,#9);
#8109=IFCLOCALPLACEMENT(#27,#8108);
#8110=IFCBEAM('1FawTIrxL8nRj1zElyOI6N',$,'VS-210','IPE 240',$,#8109,#8106,'VS-210',$);
#8111=IFCRELASSOCIATESMATERIAL('2F5kXVgvL1cRdsVfPg669L',$,$,$,(#8110),#40);
#8112=IFCCARTESIANPOINT((33583.300000000003,5500.,0.));
#8113=IFCCARTESIANPOINT((33583.300000000003,10170.,0.));
#8114=IFCPOLYLINE((#8112,#8113));
#8115=IFCSHAPEREPRESENTATION(#12,'Axis','Curve3D',(#8114));
#8116=IFCPRODUCTDEFINITIONSHAPE($,$,(#8115));
#8117=IFCCARTESIANPOINT((0.,0.,0.));
#8118=IFCAXIS2PLACEMENT3D(#8117,#8,#9);
#8119=IFCLOCALPLACEMENT(#31,#8118);
#8120=IFCBEAM('1RzRuPWE5F7ujEkp2$6SeS',$,'VS-211','IPE 240',$,#8119,#8116,'VS-211',$);
#8121=IFCRELASSOCIATESMATERIAL('3iRmvXBBr0HftDB$QBdLXv',$,$,$,(#8120),#40);
#8122=IFCCARTESIANPOINT((33583.300000000003,10170.,0.));
#8123=IFCCARTESIANPOINT((33583.300000000003,14840.,0.));
#8124=IFCPOLYLINE((#8122,#8123));
#8125=IFCSHAPEREPRESENTATION(#12,'Axis','Curve3D',(#8124));
#8126=IFCPRODUCTDEFINITIONSHAPE($,$,(#8125));
#8127=IFCCARTESIANPOINT((0.,0.,0.));
#8128=IFCAXIS2PLACEMENT3D(#8127,#8,#9);
#8129=IFCLOCALPLACEMENT(#31,#8128);
#8130=IFCBEAM('2LA6esRrTB0OoC55_VuQiA',$,'VS-212','IPE 240',$,#8129,#8126,'VS-212',$);
#8131=IFCRELASSOCIATESMATERIAL('1jWbVNsX1DCBcke0jg5xgO',$,$,$,(#8130),#40);
#8132=IFCCARTESIANPOINT((33583.300000000003,14840.,0.));
#8133=IFCCARTESIANPOINT((33583.300000000003,19510.,0.));
#8134=IFCPOLYLINE((#8132,#8133));
#8135=IFCSHAPEREPRESENTATION(#12,'Axis','Curve3D',(#8134));
#8136=IFCPRODUCTDEFINITIONSHAPE($,$,(#8135));
#8137=IFCCARTESIANPOINT((0.,0.,0.));
#8138=IFCAXIS2PLACEMENT3D(#8137,#8,#9);
#8139=IFCLOCALPLACEMENT(#31,#8138);
#8140=IFCBEAM('3GGNWlO$v8MAnnGZLqlGkl',$,'VS-213','IPE 240',$,#8139,#8136,'VS-213',$);
#8141=IFCRELASSOCIATESMATERIAL('1EM_lSqoj7ORLx5$CTMMS6',$,$,$,(#8140),#40);
#8142=IFCCARTESIANPOINT((34666.699999999997,5500.,0.));
#8143=IFCCARTESIANPOINT((34666.699999999997,10170.,0.));
#8144=IFCPOLYLINE((#8142,#8143));
#8145=IFCSHAPEREPRESENTATION(#12,'Axis','Curve3D',(#8144));
#8146=IFCPRODUCTDEFINITIONSHAPE($,$,(#8145));
#8147=IFCCARTESIANPOINT((0.,0.,0.));
#8148=IFCAXIS2PLACEMENT3D(#8147,#8,#9);
#8149=IFCLOCALPLACEMENT(#31,#8148);
#8150=IFCBEAM('1Q5SblE5j9zQZhuA8QAESh',$,'VS-214','IPE 200',$,#8149,#8146,'VS-214',$);
#8151=IFCRELASSOCIATESMATERIAL('02zIe9EbT7efp0MzZJhTes',$,$,$,(#8150),#40);
#8152=IFCCARTESIANPOINT((34666.699999999997,10170.,0.));
#8153=IFCCARTESIANPOINT((34666.699999999997,14840.,0.));
#8154=IFCPOLYLINE((#8152,#8153));
#8155=IFCSHAPEREPRESENTATION(#12,'Axis','Curve3D',(#8154));
#8156=IFCPRODUCTDEFINITIONSHAPE($,$,(#8155));
#8157=IFCCARTESIANPOINT((0.,0.,0.));
#8158=IFCAXIS2PLACEMENT3D(#8157,#8,#9);
#8159=IFCLOCALPLACEMENT(#31,#8158);
#8160=IFCBEAM('1kYfeB7wjDLhxKmQBtevsf',$,'VS-215','IPE 200',$,#8159,#8156,'VS-215',$);
#8161=IFCRELASSOCIATESMATERIAL('2dqZXNvx9CNQdTFwUBMZrn',$,$,$,(#8160),#40);
#8162=IFCCARTESIANPOINT((34666.699999999997,14840.,0.));
#8163=IFCCARTESIANPOINT((34666.699999999997,19510.,0.));
#8164=IFCPOLYLINE((#8162,#8163));
#8165=IFCSHAPEREPRESENTATION(#12,'Axis','Curve3D',(#8164));
#8166=IFCPRODUCTDEFINITIONSHAPE($,$,(#8165));
#8167=IFCCARTESIANPOINT((0.,0.,0.));
#8168=IFCAXIS2PLACEMENT3D(#8167,#8,#9);
#8169=IFCLOCALPLACEMENT(#31,#8168);
#8170=IFCBEAM('0VeEibyNH4c8E4M$oShOWF',$,'VS-216','IPE 200',$,#8169,#8166,'VS-216',$);
#8171=IFCRELASSOCIATESMATERIAL('0V3NcZ4d11TOWePCoUw$J8',$,$,$,(#8170),#40);
#8172=IFCCARTESIANPOINT((35750.,5500.,0.));
#8173=IFCCARTESIANPOINT((35750.,10170.,0.));
#8174=IFCPOLYLINE((#8172,#8173));
#8175=IFCSHAPEREPRESENTATION(#12,'Axis','Curve3D',(#8174));
#8176=IFCPRODUCTDEFINITIONSHAPE($,$,(#8175));
#8177=IFCCARTESIANPOINT((0.,0.,0.));
#8178=IFCAXIS2PLACEMENT3D(#8177,#8,#9);
#8179=IFCLOCALPLACEMENT(#31,#8178);
#8180=IFCBEAM('2Tc0t5JWPA0B0W9OsQBqWl',$,'VS-217','IPE 200',$,#8179,#8176,'VS-217',$);
#8181=IFCRELASSOCIATESMATERIAL('3aHGbElML66RHD7tD3Tz$V',$,$,$,(#8180),#40);
#8182=IFCCARTESIANPOINT((35750.,10170.,0.));
#8183=IFCCARTESIANPOINT((35750.,14840.,0.));
#8184=IFCPOLYLINE((#8182,#8183));
#8185=IFCSHAPEREPRESENTATION(#12,'Axis','Curve3D',(#8184));
#8186=IFCPRODUCTDEFINITIONSHAPE($,$,(#8185));
#8187=IFCCARTESIANPOINT((0.,0.,0.));
#8188=IFCAXIS2PLACEMENT3D(#8187,#8,#9);
#8189=IFCLOCALPLACEMENT(#31,#8188);
#8190=IFCBEAM('3SHmuWapz9gwWVM0Qu9$lD',$,'VS-218','IPE 200',$,#8189,#8186,'VS-218',$);
#8191=IFCRELASSOCIATESMATERIAL('3JRhxoZNj8oRDRXSvSiNaY',$,$,$,(#8190),#40);
#8192=IFCCARTESIANPOINT((35750.,14840.,0.));
#8193=IFCCARTESIANPOINT((35750.,19510.,0.));
#8194=IFCPOLYLINE((#8192,#8193));
#8195=IFCSHAPEREPRESENTATION(#12,'Axis','Curve3D',(#8194));
#8196=IFCPRODUCTDEFINITIONSHAPE($,$,(#8195));
#8197=IFCCARTESIANPOINT((0.,0.,0.));
#8198=IFCAXIS2PLACEMENT3D(#8197,#8,#9);
#8199=IFCLOCALPLACEMENT(#31,#8198);
#8200=IFCBEAM('0Q2Gr28wr6s8sc9TzEfmEZ',$,'VS-219','IPE 200',$,#8199,#8196,'VS-219',$);
#8201=IFCRELASSOCIATESMATERIAL('101tTeZrb4Axe_loLPUbP3',$,$,$,(#8200),#40);
#8202=IFCCARTESIANPOINT((36833.300000000003,5500.,0.));
#8203=IFCCARTESIANPOINT((36833.300000000003,10170.,0.));
#8204=IFCPOLYLINE((#8202,#8203));
#8205=IFCSHAPEREPRESENTATION(#12,'Axis','Curve3D',(#8204));
#8206=IFCPRODUCTDEFINITIONSHAPE($,$,(#8205));
#8207=IFCCARTESIANPOINT((0.,0.,0.));
#8208=IFCAXIS2PLACEMENT3D(#8207,#8,#9);
#8209=IFCLOCALPLACEMENT(#31,#8208);
#8210=IFCBEAM('2jPZMTNE18VBQYejNhgJe8',$,'VS-220','IPE 200',$,#8209,#8206,'VS-220',$);
#8211=IFCRELASSOCIATESMATERIAL('1BpU4Eba5B3BdaG96pG19u',$,$,$,(#8210),#40);
#8212=IFCCARTESIANPOINT((36833.300000000003,10170.,0.));
#8213=IFCCARTESIANPOINT((36833.300000000003,14840.,0.));
#8214=IFCPOLYLINE((#8212,#8213));
#8215=IFCSHAPEREPRESENTATION(#12,'Axis','Curve3D',(#8214));
#8216=IFCPRODUCTDEFINITIONSHAPE($,$,(#8215));
#8217=IFCCARTESIANPOINT((0.,0.,0.));
#8218=IFCAXIS2PLACEMENT3D(#8217,#8,#9);
#8219=IFCLOCALPLACEMENT(#31,#8218);
#8220=IFCBEAM('2sAQHqYQj2RRpF8UyTBJQV',$,'VS-221','IPE 200',$,#8219,#8216,'VS-221',$);
#8221=IFCRELASSOCIATESMATERIAL('1R5lG6afv3Pe0OLKMsX1z4',$,$,$,(#8220),#40);
#8222=IFCCARTESIANPOINT((36833.300000000003,14840.,0.));
#8223=IFCCARTESIANPOINT((36833.300000000003,19510.,0.));
#8224=IFCPOLYLINE((#8222,#8223));
#8225=IFCSHAPEREPRESENTATION(#12,'Axis','Curve3D',(#8224));
#8226=IFCPRODUCTDEFINITIONSHAPE($,$,(#8225));
#8227=IFCCARTESIANPOINT((0.,0.,0.));
#8228=IFCAXIS2PLACEMENT3D(#8227,#8,#9);
#8229=IFCLOCALPLACEMENT(#31,#8228);
#8230=IFCBEAM('10_zOZJ6fC8unXQJTrbOg5',$,'VS-222','IPE 200',$,#8229,#8226,'VS-222',$);
#8231=IFCRELASSOCIATESMATERIAL('3LVI6y_drBI9_PoTtg64rl',$,$,$,(#8230),#40);
#8232=IFCCARTESIANPOINT((37916.699999999997,5500.,0.));
#8233=IFCCARTESIANPOINT((37916.699999999997,10170.,0.));
#8234=IFCPOLYLINE((#8232,#8233));
#8235=IFCSHAPEREPRESENTATION(#12,'Axis','Curve3D',(#8234));
#8236=IFCPRODUCTDEFINITIONSHAPE($,$,(#8235));
#8237=IFCCARTESIANPOINT((0.,0.,0.));
#8238=IFCAXIS2PLACEMENT3D(#8237,#8,#9);
#8239=IFCLOCALPLACEMENT(#31,#8238);
#8240=IFCBEAM('0nx5hVCl9Dzhup2jDsG54k',$,'VS-223','IPE 240',$,#8239,#8236,'VS-223',$);
#8241=IFCRELASSOCIATESMATERIAL('34hrwAcEb418ZOl33Lg9$J',$,$,$,(#8240),#40);
#8242=IFCCARTESIANPOINT((37916.699999999997,10170.,0.));
#8243=IFCCARTESIANPOINT((37916.699999999997,14840.,0.));
#8244=IFCPOLYLINE((#8242,#8243));
#8245=IFCSHAPEREPRESENTATION(#12,'Axis','Curve3D',(#8244));
#8246=IFCPRODUCTDEFINITIONSHAPE($,$,(#8245));
#8247=IFCCARTESIANPOINT((0.,0.,0.));
#8248=IFCAXIS2PLACEMENT3D(#8247,#8,#9);
#8249=IFCLOCALPLACEMENT(#31,#8248);
#8250=IFCBEAM('0HvI$rV9f1sRvwUjltVjEF',$,'VS-224','IPE 240',$,#8249,#8246,'VS-224',$);
#8251=IFCRELASSOCIATESMATERIAL('0IxIz7eg14zwidALeD9uG1',$,$,$,(#8250),#40);
#8252=IFCCARTESIANPOINT((37916.699999999997,14840.,0.));
#8253=IFCCARTESIANPOINT((37916.699999999997,19510.,0.));
#8254=IFCPOLYLINE((#8252,#8253));
#8255=IFCSHAPEREPRESENTATION(#12,'Axis','Curve3D',(#8254));
#8256=IFCPRODUCTDEFINITIONSHAPE($,$,(#8255));
#8257=IFCCARTESIANPOINT((0.,0.,0.));
#8258=IFCAXIS2PLACEMENT3D(#8257,#8,#9);
#8259=IFCLOCALPLACEMENT(#31,#8258);
#8260=IFCBEAM('3h4_GaXVP9GAwPgdbqzw25',$,'VS-225','IPE 240',$,#8259,#8256,'VS-225',$);
#8261=IFCRELASSOCIATESMATERIAL('1cbZktOrv1GhOE1PIdg0cV',$,$,$,(#8260),#40);
#8262=IFCCARTESIANPOINT((34125.,5500.,0.));
#8263=IFCCARTESIANPOINT((34125.,10170.,0.));
#8264=IFCPOLYLINE((#8262,#8263));
#8265=IFCSHAPEREPRESENTATION(#12,'Axis','Curve3D',(#8264));
#8266=IFCPRODUCTDEFINITIONSHAPE($,$,(#8265));
#8267=IFCCARTESIANPOINT((0.,0.,0.));
#8268=IFCAXIS2PLACEMENT3D(#8267,#8,#9);
#8269=IFCLOCALPLACEMENT(#35,#8268);
#8270=IFCBEAM('1diwWvI5HEwgWQu9eDmsnA',$,'VS-226','IPE 160',$,#8269,#8266,'VS-226',$);
#8271=IFCRELASSOCIATESMATERIAL('0xvPWmVkn46wb$CeROuUp9',$,$,$,(#8270),#40);
#8272=IFCCARTESIANPOINT((34125.,10170.,0.));
#8273=IFCCARTESIANPOINT((34125.,14840.,0.));
#8274=IFCPOLYLINE((#8272,#8273));
#8275=IFCSHAPEREPRESENTATION(#12,'Axis','Curve3D',(#8274));
#8276=IFCPRODUCTDEFINITIONSHAPE($,$,(#8275));
#8277=IFCCARTESIANPOINT((0.,0.,0.));
#8278=IFCAXIS2PLACEMENT3D(#8277,#8,#9);
#8279=IFCLOCALPLACEMENT(#35,#8278);
#8280=IFCBEAM('3Up4$NGabDGv1z5RGYQUai',$,'VS-227','IPE 160',$,#8279,#8276,'VS-227',$);
#8281=IFCRELASSOCIATESMATERIAL('0$wO53wfj6dwqySBfS100n',$,$,$,(#8280),#40);
#8282=IFCCARTESIANPOINT((34125.,14840.,0.));
#8283=IFCCARTESIANPOINT((34125.,19510.,0.));
#8284=IFCPOLYLINE((#8282,#8283));
#8285=IFCSHAPEREPRESENTATION(#12,'Axis','Curve3D',(#8284));
#8286=IFCPRODUCTDEFINITIONSHAPE($,$,(#8285));
#8287=IFCCARTESIANPOINT((0.,0.,0.));
#8288=IFCAXIS2PLACEMENT3D(#8287,#8,#9);
#8289=IFCLOCALPLACEMENT(#35,#8288);
#8290=IFCBEAM('1C3Y_0MLz9DB10GVWPFqfY',$,'VS-228','IPE 160',$,#8289,#8286,'VS-228',$);
#8291=IFCRELASSOCIATESMATERIAL('00hUHLnAbEDhQUFLeQk5So',$,$,$,(#8290),#40);
#8292=IFCCARTESIANPOINT((35750.,5500.,0.));
#8293=IFCCARTESIANPOINT((35750.,10170.,0.));
#8294=IFCPOLYLINE((#8292,#8293));
#8295=IFCSHAPEREPRESENTATION(#12,'Axis','Curve3D',(#8294));
#8296=IFCPRODUCTDEFINITIONSHAPE($,$,(#8295));
#8297=IFCCARTESIANPOINT((0.,0.,0.));
#8298=IFCAXIS2PLACEMENT3D(#8297,#8,#9);
#8299=IFCLOCALPLACEMENT(#35,#8298);
#8300=IFCBEAM('3cwHEsHiX37v0_di4_7BoY',$,'VS-229','IPE 160',$,#8299,#8296,'VS-229',$);
#8301=IFCRELASSOCIATESMATERIAL('0mnLqcfGL9Vv1BJSZHEMyu',$,$,$,(#8300),#40);
#8302=IFCCARTESIANPOINT((35750.,10170.,0.));
#8303=IFCCARTESIANPOINT((35750.,14840.,0.));
#8304=IFCPOLYLINE((#8302,#8303));
#8305=IFCSHAPEREPRESENTATION(#12,'Axis','Curve3D',(#8304));
#8306=IFCPRODUCTDEFINITIONSHAPE($,$,(#8305));
#8307=IFCCARTESIANPOINT((0.,0.,0.));
#8308=IFCAXIS2PLACEMENT3D(#8307,#8,#9);
#8309=IFCLOCALPLACEMENT(#35,#8308);
#8310=IFCBEAM('13nLA0lmjDi8t9dAOK_k0R',$,'VS-230','IPE 160',$,#8309,#8306,'VS-230',$);
#8311=IFCRELASSOCIATESMATERIAL('14j48ZcVX4suKCom8uNsGH',$,$,$,(#8310),#40);
#8312=IFCCARTESIANPOINT((35750.,14840.,0.));
#8313=IFCCARTESIANPOINT((35750.,19510.,0.));
#8314=IFCPOLYLINE((#8312,#8313));
#8315=IFCSHAPEREPRESENTATION(#12,'Axis','Curve3D',(#8314));
#8316=IFCPRODUCTDEFINITIONSHAPE($,$,(#8315));
#8317=IFCCARTESIANPOINT((0.,0.,0.));
#8318=IFCAXIS2PLACEMENT3D(#8317,#8,#9);
#8319=IFCLOCALPLACEMENT(#35,#8318);
#8320=IFCBEAM('19XEYLbUr1rQbCCdOPIOdj',$,'VS-231','IPE 160',$,#8319,#8316,'VS-231',$);
#8321=IFCRELASSOCIATESMATERIAL('2cj0ja9zT0R8kIolksMkIQ',$,$,$,(#8320),#40);
#8322=IFCCARTESIANPOINT((37375.,5500.,0.));
#8323=IFCCARTESIANPOINT((37375.,10170.,0.));
#8324=IFCPOLYLINE((#8322,#8323));
#8325=IFCSHAPEREPRESENTATION(#12,'Axis','Curve3D',(#8324));
#8326=IFCPRODUCTDEFINITIONSHAPE($,$,(#8325));
#8327=IFCCARTESIANPOINT((0.,0.,0.));
#8328=IFCAXIS2PLACEMENT3D(#8327,#8,#9);
#8329=IFCLOCALPLACEMENT(#35,#8328);
#8330=IFCBEAM('3AmTD$8cPCSP5SUY1WSNIj',$,'VS-232','IPE 160',$,#8329,#8326,'VS-232',$);
#8331=IFCRELASSOCIATESMATERIAL('3Fsr3biEj5ph3Va641M53j',$,$,$,(#8330),#40);
#8332=IFCCARTESIANPOINT((37375.,10170.,0.));
#8333=IFCCARTESIANPOINT((37375.,14840.,0.));
#8334=IFCPOLYLINE((#8332,#8333));
#8335=IFCSHAPEREPRESENTATION(#12,'Axis','Curve3D',(#8334));
#8336=IFCPRODUCTDEFINITIONSHAPE($,$,(#8335));
#8337=IFCCARTESIANPOINT((0.,0.,0.));
#8338=IFCAXIS2PLACEMENT3D(#8337,#8,#9);
#8339=IFCLOCALPLACEMENT(#35,#8338);
#8340=IFCBEAM('3_j_dntt11MxT6yknRv3ds',$,'VS-233','IPE 160',$,#8339,#8336,'VS-233',$);
#8341=IFCRELASSOCIATESMATERIAL('2zxgbE6OL02eqRQIMP3lSn',$,$,$,(#8340),#40);
#8342=IFCCARTESIANPOINT((37375.,14840.,0.));
#8343=IFCCARTESIANPOINT((37375.,19510.,0.));
#8344=IFCPOLYLINE((#8342,#8343));
#8345=IFCSHAPEREPRESENTATION(#12,'Axis','Curve3D',(#8344));
#8346=IFCPRODUCTDEFINITIONSHAPE($,$,(#8345));
#8347=IFCCARTESIANPOINT((0.,0.,0.));
#8348=IFCAXIS2PLACEMENT3D(#8347,#8,#9);
#8349=IFCLOCALPLACEMENT(#35,#8348);
#8350=IFCBEAM('2kjKzUUXz2J831wo5XjQSB',$,'VS-234','IPE 160',$,#8349,#8346,'VS-234',$);
#8351=IFCRELASSOCIATESMATERIAL('273GDed7z8We7sgAgZZjrz',$,$,$,(#8350),#40);
#8352=IFCCARTESIANPOINT((40083.300000000003,5500.,0.));
#8353=IFCCARTESIANPOINT((40083.300000000003,10170.,0.));
#8354=IFCPOLYLINE((#8352,#8353));
#8355=IFCSHAPEREPRESENTATION(#12,'Axis','Curve3D',(#8354));
#8356=IFCPRODUCTDEFINITIONSHAPE($,$,(#8355));
#8357=IFCCARTESIANPOINT((0.,0.,0.));
#8358=IFCAXIS2PLACEMENT3D(#8357,#8,#9);
#8359=IFCLOCALPLACEMENT(#27,#8358);
#8360=IFCBEAM('2XPE$3V$T3HQABMEPVVPTe',$,'VS-235','IPE 240',$,#8359,#8356,'VS-235',$);
#8361=IFCRELASSOCIATESMATERIAL('12IzfMvf189fxmhwm5bXmI',$,$,$,(#8360),#40);
#8362=IFCCARTESIANPOINT((40083.300000000003,10170.,0.));
#8363=IFCCARTESIANPOINT((40083.300000000003,14840.,0.));
#8364=IFCPOLYLINE((#8362,#8363));
#8365=IFCSHAPEREPRESENTATION(#12,'Axis','Curve3D',(#8364));
#8366=IFCPRODUCTDEFINITIONSHAPE($,$,(#8365));
#8367=IFCCARTESIANPOINT((0.,0.,0.));
#8368=IFCAXIS2PLACEMENT3D(#8367,#8,#9);
#8369=IFCLOCALPLACEMENT(#27,#8368);
#8370=IFCBEAM('3B91qaWFTE_fb_z58Z$2MX',$,'VS-236','IPE 240',$,#8369,#8366,'VS-236',$);
#8371=IFCRELASSOCIATESMATERIAL('3BRLylz091OuQJPCE94LgE',$,$,$,(#8370),#40);
#8372=IFCCARTESIANPOINT((40083.300000000003,14840.,0.));
#8373=IFCCARTESIANPOINT((40083.300000000003,19510.,0.));
#8374=IFCPOLYLINE((#8372,#8373));
#8375=IFCSHAPEREPRESENTATION(#12,'Axis','Curve3D',(#8374));
#8376=IFCPRODUCTDEFINITIONSHAPE($,$,(#8375));
#8377=IFCCARTESIANPOINT((0.,0.,0.));
#8378=IFCAXIS2PLACEMENT3D(#8377,#8,#9);
#8379=IFCLOCALPLACEMENT(#27,#8378);
#8380=IFCBEAM('1Dl00z1yzCNOCHfns$bSU_',$,'VS-237','IPE 240',$,#8379,#8376,'VS-237',$);
#8381=IFCRELASSOCIATESMATERIAL('157DotJNHDpf6gVrD$dg1$',$,$,$,(#8380),#40);
#8382=IFCCARTESIANPOINT((41166.699999999997,5500.,0.));
#8383=IFCCARTESIANPOINT((41166.699999999997,10170.,0.));
#8384=IFCPOLYLINE((#8382,#8383));
#8385=IFCSHAPEREPRESENTATION(#12,'Axis','Curve3D',(#8384));
#8386=IFCPRODUCTDEFINITIONSHAPE($,$,(#8385));
#8387=IFCCARTESIANPOINT((0.,0.,0.));
#8388=IFCAXIS2PLACEMENT3D(#8387,#8,#9);
#8389=IFCLOCALPLACEMENT(#27,#8388);
#8390=IFCBEAM('1gzYClA2fCxvAkgZEQZ2Ah',$,'VS-238','IPE 200',$,#8389,#8386,'VS-238',$);
#8391=IFCRELASSOCIATESMATERIAL('0GQJGcOuP5682MtzhhVvct',$,$,$,(#8390),#40);
#8392=IFCCARTESIANPOINT((41166.699999999997,10170.,0.));
#8393=IFCCARTESIANPOINT((41166.699999999997,14840.,0.));
#8394=IFCPOLYLINE((#8392,#8393));
#8395=IFCSHAPEREPRESENTATION(#12,'Axis','Curve3D',(#8394));
#8396=IFCPRODUCTDEFINITIONSHAPE($,$,(#8395));
#8397=IFCCARTESIANPOINT((0.,0.,0.));
#8398=IFCAXIS2PLACEMENT3D(#8397,#8,#9);
#8399=IFCLOCALPLACEMENT(#27,#8398);
#8400=IFCBEAM('1Qz2yqW8PFMvEcL_LS83ff',$,'VS-239','IPE 200',$,#8399,#8396,'VS-239',$);
#8401=IFCRELASSOCIATESMATERIAL('11TWUP_ArDKvSS6ngANPf6',$,$,$,(#8400),#40);
#8402=IFCCARTESIANPOINT((41166.699999999997,14840.,0.));
#8403=IFCCARTESIANPOINT((41166.699999999997,19510.,0.));
#8404=IFCPOLYLINE((#8402,#8403));
#8405=IFCSHAPEREPRESENTATION(#12,'Axis','Curve3D',(#8404));
#8406=IFCPRODUCTDEFINITIONSHAPE($,$,(#8405));
#8407=IFCCARTESIANPOINT((0.,0.,0.));
#8408=IFCAXIS2PLACEMENT3D(#8407,#8,#9);
#8409=IFCLOCALPLACEMENT(#27,#8408);
#8410=IFCBEAM('2IN$Xni$90GReDopjah6dz',$,'VS-240','IPE 200',$,#8409,#8406,'VS-240',$);
#8411=IFCRELASSOCIATESMATERIAL('1MrV0Sr8f5LONUDkF7BZpT',$,$,$,(#8410),#40);
#8412=IFCCARTESIANPOINT((42250.,5500.,0.));
#8413=IFCCARTESIANPOINT((42250.,10170.,0.));
#8414=IFCPOLYLINE((#8412,#8413));
#8415=IFCSHAPEREPRESENTATION(#12,'Axis','Curve3D',(#8414));
#8416=IFCPRODUCTDEFINITIONSHAPE($,$,(#8415));
#8417=IFCCARTESIANPOINT((0.,0.,0.));
#8418=IFCAXIS2PLACEMENT3D(#8417,#8,#9);
#8419=IFCLOCALPLACEMENT(#27,#8418);
#8420=IFCBEAM('2tjF_NqlP2iBmdxHjYHHh5',$,'VS-241','IPE 200',$,#8419,#8416,'VS-241',$);
#8421=IFCRELASSOCIATESMATERIAL('3LHplQ28b0SgXnJvb8r2pk',$,$,$,(#8420),#40);
#8422=IFCCARTESIANPOINT((42250.,10170.,0.));
#8423=IFCCARTESIANPOINT((42250.,14840.,0.));
#8424=IFCPOLYLINE((#8422,#8423));
#8425=IFCSHAPEREPRESENTATION(#12,'Axis','Curve3D',(#8424));
#8426=IFCPRODUCTDEFINITIONSHAPE($,$,(#8425));
#8427=IFCCARTESIANPOINT((0.,0.,0.));
#8428=IFCAXIS2PLACEMENT3D(#8427,#8,#9);
#8429=IFCLOCALPLACEMENT(#27,#8428);
#8430=IFCBEAM('0yqTdObanAJRUp5Endlpbx',$,'VS-242','IPE 200',$,#8429,#8426,'VS-242',$);
#8431=IFCRELASSOCIATESMATERIAL('0hNHelqdDFReDFNcDnfP3Q',$,$,$,(#8430),#40);
#8432=IFCCARTESIANPOINT((42250.,14840.,0.));
#8433=IFCCARTESIANPOINT((42250.,19510.,0.));
#8434=IFCPOLYLINE((#8432,#8433));
#8435=IFCSHAPEREPRESENTATION(#12,'Axis','Curve3D',(#8434));
#8436=IFCPRODUCTDEFINITIONSHAPE($,$,(#8435));
#8437=IFCCARTESIANPOINT((0.,0.,0.));
#8438=IFCAXIS2PLACEMENT3D(#8437,#8,#9);
#8439=IFCLOCALPLACEMENT(#27,#8438);
#8440=IFCBEAM('0qIfKAL$9En8QJb9YtZwv0',$,'VS-243','IPE 200',$,#8439,#8436,'VS-243',$);
#8441=IFCRELASSOCIATESMATERIAL('1FD$o_hh53B97brRja_8HJ',$,$,$,(#8440),#40);
#8442=IFCCARTESIANPOINT((43333.300000000003,5500.,0.));
#8443=IFCCARTESIANPOINT((43333.300000000003,10170.,0.));
#8444=IFCPOLYLINE((#8442,#8443));
#8445=IFCSHAPEREPRESENTATION(#12,'Axis','Curve3D',(#8444));
#8446=IFCPRODUCTDEFINITIONSHAPE($,$,(#8445));
#8447=IFCCARTESIANPOINT((0.,0.,0.));
#8448=IFCAXIS2PLACEMENT3D(#8447,#8,#9);
#8449=IFCLOCALPLACEMENT(#27,#8448);
#8450=IFCBEAM('0y53pUQNHEXh2zPburpKct',$,'VS-244','IPE 200',$,#8449,#8446,'VS-244',$);
#8451=IFCRELASSOCIATESMATERIAL('0MiQuXWkv8tebfAiuslot2',$,$,$,(#8450),#40);
#8452=IFCCARTESIANPOINT((43333.300000000003,10170.,0.));
#8453=IFCCARTESIANPOINT((43333.300000000003,14840.,0.));
#8454=IFCPOLYLINE((#8452,#8453));
#8455=IFCSHAPEREPRESENTATION(#12,'Axis','Curve3D',(#8454));
#8456=IFCPRODUCTDEFINITIONSHAPE($,$,(#8455));
#8457=IFCCARTESIANPOINT((0.,0.,0.));
#8458=IFCAXIS2PLACEMENT3D(#8457,#8,#9);
#8459=IFCLOCALPLACEMENT(#27,#8458);
#8460=IFCBEAM('26p3n8bcL4Kh8BmKlXU7_4',$,'VS-245','IPE 200',$,#8459,#8456,'VS-245',$);
#8461=IFCRELASSOCIATESMATERIAL('3xrqNMYcP46xPGPacHhUiB',$,$,$,(#8460),#40);
#8462=IFCCARTESIANPOINT((43333.300000000003,14840.,0.));
#8463=IFCCARTESIANPOINT((43333.300000000003,19510.,0.));
#8464=IFCPOLYLINE((#8462,#8463));
#8465=IFCSHAPEREPRESENTATION(#12,'Axis','Curve3D',(#8464));
#8466=IFCPRODUCTDEFINITIONSHAPE($,$,(#8465));
#8467=IFCCARTESIANPOINT((0.,0.,0.));
#8468=IFCAXIS2PLACEMENT3D(#8467,#8,#9);
#8469=IFCLOCALPLACEMENT(#27,#8468);
#8470=IFCBEAM('0Pa2XUylv9eAF93jrJme01',$,'VS-246','IPE 200',$,#8469,#8466,'VS-246',$);
#8471=IFCRELASSOCIATESMATERIAL('0jvOJiRDvArPyVZS_9QDNj',$,$,$,(#8470),#40);
#8472=IFCCARTESIANPOINT((44416.699999999997,5500.,0.));
#8473=IFCCARTESIANPOINT((44416.699999999997,10170.,0.));
#8474=IFCPOLYLINE((#8472,#8473));
#8475=IFCSHAPEREPRESENTATION(#12,'Axis','Curve3D',(#8474));
#8476=IFCPRODUCTDEFINITIONSHAPE($,$,(#8475));
#8477=IFCCARTESIANPOINT((0.,0.,0.));
#8478=IFCAXIS2PLACEMENT3D(#8477,#8,#9);
#8479=IFCLOCALPLACEMENT(#27,#8478);
#8480=IFCBEAM('12hXKUTXXCPxrjKzMwnx_D',$,'VS-247','IPE 240',$,#8479,#8476,'VS-247',$);
#8481=IFCRELASSOCIATESMATERIAL('24lPbCojv8yx_blaYMIorC',$,$,$,(#8480),#40);
#8482=IFCCARTESIANPOINT((44416.699999999997,10170.,0.));
#8483=IFCCARTESIANPOINT((44416.699999999997,14840.,0.));
#8484=IFCPOLYLINE((#8482,#8483));
#8485=IFCSHAPEREPRESENTATION(#12,'Axis','Curve3D',(#8484));
#8486=IFCPRODUCTDEFINITIONSHAPE($,$,(#8485));
#8487=IFCCARTESIANPOINT((0.,0.,0.));
#8488=IFCAXIS2PLACEMENT3D(#8487,#8,#9);
#8489=IFCLOCALPLACEMENT(#27,#8488);
#8490=IFCBEAM('2xMjeuTKX28eGsBXykBxsA',$,'VS-248','IPE 240',$,#8489,#8486,'VS-248',$);
#8491=IFCRELASSOCIATESMATERIAL('3WGsZAGon36hYvjqdKAoK8',$,$,$,(#8490),#40);
#8492=IFCCARTESIANPOINT((44416.699999999997,14840.,0.));
#8493=IFCCARTESIANPOINT((44416.699999999997,19510.,0.));
#8494=IFCPOLYLINE((#8492,#8493));
#8495=IFCSHAPEREPRESENTATION(#12,'Axis','Curve3D',(#8494));
#8496=IFCPRODUCTDEFINITIONSHAPE($,$,(#8495));
#8497=IFCCARTESIANPOINT((0.,0.,0.));
#8498=IFCAXIS2PLACEMENT3D(#8497,#8,#9);
#8499=IFCLOCALPLACEMENT(#27,#8498);
#8500=IFCBEAM('1myFNc2DD6VQIx4SfInQ7s',$,'VS-249','IPE 240',$,#8499,#8496,'VS-249',$);
#8501=IFCRELASSOCIATESMATERIAL('05HNlqjw98NPHyRxRpmyqa',$,$,$,(#8500),#40);
#8502=IFCCARTESIANPOINT((40083.300000000003,5500.,0.));
#8503=IFCCARTESIANPOINT((40083.300000000003,10170.,0.));
#8504=IFCPOLYLINE((#8502,#8503));
#8505=IFCSHAPEREPRESENTATION(#12,'Axis','Curve3D',(#8504));
#8506=IFCPRODUCTDEFINITIONSHAPE($,$,(#8505));
#8507=IFCCARTESIANPOINT((0.,0.,0.));
#8508=IFCAXIS2PLACEMENT3D(#8507,#8,#9);
#8509=IFCLOCALPLACEMENT(#31,#8508);
#8510=IFCBEAM('2y2hiAMbD7l9cQn0y1eVJo',$,'VS-250','IPE 240',$,#8509,#8506,'VS-250',$);
#8511=IFCRELASSOCIATESMATERIAL('0qWJDB0E92Bweb_wXIu_5Z',$,$,$,(#8510),#40);
#8512=IFCCARTESIANPOINT((40083.300000000003,10170.,0.));
#8513=IFCCARTESIANPOINT((40083.300000000003,14840.,0.));
#8514=IFCPOLYLINE((#8512,#8513));
#8515=IFCSHAPEREPRESENTATION(#12,'Axis','Curve3D',(#8514));
#8516=IFCPRODUCTDEFINITIONSHAPE($,$,(#8515));
#8517=IFCCARTESIANPOINT((0.,0.,0.));
#8518=IFCAXIS2PLACEMENT3D(#8517,#8,#9);
#8519=IFCLOCALPLACEMENT(#31,#8518);
#8520=IFCBEAM('1P3EKkI_X2HwgynWIZleWZ',$,'VS-251','IPE 240',$,#8519,#8516,'VS-251',$);
#8521=IFCRELASSOCIATESMATERIAL('1PXROh$cbBBOQxSYNnfBYB',$,$,$,(#8520),#40);
#8522=IFCCARTESIANPOINT((40083.300000000003,14840.,0.));
#8523=IFCCARTESIANPOINT((40083.300000000003,19510.,0.));
#8524=IFCPOLYLINE((#8522,#8523));
#8525=IFCSHAPEREPRESENTATION(#12,'Axis','Curve3D',(#8524));
#8526=IFCPRODUCTDEFINITIONSHAPE($,$,(#8525));
#8527=IFCCARTESIANPOINT((0.,0.,0.));
#8528=IFCAXIS2PLACEMENT3D(#8527,#8,#9);
#8529=IFCLOCALPLACEMENT(#31,#8528);
#8530=IFCBEAM('0EI6FUjvPC9u9sQ6jcuNcC',$,'VS-252','IPE 240',$,#8529,#8526,'VS-252',$);
#8531=IFCRELASSOCIATESMATERIAL('1sCMIHsHDEhPbMwr2WYLkl',$,$,$,(#8530),#40);
#8532=IFCCARTESIANPOINT((41166.699999999997,5500.,0.));
#8533=IFCCARTESIANPOINT((41166.699999999997,10170.,0.));
#8534=IFCPOLYLINE((#8532,#8533));
#8535=IFCSHAPEREPRESENTATION(#12,'Axis','Curve3D',(#8534));
#8536=IFCPRODUCTDEFINITIONSHAPE($,$,(#8535));
#8537=IFCCARTESIANPOINT((0.,0.,0.));
#8538=IFCAXIS2PLACEMENT3D(#8537,#8,#9);
#8539=IFCLOCALPLACEMENT(#31,#8538);
#8540=IFCBEAM('1pBAg9agfEGOwv4ImmBcee',$,'VS-253','IPE 200',$,#8539,#8536,'VS-253',$);
#8541=IFCRELASSOCIATESMATERIAL('1cSSnXXBvA5OFkoNuoCwaH',$,$,$,(#8540),#40);
#8542=IFCCARTESIANPOINT((41166.699999999997,10170.,0.));
#8543=IFCCARTESIANPOINT((41166.699999999997,14840.,0.));
#8544=IFCPOLYLINE((#8542,#8543));
#8545=IFCSHAPEREPRESENTATION(#12,'Axis','Curve3D',(#8544));
#8546=IFCPRODUCTDEFINITIONSHAPE($,$,(#8545));
#8547=IFCCARTESIANPOINT((0.,0.,0.));
#8548=IFCAXIS2PLACEMENT3D(#8547,#8,#9);
#8549=IFCLOCALPLACEMENT(#31,#8548);
#8550=IFCBEAM('1rJ1oEt1PBrO6nQAtoBdwl',$,'VS-254','IPE 200',$,#8549,#8546,'VS-254',$);
#8551=IFCRELASSOCIATESMATERIAL('2d2RHO45TC0PDFQnQqXn$e',$,$,$,(#8550),#40);
#8552=IFCCARTESIANPOINT((41166.699999999997,14840.,0.));
#8553=IFCCARTESIANPOINT((41166.699999999997,19510.,0.));
#8554=IFCPOLYLINE((#8552,#8553));
#8555=IFCSHAPEREPRESENTATION(#12,'Axis','Curve3D',(#8554));
#8556=IFCPRODUCTDEFINITIONSHAPE($,$,(#8555));
#8557=IFCCARTESIANPOINT((0.,0.,0.));
#8558=IFCAXIS2PLACEMENT3D(#8557,#8,#9);
#8559=IFCLOCALPLACEMENT(#31,#8558);
#8560=IFCBEAM('3sUgYQFBHEORIMmpq81_ER',$,'VS-255','IPE 200',$,#8559,#8556,'VS-255',$);
#8561=IFCRELASSOCIATESMATERIAL('13kb2oyUjB2fBBGWZubHXo',$,$,$,(#8560),#40);
#8562=IFCCARTESIANPOINT((42250.,5500.,0.));
#8563=IFCCARTESIANPOINT((42250.,10170.,0.));
#8564=IFCPOLYLINE((#8562,#8563));
#8565=IFCSHAPEREPRESENTATION(#12,'Axis','Curve3D',(#8564));
#8566=IFCPRODUCTDEFINITIONSHAPE($,$,(#8565));
#8567=IFCCARTESIANPOINT((0.,0.,0.));
#8568=IFCAXIS2PLACEMENT3D(#8567,#8,#9);
#8569=IFCLOCALPLACEMENT(#31,#8568);
#8570=IFCBEAM('3so0ea6910qx8w6bh6$CIh',$,'VS-256','IPE 200',$,#8569,#8566,'VS-256',$);
#8571=IFCRELASSOCIATESMATERIAL('0teXnzaefB3Rp7rSqStHud',$,$,$,(#8570),#40);
#8572=IFCCARTESIANPOINT((42250.,10170.,0.));
#8573=IFCCARTESIANPOINT((42250.,14840.,0.));
#8574=IFCPOLYLINE((#8572,#8573));
#8575=IFCSHAPEREPRESENTATION(#12,'Axis','Curve3D',(#8574));
#8576=IFCPRODUCTDEFINITIONSHAPE($,$,(#8575));
#8577=IFCCARTESIANPOINT((0.,0.,0.));
#8578=IFCAXIS2PLACEMENT3D(#8577,#8,#9);
#8579=IFCLOCALPLACEMENT(#31,#8578);
#8580=IFCBEAM('08gOypIrPF1ANcUzYbZKTM',$,'VS-257','IPE 200',$,#8579,#8576,'VS-257',$);
#8581=IFCRELASSOCIATESMATERIAL('33GZn45kv7OgDFfnXWIx55',$,$,$,(#8580),#40);
#8582=IFCCARTESIANPOINT((42250.,14840.,0.));
#8583=IFCCARTESIANPOINT((42250.,19510.,0.));
#8584=IFCPOLYLINE((#8582,#8583));
#8585=IFCSHAPEREPRESENTATION(#12,'Axis','Curve3D',(#8584));
#8586=IFCPRODUCTDEFINITIONSHAPE($,$,(#8585));
#8587=IFCCARTESIANPOINT((0.,0.,0.));
#8588=IFCAXIS2PLACEMENT3D(#8587,#8,#9);
#8589=IFCLOCALPLACEMENT(#31,#8588);
#8590=IFCBEAM('2ATyFwqrb6ZBvnZpMze0Lr',$,'VS-258','IPE 200',$,#8589,#8586,'VS-258',$);
#8591=IFCRELASSOCIATESMATERIAL('3c4Dh_qUP1BfWiOTStagKP',$,$,$,(#8590),#40);
#8592=IFCCARTESIANPOINT((43333.300000000003,5500.,0.));
#8593=IFCCARTESIANPOINT((43333.300000000003,10170.,0.));
#8594=IFCPOLYLINE((#8592,#8593));
#8595=IFCSHAPEREPRESENTATION(#12,'Axis','Curve3D',(#8594));
#8596=IFCPRODUCTDEFINITIONSHAPE($,$,(#8595));
#8597=IFCCARTESIANPOINT((0.,0.,0.));
#8598=IFCAXIS2PLACEMENT3D(#8597,#8,#9);
#8599=IFCLOCALPLACEMENT(#31,#8598);
#8600=IFCBEAM('10VI$460n0kRZHuIqp_5GY',$,'VS-259','IPE 200',$,#8599,#8596,'VS-259',$);
#8601=IFCRELASSOCIATESMATERIAL('3Q3DuVNXz50hz1q3l6uEjF',$,$,$,(#8600),#40);
#8602=IFCCARTESIANPOINT((43333.300000000003,10170.,0.));
#8603=IFCCARTESIANPOINT((43333.300000000003,14840.,0.));
#8604=IFCPOLYLINE((#8602,#8603));
#8605=IFCSHAPEREPRESENTATION(#12,'Axis','Curve3D',(#8604));
#8606=IFCPRODUCTDEFINITIONSHAPE($,$,(#8605));
#8607=IFCCARTESIANPOINT((0.,0.,0.));
#8608=IFCAXIS2PLACEMENT3D(#8607,#8,#9);
#8609=IFCLOCALPLACEMENT(#31,#8608);
#8610=IFCBEAM('0EexQ$SRLCoA6scJv7xYcT',$,'VS-260','IPE 200',$,#8609,#8606,'VS-260',$);
#8611=IFCRELASSOCIATESMATERIAL('1_LQ$alw93F8DZN$ElW0$z',$,$,$,(#8610),#40);
#8612=IFCCARTESIANPOINT((43333.300000000003,14840.,0.));
#8613=IFCCARTESIANPOINT((43333.300000000003,19510.,0.));
#8614=IFCPOLYLINE((#8612,#8613));
#8615=IFCSHAPEREPRESENTATION(#12,'Axis','Curve3D',(#8614));
#8616=IFCPRODUCTDEFINITIONSHAPE($,$,(#8615));
#8617=IFCCARTESIANPOINT((0.,0.,0.));
#8618=IFCAXIS2PLACEMENT3D(#8617,#8,#9);
#8619=IFCLOCALPLACEMENT(#31,#8618);
#8620=IFCBEAM('2jmWcpUSHDHBljZ8sqWfvq',$,'VS-261','IPE 200',$,#8619,#8616,'VS-261',$);
#8621=IFCRELASSOCIATESMATERIAL('0Nk8iSMfz31P1UvPtCHYZg',$,$,$,(#8620),#40);
#8622=IFCCARTESIANPOINT((44416.699999999997,5500.,0.));
#8623=IFCCARTESIANPOINT((44416.699999999997,10170.,0.));
#8624=IFCPOLYLINE((#8622,#8623));
#8625=IFCSHAPEREPRESENTATION(#12,'Axis','Curve3D',(#8624));
#8626=IFCPRODUCTDEFINITIONSHAPE($,$,(#8625));
#8627=IFCCARTESIANPOINT((0.,0.,0.));
#8628=IFCAXIS2PLACEMENT3D(#8627,#8,#9);
#8629=IFCLOCALPLACEMENT(#31,#8628);
#8630=IFCBEAM('3HmdheP599vx6QOo1DPCTM',$,'VS-262','IPE 240',$,#8629,#8626,'VS-262',$);
#8631=IFCRELASSOCIATESMATERIAL('36RUa56_XA9xcy17ZDrbMB',$,$,$,(#8630),#40);
#8632=IFCCARTESIANPOINT((44416.699999999997,10170.,0.));
#8633=IFCCARTESIANPOINT((44416.699999999997,14840.,0.));
#8634=IFCPOLYLINE((#8632,#8633));
#8635=IFCSHAPEREPRESENTATION(#12,'Axis','Curve3D',(#8634));
#8636=IFCPRODUCTDEFINITIONSHAPE($,$,(#8635));
#8637=IFCCARTESIANPOINT((0.,0.,0.));
#8638=IFCAXIS2PLACEMENT3D(#8637,#8,#9);
#8639=IFCLOCALPLACEMENT(#31,#8638);
#8640=IFCBEAM('0OD4VzEUzD4xO0UZoZcits',$,'VS-263','IPE 240',$,#8639,#8636,'VS-263',$);
#8641=IFCRELASSOCIATESMATERIAL('2EZgQt0gv3e8ned$mB5mti',$,$,$,(#8640),#40);
#8642=IFCCARTESIANPOINT((44416.699999999997,14840.,0.));
#8643=IFCCARTESIANPOINT((44416.699999999997,19510.,0.));
#8644=IFCPOLYLINE((#8642,#8643));
#8645=IFCSHAPEREPRESENTATION(#12,'Axis','Curve3D',(#8644));
#8646=IFCPRODUCTDEFINITIONSHAPE($,$,(#8645));
#8647=IFCCARTESIANPOINT((0.,0.,0.));
#8648=IFCAXIS2PLACEMENT3D(#8647,#8,#9);
#8649=IFCLOCALPLACEMENT(#31,#8648);
#8650=IFCBEAM('3E$lsnsuX1vxaVvH7sCHZF',$,'VS-264','IPE 240',$,#8649,#8646,'VS-264',$);
#8651=IFCRELASSOCIATESMATERIAL('3XAq68s8X5_8kwWcXce9_b',$,$,$,(#8650),#40);
#8652=IFCCARTESIANPOINT((40625.,5500.,0.));
#8653=IFCCARTESIANPOINT((40625.,10170.,0.));
#8654=IFCPOLYLINE((#8652,#8653));
#8655=IFCSHAPEREPRESENTATION(#12,'Axis','Curve3D',(#8654));
#8656=IFCPRODUCTDEFINITIONSHAPE($,$,(#8655));
#8657=IFCCARTESIANPOINT((0.,0.,0.));
#8658=IFCAXIS2PLACEMENT3D(#8657,#8,#9);
#8659=IFCLOCALPLACEMENT(#35,#8658);
#8660=IFCBEAM('0IHeimSlHC8fs_aUmb7kCm',$,'VS-265','IPE 160',$,#8659,#8656,'VS-265',$);
#8661=IFCRELASSOCIATESMATERIAL('311YAHiMn7NfesB4_43w$T',$,$,$,(#8660),#40);
#8662=IFCCARTESIANPOINT((40625.,10170.,0.));
#8663=IFCCARTESIANPOINT((40625.,14840.,0.));
#8664=IFCPOLYLINE((#8662,#8663));
#8665=IFCSHAPEREPRESENTATION(#12,'Axis','Curve3D',(#8664));
#8666=IFCPRODUCTDEFINITIONSHAPE($,$,(#8665));
#8667=IFCCARTESIANPOINT((0.,0.,0.));
#8668=IFCAXIS2PLACEMENT3D(#8667,#8,#9);
#8669=IFCLOCALPLACEMENT(#35,#8668);
#8670=IFCBEAM('1bVxvQhib0tR54p4WJaxkS',$,'VS-266','IPE 160',$,#8669,#8666,'VS-266',$);
#8671=IFCRELASSOCIATESMATERIAL('3xRLk5ej961vJPzNvcWFH9',$,$,$,(#8670),#40);
#8672=IFCCARTESIANPOINT((40625.,14840.,0.));
#8673=IFCCARTESIANPOINT((40625.,19510.,0.));
#8674=IFCPOLYLINE((#8672,#8673));
#8675=IFCSHAPEREPRESENTATION(#12,'Axis','Curve3D',(#8674));
#8676=IFCPRODUCTDEFINITIONSHAPE($,$,(#8675));
#8677=IFCCARTESIANPOINT((0.,0.,0.));
#8678=IFCAXIS2PLACEMENT3D(#8677,#8,#9);
#8679=IFCLOCALPLACEMENT(#35,#8678);
#8680=IFCBEAM('3wdbA8MZv3Cgyrek8KQNtu',$,'VS-267','IPE 160',$,#8679,#8676,'VS-267',$);
#8681=IFCRELASSOCIATESMATERIAL('2QWy4vWDXCYRb3Gqg8U_C7',$,$,$,(#8680),#40);
#8682=IFCCARTESIANPOINT((42250.,5500.,0.));
#8683=IFCCARTESIANPOINT((42250.,10170.,0.));
#8684=IFCPOLYLINE((#8682,#8683));
#8685=IFCSHAPEREPRESENTATION(#12,'Axis','Curve3D',(#8684));
#8686=IFCPRODUCTDEFINITIONSHAPE($,$,(#8685));
#8687=IFCCARTESIANPOINT((0.,0.,0.));
#8688=IFCAXIS2PLACEMENT3D(#8687,#8,#9);
#8689=IFCLOCALPLACEMENT(#35,#8688);
#8690=IFCBEAM('3LIWdyanfFPf9FSMK_dEul',$,'VS-268','IPE 160',$,#8689,#8686,'VS-268',$);
#8691=IFCRELASSOCIATESMATERIAL('1bmJBnBUb8LRTouD4nafl8',$,$,$,(#8690),#40);
#8692=IFCCARTESIANPOINT((42250.,10170.,0.));
#8693=IFCCARTESIANPOINT((42250.,14840.,0.));
#8694=IFCPOLYLINE((#8692,#8693));
#8695=IFCSHAPEREPRESENTATION(#12,'Axis','Curve3D',(#8694));
#8696=IFCPRODUCTDEFINITIONSHAPE($,$,(#8695));
#8697=IFCCARTESIANPOINT((0.,0.,0.));
#8698=IFCAXIS2PLACEMENT3D(#8697,#8,#9);
#8699=IFCLOCALPLACEMENT(#35,#8698);
#8700=IFCBEAM('1L6$HE$lzEzgiOjf3CH$Uc',$,'VS-269','IPE 160',$,#8699,#8696,'VS-269',$);
#8701=IFCRELASSOCIATESMATERIAL('2GZpcP2$fFJR0vEcLsyza2',$,$,$,(#8700),#40);
#8702=IFCCARTESIANPOINT((42250.,14840.,0.));
#8703=IFCCARTESIANPOINT((42250.,19510.,0.));
#8704=IFCPOLYLINE((#8702,#8703));
#8705=IFCSHAPEREPRESENTATION(#12,'Axis','Curve3D',(#8704));
#8706=IFCPRODUCTDEFINITIONSHAPE($,$,(#8705));
#8707=IFCCARTESIANPOINT((0.,0.,0.));
#8708=IFCAXIS2PLACEMENT3D(#8707,#8,#9);
#8709=IFCLOCALPLACEMENT(#35,#8708);
#8710=IFCBEAM('0fCcWCgxzFxuaQJN3_dSpl',$,'VS-270','IPE 160',$,#8709,#8706,'VS-270',$);
#8711=IFCRELASSOCIATESMATERIAL('26MP4mqr56Y8dcY9MwSjnn',$,$,$,(#8710),#40);
#8712=IFCCARTESIANPOINT((43875.,5500.,0.));
#8713=IFCCARTESIANPOINT((43875.,10170.,0.));
#8714=IFCPOLYLINE((#8712,#8713));
#8715=IFCSHAPEREPRESENTATION(#12,'Axis','Curve3D',(#8714));
#8716=IFCPRODUCTDEFINITIONSHAPE($,$,(#8715));
#8717=IFCCARTESIANPOINT((0.,0.,0.));
#8718=IFCAXIS2PLACEMENT3D(#8717,#8,#9);
#8719=IFCLOCALPLACEMENT(#35,#8718);
#8720=IFCBEAM('0GwHQRFZ13cB$0WN1zn1Tj',$,'VS-271','IPE 160',$,#8719,#8716,'VS-271',$);
#8721=IFCRELASSOCIATESMATERIAL('2UrKsvMTH0guVH1AOEiR8O',$,$,$,(#8720),#40);
#8722=IFCCARTESIANPOINT((43875.,10170.,0.));
#8723=IFCCARTESIANPOINT((43875.,14840.,0.));
#8724=IFCPOLYLINE((#8722,#8723));
#8725=IFCSHAPEREPRESENTATION(#12,'Axis','Curve3D',(#8724));
#8726=IFCPRODUCTDEFINITIONSHAPE($,$,(#8725));
#8727=IFCCARTESIANPOINT((0.,0.,0.));
#8728=IFCAXIS2PLACEMENT3D(#8727,#8,#9);
#8729=IFCLOCALPLACEMENT(#35,#8728);
#8730=IFCBEAM('0oJMiIvEnEHBAANzF0TgCJ',$,'VS-272','IPE 160',$,#8729,#8726,'VS-272',$);
#8731=IFCRELASSOCIATESMATERIAL('2thrCiHfb03gQcxuM8rQHH',$,$,$,(#8730),#40);
#8732=IFCCARTESIANPOINT((43875.,14840.,0.));
#8733=IFCCARTESIANPOINT((43875.,19510.,0.));
#8734=IFCPOLYLINE((#8732,#8733));
#8735=IFCSHAPEREPRESENTATION(#12,'Axis','Curve3D',(#8734));
#8736=IFCPRODUCTDEFINITIONSHAPE($,$,(#8735));
#8737=IFCCARTESIANPOINT((0.,0.,0.));
#8738=IFCAXIS2PLACEMENT3D(#8737,#8,#9);
#8739=IFCLOCALPLACEMENT(#35,#8738);
#8740=IFCBEAM('2ItUcxNw58lPgSQlHRt1BI',$,'VS-273','IPE 160',$,#8739,#8736,'VS-273',$);
#8741=IFCRELASSOCIATESMATERIAL('0ftui7Kzb2OQc7sH9DoAYh',$,$,$,(#8740),#40);
#8742=IFCCARTESIANPOINT((46583.300000000003,5500.,0.));
#8743=IFCCARTESIANPOINT((46583.300000000003,10170.,0.));
#8744=IFCPOLYLINE((#8742,#8743));
#8745=IFCSHAPEREPRESENTATION(#12,'Axis','Curve3D',(#8744));
#8746=IFCPRODUCTDEFINITIONSHAPE($,$,(#8745));
#8747=IFCCARTESIANPOINT((0.,0.,0.));
#8748=IFCAXIS2PLACEMENT3D(#8747,#8,#9);
#8749=IFCLOCALPLACEMENT(#27,#8748);
#8750=IFCBEAM('116KC5ITTF8gDF2Qwx7y5Q',$,'VS-274','IPE 240',$,#8749,#8746,'VS-274',$);
#8751=IFCRELASSOCIATESMATERIAL('0TM6fDpYT8FA1g3V4AosWW',$,$,$,(#8750),#40);
#8752=IFCCARTESIANPOINT((46583.300000000003,10170.,0.));
#8753=IFCCARTESIANPOINT((46583.300000000003,14840.,0.));
#8754=IFCPOLYLINE((#8752,#8753));
#8755=IFCSHAPEREPRESENTATION(#12,'Axis','Curve3D',(#8754));
#8756=IFCPRODUCTDEFINITIONSHAPE($,$,(#8755));
#8757=IFCCARTESIANPOINT((0.,0.,0.));
#8758=IFCAXIS2PLACEMENT3D(#8757,#8,#9);
#8759=IFCLOCALPLACEMENT(#27,#8758);
#8760=IFCBEAM('2zLU22Eqz0jO5Snfg_SBCa',$,'VS-275','IPE 240',$,#8759,#8756,'VS-275',$);
#8761=IFCRELASSOCIATESMATERIAL('3oXfIw13PCLOmXq5RaGxCD',$,$,$,(#8760),#40);
#8762=IFCCARTESIANPOINT((46583.300000000003,14840.,0.));
#8763=IFCCARTESIANPOINT((46583.300000000003,19510.,0.));
#8764=IFCPOLYLINE((#8762,#8763));
#8765=IFCSHAPEREPRESENTATION(#12,'Axis','Curve3D',(#8764));
#8766=IFCPRODUCTDEFINITIONSHAPE($,$,(#8765));
#8767=IFCCARTESIANPOINT((0.,0.,0.));
#8768=IFCAXIS2PLACEMENT3D(#8767,#8,#9);
#8769=IFCLOCALPLACEMENT(#27,#8768);
#8770=IFCBEAM('0YpFe3boL1mA36f1mAk1KQ',$,'VS-276','IPE 240',$,#8769,#8766,'VS-276',$);
#8771=IFCRELASSOCIATESMATERIAL('3rrFf_bNX0Vwn1V1Cbm8jw',$,$,$,(#8770),#40);
#8772=IFCCARTESIANPOINT((47666.699999999997,5500.,0.));
#8773=IFCCARTESIANPOINT((47666.699999999997,10170.,0.));
#8774=IFCPOLYLINE((#8772,#8773));
#8775=IFCSHAPEREPRESENTATION(#12,'Axis','Curve3D',(#8774));
#8776=IFCPRODUCTDEFINITIONSHAPE($,$,(#8775));
#8777=IFCCARTESIANPOINT((0.,0.,0.));
#8778=IFCAXIS2PLACEMENT3D(#8777,#8,#9);
#8779=IFCLOCALPLACEMENT(#27,#8778);
#8780=IFCBEAM('0CSfcGgH14lueYxwMScDzO',$,'VS-277','IPE 200',$,#8779,#8776,'VS-277',$);
#8781=IFCRELASSOCIATESMATERIAL('1VdchfB5r4getUhsg1wQj_',$,$,$,(#8780),#40);
#8782=IFCCARTESIANPOINT((47666.699999999997,10170.,0.));
#8783=IFCCARTESIANPOINT((47666.699999999997,14840.,0.));
#8784=IFCPOLYLINE((#8782,#8783));
#8785=IFCSHAPEREPRESENTATION(#12,'Axis','Curve3D',(#8784));
#8786=IFCPRODUCTDEFINITIONSHAPE($,$,(#8785));
#8787=IFCCARTESIANPOINT((0.,0.,0.));
#8788=IFCAXIS2PLACEMENT3D(#8787,#8,#9);
#8789=IFCLOCALPLACEMENT(#27,#8788);
#8790=IFCBEAM('0PrQmci2n3Rgc1OEoXTgRA',$,'VS-278','IPE 200',$,#8789,#8786,'VS-278',$);
#8791=IFCRELASSOCIATESMATERIAL('2dk37y_1DD2fSn0v7kkELg',$,$,$,(#8790),#40);
#8792=IFCCARTESIANPOINT((47666.699999999997,14840.,0.));
#8793=IFCCARTESIANPOINT((47666.699999999997,19510.,0.));
#8794=IFCPOLYLINE((#8792,#8793));
#8795=IFCSHAPEREPRESENTATION(#12,'Axis','Curve3D',(#8794));
#8796=IFCPRODUCTDEFINITIONSHAPE($,$,(#8795));
#8797=IFCCARTESIANPOINT((0.,0.,0.));
#8798=IFCAXIS2PLACEMENT3D(#8797,#8,#9);
#8799=IFCLOCALPLACEMENT(#27,#8798);
#8800=IFCBEAM('0bsPs8rln6pOIOzxDIplUS',$,'VS-279','IPE 200',$,#8799,#8796,'VS-279',$);
#8801=IFCRELASSOCIATESMATERIAL('3eScyUvgr1QhsZlOAslLDZ',$,$,$,(#8800),#40);
#8802=IFCCARTESIANPOINT((48750.,5500.,0.));
#8803=IFCCARTESIANPOINT((48750.,10170.,0.));
#8804=IFCPOLYLINE((#8802,#8803));
#8805=IFCSHAPEREPRESENTATION(#12,'Axis','Curve3D',(#8804));
#8806=IFCPRODUCTDEFINITIONSHAPE($,$,(#8805));
#8807=IFCCARTESIANPOINT((0.,0.,0.));
#8808=IFCAXIS2PLACEMENT3D(#8807,#8,#9);
#8809=IFCLOCALPLACEMENT(#27,#8808);
#8810=IFCBEAM('09fN7KMx51yweAY2npB5WU',$,'VS-280','IPE 200',$,#8809,#8806,'VS-280',$);
#8811=IFCRELASSOCIATESMATERIAL('3_FL4tFF11QBxkPeUFyiyW',$,$,$,(#8810),#40);
#8812=IFCCARTESIANPOINT((48750.,10170.,0.));
#8813=IFCCARTESIANPOINT((48750.,14840.,0.));
#8814=IFCPOLYLINE((#8812,#8813));
#8815=IFCSHAPEREPRESENTATION(#12,'Axis','Curve3D',(#8814));
#8816=IFCPRODUCTDEFINITIONSHAPE($,$,(#8815));
#8817=IFCCARTESIANPOINT((0.,0.,0.));
#8818=IFCAXIS2PLACEMENT3D(#8817,#8,#9);
#8819=IFCLOCALPLACEMENT(#27,#8818);
#8820=IFCBEAM('12r8fLD2b5XQzOcojwM7UM',$,'VS-281','IPE 200',$,#8819,#8816,'VS-281',$);
#8821=IFCRELASSOCIATESMATERIAL('0iAqE12KD8ZfY5EwU3Hdf$',$,$,$,(#8820),#40);
#8822=IFCCARTESIANPOINT((48750.,14840.,0.));
#8823=IFCCARTESIANPOINT((48750.,19510.,0.));
#8824=IFCPOLYLINE((#8822,#8823));
#8825=IFCSHAPEREPRESENTATION(#12,'Axis','Curve3D',(#8824));
#8826=IFCPRODUCTDEFINITIONSHAPE($,$,(#8825));
#8827=IFCCARTESIANPOINT((0.,0.,0.));
#8828=IFCAXIS2PLACEMENT3D(#8827,#8,#9);
#8829=IFCLOCALPLACEMENT(#27,#8828);
#8830=IFCBEAM('2JSnc55bX86AsE7tmeSjDs',$,'VS-282','IPE 200',$,#8829,#8826,'VS-282',$);
#8831=IFCRELASSOCIATESMATERIAL('3LD2Wph9fFU9knp3wOEFFe',$,$,$,(#8830),#40);
#8832=IFCCARTESIANPOINT((49833.300000000003,5500.,0.));
#8833=IFCCARTESIANPOINT((49833.300000000003,10170.,0.));
#8834=IFCPOLYLINE((#8832,#8833));
#8835=IFCSHAPEREPRESENTATION(#12,'Axis','Curve3D',(#8834));
#8836=IFCPRODUCTDEFINITIONSHAPE($,$,(#8835));
#8837=IFCCARTESIANPOINT((0.,0.,0.));
#8838=IFCAXIS2PLACEMENT3D(#8837,#8,#9);
#8839=IFCLOCALPLACEMENT(#27,#8838);
#8840=IFCBEAM('1CErG4urD9xQKIJDlJFjeK',$,'VS-283','IPE 200',$,#8839,#8836,'VS-283',$);
#8841=IFCRELASSOCIATESMATERIAL('308tWSIGXCog7DRZ7wNmen',$,$,$,(#8840),#40);
#8842=IFCCARTESIANPOINT((49833.300000000003,10170.,0.));
#8843=IFCCARTESIANPOINT((49833.300000000003,14840.,0.));
#8844=IFCPOLYLINE((#8842,#8843));
#8845=IFCSHAPEREPRESENTATION(#12,'Axis','Curve3D',(#8844));
#8846=IFCPRODUCTDEFINITIONSHAPE($,$,(#8845));
#8847=IFCCARTESIANPOINT((0.,0.,0.));
#8848=IFCAXIS2PLACEMENT3D(#8847,#8,#9);
#8849=IFCLOCALPLACEMENT(#27,#8848);
#8850=IFCBEAM('22AmdYZADAJvlEINd4TPg5',$,'VS-284','IPE 200',$,#8849,#8846,'VS-284',$);
#8851=IFCRELASSOCIATESMATERIAL('0pF6_mdKr1zebqpQ4s3wCR',$,$,$,(#8850),#40);
#8852=IFCCARTESIANPOINT((49833.300000000003,14840.,0.));
#8853=IFCCARTESIANPOINT((49833.300000000003,19510.,0.));
#8854=IFCPOLYLINE((#8852,#8853));
#8855=IFCSHAPEREPRESENTATION(#12,'Axis','Curve3D',(#8854));
#8856=IFCPRODUCTDEFINITIONSHAPE($,$,(#8855));
#8857=IFCCARTESIANPOINT((0.,0.,0.));
#8858=IFCAXIS2PLACEMENT3D(#8857,#8,#9);
#8859=IFCLOCALPLACEMENT(#27,#8858);
#8860=IFCBEAM('0wHtCpONz9mxrTQk$$xSaP',$,'VS-285','IPE 200',$,#8859,#8856,'VS-285',$);
#8861=IFCRELASSOCIATESMATERIAL('2dn6AAconE4QMIW16t8cv0',$,$,$,(#8860),#40);
#8862=IFCCARTESIANPOINT((50916.699999999997,5500.,0.));
#8863=IFCCARTESIANPOINT((50916.699999999997,10170.,0.));
#8864=IFCPOLYLINE((#8862,#8863));
#8865=IFCSHAPEREPRESENTATION(#12,'Axis','Curve3D',(#8864));
#8866=IFCPRODUCTDEFINITIONSHAPE($,$,(#8865));
#8867=IFCCARTESIANPOINT((0.,0.,0.));
#8868=IFCAXIS2PLACEMENT3D(#8867,#8,#9);
#8869=IFCLOCALPLACEMENT(#27,#8868);
#8870=IFCBEAM('05mpncNnD3J8dmspAUS9XU',$,'VS-286','IPE 240',$,#8869,#8866,'VS-286',$);
#8871=IFCRELASSOCIATESMATERIAL('2XjRC6_fr7wwXr1OtRGbpg',$,$,$,(#8870),#40);
#8872=IFCCARTESIANPOINT((50916.699999999997,10170.,0.));
#8873=IFCCARTESIANPOINT((50916.699999999997,14840.,0.));
#8874=IFCPOLYLINE((#8872,#8873));
#8875=IFCSHAPEREPRESENTATION(#12,'Axis','Curve3D',(#8874));
#8876=IFCPRODUCTDEFINITIONSHAPE($,$,(#8875));
#8877=IFCCARTESIANPOINT((0.,0.,0.));
#8878=IFCAXIS2PLACEMENT3D(#8877,#8,#9);
#8879=IFCLOCALPLACEMENT(#27,#8878);
#8880=IFCBEAM('0TIGfYKgjB0u1MGW0hRRAy',$,'VS-287','IPE 240',$,#8879,#8876,'VS-287',$);
#8881=IFCRELASSOCIATESMATERIAL('3H6u0qIWjDRQzAtOt4xud6',$,$,$,(#8880),#40);
#8882=IFCCARTESIANPOINT((50916.699999999997,14840.,0.));
#8883=IFCCARTESIANPOINT((50916.699999999997,19510.,0.));
#8884=IFCPOLYLINE((#8882,#8883));
#8885=IFCSHAPEREPRESENTATION(#12,'Axis','Curve3D',(#8884));
#8886=IFCPRODUCTDEFINITIONSHAPE($,$,(#8885));
#8887=IFCCARTESIANPOINT((0.,0.,0.));
#8888=IFCAXIS2PLACEMENT3D(#8887,#8,#9);
#8889=IFCLOCALPLACEMENT(#27,#8888);
#8890=IFCBEAM('2IrwHzvQv2$BfHUeOHADX2',$,'VS-288','IPE 240',$,#8889,#8886,'VS-288',$);
#8891=IFCRELASSOCIATESMATERIAL('3X4njDZFzFV9zoAJRuNRGt',$,$,$,(#8890),#40);
#8892=IFCCARTESIANPOINT((46583.300000000003,5500.,0.));
#8893=IFCCARTESIANPOINT((46583.300000000003,10170.,0.));
#8894=IFCPOLYLINE((#8892,#8893));
#8895=IFCSHAPEREPRESENTATION(#12,'Axis','Curve3D',(#8894));
#8896=IFCPRODUCTDEFINITIONSHAPE($,$,(#8895));
#8897=IFCCARTESIANPOINT((0.,0.,0.));
#8898=IFCAXIS2PLACEMENT3D(#8897,#8,#9);
#8899=IFCLOCALPLACEMENT(#31,#8898);
#8900=IFCBEAM('3cogEqAV13pv9CrCzLkiTS',$,'VS-289','IPE 240',$,#8899,#8896,'VS-289',$);
#8901=IFCRELASSOCIATESMATERIAL('1eOtq$No5DnfjDFpwpjY$j',$,$,$,(#8900),#40);
#8902=IFCCARTESIANPOINT((46583.300000000003,10170.,0.));
#8903=IFCCARTESIANPOINT((46583.300000000003,14840.,0.));
#8904=IFCPOLYLINE((#8902,#8903));
#8905=IFCSHAPEREPRESENTATION(#12,'Axis','Curve3D',(#8904));
#8906=IFCPRODUCTDEFINITIONSHAPE($,$,(#8905));
#8907=IFCCARTESIANPOINT((0.,0.,0.));
#8908=IFCAXIS2PLACEMENT3D(#8907,#8,#9);
#8909=IFCLOCALPLACEMENT(#31,#8908);
#8910=IFCBEAM('3I4qhOOafC7BHw2HdZs_h7',$,'VS-290','IPE 240',$,#8909,#8906,'VS-290',$);
#8911=IFCRELASSOCIATESMATERIAL('2CCpIMpzj6QRYl7auDhM78',$,$,$,(#8910),#40);
#8912=IFCCARTESIANPOINT((46583.300000000003,14840.,0.));
#8913=IFCCARTESIANPOINT((46583.300000000003,19510.,0.));
#8914=IFCPOLYLINE((#8912,#8913));
#8915=IFCSHAPEREPRESENTATION(#12,'Axis','Curve3D',(#8914));
#8916=IFCPRODUCTDEFINITIONSHAPE($,$,(#8915));
#8917=IFCCARTESIANPOINT((0.,0.,0.));
#8918=IFCAXIS2PLACEMENT3D(#8917,#8,#9);
#8919=IFCLOCALPLACEMENT(#31,#8918);
#8920=IFCBEAM('3hLubnWqf5yBSHKov6G3vl',$,'VS-291','IPE 240',$,#8919,#8916,'VS-291',$);
#8921=IFCRELASSOCIATESMATERIAL('0E4U9NKDX4igcF578KWEyV',$,$,$,(#8920),#40);
#8922=IFCCARTESIANPOINT((47666.699999999997,5500.,0.));
#8923=IFCCARTESIANPOINT((47666.699999999997,10170.,0.));
#8924=IFCPOLYLINE((#8922,#8923));
#8925=IFCSHAPEREPRESENTATION(#12,'Axis','Curve3D',(#8924));
#8926=IFCPRODUCTDEFINITIONSHAPE($,$,(#8925));
#8927=IFCCARTESIANPOINT((0.,0.,0.));
#8928=IFCAXIS2PLACEMENT3D(#8927,#8,#9);
#8929=IFCLOCALPLACEMENT(#31,#8928);
#8930=IFCBEAM('070O4e6l1DHgiy1P5E80__',$,'VS-292','IPE 200',$,#8929,#8926,'VS-292',$);
#8931=IFCRELASSOCIATESMATERIAL('09KA8j6w9DDB_D4p3MyAOj',$,$,$,(#8930),#40);
#8932=IFCCARTESIANPOINT((47666.699999999997,10170.,0.));
#8933=IFCCARTESIANPOINT((47666.699999999997,14840.,0.));
#8934=IFCPOLYLINE((#8932,#8933));
#8935=IFCSHAPEREPRESENTATION(#12,'Axis','Curve3D',(#8934));
#8936=IFCPRODUCTDEFINITIONSHAPE($,$,(#8935));
#8937=IFCCARTESIANPOINT((0.,0.,0.));
#8938=IFCAXIS2PLACEMENT3D(#8937,#8,#9);
#8939=IFCLOCALPLACEMENT(#31,#8938);
#8940=IFCBEAM('3PXQq3aBb58gBo7MDVw_rW',$,'VS-293','IPE 200',$,#8939,#8936,'VS-293',$);
#8941=IFCRELASSOCIATESMATERIAL('1vFH02jGv0nAJI__2WlyNq',$,$,$,(#8940),#40);
#8942=IFCCARTESIANPOINT((47666.699999999997,14840.,0.));
#8943=IFCCARTESIANPOINT((47666.699999999997,19510.,0.));
#8944=IFCPOLYLINE((#8942,#8943));
#8945=IFCSHAPEREPRESENTATION(#12,'Axis','Curve3D',(#8944));
#8946=IFCPRODUCTDEFINITIONSHAPE($,$,(#8945));
#8947=IFCCARTESIANPOINT((0.,0.,0.));
#8948=IFCAXIS2PLACEMENT3D(#8947,#8,#9);
#8949=IFCLOCALPLACEMENT(#31,#8948);
#8950=IFCBEAM('1diCXc0df7zgG6ncmeqXFt',$,'VS-294','IPE 200',$,#8949,#8946,'VS-294',$);
#8951=IFCRELASSOCIATESMATERIAL('0Uj6CKqKb5NAReqmK8Wv0X',$,$,$,(#8950),#40);
#8952=IFCCARTESIANPOINT((48750.,5500.,0.));
#8953=IFCCARTESIANPOINT((48750.,10170.,0.));
#8954=IFCPOLYLINE((#8952,#8953));
#8955=IFCSHAPEREPRESENTATION(#12,'Axis','Curve3D',(#8954));
#8956=IFCPRODUCTDEFINITIONSHAPE($,$,(#8955));
#8957=IFCCARTESIANPOINT((0.,0.,0.));
#8958=IFCAXIS2PLACEMENT3D(#8957,#8,#9);
#8959=IFCLOCALPLACEMENT(#31,#8958);
#8960=IFCBEAM('2MhZK6jq5DaRBw384nAgiv',$,'VS-295','IPE 200',$,#8959,#8956,'VS-295',$);
#8961=IFCRELASSOCIATESMATERIAL('0Mti5aivb0AhdzBXTqEZ4j',$,$,$,(#8960),#40);
#8962=IFCCARTESIANPOINT((48750.,10170.,0.));
#8963=IFCCARTESIANPOINT((48750.,14840.,0.));
#8964=IFCPOLYLINE((#8962,#8963));
#8965=IFCSHAPEREPRESENTATION(#12,'Axis','Curve3D',(#8964));
#8966=IFCPRODUCTDEFINITIONSHAPE($,$,(#8965));
#8967=IFCCARTESIANPOINT((0.,0.,0.));
#8968=IFCAXIS2PLACEMENT3D(#8967,#8,#9);
#8969=IFCLOCALPLACEMENT(#31,#8968);
#8970=IFCBEAM('2ItyFmUcDAswpFbdXjV3ji',$,'VS-296','IPE 200',$,#8969,#8966,'VS-296',$);
#8971=IFCRELASSOCIATESMATERIAL('0UmYkZnfP4K9p_846vDLRS',$,$,$,(#8970),#40);
#8972=IFCCARTESIANPOINT((48750.,14840.,0.));
#8973=IFCCARTESIANPOINT((48750.,19510.,0.));
#8974=IFCPOLYLINE((#8972,#8973));
#8975=IFCSHAPEREPRESENTATION(#12,'Axis','Curve3D',(#8974));
#8976=IFCPRODUCTDEFINITIONSHAPE($,$,(#8975));
#8977=IFCCARTESIANPOINT((0.,0.,0.));
#8978=IFCAXIS2PLACEMENT3D(#8977,#8,#9);
#8979=IFCLOCALPLACEMENT(#31,#8978);
#8980=IFCBEAM('3u9s5r68b878LF_EHctT1k',$,'VS-297','IPE 200',$,#8979,#8976,'VS-297',$);
#8981=IFCRELASSOCIATESMATERIAL('33rmDNQwbCMAeJ7qvPYTXw',$,$,$,(#8980),#40);
#8982=IFCCARTESIANPOINT((49833.300000000003,5500.,0.));
#8983=IFCCARTESIANPOINT((49833.300000000003,10170.,0.));
#8984=IFCPOLYLINE((#8982,#8983));
#8985=IFCSHAPEREPRESENTATION(#12,'Axis','Curve3D',(#8984));
#8986=IFCPRODUCTDEFINITIONSHAPE($,$,(#8985));
#8987=IFCCARTESIANPOINT((0.,0.,0.));
#8988=IFCAXIS2PLACEMENT3D(#8987,#8,#9);
#8989=IFCLOCALPLACEMENT(#31,#8988);
#8990=IFCBEAM('1UQHX$5Q52hAFLHUu5B6DH',$,'VS-298','IPE 200',$,#8989,#8986,'VS-298',$);
#8991=IFCRELASSOCIATESMATERIAL('0AObJenevCqhXwey8Buij_',$,$,$,(#8990),#40);
#8992=IFCCARTESIANPOINT((49833.300000000003,10170.,0.));
#8993=IFCCARTESIANPOINT((49833.300000000003,14840.,0.));
#8994=IFCPOLYLINE((#8992,#8993));
#8995=IFCSHAPEREPRESENTATION(#12,'Axis','Curve3D',(#8994));
#8996=IFCPRODUCTDEFINITIONSHAPE($,$,(#8995));
#8997=IFCCARTESIANPOINT((0.,0.,0.));
#8998=IFCAXIS2PLACEMENT3D(#8997,#8,#9);
#8999=IFCLOCALPLACEMENT(#31,#8998);
#9000=IFCBEAM('1GiOs4Qjr7ZOc3e8JBGW5d',$,'VS-299','IPE 200',$,#8999,#8996,'VS-299',$);
#9001=IFCRELASSOCIATESMATERIAL('3HU4m51ejDRQLwSXXlxPH9',$,$,$,(#9000),#40);
#9002=IFCCARTESIANPOINT((49833.300000000003,14840.,0.));
#9003=IFCCARTESIANPOINT((49833.300000000003,19510.,0.));
#9004=IFCPOLYLINE((#9002,#9003));
#9005=IFCSHAPEREPRESENTATION(#12,'Axis','Curve3D',(#9004));
#9006=IFCPRODUCTDEFINITIONSHAPE($,$,(#9005));
#9007=IFCCARTESIANPOINT((0.,0.,0.));
#9008=IFCAXIS2PLACEMENT3D(#9007,#8,#9);
#9009=IFCLOCALPLACEMENT(#31,#9008);
#9010=IFCBEAM('0R4sYMUND1Z9V7mF_zSrfd',$,'VS-300','IPE 200',$,#9009,#9006,'VS-300',$);
#9011=IFCRELASSOCIATESMATERIAL('1hhT0pryzBFhTxQwitTbuB',$,$,$,(#9010),#40);
#9012=IFCCARTESIANPOINT((50916.699999999997,5500.,0.));
#9013=IFCCARTESIANPOINT((50916.699999999997,10170.,0.));
#9014=IFCPOLYLINE((#9012,#9013));
#9015=IFCSHAPEREPRESENTATION(#12,'Axis','Curve3D',(#9014));
#9016=IFCPRODUCTDEFINITIONSHAPE($,$,(#9015));
#9017=IFCCARTESIANPOINT((0.,0.,0.));
#9018=IFCAXIS2PLACEMENT3D(#9017,#8,#9);
#9019=IFCLOCALPLACEMENT(#31,#9018);
#9020=IFCBEAM('1Hfcasf_j5jBS97JCy3ECG',$,'VS-301','IPE 240',$,#9019,#9016,'VS-301',$);
#9021=IFCRELASSOCIATESMATERIAL('0AascgTVX9eh3fa2pjH1CR',$,$,$,(#9020),#40);
#9022=IFCCARTESIANPOINT((50916.699999999997,10170.,0.));
#9023=IFCCARTESIANPOINT((50916.699999999997,14840.,0.));
#9024=IFCPOLYLINE((#9022,#9023));
#9025=IFCSHAPEREPRESENTATION(#12,'Axis','Curve3D',(#9024));
#9026=IFCPRODUCTDEFINITIONSHAPE($,$,(#9025));
#9027=IFCCARTESIANPOINT((0.,0.,0.));
#9028=IFCAXIS2PLACEMENT3D(#9027,#8,#9);
#9029=IFCLOCALPLACEMENT(#31,#9028);
#9030=IFCBEAM('1TXmYdk_X9UAJPDvOvwCJo',$,'VS-302','IPE 240',$,#9029,#9026,'VS-302',$);
#9031=IFCRELASSOCIATESMATERIAL('2exOXhOzz54fLNJ8ln$u6k',$,$,$,(#9030),#40);
#9032=IFCCARTESIANPOINT((50916.699999999997,14840.,0.));
#9033=IFCCARTESIANPOINT((50916.699999999997,19510.,0.));
#9034=IFCPOLYLINE((#9032,#9033));
#9035=IFCSHAPEREPRESENTATION(#12,'Axis','Curve3D',(#9034));
#9036=IFCPRODUCTDEFINITIONSHAPE($,$,(#9035));
#9037=IFCCARTESIANPOINT((0.,0.,0.));
#9038=IFCAXIS2PLACEMENT3D(#9037,#8,#9);
#9039=IFCLOCALPLACEMENT(#31,#9038);
#9040=IFCBEAM('3DVx08jDz9IwO6oyYDmTSR',$,'VS-303','IPE 240',$,#9039,#9036,'VS-303',$);
#9041=IFCRELASSOCIATESMATERIAL('3WmvS$LET5eOp_YH0Fojzn',$,$,$,(#9040),#40);
#9042=IFCCARTESIANPOINT((47125.,5500.,0.));
#9043=IFCCARTESIANPOINT((47125.,10170.,0.));
#9044=IFCPOLYLINE((#9042,#9043));
#9045=IFCSHAPEREPRESENTATION(#12,'Axis','Curve3D',(#9044));
#9046=IFCPRODUCTDEFINITIONSHAPE($,$,(#9045));
#9047=IFCCARTESIANPOINT((0.,0.,0.));
#9048=IFCAXIS2PLACEMENT3D(#9047,#8,#9);
#9049=IFCLOCALPLACEMENT(#35,#9048);
#9050=IFCBEAM('1VcNA75ID1MA66AfslEisE',$,'VS-304','IPE 160',$,#9049,#9046,'VS-304',$);
#9051=IFCRELASSOCIATESMATERIAL('0Ss8hH5gr44A3rWFro1EbL',$,$,$,(#9050),#40);
#9052=IFCCARTESIANPOINT((47125.,10170.,0.));
#9053=IFCCARTESIANPOINT((47125.,14840.,0.));
#9054=IFCPOLYLINE((#9052,#9053));
#9055=IFCSHAPEREPRESENTATION(#12,'Axis','Curve3D',(#9054));
#9056=IFCPRODUCTDEFINITIONSHAPE($,$,(#9055));
#9057=IFCCARTESIANPOINT((0.,0.,0.));
#9058=IFCAXIS2PLACEMENT3D(#9057,#8,#9);
#9059=IFCLOCALPLACEMENT(#35,#9058);
#9060=IFCBEAM('2jgTqX6t5ETekmIHAOjQ_8',$,'VS-305','IPE 160',$,#9059,#9056,'VS-305',$);
#9061=IFCRELASSOCIATESMATERIAL('0dX1Buw9H2Pfbwg_pC_raD',$,$,$,(#9060),#40);
#9062=IFCCARTESIANPOINT((47125.,14840.,0.));
#9063=IFCCARTESIANPOINT((47125.,19510.,0.));
#9064=IFCPOLYLINE((#9062,#9063));
#9065=IFCSHAPEREPRESENTATION(#12,'Axis','Curve3D',(#9064));
#9066=IFCPRODUCTDEFINITIONSHAPE($,$,(#9065));
#9067=IFCCARTESIANPOINT((0.,0.,0.));
#9068=IFCAXIS2PLACEMENT3D(#9067,#8,#9);
#9069=IFCLOCALPLACEMENT(#35,#9068);
#9070=IFCBEAM('2IJmb5D3zFnfuMjoRyozwc',$,'VS-306','IPE 160',$,#9069,#9066,'VS-306',$);
#9071=IFCRELASSOCIATESMATERIAL('32HUiCz5z5PfT50A3eEZfk',$,$,$,(#9070),#40);
#9072=IFCCARTESIANPOINT((48750.,5500.,0.));
#9073=IFCCARTESIANPOINT((48750.,10170.,0.));
#9074=IFCPOLYLINE((#9072,#9073));
#9075=IFCSHAPEREPRESENTATION(#12,'Axis','Curve3D',(#9074));
#9076=IFCPRODUCTDEFINITIONSHAPE($,$,(#9075));
#9077=IFCCARTESIANPOINT((0.,0.,0.));
#9078=IFCAXIS2PLACEMENT3D(#9077,#8,#9);
#9079=IFCLOCALPLACEMENT(#35,#9078);
#9080=IFCBEAM('18ul16Oc1CXBvkeKsRJmSE',$,'VS-307','IPE 160',$,#9079,#9076,'VS-307',$);
#9081=IFCRELASSOCIATESMATERIAL('231M1AfLnDCPMZgC_l8T8I',$,$,$,(#9080),#40);
#9082=IFCCARTESIANPOINT((48750.,10170.,0.));
#9083=IFCCARTESIANPOINT((48750.,14840.,0.));
#9084=IFCPOLYLINE((#9082,#9083));
#9085=IFCSHAPEREPRESENTATION(#12,'Axis','Curve3D',(#9084));
#9086=IFCPRODUCTDEFINITIONSHAPE($,$,(#9085));
#9087=IFCCARTESIANPOINT((0.,0.,0.));
#9088=IFCAXIS2PLACEMENT3D(#9087,#8,#9);
#9089=IFCLOCALPLACEMENT(#35,#9088);
#9090=IFCBEAM('36Hjk3Ftr6$BWwiUVRbmrm',$,'VS-308','IPE 160',$,#9089,#9086,'VS-308',$);
#9091=IFCRELASSOCIATESMATERIAL('3180Bh0sD2fx_KVLcUUSf$',$,$,$,(#9090),#40);
#9092=IFCCARTESIANPOINT((48750.,14840.,0.));
#9093=IFCCARTESIANPOINT((48750.,19510.,0.));
#9094=IFCPOLYLINE((#9092,#9093));
#9095=IFCSHAPEREPRESENTATION(#12,'Axis','Curve3D',(#9094));
#9096=IFCPRODUCTDEFINITIONSHAPE($,$,(#9095));
#9097=IFCCARTESIANPOINT((0.,0.,0.));
#9098=IFCAXIS2PLACEMENT3D(#9097,#8,#9);
#9099=IFCLOCALPLACEMENT(#35,#9098);
#9100=IFCBEAM('0isDqlfoTApQnt2OrkAPS4',$,'VS-309','IPE 160',$,#9099,#9096,'VS-309',$);
#9101=IFCRELASSOCIATESMATERIAL('2JN3Rx1M973QTHPoK4$4_l',$,$,$,(#9100),#40);
#9102=IFCCARTESIANPOINT((50375.,5500.,0.));
#9103=IFCCARTESIANPOINT((50375.,10170.,0.));
#9104=IFCPOLYLINE((#9102,#9103));
#9105=IFCSHAPEREPRESENTATION(#12,'Axis','Curve3D',(#9104));
#9106=IFCPRODUCTDEFINITIONSHAPE($,$,(#9105));
#9107=IFCCARTESIANPOINT((0.,0.,0.));
#9108=IFCAXIS2PLACEMENT3D(#9107,#8,#9);
#9109=IFCLOCALPLACEMENT(#35,#9108);
#9110=IFCBEAM('34WE2$jhj4NuQphm_6TAOp',$,'VS-310','IPE 160',$,#9109,#9106,'VS-310',$);
#9111=IFCRELASSOCIATESMATERIAL('3OC45e3af5qh$iPCQnWiQ3',$,$,$,(#9110),#40);
#9112=IFCCARTESIANPOINT((50375.,10170.,0.));
#9113=IFCCARTESIANPOINT((50375.,14840.,0.));
#9114=IFCPOLYLINE((#9112,#9113));
#9115=IFCSHAPEREPRESENTATION(#12,'Axis','Curve3D',(#9114));
#9116=IFCPRODUCTDEFINITIONSHAPE($,$,(#9115));
#9117=IFCCARTESIANPOINT((0.,0.,0.));
#9118=IFCAXIS2PLACEMENT3D(#9117,#8,#9);
#9119=IFCLOCALPLACEMENT(#35,#9118);
#9120=IFCBEAM('1bfgUFa1PAOOsXj4O7MjHw',$,'VS-311','IPE 160',$,#9119,#9116,'VS-311',$);
#9121=IFCRELASSOCIATESMATERIAL('192qTTsl952vsWfszSxIhX',$,$,$,(#9120),#40);
#9122=IFCCARTESIANPOINT((50375.,14840.,0.));
#9123=IFCCARTESIANPOINT((50375.,19510.,0.));
#9124=IFCPOLYLINE((#9122,#9123));
#9125=IFCSHAPEREPRESENTATION(#12,'Axis','Curve3D',(#9124));
#9126=IFCPRODUCTDEFINITIONSHAPE($,$,(#9125));
#9127=IFCCARTESIANPOINT((0.,0.,0.));
#9128=IFCAXIS2PLACEMENT3D(#9127,#8,#9);
#9129=IFCLOCALPLACEMENT(#35,#9128);
#9130=IFCBEAM('1c6fCVIwfEL8W8rjnsfvm7',$,'VS-312','IPE 160',$,#9129,#9126,'VS-312',$);
#9131=IFCRELASSOCIATESMATERIAL('1FfnrgK$fCGRTWTMu4MAli',$,$,$,(#9130),#40);
#9132=IFCCARTESIANPOINT((57133.300000000003,5500.,0.));
#9133=IFCCARTESIANPOINT((57133.300000000003,10170.,0.));
#9134=IFCPOLYLINE((#9132,#9133));
#9135=IFCSHAPEREPRESENTATION(#12,'Axis','Curve3D',(#9134));
#9136=IFCPRODUCTDEFINITIONSHAPE($,$,(#9135));
#9137=IFCCARTESIANPOINT((0.,0.,0.));
#9138=IFCAXIS2PLACEMENT3D(#9137,#8,#9);
#9139=IFCLOCALPLACEMENT(#27,#9138);
#9140=IFCBEAM('0hkZBH_dH7Jg5NoK0Zc4Py',$,'VS-313','IPE 240',$,#9139,#9136,'VS-313',$);
#9141=IFCRELASSOCIATESMATERIAL('0PbAAJnaH53fh9Ff9cPDQ6',$,$,$,(#9140),#40);
#9142=IFCCARTESIANPOINT((57133.300000000003,10170.,0.));
#9143=IFCCARTESIANPOINT((57133.300000000003,14840.,0.));
#9144=IFCPOLYLINE((#9142,#9143));
#9145=IFCSHAPEREPRESENTATION(#12,'Axis','Curve3D',(#9144));
#9146=IFCPRODUCTDEFINITIONSHAPE($,$,(#9145));
#9147=IFCCARTESIANPOINT((0.,0.,0.));
#9148=IFCAXIS2PLACEMENT3D(#9147,#8,#9);
#9149=IFCLOCALPLACEMENT(#27,#9148);
#9150=IFCBEAM('04E8ixYsL8uPqQbYp43qtk',$,'VS-314','IPE 240',$,#9149,#9146,'VS-314',$);
#9151=IFCRELASSOCIATESMATERIAL('3NiTiRtpz2pAqwivTEDwNJ',$,$,$,(#9150),#40);
#9152=IFCCARTESIANPOINT((57133.300000000003,14840.,0.));
#9153=IFCCARTESIANPOINT((57133.300000000003,19510.,0.));
#9154=IFCPOLYLINE((#9152,#9153));
#9155=IFCSHAPEREPRESENTATION(#12,'Axis','Curve3D',(#9154));
#9156=IFCPRODUCTDEFINITIONSHAPE($,$,(#9155));
#9157=IFCCARTESIANPOINT((0.,0.,0.));
#9158=IFCAXIS2PLACEMENT3D(#9157,#8,#9);
#9159=IFCLOCALPLACEMENT(#27,#9158);
#9160=IFCBEAM('1gibt4N8zAu9uCdsA$AIJy',$,'VS-315','IPE 240',$,#9159,#9156,'VS-315',$);
#9161=IFCRELASSOCIATESMATERIAL('3gMNIn1ib9wufT4iYPluuY',$,$,$,(#9160),#40);
#9162=IFCCARTESIANPOINT((58216.699999999997,5500.,0.));
#9163=IFCCARTESIANPOINT((58216.699999999997,10170.,0.));
#9164=IFCPOLYLINE((#9162,#9163));
#9165=IFCSHAPEREPRESENTATION(#12,'Axis','Curve3D',(#9164));
#9166=IFCPRODUCTDEFINITIONSHAPE($,$,(#9165));
#9167=IFCCARTESIANPOINT((0.,0.,0.));
#9168=IFCAXIS2PLACEMENT3D(#9167,#8,#9);
#9169=IFCLOCALPLACEMENT(#27,#9168);
#9170=IFCBEAM('3V3cE5aPv8tfpBdNHSzU4b',$,'VS-316','IPE 200',$,#9169,#9166,'VS-316',$);
#9171=IFCRELASSOCIATESMATERIAL('1ffy2OmpP5AfPFiATgTklo',$,$,$,(#9170),#40);
#9172=IFCCARTESIANPOINT((58216.699999999997,10170.,0.));
#9173=IFCCARTESIANPOINT((58216.699999999997,14840.,0.));
#9174=IFCPOLYLINE((#9172,#9173));
#9175=IFCSHAPEREPRESENTATION(#12,'Axis','Curve3D',(#9174));
#9176=IFCPRODUCTDEFINITIONSHAPE($,$,(#9175));
#9177=IFCCARTESIANPOINT((0.,0.,0.));
#9178=IFCAXIS2PLACEMENT3D(#9177,#8,#9);
#9179=IFCLOCALPLACEMENT(#27,#9178);
#9180=IFCBEAM('05FcjL2tD72hYu_hBNQX$w',$,'VS-317','IPE 200',$,#9179,#9176,'VS-317',$);
#9181=IFCRELASSOCIATESMATERIAL('0PWUPrqArDtfXg1VtNirEl',$,$,$,(#9180),#40);
#9182=IFCCARTESIANPOINT((58216.699999999997,14840.,0.));
#9183=IFCCARTESIANPOINT((58216.699999999997,19510.,0.));
#9184=IFCPOLYLINE((#9182,#9183));
#9185=IFCSHAPEREPRESENTATION(#12,'Axis','Curve3D',(#9184));
#9186=IFCPRODUCTDEFINITIONSHAPE($,$,(#9185));
#9187=IFCCARTESIANPOINT((0.,0.,0.));
#9188=IFCAXIS2PLACEMENT3D(#9187,#8,#9);
#9189=IFCLOCALPLACEMENT(#27,#9188);
#9190=IFCBEAM('0mDjX_vWr3XPZJO764C4LR',$,'VS-318','IPE 200',$,#9189,#9186,'VS-318',$);
#9191=IFCRELASSOCIATESMATERIAL('0dfhEbqSvBkwYRUUjohpHy',$,$,$,(#9190),#40);
#9192=IFCCARTESIANPOINT((59300.,5500.,0.));
#9193=IFCCARTESIANPOINT((59300.,10170.,0.));
#9194=IFCPOLYLINE((#9192,#9193));
#9195=IFCSHAPEREPRESENTATION(#12,'Axis','Curve3D',(#9194));
#9196=IFCPRODUCTDEFINITIONSHAPE($,$,(#9195));
#9197=IFCCARTESIANPOINT((0.,0.,0.));
#9198=IFCAXIS2PLACEMENT3D(#9197,#8,#9);
#9199=IFCLOCALPLACEMENT(#27,#9198);
#9200=IFCBEAM('3C_BLYEv905P549W3VENuk',$,'VS-319','IPE 200',$,#9199,#9196,'VS-319',$);
#9201=IFCRELASSOCIATESMATERIAL('0ZVdELAqf9nvlIhm9kH3W6',$,$,$,(#9200),#40);
#9202=IFCCARTESIANPOINT((59300.,10170.,0.));
#9203=IFCCARTESIANPOINT((59300.,14840.,0.));
#9204=IFCPOLYLINE((#9202,#9203));
#9205=IFCSHAPEREPRESENTATION(#12,'Axis','Curve3D',(#9204));
#9206=IFCPRODUCTDEFINITIONSHAPE($,$,(#9205));
#9207=IFCCARTESIANPOINT((0.,0.,0.));
#9208=IFCAXIS2PLACEMENT3D(#9207,#8,#9);
#9209=IFCLOCALPLACEMENT(#27,#9208);
#9210=IFCBEAM('0vQGT6GdjAzxuUvJ5hGqXf',$,'VS-320','IPE 200',$,#9209,#9206,'VS-320',$);
#9211=IFCRELASSOCIATESMATERIAL('25BCspCd1Deva_hEdRdluM',$,$,$,(#9210),#40);
#9212=IFCCARTESIANPOINT((59300.,14840.,0.));
#9213=IFCCARTESIANPOINT((59300.,19510.,0.));
#9214=IFCPOLYLINE((#9212,#9213));
#9215=IFCSHAPEREPRESENTATION(#12,'Axis','Curve3D',(#9214));
#9216=IFCPRODUCTDEFINITIONSHAPE($,$,(#9215));
#9217=IFCCARTESIANPOINT((0.,0.,0.));
#9218=IFCAXIS2PLACEMENT3D(#9217,#8,#9);
#9219=IFCLOCALPLACEMENT(#27,#9218);
#9220=IFCBEAM('2YyB5ziOX5tA4WF16yeqYw',$,'VS-321','IPE 200',$,#9219,#9216,'VS-321',$);
#9221=IFCRELASSOCIATESMATERIAL('3iBG6Ee_LD7ef7NdhjHgEs',$,$,$,(#9220),#40);
#9222=IFCCARTESIANPOINT((60383.300000000003,5500.,0.));
#9223=IFCCARTESIANPOINT((60383.300000000003,10170.,0.));
#9224=IFCPOLYLINE((#9222,#9223));
#9225=IFCSHAPEREPRESENTATION(#12,'Axis','Curve3D',(#9224));
#9226=IFCPRODUCTDEFINITIONSHAPE($,$,(#9225));
#9227=IFCCARTESIANPOINT((0.,0.,0.));
#9228=IFCAXIS2PLACEMENT3D(#9227,#8,#9);
#9229=IFCLOCALPLACEMENT(#27,#9228);
#9230=IFCBEAM('00DanHDQn4_eCyAkimQ505',$,'VS-322','IPE 200',$,#9229,#9226,'VS-322',$);
#9231=IFCRELASSOCIATESMATERIAL('10wUPJlrDCfPi7hO3UYQKS',$,$,$,(#9230),#40);
#9232=IFCCARTESIANPOINT((60383.300000000003,10170.,0.));
#9233=IFCCARTESIANPOINT((60383.300000000003,14840.,0.));
#9234=IFCPOLYLINE((#9232,#9233));
#9235=IFCSHAPEREPRESENTATION(#12,'Axis','Curve3D',(#9234));
#9236=IFCPRODUCTDEFINITIONSHAPE($,$,(#9235));
#9237=IFCCARTESIANPOINT((0.,0.,0.));
#9238=IFCAXIS2PLACEMENT3D(#9237,#8,#9);
#9239=IFCLOCALPLACEMENT(#27,#9238);
#9240=IFCBEAM('3cs6WTfUn5pBeKBiQINp5x',$,'VS-323','IPE 200',$,#9239,#9236,'VS-323',$);
#9241=IFCRELASSOCIATESMATERIAL('3luwSAUhnDegkIu8LYS$On',$,$,$,(#9240),#40);
#9242=IFCCARTESIANPOINT((60383.300000000003,14840.,0.));
#9243=IFCCARTESIANPOINT((60383.300000000003,19510.,0.));
#9244=IFCPOLYLINE((#9242,#9243));
#9245=IFCSHAPEREPRESENTATION(#12,'Axis','Curve3D',(#9244));
#9246=IFCPRODUCTDEFINITIONSHAPE($,$,(#9245));
#9247=IFCCARTESIANPOINT((0.,0.,0.));
#9248=IFCAXIS2PLACEMENT3D(#9247,#8,#9);
#9249=IFCLOCALPLACEMENT(#27,#9248);
#9250=IFCBEAM('3VqbigELL46vyIwLz0taQ4',$,'VS-324','IPE 200',$,#9249,#9246,'VS-324',$);
#9251=IFCRELASSOCIATESMATERIAL('3LG2HhAGH6WxmH0Ovs415e',$,$,$,(#9250),#40);
#9252=IFCCARTESIANPOINT((61466.699999999997,5500.,0.));
#9253=IFCCARTESIANPOINT((61466.699999999997,10170.,0.));
#9254=IFCPOLYLINE((#9252,#9253));
#9255=IFCSHAPEREPRESENTATION(#12,'Axis','Curve3D',(#9254));
#9256=IFCPRODUCTDEFINITIONSHAPE($,$,(#9255));
#9257=IFCCARTESIANPOINT((0.,0.,0.));
#9258=IFCAXIS2PLACEMENT3D(#9257,#8,#9);
#9259=IFCLOCALPLACEMENT(#27,#9258);
#9260=IFCBEAM('240T5CYy5Cog2Zdx0q1rZP',$,'VS-325','IPE 240',$,#9259,#9256,'VS-325',$);
#9261=IFCRELASSOCIATESMATERIAL('1kPSgwbF596uDgL50M23DZ',$,$,$,(#9260),#40);
#9262=IFCCARTESIANPOINT((61466.699999999997,10170.,0.));
#9263=IFCCARTESIANPOINT((61466.699999999997,14840.,0.));
#9264=IFCPOLYLINE((#9262,#9263));
#9265=IFCSHAPEREPRESENTATION(#12,'Axis','Curve3D',(#9264));
#9266=IFCPRODUCTDEFINITIONSHAPE($,$,(#9265));
#9267=IFCCARTESIANPOINT((0.,0.,0.));
#9268=IFCAXIS2PLACEMENT3D(#9267,#8,#9);
#9269=IFCLOCALPLACEMENT(#27,#9268);
#9270=IFCBEAM('3xup1Z2hX8Tu5O1h2PpCU$',$,'VS-326','IPE 240',$,#9269,#9266,'VS-326',$);
#9271=IFCRELASSOCIATESMATERIAL('2XCjTgj7n6ouM9xc_Qu82h',$,$,$,(#9270),#40);
#9272=IFCCARTESIANPOINT((61466.699999999997,14840.,0.));
#9273=IFCCARTESIANPOINT((61466.699999999997,19510.,0.));
#9274=IFCPOLYLINE((#9272,#9273));
#9275=IFCSHAPEREPRESENTATION(#12,'Axis','Curve3D',(#9274));
#9276=IFCPRODUCTDEFINITIONSHAPE($,$,(#9275));
#9277=IFCCARTESIANPOINT((0.,0.,0.));
#9278=IFCAXIS2PLACEMENT3D(#9277,#8,#9);
#9279=IFCLOCALPLACEMENT(#27,#9278);
#9280=IFCBEAM('1$ViFO0Hv9uQ$LMQGqmDQh',$,'VS-327','IPE 240',$,#9279,#9276,'VS-327',$);
#9281=IFCRELASSOCIATESMATERIAL('1AFY53q31FtBZg67HJzWQi',$,$,$,(#9280),#40);
#9282=IFCCARTESIANPOINT((57133.300000000003,5500.,0.));
#9283=IFCCARTESIANPOINT((57133.300000000003,10170.,0.));
#9284=IFCPOLYLINE((#9282,#9283));
#9285=IFCSHAPEREPRESENTATION(#12,'Axis','Curve3D',(#9284));
#9286=IFCPRODUCTDEFINITIONSHAPE($,$,(#9285));
#9287=IFCCARTESIANPOINT((0.,0.,0.));
#9288=IFCAXIS2PLACEMENT3D(#9287,#8,#9);
#9289=IFCLOCALPLACEMENT(#31,#9288);
#9290=IFCBEAM('06yt_tw355D96US2OQLnHF',$,'VS-328','IPE 240',$,#9289,#9286,'VS-328',$);
#9291=IFCRELASSOCIATESMATERIAL('2PtNzLUk93XRYvIpO8ktoj',$,$,$,(#9290),#40);
#9292=IFCCARTESIANPOINT((57133.300000000003,10170.,0.));
#9293=IFCCARTESIANPOINT((57133.300000000003,14840.,0.));
#9294=IFCPOLYLINE((#9292,#9293));
#9295=IFCSHAPEREPRESENTATION(#12,'Axis','Curve3D',(#9294));
#9296=IFCPRODUCTDEFINITIONSHAPE($,$,(#9295));
#9297=IFCCARTESIANPOINT((0.,0.,0.));
#9298=IFCAXIS2PLACEMENT3D(#9297,#8,#9);
#9299=IFCLOCALPLACEMENT(#31,#9298);
#9300=IFCBEAM('2qM7QcbOr7Pv8JIHrB0c8o',$,'VS-329','IPE 240',$,#9299,#9296,'VS-329',$);
#9301=IFCRELASSOCIATESMATERIAL('2njRc0Z6vDCxrhMbylHXoW',$,$,$,(#9300),#40);
#9302=IFCCARTESIANPOINT((57133.300000000003,14840.,0.));
#9303=IFCCARTESIANPOINT((57133.300000000003,19510.,0.));
#9304=IFCPOLYLINE((#9302,#9303));
#9305=IFCSHAPEREPRESENTATION(#12,'Axis','Curve3D',(#9304));
#9306=IFCPRODUCTDEFINITIONSHAPE($,$,(#9305));
#9307=IFCCARTESIANPOINT((0.,0.,0.));
#9308=IFCAXIS2PLACEMENT3D(#9307,#8,#9);
#9309=IFCLOCALPLACEMENT(#31,#9308);
#9310=IFCBEAM('1S6aCNjjr73hE6qr18pIuc',$,'VS-330','IPE 240',$,#9309,#9306,'VS-330',$);
#9311=IFCRELASSOCIATESMATERIAL('3mMMa$nqX588PTC9z$5NMp',$,$,$,(#9310),#40);
#9312=IFCCARTESIANPOINT((58216.699999999997,5500.,0.));
#9313=IFCCARTESIANPOINT((58216.699999999997,10170.,0.));
#9314=IFCPOLYLINE((#9312,#9313));
#9315=IFCSHAPEREPRESENTATION(#12,'Axis','Curve3D',(#9314));
#9316=IFCPRODUCTDEFINITIONSHAPE($,$,(#9315));
#9317=IFCCARTESIANPOINT((0.,0.,0.));
#9318=IFCAXIS2PLACEMENT3D(#9317,#8,#9);
#9319=IFCLOCALPLACEMENT(#31,#9318);
#9320=IFCBEAM('0bD25KIJ15Mep5zU7u_f2C',$,'VS-331','IPE 200',$,#9319,#9316,'VS-331',$);
#9321=IFCRELASSOCIATESMATERIAL('2Ii7dLMsXDYR$pUVk$n7C7',$,$,$,(#9320),#40);
#9322=IFCCARTESIANPOINT((58216.699999999997,10170.,0.));
#9323=IFCCARTESIANPOINT((58216.699999999997,14840.,0.));
#9324=IFCPOLYLINE((#9322,#9323));
#9325=IFCSHAPEREPRESENTATION(#12,'Axis','Curve3D',(#9324));
#9326=IFCPRODUCTDEFINITIONSHAPE($,$,(#9325));
#9327=IFCCARTESIANPOINT((0.,0.,0.));
#9328=IFCAXIS2PLACEMENT3D(#9327,#8,#9);
#9329=IFCLOCALPLACEMENT(#31,#9328);
#9330=IFCBEAM('2pVhWlnMT2fA5qN$uHHfWz',$,'VS-332','IPE 200',$,#9329,#9326,'VS-332',$);
#9331=IFCRELASSOCIATESMATERIAL('1xjYvPhzr6VPDxMt9o50IC',$,$,$,(#9330),#40);
#9332=IFCCARTESIANPOINT((58216.699999999997,14840.,0.));
#9333=IFCCARTESIANPOINT((58216.699999999997,19510.,0.));
#9334=IFCPOLYLINE((#9332,#9333));
#9335=IFCSHAPEREPRESENTATION(#12,'Axis','Curve3D',(#9334));
#9336=IFCPRODUCTDEFINITIONSHAPE($,$,(#9335));
#9337=IFCCARTESIANPOINT((0.,0.,0.));
#9338=IFCAXIS2PLACEMENT3D(#9337,#8,#9);
#9339=IFCLOCALPLACEMENT(#31,#9338);
#9340=IFCBEAM('0wdEXfEtb9YAJl$lYxM69X',$,'VS-333','IPE 200',$,#9339,#9336,'VS-333',$);
#9341=IFCRELASSOCIATESMATERIAL('2DWqI2miH5fvtV_Ff7Mppg',$,$,$,(#9340),#40);
#9342=IFCCARTESIANPOINT((59300.,5500.,0.));
#9343=IFCCARTESIANPOINT((59300.,10170.,0.));
#9344=IFCPOLYLINE((#9342,#9343));
#9345=IFCSHAPEREPRESENTATION(#12,'Axis','Curve3D',(#9344));
#9346=IFCPRODUCTDEFINITIONSHAPE($,$,(#9345));
#9347=IFCCARTESIANPOINT((0.,0.,0.));
#9348=IFCAXIS2PLACEMENT3D(#9347,#8,#9);
#9349=IFCLOCALPLACEMENT(#31,#9348);
#9350=IFCBEAM('3nuA_$D_zD98rGspz_jo8r',$,'VS-334','IPE 200',$,#9349,#9346,'VS-334',$);
#9351=IFCRELASSOCIATESMATERIAL('0vTXrOswH3UAaJmeG8HjRh',$,$,$,(#9350),#40);
#9352=IFCCARTESIANPOINT((59300.,10170.,0.));
#9353=IFCCARTESIANPOINT((59300.,14840.,0.));
#9354=IFCPOLYLINE((#9352,#9353));
#9355=IFCSHAPEREPRESENTATION(#12,'Axis','Curve3D',(#9354));
#9356=IFCPRODUCTDEFINITIONSHAPE($,$,(#9355));
#9357=IFCCARTESIANPOINT((0.,0.,0.));
#9358=IFCAXIS2PLACEMENT3D(#9357,#8,#9);
#9359=IFCLOCALPLACEMENT(#31,#9358);
#9360=IFCBEAM('34MbaDvxD2cOiEP1TgfzH2',$,'VS-335','IPE 200',$,#9359,#9356,'VS-335',$);
#9361=IFCRELASSOCIATESMATERIAL('0pSbV5oWj8NRX$csjR$DD9',$,$,$,(#9360),#40);
#9362=IFCCARTESIANPOINT((59300.,14840.,0.));
#9363=IFCCARTESIANPOINT((59300.,19510.,0.));
#9364=IFCPOLYLINE((#9362,#9363));
#9365=IFCSHAPEREPRESENTATION(#12,'Axis','Curve3D',(#9364));
#9366=IFCPRODUCTDEFINITIONSHAPE($,$,(#9365));
#9367=IFCCARTESIANPOINT((0.,0.,0.));
#9368=IFCAXIS2PLACEMENT3D(#9367,#8,#9);
#9369=IFCLOCALPLACEMENT(#31,#9368);
#9370=IFCBEAM('2ajPlsjaD8Of8GL9H$bkfG',$,'VS-336','IPE 200',$,#9369,#9366,'VS-336',$);
#9371=IFCRELASSOCIATESMATERIAL('3UPiKXC7LDgx5P8pY4Qspk',$,$,$,(#9370),#40);
#9372=IFCCARTESIANPOINT((60383.300000000003,5500.,0.));
#9373=IFCCARTESIANPOINT((60383.300000000003,10170.,0.));
#9374=IFCPOLYLINE((#9372,#9373));
#9375=IFCSHAPEREPRESENTATION(#12,'Axis','Curve3D',(#9374));
#9376=IFCPRODUCTDEFINITIONSHAPE($,$,(#9375));
#9377=IFCCARTESIANPOINT((0.,0.,0.));
#9378=IFCAXIS2PLACEMENT3D(#9377,#8,#9);
#9379=IFCLOCALPLACEMENT(#31,#9378);
#9380=IFCBEAM('2egsQAr7T9TuZ3voCMLMps',$,'VS-337','IPE 200',$,#9379,#9376,'VS-337',$);
#9381=IFCRELASSOCIATESMATERIAL('0iOlv2iFvD9hlKNN1mPX_l',$,$,$,(#9380),#40);
#9382=IFCCARTESIANPOINT((60383.300000000003,10170.,0.));
#9383=IFCCARTESIANPOINT((60383.300000000003,14840.,0.));
#9384=IFCPOLYLINE((#9382,#9383));
#9385=IFCSHAPEREPRESENTATION(#12,'Axis','Curve3D',(#9384));
#9386=IFCPRODUCTDEFINITIONSHAPE($,$,(#9385));
#9387=IFCCARTESIANPOINT((0.,0.,0.));
#9388=IFCAXIS2PLACEMENT3D(#9387,#8,#9);
#9389=IFCLOCALPLACEMENT(#31,#9388);
#9390=IFCBEAM('2ttI5LIMPEzBoinXPInOFd',$,'VS-338','IPE 200',$,#9389,#9386,'VS-338',$);
#9391=IFCRELASSOCIATESMATERIAL('0SgEzYa8r7ZvEruQO06Buz',$,$,$,(#9390),#40);
#9392=IFCCARTESIANPOINT((60383.300000000003,14840.,0.));
#9393=IFCCARTESIANPOINT((60383.300000000003,19510.,0.));
#9394=IFCPOLYLINE((#9392,#9393));
#9395=IFCSHAPEREPRESENTATION(#12,'Axis','Curve3D',(#9394));
#9396=IFCPRODUCTDEFINITIONSHAPE($,$,(#9395));
#9397=IFCCARTESIANPOINT((0.,0.,0.));
#9398=IFCAXIS2PLACEMENT3D(#9397,#8,#9);
#9399=IFCLOCALPLACEMENT(#31,#9398);
#9400=IFCBEAM('1SmnlZuBb3AQXltbmweKIZ',$,'VS-339','IPE 200',$,#9399,#9396,'VS-339',$);
#9401=IFCRELASSOCIATESMATERIAL('1jzlnmXR56DR$e6qHI4HGf',$,$,$,(#9400),#40);
#9402=IFCCARTESIANPOINT((61466.699999999997,5500.,0.));
#9403=IFCCARTESIANPOINT((61466.699999999997,10170.,0.));
#9404=IFCPOLYLINE((#9402,#9403));
#9405=IFCSHAPEREPRESENTATION(#12,'Axis','Curve3D',(#9404));
#9406=IFCPRODUCTDEFINITIONSHAPE($,$,(#9405));
#9407=IFCCARTESIANPOINT((0.,0.,0.));
#9408=IFCAXIS2PLACEMENT3D(#9407,#8,#9);
#9409=IFCLOCALPLACEMENT(#31,#9408);
#9410=IFCBEAM('1n7LMo9rj8c87r_vT97HRE',$,'VS-340','IPE 240',$,#9409,#9406,'VS-340',$);
#9411=IFCRELASSOCIATESMATERIAL('0$1aGcG9P2XvYBWSzlaVhJ',$,$,$,(#9410),#40);
#9412=IFCCARTESIANPOINT((61466.699999999997,10170.,0.));
#9413=IFCCARTESIANPOINT((61466.699999999997,14840.,0.));
#9414=IFCPOLYLINE((#9412,#9413));
#9415=IFCSHAPEREPRESENTATION(#12,'Axis','Curve3D',(#9414));
#9416=IFCPRODUCTDEFINITIONSHAPE($,$,(#9415));
#9417=IFCCARTESIANPOINT((0.,0.,0.));
#9418=IFCAXIS2PLACEMENT3D(#9417,#8,#9);
#9419=IFCLOCALPLACEMENT(#31,#9418);
#9420=IFCBEAM('2d2BPJOlXB79RUiPCXkclm',$,'VS-341','IPE 240',$,#9419,#9416,'VS-341',$);
#9421=IFCRELASSOCIATESMATERIAL('1q31BFvHf5uws2EO3wyWsH',$,$,$,(#9420),#40);
#9422=IFCCARTESIANPOINT((61466.699999999997,14840.,0.));
#9423=IFCCARTESIANPOINT((61466.699999999997,19510.,0.));
#9424=IFCPOLYLINE((#9422,#9423));
#9425=IFCSHAPEREPRESENTATION(#12,'Axis','Curve3D',(#9424));
#9426=IFCPRODUCTDEFINITIONSHAPE($,$,(#9425));
#9427=IFCCARTESIANPOINT((0.,0.,0.));
#9428=IFCAXIS2PLACEMENT3D(#9427,#8,#9);
#9429=IFCLOCALPLACEMENT(#31,#9428);
#9430=IFCBEAM('1ngEsm6bPE8h9YtiP8qYje',$,'VS-342','IPE 240',$,#9429,#9426,'VS-342',$);
#9431=IFCRELASSOCIATESMATERIAL('3sV8a5omfE8uB04gwpDxpo',$,$,$,(#9430),#40);
#9432=IFCCARTESIANPOINT((57675.,5500.,0.));
#9433=IFCCARTESIANPOINT((57675.,10170.,0.));
#9434=IFCPOLYLINE((#9432,#9433));
#9435=IFCSHAPEREPRESENTATION(#12,'Axis','Curve3D',(#9434));
#9436=IFCPRODUCTDEFINITIONSHAPE($,$,(#9435));
#9437=IFCCARTESIANPOINT((0.,0.,0.));
#9438=IFCAXIS2PLACEMENT3D(#9437,#8,#9);
#9439=IFCLOCALPLACEMENT(#35,#9438);
#9440=IFCBEAM('3joZnC8In0UxJ0fxdSjwrP',$,'VS-343','IPE 160',$,#9439,#9436,'VS-343',$);
#9441=IFCRELASSOCIATESMATERIAL('3ir43QfbHFn8$0wAIsa9F6',$,$,$,(#9440),#40);
#9442=IFCCARTESIANPOINT((57675.,10170.,0.));
#9443=IFCCARTESIANPOINT((57675.,14840.,0.));
#9444=IFCPOLYLINE((#9442,#9443));
#9445=IFCSHAPEREPRESENTATION(#12,'Axis','Curve3D',(#9444));
#9446=IFCPRODUCTDEFINITIONSHAPE($,$,(#9445));
#9447=IFCCARTESIANPOINT((0.,0.,0.));
#9448=IFCAXIS2PLACEMENT3D(#9447,#8,#9);
#9449=IFCLOCALPLACEMENT(#35,#9448);
#9450=IFCBEAM('0EgJs67kz8pfg9yVIYJqwC',$,'VS-344','IPE 160',$,#9449,#9446,'VS-344',$);
#9451=IFCRELASSOCIATESMATERIAL('0X4lfJLXT5jRdhxl7y21DX',$,$,$,(#9450),#40);
#9452=IFCCARTESIANPOINT((57675.,14840.,0.));
#9453=IFCCARTESIANPOINT((57675.,19510.,0.));
#9454=IFCPOLYLINE((#9452,#9453));
#9455=IFCSHAPEREPRESENTATION(#12,'Axis','Curve3D',(#9454));
#9456=IFCPRODUCTDEFINITIONSHAPE($,$,(#9455));
#9457=IFCCARTESIANPOINT((0.,0.,0.));
#9458=IFCAXIS2PLACEMENT3D(#9457,#8,#9);
#9459=IFCLOCALPLACEMENT(#35,#9458);
#9460=IFCBEAM('22he_Pybv10vqyakRrOsc1',$,'VS-345','IPE 160',$,#9459,#9456,'VS-345',$);
#9461=IFCRELASSOCIATESMATERIAL('3AoMG4KIH4ph1yEnW5aacO',$,$,$,(#9460),#40);
#9462=IFCCARTESIANPOINT((59300.,5500.,0.));
#9463=IFCCARTESIANPOINT((59300.,10170.,0.));
#9464=IFCPOLYLINE((#9462,#9463));
#9465=IFCSHAPEREPRESENTATION(#12,'Axis','Curve3D',(#9464));
#9466=IFCPRODUCTDEFINITIONSHAPE($,$,(#9465));
#9467=IFCCARTESIANPOINT((0.,0.,0.));
#9468=IFCAXIS2PLACEMENT3D(#9467,#8,#9);
#9469=IFCLOCALPLACEMENT(#35,#9468);
#9470=IFCBEAM('3ZFEXmruz1oxRtiueP09no',$,'VS-346','IPE 160',$,#9469,#9466,'VS-346',$);
#9471=IFCRELASSOCIATESMATERIAL('3PToGi$cT7Vecf$RkvzxaD',$,$,$,(#9470),#40);
#9472=IFCCARTESIANPOINT((59300.,10170.,0.));
#9473=IFCCARTESIANPOINT((59300.,14840.,0.));
#9474=IFCPOLYLINE((#9472,#9473));
#9475=IFCSHAPEREPRESENTATION(#12,'Axis','Curve3D',(#9474));
#9476=IFCPRODUCTDEFINITIONSHAPE($,$,(#9475));
#9477=IFCCARTESIANPOINT((0.,0.,0.));
#9478=IFCAXIS2PLACEMENT3D(#9477,#8,#9);
#9479=IFCLOCALPLACEMENT(#35,#9478);
#9480=IFCBEAM('1PdJrDmyHBnOnvh05ZMS2q',$,'VS-347','IPE 160',$,#9479,#9476,'VS-347',$);
#9481=IFCRELASSOCIATESMATERIAL('0zS1K6Ycz5uvTbyqXGbbWI',$,$,$,(#9480),#40);
#9482=IFCCARTESIANPOINT((59300.,14840.,0.));
#9483=IFCCARTESIANPOINT((59300.,19510.,0.));
#9484=IFCPOLYLINE((#9482,#9483));
#9485=IFCSHAPEREPRESENTATION(#12,'Axis','Curve3D',(#9484));
#9486=IFCPRODUCTDEFINITIONSHAPE($,$,(#9485));
#9487=IFCCARTESIANPOINT((0.,0.,0.));
#9488=IFCAXIS2PLACEMENT3D(#9487,#8,#9);
#9489=IFCLOCALPLACEMENT(#35,#9488);
#9490=IFCBEAM('3ith2ZfObAieahCOwV17N1',$,'VS-348','IPE 160',$,#9489,#9486,'VS-348',$);
#9491=IFCRELASSOCIATESMATERIAL('2f9m$RVHzCI8NFls9Uw5Tg',$,$,$,(#9490),#40);
#9492=IFCCARTESIANPOINT((60925.,5500.,0.));
#9493=IFCCARTESIANPOINT((60925.,10170.,0.));
#9494=IFCPOLYLINE((#9492,#9493));
#9495=IFCSHAPEREPRESENTATION(#12,'Axis','Curve3D',(#9494));
#9496=IFCPRODUCTDEFINITIONSHAPE($,$,(#9495));
#9497=IFCCARTESIANPOINT((0.,0.,0.));
#9498=IFCAXIS2PLACEMENT3D(#9497,#8,#9);
#9499=IFCLOCALPLACEMENT(#35,#9498);
#9500=IFCBEAM('3eQ4STCU1DNBWZhgFOMljT',$,'VS-349','IPE 160',$,#9499,#9496,'VS-349',$);
#9501=IFCRELASSOCIATESMATERIAL('2JJilhxpj3GvGbWCNCBmlL',$,$,$,(#9500),#40);
#9502=IFCCARTESIANPOINT((60925.,10170.,0.));
#9503=IFCCARTESIANPOINT((60925.,14840.,0.));
#9504=IFCPOLYLINE((#9502,#9503));
#9505=IFCSHAPEREPRESENTATION(#12,'Axis','Curve3D',(#9504));
#9506=IFCPRODUCTDEFINITIONSHAPE($,$,(#9505));
#9507=IFCCARTESIANPOINT((0.,0.,0.));
#9508=IFCAXIS2PLACEMENT3D(#9507,#8,#9);
#9509=IFCLOCALPLACEMENT(#35,#9508);
#9510=IFCBEAM('0qo5xMVoLCgBy8nRRBO6Po',$,'VS-350','IPE 160',$,#9509,#9506,'VS-350',$);
#9511=IFCRELASSOCIATESMATERIAL('3C_tstv0L8khrQQsEPaIh0',$,$,$,(#9510),#40);
#9512=IFCCARTESIANPOINT((60925.,14840.,0.));
#9513=IFCCARTESIANPOINT((60925.,19510.,0.));
#9514=IFCPOLYLINE((#9512,#9513));
#9515=IFCSHAPEREPRESENTATION(#12,'Axis','Curve3D',(#9514));
#9516=IFCPRODUCTDEFINITIONSHAPE($,$,(#9515));
#9517=IFCCARTESIANPOINT((0.,0.,0.));
#9518=IFCAXIS2PLACEMENT3D(#9517,#8,#9);
#9519=IFCLOCALPLACEMENT(#35,#9518);
#9520=IFCBEAM('1dj6N0WOXEdhpgpTEJXpha',$,'VS-351','IPE 160',$,#9519,#9516,'VS-351',$);
#9521=IFCRELASSOCIATESMATERIAL('1yQVlxCFb3fughhT7mI9pK',$,$,$,(#9520),#40);
#9522=IFCCARTESIANPOINT((63633.300000000003,5500.,0.));
#9523=IFCCARTESIANPOINT((63633.300000000003,10170.,0.));
#9524=IFCPOLYLINE((#9522,#9523));
#9525=IFCSHAPEREPRESENTATION(#12,'Axis','Curve3D',(#9524));
#9526=IFCPRODUCTDEFINITIONSHAPE($,$,(#9525));
#9527=IFCCARTESIANPOINT((0.,0.,0.));
#9528=IFCAXIS2PLACEMENT3D(#9527,#8,#9);
#9529=IFCLOCALPLACEMENT(#27,#9528);
#9530=IFCBEAM('2IRNJ7j756QvaYoEkzUBz$',$,'VS-352','IPE 240',$,#9529,#9526,'VS-352',$);
#9531=IFCRELASSOCIATESMATERIAL('26_mJRYG5929f1Z0RHZnMG',$,$,$,(#9530),#40);
#9532=IFCCARTESIANPOINT((63633.300000000003,10170.,0.));
#9533=IFCCARTESIANPOINT((63633.300000000003,14840.,0.));
#9534=IFCPOLYLINE((#9532,#9533));
#9535=IFCSHAPEREPRESENTATION(#12,'Axis','Curve3D',(#9534));
#9536=IFCPRODUCTDEFINITIONSHAPE($,$,(#9535));
#9537=IFCCARTESIANPOINT((0.,0.,0.));
#9538=IFCAXIS2PLACEMENT3D(#9537,#8,#9);
#9539=IFCLOCALPLACEMENT(#27,#9538);
#9540=IFCBEAM('3iJZaIuOD5bP2Q_yBOhc6v',$,'VS-353','IPE 240',$,#9539,#9536,'VS-353',$);
#9541=IFCRELASSOCIATESMATERIAL('3DNW9SqlzDMecNAFB8ZO6D',$,$,$,(#9540),#40);
#9542=IFCCARTESIANPOINT((63633.300000000003,14840.,0.));
#9543=IFCCARTESIANPOINT((63633.300000000003,19510.,0.));
#9544=IFCPOLYLINE((#9542,#9543));
#9545=IFCSHAPEREPRESENTATION(#12,'Axis','Curve3D',(#9544));
#9546=IFCPRODUCTDEFINITIONSHAPE($,$,(#9545));
#9547=IFCCARTESIANPOINT((0.,0.,0.));
#9548=IFCAXIS2PLACEMENT3D(#9547,#8,#9);
#9549=IFCLOCALPLACEMENT(#27,#9548);
#9550=IFCBEAM('36WE_7JlT1T9kahmv3ReQY',$,'VS-354','IPE 240',$,#9549,#9546,'VS-354',$);
#9551=IFCRELASSOCIATESMATERIAL('2yw00H$BnAug51Bz$s5nB2',$,$,$,(#9550),#40);
#9552=IFCCARTESIANPOINT((64716.699999999997,5500.,0.));
#9553=IFCCARTESIANPOINT((64716.699999999997,10170.,0.));
#9554=IFCPOLYLINE((#9552,#9553));
#9555=IFCSHAPEREPRESENTATION(#12,'Axis','Curve3D',(#9554));
#9556=IFCPRODUCTDEFINITIONSHAPE($,$,(#9555));
#9557=IFCCARTESIANPOINT((0.,0.,0.));
#9558=IFCAXIS2PLACEMENT3D(#9557,#8,#9);
#9559=IFCLOCALPLACEMENT(#27,#9558);
#9560=IFCBEAM('0Mcdtxq0T6v8h_grA$xLL8',$,'VS-355','IPE 200',$,#9559,#9556,'VS-355',$);
#9561=IFCRELASSOCIATESMATERIAL('1uUC2imPr6yvOQRS7nQCiQ',$,$,$,(#9560),#40);
#9562=IFCCARTESIANPOINT((64716.699999999997,10170.,0.));
#9563=IFCCARTESIANPOINT((64716.699999999997,14840.,0.));
#9564=IFCPOLYLINE((#9562,#9563));
#9565=IFCSHAPEREPRESENTATION(#12,'Axis','Curve3D',(#9564));
#9566=IFCPRODUCTDEFINITIONSHAPE($,$,(#9565));
#9567=IFCCARTESIANPOINT((0.,0.,0.));
#9568=IFCAXIS2PLACEMENT3D(#9567,#8,#9);
#9569=IFCLOCALPLACEMENT(#27,#9568);
#9570=IFCBEAM('04JuLpMFH5MAVDFDwabx$U',$,'VS-356','IPE 200',$,#9569,#9566,'VS-356',$);
#9571=IFCRELASSOCIATESMATERIAL('3nwBImNADEYvpPHju$2dyK',$,$,$,(#9570),#40);
#9572=IFCCARTESIANPOINT((64716.699999999997,14840.,0.));
#9573=IFCCARTESIANPOINT((64716.699999999997,19510.,0.));
#9574=IFCPOLYLINE((#9572,#9573));
#9575=IFCSHAPEREPRESENTATION(#12,'Axis','Curve3D',(#9574));
#9576=IFCPRODUCTDEFINITIONSHAPE($,$,(#9575));
#9577=IFCCARTESIANPOINT((0.,0.,0.));
#9578=IFCAXIS2PLACEMENT3D(#9577,#8,#9);
#9579=IFCLOCALPLACEMENT(#27,#9578);
#9580=IFCBEAM('0mO3$LzID8yQjaY_b8bjg2',$,'VS-357','IPE 200',$,#9579,#9576,'VS-357',$);
#9581=IFCRELASSOCIATESMATERIAL('3qIP7F1jnFEOe5KxOByopm',$,$,$,(#9580),#40);
#9582=IFCCARTESIANPOINT((65800.,5500.,0.));
#9583=IFCCARTESIANPOINT((65800.,10170.,0.));
#9584=IFCPOLYLINE((#9582,#9583));
#9585=IFCSHAPEREPRESENTATION(#12,'Axis','Curve3D',(#9584));
#9586=IFCPRODUCTDEFINITIONSHAPE($,$,(#9585));
#9587=IFCCARTESIANPOINT((0.,0.,0.));
#9588=IFCAXIS2PLACEMENT3D(#9587,#8,#9);
#9589=IFCLOCALPLACEMENT(#27,#9588);
#9590=IFCBEAM('1rhyD8o6TAXuiULGo3ou1Z',$,'VS-358','IPE 200',$,#9589,#9586,'VS-358',$);
#9591=IFCRELASSOCIATESMATERIAL('3jKgQ1ZWfAjeDm$6krDmrE',$,$,$,(#9590),#40);
#9592=IFCCARTESIANPOINT((65800.,10170.,0.));
#9593=IFCCARTESIANPOINT((65800.,14840.,0.));
#9594=IFCPOLYLINE((#9592,#9593));
#9595=IFCSHAPEREPRESENTATION(#12,'Axis','Curve3D',(#9594));
#9596=IFCPRODUCTDEFINITIONSHAPE($,$,(#9595));
#9597=IFCCARTESIANPOINT((0.,0.,0.));
#9598=IFCAXIS2PLACEMENT3D(#9597,#8,#9);
#9599=IFCLOCALPLACEMENT(#27,#9598);
#9600=IFCBEAM('0D6okeeWDELQtwMmiFx7Fx',$,'VS-359','IPE 200',$,#9599,#9596,'VS-359',$);
#9601=IFCRELASSOCIATESMATERIAL('0S3Azt4JTCDOVTLlEJebGI',$,$,$,(#9600),#40);
#9602=IFCCARTESIANPOINT((65800.,14840.,0.));
#9603=IFCCARTESIANPOINT((65800.,19510.,0.));
#9604=IFCPOLYLINE((#9602,#9603));
#9605=IFCSHAPEREPRESENTATION(#12,'Axis','Curve3D',(#9604));
#9606=IFCPRODUCTDEFINITIONSHAPE($,$,(#9605));
#9607=IFCCARTESIANPOINT((0.,0.,0.));
#9608=IFCAXIS2PLACEMENT3D(#9607,#8,#9);
#9609=IFCLOCALPLACEMENT(#27,#9608);
#9610=IFCBEAM('3OCmgDPm118wxISvaNKcBY',$,'VS-360','IPE 200',$,#9609,#9606,'VS-360',$);
#9611=IFCRELASSOCIATESMATERIAL('0JjdyHjCX5SOefYnK3_Nsz',$,$,$,(#9610),#40);
#9612=IFCCARTESIANPOINT((66883.300000000003,5500.,0.));
#9613=IFCCARTESIANPOINT((66883.300000000003,10170.,0.));
#9614=IFCPOLYLINE((#9612,#9613));
#9615=IFCSHAPEREPRESENTATION(#12,'Axis','Curve3D',(#9614));
#9616=IFCPRODUCTDEFINITIONSHAPE($,$,(#9615));
#9617=IFCCARTESIANPOINT((0.,0.,0.));
#9618=IFCAXIS2PLACEMENT3D(#9617,#8,#9);
#9619=IFCLOCALPLACEMENT(#27,#9618);
#9620=IFCBEAM('2IlGLPwOHCchdyrsIG8s04',$,'VS-361','IPE 200',$,#9619,#9616,'VS-361',$);
#9621=IFCRELASSOCIATESMATERIAL('2vDBdwAgT5x98y0oZ739BU',$,$,$,(#9620),#40);
#9622=IFCCARTESIANPOINT((66883.300000000003,10170.,0.));
#9623=IFCCARTESIANPOINT((66883.300000000003,14840.,0.));
#9624=IFCPOLYLINE((#9622,#9623));
#9625=IFCSHAPEREPRESENTATION(#12,'Axis','Curve3D',(#9624));
#9626=IFCPRODUCTDEFINITIONSHAPE($,$,(#9625));
#9627=IFCCARTESIANPOINT((0.,0.,0.));
#9628=IFCAXIS2PLACEMENT3D(#9627,#8,#9);
#9629=IFCLOCALPLACEMENT(#27,#9628);
#9630=IFCBEAM('3DTsIMWCD3qR0Pep4yt4BH',$,'VS-362','IPE 200',$,#9629,#9626,'VS-362',$);
#9631=IFCRELASSOCIATESMATERIAL('1Dk8jW7EDEewuRjhbeVA8I',$,$,$,(#9630),#40);
#9632=IFCCARTESIANPOINT((66883.300000000003,14840.,0.));
#9633=IFCCARTESIANPOINT((66883.300000000003,19510.,0.));
#9634=IFCPOLYLINE((#9632,#9633));
#9635=IFCSHAPEREPRESENTATION(#12,'Axis','Curve3D',(#9634));
#9636=IFCPRODUCTDEFINITIONSHAPE($,$,(#9635));
#9637=IFCCARTESIANPOINT((0.,0.,0.));
#9638=IFCAXIS2PLACEMENT3D(#9637,#8,#9);
#9639=IFCLOCALPLACEMENT(#27,#9638);
#9640=IFCBEAM('147V7FpGP0m8VWd7USLWqk',$,'VS-363','IPE 200',$,#9639,#9636,'VS-363',$);
#9641=IFCRELASSOCIATESMATERIAL('2JJs7n6e5DkQkH79EOpc7z',$,$,$,(#9640),#40);
#9642=IFCCARTESIANPOINT((67966.699999999997,5500.,0.));
#9643=IFCCARTESIANPOINT((67966.699999999997,10170.,0.));
#9644=IFCPOLYLINE((#9642,#9643));
#9645=IFCSHAPEREPRESENTATION(#12,'Axis','Curve3D',(#9644));
#9646=IFCPRODUCTDEFINITIONSHAPE($,$,(#9645));
#9647=IFCCARTESIANPOINT((0.,0.,0.));
#9648=IFCAXIS2PLACEMENT3D(#9647,#8,#9);
#9649=IFCLOCALPLACEMENT(#27,#9648);
#9650=IFCBEAM('2D2l4Or3r2RB9hbP$VLwid',$,'VS-364','IPE 240',$,#9649,#9646,'VS-364',$);
#9651=IFCRELASSOCIATESMATERIAL('0xahMrl1T8GBYWdfDWA$iv',$,$,$,(#9650),#40);
#9652=IFCCARTESIANPOINT((67966.699999999997,10170.,0.));
#9653=IFCCARTESIANPOINT((67966.699999999997,14840.,0.));
#9654=IFCPOLYLINE((#9652,#9653));
#9655=IFCSHAPEREPRESENTATION(#12,'Axis','Curve3D',(#9654));
#9656=IFCPRODUCTDEFINITIONSHAPE($,$,(#9655));
#9657=IFCCARTESIANPOINT((0.,0.,0.));
#9658=IFCAXIS2PLACEMENT3D(#9657,#8,#9);
#9659=IFCLOCALPLACEMENT(#27,#9658);
#9660=IFCBEAM('1ycPWR0AnFk8Tju8yJegP1',$,'VS-365','IPE 240',$,#9659,#9656,'VS-365',$);
#9661=IFCRELASSOCIATESMATERIAL('1UFiGyR7n8UhRj3wvgP7az',$,$,$,(#9660),#40);
#9662=IFCCARTESIANPOINT((67966.699999999997,14840.,0.));
#9663=IFCCARTESIANPOINT((67966.699999999997,19510.,0.));
#9664=IFCPOLYLINE((#9662,#9663));
#9665=IFCSHAPEREPRESENTATION(#12,'Axis','Curve3D',(#9664));
#9666=IFCPRODUCTDEFINITIONSHAPE($,$,(#9665));
#9667=IFCCARTESIANPOINT((0.,0.,0.));
#9668=IFCAXIS2PLACEMENT3D(#9667,#8,#9);
#9669=IFCLOCALPLACEMENT(#27,#9668);
#9670=IFCBEAM('3774I8FpX28O3cNxUd5GaW',$,'VS-366','IPE 240',$,#9669,#9666,'VS-366',$);
#9671=IFCRELASSOCIATESMATERIAL('1GanKGLUv0QvaJ93BMl3MD',$,$,$,(#9670),#40);
#9672=IFCCARTESIANPOINT((63633.300000000003,5500.,0.));
#9673=IFCCARTESIANPOINT((63633.300000000003,10170.,0.));
#9674=IFCPOLYLINE((#9672,#9673));
#9675=IFCSHAPEREPRESENTATION(#12,'Axis','Curve3D',(#9674));
#9676=IFCPRODUCTDEFINITIONSHAPE($,$,(#9675));
#9677=IFCCARTESIANPOINT((0.,0.,0.));
#9678=IFCAXIS2PLACEMENT3D(#9677,#8,#9);
#9679=IFCLOCALPLACEMENT(#31,#9678);
#9680=IFCBEAM('0Hq6Z2jyr1TPquORx9NzWd',$,'VS-367','IPE 240',$,#9679,#9676,'VS-367',$);
#9681=IFCRELASSOCIATESMATERIAL('3rY3BcpoPEgx3Xgl2wb4KY',$,$,$,(#9680),#40);
#9682=IFCCARTESIANPOINT((63633.300000000003,10170.,0.));
#9683=IFCCARTESIANPOINT((63633.300000000003,14840.,0.));
#9684=IFCPOLYLINE((#9682,#9683));
#9685=IFCSHAPEREPRESENTATION(#12,'Axis','Curve3D',(#9684));
#9686=IFCPRODUCTDEFINITIONSHAPE($,$,(#9685));
#9687=IFCCARTESIANPOINT((0.,0.,0.));
#9688=IFCAXIS2PLACEMENT3D(#9687,#8,#9);
#9689=IFCLOCALPLACEMENT(#31,#9688);
#9690=IFCBEAM('0EaHaswGLC9BP45niAZVaZ',$,'VS-368','IPE 240',$,#9689,#9686,'VS-368',$);
#9691=IFCRELASSOCIATESMATERIAL('3pzgYraCn9jfzAVk_gT41c',$,$,$,(#9690),#40);
#9692=IFCCARTESIANPOINT((63633.300000000003,14840.,0.));
#9693=IFCCARTESIANPOINT((63633.300000000003,19510.,0.));
#9694=IFCPOLYLINE((#9692,#9693));
#9695=IFCSHAPEREPRESENTATION(#12,'Axis','Curve3D',(#9694));
#9696=IFCPRODUCTDEFINITIONSHAPE($,$,(#9695));
#9697=IFCCARTESIANPOINT((0.,0.,0.));
#9698=IFCAXIS2PLACEMENT3D(#9697,#8,#9);
#9699=IFCLOCALPLACEMENT(#31,#9698);
#9700=IFCBEAM('0Lm4wrIUf2kg6jhX6BhCu4',$,'VS-369','IPE 240',$,#9699,#9696,'VS-369',$);
#9701=IFCRELASSOCIATESMATERIAL('1SIgA1FH91DvFvelfFWfYj',$,$,$,(#9700),#40);
#9702=IFCCARTESIANPOINT((64716.699999999997,5500.,0.));
#9703=IFCCARTESIANPOINT((64716.699999999997,10170.,0.));
#9704=IFCPOLYLINE((#9702,#9703));
#9705=IFCSHAPEREPRESENTATION(#12,'Axis','Curve3D',(#9704));
#9706=IFCPRODUCTDEFINITIONSHAPE($,$,(#9705));
#9707=IFCCARTESIANPOINT((0.,0.,0.));
#9708=IFCAXIS2PLACEMENT3D(#9707,#8,#9);
#9709=IFCLOCALPLACEMENT(#31,#9708);
#9710=IFCBEAM('3oIaHx9r5ArxOx4$T3ttuk',$,'VS-370','IPE 200',$,#9709,#9706,'VS-370',$);
#9711=IFCRELASSOCIATESMATERIAL('3T3LONoLX4jeEEA8PzJVPo',$,$,$,(#9710),#40);
#9712=IFCCARTESIANPOINT((64716.699999999997,10170.,0.));
#9713=IFCCARTESIANPOINT((64716.699999999997,14840.,0.));
#9714=IFCPOLYLINE((#9712,#9713));
#9715=IFCSHAPEREPRESENTATION(#12,'Axis','Curve3D',(#9714));
#9716=IFCPRODUCTDEFINITIONSHAPE($,$,(#9715));
#9717=IFCCARTESIANPOINT((0.,0.,0.));
#9718=IFCAXIS2PLACEMENT3D(#9717,#8,#9);
#9719=IFCLOCALPLACEMENT(#31,#9718);
#9720=IFCBEAM('1Gp6TG8ZD7aubsEXqyGw64',$,'VS-371','IPE 200',$,#9719,#9716,'VS-371',$);
#9721=IFCRELASSOCIATESMATERIAL('1Hlmb2wgv6fg2RgSfkRqZW',$,$,$,(#9720),#40);
#9722=IFCCARTESIANPOINT((64716.699999999997,14840.,0.));
#9723=IFCCARTESIANPOINT((64716.699999999997,19510.,0.));
#9724=IFCPOLYLINE((#9722,#9723));
#9725=IFCSHAPEREPRESENTATION(#12,'Axis','Curve3D',(#9724));
#9726=IFCPRODUCTDEFINITIONSHAPE($,$,(#9725));
#9727=IFCCARTESIANPOINT((0.,0.,0.));
#9728=IFCAXIS2PLACEMENT3D(#9727,#8,#9);
#9729=IFCLOCALPLACEMENT(#31,#9728);
#9730=IFCBEAM('074s1$fLH7hO6$YsCB8LGT',$,'VS-372','IPE 200',$,#9729,#9726,'VS-372',$);
#9731=IFCRELASSOCIATESMATERIAL('1y0Uzi8XfBLgBHF1Z6oBHn',$,$,$,(#9730),#40);
#9732=IFCCARTESIANPOINT((65800.,5500.,0.));
#9733=IFCCARTESIANPOINT((65800.,10170.,0.));
#9734=IFCPOLYLINE((#9732,#9733));
#9735=IFCSHAPEREPRESENTATION(#12,'Axis','Curve3D',(#9734));
#9736=IFCPRODUCTDEFINITIONSHAPE($,$,(#9735));
#9737=IFCCARTESIANPOINT((0.,0.,0.));
#9738=IFCAXIS2PLACEMENT3D(#9737,#8,#9);
#9739=IFCLOCALPLACEMENT(#31,#9738);
#9740=IFCBEAM('3zs5yVeMf90xnA4UXFLFge',$,'VS-373','IPE 200',$,#9739,#9736,'VS-373',$);
#9741=IFCRELASSOCIATESMATERIAL('2S5On3bxLDav2ASa_mEHsJ',$,$,$,(#9740),#40);
#9742=IFCCARTESIANPOINT((65800.,10170.,0.));
#9743=IFCCARTESIANPOINT((65800.,14840.,0.));
#9744=IFCPOLYLINE((#9742,#9743));
#9745=IFCSHAPEREPRESENTATION(#12,'Axis','Curve3D',(#9744));
#9746=IFCPRODUCTDEFINITIONSHAPE($,$,(#9745));
#9747=IFCCARTESIANPOINT((0.,0.,0.));
#9748=IFCAXIS2PLACEMENT3D(#9747,#8,#9);
#9749=IFCLOCALPLACEMENT(#31,#9748);
#9750=IFCBEAM('1o9qvhmX9AIAcKKVJGOxcI',$,'VS-374','IPE 200',$,#9749,#9746,'VS-374',$);
#9751=IFCRELASSOCIATESMATERIAL('2dO4UkOyjFhBwrQ$aW6t3_',$,$,$,(#9750),#40);
#9752=IFCCARTESIANPOINT((65800.,14840.,0.));
#9753=IFCCARTESIANPOINT((65800.,19510.,0.));
#9754=IFCPOLYLINE((#9752,#9753));
#9755=IFCSHAPEREPRESENTATION(#12,'Axis','Curve3D',(#9754));
#9756=IFCPRODUCTDEFINITIONSHAPE($,$,(#9755));
#9757=IFCCARTESIANPOINT((0.,0.,0.));
#9758=IFCAXIS2PLACEMENT3D(#9757,#8,#9);
#9759=IFCLOCALPLACEMENT(#31,#9758);
#9760=IFCBEAM('3OyuJh0pnDFfXLQe82UFRs',$,'VS-375','IPE 200',$,#9759,#9756,'VS-375',$);
#9761=IFCRELASSOCIATESMATERIAL('3hVC9yZ_vBuxw1i7SQxJ_M',$,$,$,(#9760),#40);
#9762=IFCCARTESIANPOINT((66883.300000000003,5500.,0.));
#9763=IFCCARTESIANPOINT((66883.300000000003,10170.,0.));
#9764=IFCPOLYLINE((#9762,#9763));
#9765=IFCSHAPEREPRESENTATION(#12,'Axis','Curve3D',(#9764));
#9766=IFCPRODUCTDEFINITIONSHAPE($,$,(#9765));
#9767=IFCCARTESIANPOINT((0.,0.,0.));
#9768=IFCAXIS2PLACEMENT3D(#9767,#8,#9);
#9769=IFCLOCALPLACEMENT(#31,#9768);
#9770=IFCBEAM('3ZTzkzBGL42AZqzWE4DrmR',$,'VS-376','IPE 200',$,#9769,#9766,'VS-376',$);
#9771=IFCRELASSOCIATESMATERIAL('0zYH7t0yfCRej5qwuuqIe$',$,$,$,(#9770),#40);
#9772=IFCCARTESIANPOINT((66883.300000000003,10170.,0.));
#9773=IFCCARTESIANPOINT((66883.300000000003,14840.,0.));
#9774=IFCPOLYLINE((#9772,#9773));
#9775=IFCSHAPEREPRESENTATION(#12,'Axis','Curve3D',(#9774));
#9776=IFCPRODUCTDEFINITIONSHAPE($,$,(#9775));
#9777=IFCCARTESIANPOINT((0.,0.,0.));
#9778=IFCAXIS2PLACEMENT3D(#9777,#8,#9);
#9779=IFCLOCALPLACEMENT(#31,#9778);
#9780=IFCBEAM('1V4T88dBPDux94VHlXMhMW',$,'VS-377','IPE 200',$,#9779,#9776,'VS-377',$);
#9781=IFCRELASSOCIATESMATERIAL('1D7fq$BT52XAOJYt0w3gG1',$,$,$,(#9780),#40);
#9782=IFCCARTESIANPOINT((66883.300000000003,14840.,0.));
#9783=IFCCARTESIANPOINT((66883.300000000003,19510.,0.));
#9784=IFCPOLYLINE((#9782,#9783));
#9785=IFCSHAPEREPRESENTATION(#12,'Axis','Curve3D',(#9784));
#9786=IFCPRODUCTDEFINITIONSHAPE($,$,(#9785));
#9787=IFCCARTESIANPOINT((0.,0.,0.));
#9788=IFCAXIS2PLACEMENT3D(#9787,#8,#9);
#9789=IFCLOCALPLACEMENT(#31,#9788);
#9790=IFCBEAM('3jH8f6ZG950ATzC6HjnDn7',$,'VS-378','IPE 200',$,#9789,#9786,'VS-378',$);
#9791=IFCRELASSOCIATESMATERIAL('0n2PpdvSfCoup3W$Xy3FKR',$,$,$,(#9790),#40);
#9792=IFCCARTESIANPOINT((67966.699999999997,5500.,0.));
#9793=IFCCARTESIANPOINT((67966.699999999997,10170.,0.));
#9794=IFCPOLYLINE((#9792,#9793));
#9795=IFCSHAPEREPRESENTATION(#12,'Axis','Curve3D',(#9794));
#9796=IFCPRODUCTDEFINITIONSHAPE($,$,(#9795));
#9797=IFCCARTESIANPOINT((0.,0.,0.));
#9798=IFCAXIS2PLACEMENT3D(#9797,#8,#9);
#9799=IFCLOCALPLACEMENT(#31,#9798);
#9800=IFCBEAM('0lI3cNreH8b8vvIkWl7kpM',$,'VS-379','IPE 240',$,#9799,#9796,'VS-379',$);
#9801=IFCRELASSOCIATESMATERIAL('0L7hTO8UbD0eJXheHVlLzq',$,$,$,(#9800),#40);
#9802=IFCCARTESIANPOINT((67966.699999999997,10170.,0.));
#9803=IFCCARTESIANPOINT((67966.699999999997,14840.,0.));
#9804=IFCPOLYLINE((#9802,#9803));
#9805=IFCSHAPEREPRESENTATION(#12,'Axis','Curve3D',(#9804));
#9806=IFCPRODUCTDEFINITIONSHAPE($,$,(#9805));
#9807=IFCCARTESIANPOINT((0.,0.,0.));
#9808=IFCAXIS2PLACEMENT3D(#9807,#8,#9);
#9809=IFCLOCALPLACEMENT(#31,#9808);
#9810=IFCBEAM('12pZ$wQi56Vx9D9LrubUMH',$,'VS-380','IPE 240',$,#9809,#9806,'VS-380',$);
#9811=IFCRELASSOCIATESMATERIAL('0iPQPXy3LDQxPOsRGo4Uf0',$,$,$,(#9810),#40);
#9812=IFCCARTESIANPOINT((67966.699999999997,14840.,0.));
#9813=IFCCARTESIANPOINT((67966.699999999997,19510.,0.));
#9814=IFCPOLYLINE((#9812,#9813));
#9815=IFCSHAPEREPRESENTATION(#12,'Axis','Curve3D',(#9814));
#9816=IFCPRODUCTDEFINITIONSHAPE($,$,(#9815));
#9817=IFCCARTESIANPOINT((0.,0.,0.));
#9818=IFCAXIS2PLACEMENT3D(#9817,#8,#9);
#9819=IFCLOCALPLACEMENT(#31,#9818);
#9820=IFCBEAM('2E_gVZfG52hwjJ_OpZZoxd',$,'VS-381','IPE 240',$,#9819,#9816,'VS-381',$);
#9821=IFCRELASSOCIATESMATERIAL('1Yxs_GMpLDvuJAC6Yeyb95',$,$,$,(#9820),#40);
#9822=IFCCARTESIANPOINT((64175.,5500.,0.));
#9823=IFCCARTESIANPOINT((64175.,10170.,0.));
#9824=IFCPOLYLINE((#9822,#9823));
#9825=IFCSHAPEREPRESENTATION(#12,'Axis','Curve3D',(#9824));
#9826=IFCPRODUCTDEFINITIONSHAPE($,$,(#9825));
#9827=IFCCARTESIANPOINT((0.,0.,0.));
#9828=IFCAXIS2PLACEMENT3D(#9827,#8,#9);
#9829=IFCLOCALPLACEMENT(#35,#9828);
#9830=IFCBEAM('1vCE$aHwL3dAngn6ncRrrh',$,'VS-382','IPE 160',$,#9829,#9826,'VS-382',$);
#9831=IFCRELASSOCIATESMATERIAL('1mq_tFSuL3Awty9uDKm_3n',$,$,$,(#9830),#40);
#9832=IFCCARTESIANPOINT((64175.,10170.,0.));
#9833=IFCCARTESIANPOINT((64175.,14840.,0.));
#9834=IFCPOLYLINE((#9832,#9833));
#9835=IFCSHAPEREPRESENTATION(#12,'Axis','Curve3D',(#9834));
#9836=IFCPRODUCTDEFINITIONSHAPE($,$,(#9835));
#9837=IFCCARTESIANPOINT((0.,0.,0.));
#9838=IFCAXIS2PLACEMENT3D(#9837,#8,#9);
#9839=IFCLOCALPLACEMENT(#35,#9838);
#9840=IFCBEAM('1i9y1iL8D1YhZHrIXPxqUH',$,'VS-383','IPE 160',$,#9839,#9836,'VS-383',$);
#9841=IFCRELASSOCIATESMATERIAL('2OBgo_v2j7qOVrOGIaTGqk',$,$,$,(#9840),#40);
#9842=IFCCARTESIANPOINT((64175.,14840.,0.));
#9843=IFCCARTESIANPOINT((64175.,19510.,0.));
#9844=IFCPOLYLINE((#9842,#9843));
#9845=IFCSHAPEREPRESENTATION(#12,'Axis','Curve3D',(#9844));
#9846=IFCPRODUCTDEFINITIONSHAPE($,$,(#9845));
#9847=IFCCARTESIANPOINT((0.,0.,0.));
#9848=IFCAXIS2PLACEMENT3D(#9847,#8,#9);
#9849=IFCLOCALPLACEMENT(#35,#9848);
#9850=IFCBEAM('0mEFck1GDF$fZMhnewi1Eg',$,'VS-384','IPE 160',$,#9849,#9846,'VS-384',$);
#9851=IFCRELASSOCIATESMATERIAL('3_ZmE9QcD88eRruxew2k4m',$,$,$,(#9850),#40);
#9852=IFCCARTESIANPOINT((65800.,5500.,0.));
#9853=IFCCARTESIANPOINT((65800.,10170.,0.));
#9854=IFCPOLYLINE((#9852,#9853));
#9855=IFCSHAPEREPRESENTATION(#12,'Axis','Curve3D',(#9854));
#9856=IFCPRODUCTDEFINITIONSHAPE($,$,(#9855));
#9857=IFCCARTESIANPOINT((0.,0.,0.));
#9858=IFCAXIS2PLACEMENT3D(#9857,#8,#9);
#9859=IFCLOCALPLACEMENT(#35,#9858);
#9860=IFCBEAM('3E7b0Ncsr2vfRI5uIkWMSG',$,'VS-385','IPE 160',$,#9859,#9856,'VS-385',$);
#9861=IFCRELASSOCIATESMATERIAL('135MmVMMH6y9RhHjKJO9ve',$,$,$,(#9860),#40);
#9862=IFCCARTESIANPOINT((65800.,10170.,0.));
#9863=IFCCARTESIANPOINT((65800.,14840.,0.));
#9864=IFCPOLYLINE((#9862,#9863));
#9865=IFCSHAPEREPRESENTATION(#12,'Axis','Curve3D',(#9864));
#9866=IFCPRODUCTDEFINITIONSHAPE($,$,(#9865));
#9867=IFCCARTESIANPOINT((0.,0.,0.));
#9868=IFCAXIS2PLACEMENT3D(#9867,#8,#9);
#9869=IFCLOCALPLACEMENT(#35,#9868);
#9870=IFCBEAM('0KBDG0Vif41xJ$Wqkw8zJK',$,'VS-386','IPE 160',$,#9869,#9866,'VS-386',$);
#9871=IFCRELASSOCIATESMATERIAL('1ieDVosMzAUP7tTDrpUIC7',$,$,$,(#9870),#40);
#9872=IFCCARTESIANPOINT((65800.,14840.,0.));
#9873=IFCCARTESIANPOINT((65800.,19510.,0.));
#9874=IFCPOLYLINE((#9872,#9873));
#9875=IFCSHAPEREPRESENTATION(#12,'Axis','Curve3D',(#9874));
#9876=IFCPRODUCTDEFINITIONSHAPE($,$,(#9875));
#9877=IFCCARTESIANPOINT((0.,0.,0.));
#9878=IFCAXIS2PLACEMENT3D(#9877,#8,#9);
#9879=IFCLOCALPLACEMENT(#35,#9878);
#9880=IFCBEAM('3Cfn$IHPf9lQT5j4bvX91S',$,'VS-387','IPE 160',$,#9879,#9876,'VS-387',$);
#9881=IFCRELASSOCIATESMATERIAL('1S488DhnX6ZgvOpx98gi$f',$,$,$,(#9880),#40);
#9882=IFCCARTESIANPOINT((67425.,5500.,0.));
#9883=IFCCARTESIANPOINT((67425.,10170.,0.));
#9884=IFCPOLYLINE((#9882,#9883));
#9885=IFCSHAPEREPRESENTATION(#12,'Axis','Curve3D',(#9884));
#9886=IFCPRODUCTDEFINITIONSHAPE($,$,(#9885));
#9887=IFCCARTESIANPOINT((0.,0.,0.));
#9888=IFCAXIS2PLACEMENT3D(#9887,#8,#9);
#9889=IFCLOCALPLACEMENT(#35,#9888);
#9890=IFCBEAM('3$GZiB6QHE9h0W02RoGCH$',$,'VS-388','IPE 160',$,#9889,#9886,'VS-388',$);
#9891=IFCRELASSOCIATESMATERIAL('3ge$8v1qf3rOi$susCmQJf',$,$,$,(#9890),#40);
#9892=IFCCARTESIANPOINT((67425.,10170.,0.));
#9893=IFCCARTESIANPOINT((67425.,14840.,0.));
#9894=IFCPOLYLINE((#9892,#9893));
#9895=IFCSHAPEREPRESENTATION(#12,'Axis','Curve3D',(#9894));
#9896=IFCPRODUCTDEFINITIONSHAPE($,$,(#9895));
#9897=IFCCARTESIANPOINT((0.,0.,0.));
#9898=IFCAXIS2PLACEMENT3D(#9897,#8,#9);
#9899=IFCLOCALPLACEMENT(#35,#9898);
#9900=IFCBEAM('3tciidZ9f5$ebbhbJk2K57',$,'VS-389','IPE 160',$,#9899,#9896,'VS-389',$);
#9901=IFCRELASSOCIATESMATERIAL('2$7zDHgb599w6OuITwhbGz',$,$,$,(#9900),#40);
#9902=IFCCARTESIANPOINT((67425.,14840.,0.));
#9903=IFCCARTESIANPOINT((67425.,19510.,0.));
#9904=IFCPOLYLINE((#9902,#9903));
#9905=IFCSHAPEREPRESENTATION(#12,'Axis','Curve3D',(#9904));
#9906=IFCPRODUCTDEFINITIONSHAPE($,$,(#9905));
#9907=IFCCARTESIANPOINT((0.,0.,0.));
#9908=IFCAXIS2PLACEMENT3D(#9907,#8,#9);
#9909=IFCLOCALPLACEMENT(#35,#9908);
#9910=IFCBEAM('3IkZo9Nfr8APyE1Fo7L7IN',$,'VS-390','IPE 160',$,#9909,#9906,'VS-390',$);
#9911=IFCRELASSOCIATESMATERIAL('2BSoDS3An1sxV4GaE708W5',$,$,$,(#9910),#40);
#9912=IFCCARTESIANPOINT((70133.300000000003,5500.,0.));
#9913=IFCCARTESIANPOINT((70133.300000000003,10170.,0.));
#9914=IFCPOLYLINE((#9912,#9913));
#9915=IFCSHAPEREPRESENTATION(#12,'Axis','Curve3D',(#9914));
#9916=IFCPRODUCTDEFINITIONSHAPE($,$,(#9915));
#9917=IFCCARTESIANPOINT((0.,0.,0.));
#9918=IFCAXIS2PLACEMENT3D(#9917,#8,#9);
#9919=IFCLOCALPLACEMENT(#27,#9918);
#9920=IFCBEAM('1$imnpalH61u3BVDh090Mi',$,'VS-391','IPE 240',$,#9919,#9916,'VS-391',$);
#9921=IFCRELASSOCIATESMATERIAL('1C4R$Kun51BANKwMgzWJ1v',$,$,$,(#9920),#40);
#9922=IFCCARTESIANPOINT((70133.300000000003,10170.,0.));
#9923=IFCCARTESIANPOINT((70133.300000000003,14840.,0.));
#9924=IFCPOLYLINE((#9922,#9923));
#9925=IFCSHAPEREPRESENTATION(#12,'Axis','Curve3D',(#9924));
#9926=IFCPRODUCTDEFINITIONSHAPE($,$,(#9925));
#9927=IFCCARTESIANPOINT((0.,0.,0.));
#9928=IFCAXIS2PLACEMENT3D(#9927,#8,#9);
#9929=IFCLOCALPLACEMENT(#27,#9928);
#9930=IFCBEAM('0BeJf9cS59jhgd4RzL_J88',$,'VS-392','IPE 240',$,#9929,#9926,'VS-392',$);
#9931=IFCRELASSOCIATESMATERIAL('0uMKogaIHBihrVao_S9mTi',$,$,$,(#9930),#40);
#9932=IFCCARTESIANPOINT((70133.300000000003,14840.,0.));
#9933=IFCCARTESIANPOINT((70133.300000000003,19510.,0.));
#9934=IFCPOLYLINE((#9932,#9933));
#9935=IFCSHAPEREPRESENTATION(#12,'Axis','Curve3D',(#9934));
#9936=IFCPRODUCTDEFINITIONSHAPE($,$,(#9935));
#9937=IFCCARTESIANPOINT((0.,0.,0.));
#9938=IFCAXIS2PLACEMENT3D(#9937,#8,#9);
#9939=IFCLOCALPLACEMENT(#27,#9938);
#9940=IFCBEAM('2HYTUzxzXDuf4aMb1XTsp8',$,'VS-393','IPE 240',$,#9939,#9936,'VS-393',$);
#9941=IFCRELASSOCIATESMATERIAL('3hvH01J3D67A0quqyEie6q',$,$,$,(#9940),#40);
#9942=IFCCARTESIANPOINT((71216.699999999997,5500.,0.));
#9943=IFCCARTESIANPOINT((71216.699999999997,10170.,0.));
#9944=IFCPOLYLINE((#9942,#9943));
#9945=IFCSHAPEREPRESENTATION(#12,'Axis','Curve3D',(#9944));
#9946=IFCPRODUCTDEFINITIONSHAPE($,$,(#9945));
#9947=IFCCARTESIANPOINT((0.,0.,0.));
#9948=IFCAXIS2PLACEMENT3D(#9947,#8,#9);
#9949=IFCLOCALPLACEMENT(#27,#9948);
#9950=IFCBEAM('0vvaAwDHHBeA0AZx6UN2Nd',$,'VS-394','IPE 200',$,#9949,#9946,'VS-394',$);
#9951=IFCRELASSOCIATESMATERIAL('3ytUTKppfE_PKYmebg8PEC',$,$,$,(#9950),#40);
#9952=IFCCARTESIANPOINT((71216.699999999997,10170.,0.));
#9953=IFCCARTESIANPOINT((71216.699999999997,14840.,0.));
#9954=IFCPOLYLINE((#9952,#9953));
#9955=IFCSHAPEREPRESENTATION(#12,'Axis','Curve3D',(#9954));
#9956=IFCPRODUCTDEFINITIONSHAPE($,$,(#9955));
#9957=IFCCARTESIANPOINT((0.,0.,0.));
#9958=IFCAXIS2PLACEMENT3D(#9957,#8,#9);
#9959=IFCLOCALPLACEMENT(#27,#9958);
#9960=IFCBEAM('3jtgt9KPDBZey_ugBWz2T7',$,'VS-395','IPE 200',$,#9959,#9956,'VS-395',$);
#9961=IFCRELASSOCIATESMATERIAL('3F2B68plnCbBaoUcL0dOTD',$,$,$,(#9960),#40);
#9962=IFCCARTESIANPOINT((71216.699999999997,14840.,0.));
#9963=IFCCARTESIANPOINT((71216.699999999997,19510.,0.));
#9964=IFCPOLYLINE((#9962,#9963));
#9965=IFCSHAPEREPRESENTATION(#12,'Axis','Curve3D',(#9964));
#9966=IFCPRODUCTDEFINITIONSHAPE($,$,(#9965));
#9967=IFCCARTESIANPOINT((0.,0.,0.));
#9968=IFCAXIS2PLACEMENT3D(#9967,#8,#9);
#9969=IFCLOCALPLACEMENT(#27,#9968);
#9970=IFCBEAM('3ReBdd80H5bwPcVC4CWJol',$,'VS-396','IPE 200',$,#9969,#9966,'VS-396',$);
#9971=IFCRELASSOCIATESMATERIAL('2TXmytp992AQYORjhYxxHU',$,$,$,(#9970),#40);
#9972=IFCCARTESIANPOINT((72300.,5500.,0.));
#9973=IFCCARTESIANPOINT((72300.,10170.,0.));
#9974=IFCPOLYLINE((#9972,#9973));
#9975=IFCSHAPEREPRESENTATION(#12,'Axis','Curve3D',(#9974));
#9976=IFCPRODUCTDEFINITIONSHAPE($,$,(#9975));
#9977=IFCCARTESIANPOINT((0.,0.,0.));
#9978=IFCAXIS2PLACEMENT3D(#9977,#8,#9);
#9979=IFCLOCALPLACEMENT(#27,#9978);
#9980=IFCBEAM('0JXdEt8rP998JN5ektlIvW',$,'VS-397','IPE 200',$,#9979,#9976,'VS-397',$);
#9981=IFCRELASSOCIATESMATERIAL('07xaty4ETE8Ok7c$xf74el',$,$,$,(#9980),#40);
#9982=IFCCARTESIANPOINT((72300.,10170.,0.));
#9983=IFCCARTESIANPOINT((72300.,14840.,0.));
#9984=IFCPOLYLINE((#9982,#9983));
#9985=IFCSHAPEREPRESENTATION(#12,'Axis','Curve3D',(#9984));
#9986=IFCPRODUCTDEFINITIONSHAPE($,$,(#9985));
#9987=IFCCARTESIANPOINT((0.,0.,0.));
#9988=IFCAXIS2PLACEMENT3D(#9987,#8,#9);
#9989=IFCLOCALPLACEMENT(#27,#9988);
#9990=IFCBEAM('2tj12Rnr9DwwiEBJgwtCV5',$,'VS-398','IPE 200',$,#9989,#9986,'VS-398',$);
#9991=IFCRELASSOCIATESMATERIAL('39A5v$1mbAAuowKYSpfgxH',$,$,$,(#9990),#40);
#9992=IFCCARTESIANPOINT((72300.,14840.,0.));
#9993=IFCCARTESIANPOINT((72300.,19510.,0.));
#9994=IFCPOLYLINE((#9992,#9993));
#9995=IFCSHAPEREPRESENTATION(#12,'Axis','Curve3D',(#9994));
#9996=IFCPRODUCTDEFINITIONSHAPE($,$,(#9995));
#9997=IFCCARTESIANPOINT((0.,0.,0.));
#9998=IFCAXIS2PLACEMENT3D(#9997,#8,#9);
#9999=IFCLOCALPLACEMENT(#27,#9998);
#10000=IFCBEAM('1rA3sAiyrA1eOdPB$893O_',$,'VS-399','IPE 200',$,#9999,#9996,'VS-399',$);
#10001=IFCRELASSOCIATESMATERIAL('0376zowbf0rh9Uuaiy2BEw',$,$,$,(#10000),#40);
#10002=IFCCARTESIANPOINT((73383.300000000003,5500.,0.));
#10003=IFCCARTESIANPOINT((73383.300000000003,10170.,0.));
#10004=IFCPOLYLINE((#10002,#10003));
#10005=IFCSHAPEREPRESENTATION(#12,'Axis','Curve3D',(#10004));
#10006=IFCPRODUCTDEFINITIONSHAPE($,$,(#10005));
#10007=IFCCARTESIANPOINT((0.,0.,0.));
#10008=IFCAXIS2PLACEMENT3D(#10007,#8,#9);
#10009=IFCLOCALPLACEMENT(#27,#10008);
#10010=IFCBEAM('0OcP3QOaH4huIwdmmrbRag',$,'VS-400','IPE 200',$,#10009,#10006,'VS-400',$);
#10011=IFCRELASSOCIATESMATERIAL('0lvMDpLez4oe1d4kb1jvpQ',$,$,$,(#10010),#40);
#10012=IFCCARTESIANPOINT((73383.300000000003,10170.,0.));
#10013=IFCCARTESIANPOINT((73383.300000000003,14840.,0.));
#10014=IFCPOLYLINE((#10012,#10013));
#10015=IFCSHAPEREPRESENTATION(#12,'Axis','Curve3D',(#10014));
#10016=IFCPRODUCTDEFINITIONSHAPE($,$,(#10015));
#10017=IFCCARTESIANPOINT((0.,0.,0.));
#10018=IFCAXIS2PLACEMENT3D(#10017,#8,#9);
#10019=IFCLOCALPLACEMENT(#27,#10018);
#10020=IFCBEAM('1Jq21vJ2b0VAPxVJ$tiiog',$,'VS-401','IPE 200',$,#10019,#10016,'VS-401',$);
#10021=IFCRELASSOCIATESMATERIAL('3eYvZieoLE$eROvdUyZLwO',$,$,$,(#10020),#40);
#10022=IFCCARTESIANPOINT((73383.300000000003,14840.,0.));
#10023=IFCCARTESIANPOINT((73383.300000000003,19510.,0.));
#10024=IFCPOLYLINE((#10022,#10023));
#10025=IFCSHAPEREPRESENTATION(#12,'Axis','Curve3D',(#10024));
#10026=IFCPRODUCTDEFINITIONSHAPE($,$,(#10025));
#10027=IFCCARTESIANPOINT((0.,0.,0.));
#10028=IFCAXIS2PLACEMENT3D(#10027,#8,#9);
#10029=IFCLOCALPLACEMENT(#27,#10028);
#10030=IFCBEAM('1I_kcsyknF7e8CxYzMW_Mc',$,'VS-402','IPE 200',$,#10029,#10026,'VS-402',$);
#10031=IFCRELASSOCIATESMATERIAL('20PwhO6Uv79hdYOXsVdv_u',$,$,$,(#10030),#40);
#10032=IFCCARTESIANPOINT((74466.699999999997,5500.,0.));
#10033=IFCCARTESIANPOINT((74466.699999999997,10170.,0.));
#10034=IFCPOLYLINE((#10032,#10033));
#10035=IFCSHAPEREPRESENTATION(#12,'Axis','Curve3D',(#10034));
#10036=IFCPRODUCTDEFINITIONSHAPE($,$,(#10035));
#10037=IFCCARTESIANPOINT((0.,0.,0.));
#10038=IFCAXIS2PLACEMENT3D(#10037,#8,#9);
#10039=IFCLOCALPLACEMENT(#27,#10038);
#10040=IFCBEAM('19gzJA_gr2yBB7C6xmtBbR',$,'VS-403','IPE 240',$,#10039,#10036,'VS-403',$);
#10041=IFCRELASSOCIATESMATERIAL('1rB32aohr69QeFtCNAm1G3',$,$,$,(#10040),#40);
#10042=IFCCARTESIANPOINT((74466.699999999997,10170.,0.));
#10043=IFCCARTESIANPOINT((74466.699999999997,14840.,0.));
#10044=IFCPOLYLINE((#10042,#10043));
#10045=IFCSHAPEREPRESENTATION(#12,'Axis','Curve3D',(#10044));
#10046=IFCPRODUCTDEFINITIONSHAPE($,$,(#10045));
#10047=IFCCARTESIANPOINT((0.,0.,0.));
#10048=IFCAXIS2PLACEMENT3D(#10047,#8,#9);
#10049=IFCLOCALPLACEMENT(#27,#10048);
#10050=IFCBEAM('1apGiog5zCfOo9MvwKEqa5',$,'VS-404','IPE 240',$,#10049,#10046,'VS-404',$);
#10051=IFCRELASSOCIATESMATERIAL('3o_g14Ze1DbBjRqX0D4so1',$,$,$,(#10050),#40);
#10052=IFCCARTESIANPOINT((74466.699999999997,14840.,0.));
#10053=IFCCARTESIANPOINT((74466.699999999997,19510.,0.));
#10054=IFCPOLYLINE((#10052,#10053));
#10055=IFCSHAPEREPRESENTATION(#12,'Axis','Curve3D',(#10054));
#10056=IFCPRODUCTDEFINITIONSHAPE($,$,(#10055));
#10057=IFCCARTESIANPOINT((0.,0.,0.));
#10058=IFCAXIS2PLACEMENT3D(#10057,#8,#9);
#10059=IFCLOCALPLACEMENT(#27,#10058);
#10060=IFCBEAM('3Sx2Nyqb9A1A_wtj$WHJx2',$,'VS-405','IPE 240',$,#10059,#10056,'VS-405',$);
#10061=IFCRELASSOCIATESMATERIAL('3cCmb_QEL6kAscztoGIaHB',$,$,$,(#10060),#40);
#10062=IFCCARTESIANPOINT((70133.300000000003,5500.,0.));
#10063=IFCCARTESIANPOINT((70133.300000000003,10170.,0.));
#10064=IFCPOLYLINE((#10062,#10063));
#10065=IFCSHAPEREPRESENTATION(#12,'Axis','Curve3D',(#10064));
#10066=IFCPRODUCTDEFINITIONSHAPE($,$,(#10065));
#10067=IFCCARTESIANPOINT((0.,0.,0.));
#10068=IFCAXIS2PLACEMENT3D(#10067,#8,#9);
#10069=IFCLOCALPLACEMENT(#31,#10068);
#10070=IFCBEAM('1We3bIMb51gRhkSJxAWxdx',$,'VS-406','IPE 240',$,#10069,#10066,'VS-406',$);
#10071=IFCRELASSOCIATESMATERIAL('3lsH0LkhH2$eOxGG6PSM4C',$,$,$,(#10070),#40);
#10072=IFCCARTESIANPOINT((70133.300000000003,10170.,0.));
#10073=IFCCARTESIANPOINT((70133.300000000003,14840.,0.));
#10074=IFCPOLYLINE((#10072,#10073));
#10075=IFCSHAPEREPRESENTATION(#12,'Axis','Curve3D',(#10074));
#10076=IFCPRODUCTDEFINITIONSHAPE($,$,(#10075));
#10077=IFCCARTESIANPOINT((0.,0.,0.));
#10078=IFCAXIS2PLACEMENT3D(#10077,#8,#9);
#10079=IFCLOCALPLACEMENT(#31,#10078);
#10080=IFCBEAM('360LBB_u153fcM8fcNyl7e',$,'VS-407','IPE 240',$,#10079,#10076,'VS-407',$);
#10081=IFCRELASSOCIATESMATERIAL('25Hn4hr7H1HfSDwWIKsLXA',$,$,$,(#10080),#40);
#10082=IFCCARTESIANPOINT((70133.300000000003,14840.,0.));
#10083=IFCCARTESIANPOINT((70133.300000000003,19510.,0.));
#10084=IFCPOLYLINE((#10082,#10083));
#10085=IFCSHAPEREPRESENTATION(#12,'Axis','Curve3D',(#10084));
#10086=IFCPRODUCTDEFINITIONSHAPE($,$,(#10085));
#10087=IFCCARTESIANPOINT((0.,0.,0.));
#10088=IFCAXIS2PLACEMENT3D(#10087,#8,#9);
#10089=IFCLOCALPLACEMENT(#31,#10088);
#10090=IFCBEAM('2AMXYLcs17kutgK6Oxyo73',$,'VS-408','IPE 240',$,#10089,#10086,'VS-408',$);
#10091=IFCRELASSOCIATESMATERIAL('2JW72t0K5Fqv9wtTS14XWa',$,$,$,(#10090),#40);
#10092=IFCCARTESIANPOINT((71216.699999999997,5500.,0.));
#10093=IFCCARTESIANPOINT((71216.699999999997,10170.,0.));
#10094=IFCPOLYLINE((#10092,#10093));
#10095=IFCSHAPEREPRESENTATION(#12,'Axis','Curve3D',(#10094));
#10096=IFCPRODUCTDEFINITIONSHAPE($,$,(#10095));
#10097=IFCCARTESIANPOINT((0.,0.,0.));
#10098=IFCAXIS2PLACEMENT3D(#10097,#8,#9);
#10099=IFCLOCALPLACEMENT(#31,#10098);
#10100=IFCBEAM('0Pf0M_E0LCVQS$_K6E7Rsh',$,'VS-409','IPE 200',$,#10099,#10096,'VS-409',$);
#10101=IFCRELASSOCIATESMATERIAL('31$EiA7GPBRQbx$6lKdZRE',$,$,$,(#10100),#40);
#10102=IFCCARTESIANPOINT((71216.699999999997,10170.,0.));
#10103=IFCCARTESIANPOINT((71216.699999999997,14840.,0.));
#10104=IFCPOLYLINE((#10102,#10103));
#10105=IFCSHAPEREPRESENTATION(#12,'Axis','Curve3D',(#10104));
#10106=IFCPRODUCTDEFINITIONSHAPE($,$,(#10105));
#10107=IFCCARTESIANPOINT((0.,0.,0.));
#10108=IFCAXIS2PLACEMENT3D(#10107,#8,#9);
#10109=IFCLOCALPLACEMENT(#31,#10108);
#10110=IFCBEAM('27P027oQ9E0wwEN$Z$JulT',$,'VS-410','IPE 200',$,#10109,#10106,'VS-410',$);
#10111=IFCRELASSOCIATESMATERIAL('06WWUV1AT97BguQPNETVwX',$,$,$,(#10110),#40);
#10112=IFCCARTESIANPOINT((71216.699999999997,14840.,0.));
#10113=IFCCARTESIANPOINT((71216.699999999997,19510.,0.));
#10114=IFCPOLYLINE((#10112,#10113));
#10115=IFCSHAPEREPRESENTATION(#12,'Axis','Curve3D',(#10114));
#10116=IFCPRODUCTDEFINITIONSHAPE($,$,(#10115));
#10117=IFCCARTESIANPOINT((0.,0.,0.));
#10118=IFCAXIS2PLACEMENT3D(#10117,#8,#9);
#10119=IFCLOCALPLACEMENT(#31,#10118);
#10120=IFCBEAM('1_x7hkuLn9FhL76AJrWLZT',$,'VS-411','IPE 200',$,#10119,#10116,'VS-411',$);
#10121=IFCRELASSOCIATESMATERIAL('0$IIsWrXrF6eOL80Vgz2EK',$,$,$,(#10120),#40);
#10122=IFCCARTESIANPOINT((72300.,5500.,0.));
#10123=IFCCARTESIANPOINT((72300.,10170.,0.));
#10124=IFCPOLYLINE((#10122,#10123));
#10125=IFCSHAPEREPRESENTATION(#12,'Axis','Curve3D',(#10124));
#10126=IFCPRODUCTDEFINITIONSHAPE($,$,(#10125));
#10127=IFCCARTESIANPOINT((0.,0.,0.));
#10128=IFCAXIS2PLACEMENT3D(#10127,#8,#9);
#10129=IFCLOCALPLACEMENT(#31,#10128);
#10130=IFCBEAM('3XwBZ$6Pf02PyxEblVxAz5',$,'VS-412','IPE 200',$,#10129,#10126,'VS-412',$);
#10131=IFCRELASSOCIATESMATERIAL('0sWqyi$p15N8LjYLg3UqZk',$,$,$,(#10130),#40);
#10132=IFCCARTESIANPOINT((72300.,10170.,0.));
#10133=IFCCARTESIANPOINT((72300.,14840.,0.));
#10134=IFCPOLYLINE((#10132,#10133));
#10135=IFCSHAPEREPRESENTATION(#12,'Axis','Curve3D',(#10134));
#10136=IFCPRODUCTDEFINITIONSHAPE($,$,(#10135));
#10137=IFCCARTESIANPOINT((0.,0.,0.));
#10138=IFCAXIS2PLACEMENT3D(#10137,#8,#9);
#10139=IFCLOCALPLACEMENT(#31,#10138);
#10140=IFCBEAM('0ADoYeUI9Atwjqglt9a9OL',$,'VS-413','IPE 200',$,#10139,#10136,'VS-413',$);
#10141=IFCRELASSOCIATESMATERIAL('3mVzTNF8f1hOWWc3WQ3w$C',$,$,$,(#10140),#40);
#10142=IFCCARTESIANPOINT((72300.,14840.,0.));
#10143=IFCCARTESIANPOINT((72300.,19510.,0.));
#10144=IFCPOLYLINE((#10142,#10143));
#10145=IFCSHAPEREPRESENTATION(#12,'Axis','Curve3D',(#10144));
#10146=IFCPRODUCTDEFINITIONSHAPE($,$,(#10145));
#10147=IFCCARTESIANPOINT((0.,0.,0.));
#10148=IFCAXIS2PLACEMENT3D(#10147,#8,#9);
#10149=IFCLOCALPLACEMENT(#31,#10148);
#10150=IFCBEAM('2wvp5mhmb3aev9X0w5GzsD',$,'VS-414','IPE 200',$,#10149,#10146,'VS-414',$);
#10151=IFCRELASSOCIATESMATERIAL('3MGrdWlx1FbfoCdfm61$6M',$,$,$,(#10150),#40);
#10152=IFCCARTESIANPOINT((73383.300000000003,5500.,0.));
#10153=IFCCARTESIANPOINT((73383.300000000003,10170.,0.));
#10154=IFCPOLYLINE((#10152,#10153));
#10155=IFCSHAPEREPRESENTATION(#12,'Axis','Curve3D',(#10154));
#10156=IFCPRODUCTDEFINITIONSHAPE($,$,(#10155));
#10157=IFCCARTESIANPOINT((0.,0.,0.));
#10158=IFCAXIS2PLACEMENT3D(#10157,#8,#9);
#10159=IFCLOCALPLACEMENT(#31,#10158);
#10160=IFCBEAM('3rXhR64Hf4VOeALNBcumoQ',$,'VS-415','IPE 200',$,#10159,#10156,'VS-415',$);
#10161=IFCRELASSOCIATESMATERIAL('1e01pMQoj5vudZz$le4Yfd',$,$,$,(#10160),#40);
#10162=IFCCARTESIANPOINT((73383.300000000003,10170.,0.));
#10163=IFCCARTESIANPOINT((73383.300000000003,14840.,0.));
#10164=IFCPOLYLINE((#10162,#10163));
#10165=IFCSHAPEREPRESENTATION(#12,'Axis','Curve3D',(#10164));
#10166=IFCPRODUCTDEFINITIONSHAPE($,$,(#10165));
#10167=IFCCARTESIANPOINT((0.,0.,0.));
#10168=IFCAXIS2PLACEMENT3D(#10167,#8,#9);
#10169=IFCLOCALPLACEMENT(#31,#10168);
#10170=IFCBEAM('19L1Pd8QfCG9nTkaiAKuza',$,'VS-416','IPE 200',$,#10169,#10166,'VS-416',$);
#10171=IFCRELASSOCIATESMATERIAL('0Cg_Eo69r8hPIEKmotMgDF',$,$,$,(#10170),#40);
#10172=IFCCARTESIANPOINT((73383.300000000003,14840.,0.));
#10173=IFCCARTESIANPOINT((73383.300000000003,19510.,0.));
#10174=IFCPOLYLINE((#10172,#10173));
#10175=IFCSHAPEREPRESENTATION(#12,'Axis','Curve3D',(#10174));
#10176=IFCPRODUCTDEFINITIONSHAPE($,$,(#10175));
#10177=IFCCARTESIANPOINT((0.,0.,0.));
#10178=IFCAXIS2PLACEMENT3D(#10177,#8,#9);
#10179=IFCLOCALPLACEMENT(#31,#10178);
#10180=IFCBEAM('0VQxlD41f4uBJV9$vX1cdM',$,'VS-417','IPE 200',$,#10179,#10176,'VS-417',$);
#10181=IFCRELASSOCIATESMATERIAL('1zBe_YmDf8euHzwpEf49JS',$,$,$,(#10180),#40);
#10182=IFCCARTESIANPOINT((74466.699999999997,5500.,0.));
#10183=IFCCARTESIANPOINT((74466.699999999997,10170.,0.));
#10184=IFCPOLYLINE((#10182,#10183));
#10185=IFCSHAPEREPRESENTATION(#12,'Axis','Curve3D',(#10184));
#10186=IFCPRODUCTDEFINITIONSHAPE($,$,(#10185));
#10187=IFCCARTESIANPOINT((0.,0.,0.));
#10188=IFCAXIS2PLACEMENT3D(#10187,#8,#9);
#10189=IFCLOCALPLACEMENT(#31,#10188);
#10190=IFCBEAM('2bkFWdeuL6Oe7IP0NC6wgP',$,'VS-418','IPE 240',$,#10189,#10186,'VS-418',$);
#10191=IFCRELASSOCIATESMATERIAL('2BADkwNvD6mwa748jGJZaF',$,$,$,(#10190),#40);
#10192=IFCCARTESIANPOINT((74466.699999999997,10170.,0.));
#10193=IFCCARTESIANPOINT((74466.699999999997,14840.,0.));
#10194=IFCPOLYLINE((#10192,#10193));
#10195=IFCSHAPEREPRESENTATION(#12,'Axis','Curve3D',(#10194));
#10196=IFCPRODUCTDEFINITIONSHAPE($,$,(#10195));
#10197=IFCCARTESIANPOINT((0.,0.,0.));
#10198=IFCAXIS2PLACEMENT3D(#10197,#8,#9);
#10199=IFCLOCALPLACEMENT(#31,#10198);
#10200=IFCBEAM('29g9IglUP40RIjosHmtXi6',$,'VS-419','IPE 240',$,#10199,#10196,'VS-419',$);
#10201=IFCRELASSOCIATESMATERIAL('1lCfp$fnXFrRxdzCbePrrL',$,$,$,(#10200),#40);
#10202=IFCCARTESIANPOINT((74466.699999999997,14840.,0.));
#10203=IFCCARTESIANPOINT((74466.699999999997,19510.,0.));
#10204=IFCPOLYLINE((#10202,#10203));
#10205=IFCSHAPEREPRESENTATION(#12,'Axis','Curve3D',(#10204));
#10206=IFCPRODUCTDEFINITIONSHAPE($,$,(#10205));
#10207=IFCCARTESIANPOINT((0.,0.,0.));
#10208=IFCAXIS2PLACEMENT3D(#10207,#8,#9);
#10209=IFCLOCALPLACEMENT(#31,#10208);
#10210=IFCBEAM('0X_gecBqr95OcHPuCzzqfu',$,'VS-420','IPE 240',$,#10209,#10206,'VS-420',$);
#10211=IFCRELASSOCIATESMATERIAL('0pymOGE89AKA7NuT_nZ8ZZ',$,$,$,(#10210),#40);
#10212=IFCCARTESIANPOINT((70675.,5500.,0.));
#10213=IFCCARTESIANPOINT((70675.,10170.,0.));
#10214=IFCPOLYLINE((#10212,#10213));
#10215=IFCSHAPEREPRESENTATION(#12,'Axis','Curve3D',(#10214));
#10216=IFCPRODUCTDEFINITIONSHAPE($,$,(#10215));
#10217=IFCCARTESIANPOINT((0.,0.,0.));
#10218=IFCAXIS2PLACEMENT3D(#10217,#8,#9);
#10219=IFCLOCALPLACEMENT(#35,#10218);
#10220=IFCBEAM('0IPtixlDv1BfCfDpDD8Oml',$,'VS-421','IPE 160',$,#10219,#10216,'VS-421',$);
#10221=IFCRELASSOCIATESMATERIAL('1L$p0FHubASeS6atzrZPQ3',$,$,$,(#10220),#40);
#10222=IFCCARTESIANPOINT((70675.,10170.,0.));
#10223=IFCCARTESIANPOINT((70675.,14840.,0.));
#10224=IFCPOLYLINE((#10222,#10223));
#10225=IFCSHAPEREPRESENTATION(#12,'Axis','Curve3D',(#10224));
#10226=IFCPRODUCTDEFINITIONSHAPE($,$,(#10225));
#10227=IFCCARTESIANPOINT((0.,0.,0.));
#10228=IFCAXIS2PLACEMENT3D(#10227,#8,#9);
#10229=IFCLOCALPLACEMENT(#35,#10228);
#10230=IFCBEAM('23IGROxkj9rh8RICjXCKhb',$,'VS-422','IPE 160',$,#10229,#10226,'VS-422',$);
#10231=IFCRELASSOCIATESMATERIAL('3txBrjeC93rxk9HWal83fj',$,$,$,(#10230),#40);
#10232=IFCCARTESIANPOINT((70675.,14840.,0.));
#10233=IFCCARTESIANPOINT((70675.,19510.,0.));
#10234=IFCPOLYLINE((#10232,#10233));
#10235=IFCSHAPEREPRESENTATION(#12,'Axis','Curve3D',(#10234));
#10236=IFCPRODUCTDEFINITIONSHAPE($,$,(#10235));
#10237=IFCCARTESIANPOINT((0.,0.,0.));
#10238=IFCAXIS2PLACEMENT3D(#10237,#8,#9);
#10239=IFCLOCALPLACEMENT(#35,#10238);
#10240=IFCBEAM('0cBmjTgznFiPBSiIZq4ZD7',$,'VS-423','IPE 160',$,#10239,#10236,'VS-423',$);
#10241=IFCRELASSOCIATESMATERIAL('2nVERIsEv6UAdDssVc$o3q',$,$,$,(#10240),#40);
#10242=IFCCARTESIANPOINT((72300.,5500.,0.));
#10243=IFCCARTESIANPOINT((72300.,10170.,0.));
#10244=IFCPOLYLINE((#10242,#10243));
#10245=IFCSHAPEREPRESENTATION(#12,'Axis','Curve3D',(#10244));
#10246=IFCPRODUCTDEFINITIONSHAPE($,$,(#10245));
#10247=IFCCARTESIANPOINT((0.,0.,0.));
#10248=IFCAXIS2PLACEMENT3D(#10247,#8,#9);
#10249=IFCLOCALPLACEMENT(#35,#10248);
#10250=IFCBEAM('0BLpotATXEzBZ6CeElOTi5',$,'VS-424','IPE 160',$,#10249,#10246,'VS-424',$);
#10251=IFCRELASSOCIATESMATERIAL('3p2R_6JcrF1Ag7nOvwWKUF',$,$,$,(#10250),#40);
#10252=IFCCARTESIANPOINT((72300.,10170.,0.));
#10253=IFCCARTESIANPOINT((72300.,14840.,0.));
#10254=IFCPOLYLINE((#10252,#10253));
#10255=IFCSHAPEREPRESENTATION(#12,'Axis','Curve3D',(#10254));
#10256=IFCPRODUCTDEFINITIONSHAPE($,$,(#10255));
#10257=IFCCARTESIANPOINT((0.,0.,0.));
#10258=IFCAXIS2PLACEMENT3D(#10257,#8,#9);
#10259=IFCLOCALPLACEMENT(#35,#10258);
#10260=IFCBEAM('360uV5lUrAkeqh3L3bagva',$,'VS-425','IPE 160',$,#10259,#10256,'VS-425',$);
#10261=IFCRELASSOCIATESMATERIAL('14Ji256290$OO4JT9pHwf3',$,$,$,(#10260),#40);
#10262=IFCCARTESIANPOINT((72300.,14840.,0.));
#10263=IFCCARTESIANPOINT((72300.,19510.,0.));
#10264=IFCPOLYLINE((#10262,#10263));
#10265=IFCSHAPEREPRESENTATION(#12,'Axis','Curve3D',(#10264));
#10266=IFCPRODUCTDEFINITIONSHAPE($,$,(#10265));
#10267=IFCCARTESIANPOINT((0.,0.,0.));
#10268=IFCAXIS2PLACEMENT3D(#10267,#8,#9);
#10269=IFCLOCALPLACEMENT(#35,#10268);
#10270=IFCBEAM('1y1VAjN0P80wlmIAgruEfM',$,'VS-426','IPE 160',$,#10269,#10266,'VS-426',$);
#10271=IFCRELASSOCIATESMATERIAL('2yTyIa_PvD69nK6Qe3yD_l',$,$,$,(#10270),#40);
#10272=IFCCARTESIANPOINT((73925.,5500.,0.));
#10273=IFCCARTESIANPOINT((73925.,10170.,0.));
#10274=IFCPOLYLINE((#10272,#10273));
#10275=IFCSHAPEREPRESENTATION(#12,'Axis','Curve3D',(#10274));
#10276=IFCPRODUCTDEFINITIONSHAPE($,$,(#10275));
#10277=IFCCARTESIANPOINT((0.,0.,0.));
#10278=IFCAXIS2PLACEMENT3D(#10277,#8,#9);
#10279=IFCLOCALPLACEMENT(#35,#10278);
#10280=IFCBEAM('36vhzoiaTDFBtWNyLCgu4p',$,'VS-427','IPE 160',$,#10279,#10276,'VS-427',$);
#10281=IFCRELASSOCIATESMATERIAL('3rejKKMfzAIvGSkkMFp2SF',$,$,$,(#10280),#40);
#10282=IFCCARTESIANPOINT((73925.,10170.,0.));
#10283=IFCCARTESIANPOINT((73925.,14840.,0.));
#10284=IFCPOLYLINE((#10282,#10283));
#10285=IFCSHAPEREPRESENTATION(#12,'Axis','Curve3D',(#10284));
#10286=IFCPRODUCTDEFINITIONSHAPE($,$,(#10285));
#10287=IFCCARTESIANPOINT((0.,0.,0.));
#10288=IFCAXIS2PLACEMENT3D(#10287,#8,#9);
#10289=IFCLOCALPLACEMENT(#35,#10288);
#10290=IFCBEAM('0u6AwKoCP6A8oo60rcVsPu',$,'VS-428','IPE 160',$,#10289,#10286,'VS-428',$);
#10291=IFCRELASSOCIATESMATERIAL('1$Q8Ce5H19DQ6c9fmzPhc$',$,$,$,(#10290),#40);
#10292=IFCCARTESIANPOINT((73925.,14840.,0.));
#10293=IFCCARTESIANPOINT((73925.,19510.,0.));
#10294=IFCPOLYLINE((#10292,#10293));
#10295=IFCSHAPEREPRESENTATION(#12,'Axis','Curve3D',(#10294));
#10296=IFCPRODUCTDEFINITIONSHAPE($,$,(#10295));
#10297=IFCCARTESIANPOINT((0.,0.,0.));
#10298=IFCAXIS2PLACEMENT3D(#10297,#8,#9);
#10299=IFCLOCALPLACEMENT(#35,#10298);
#10300=IFCBEAM('36inNtrvPEFuHcLih7HU01',$,'VS-429','IPE 160',$,#10299,#10296,'VS-429',$);
#10301=IFCRELASSOCIATESMATERIAL('3ui3ooxKf0qOQWtTiVwywn',$,$,$,(#10300),#40);
#10302=IFCCARTESIANPOINT((76633.300000000003,5500.,0.));
#10303=IFCCARTESIANPOINT((76633.300000000003,10170.,0.));
#10304=IFCPOLYLINE((#10302,#10303));
#10305=IFCSHAPEREPRESENTATION(#12,'Axis','Curve3D',(#10304));
#10306=IFCPRODUCTDEFINITIONSHAPE($,$,(#10305));
#10307=IFCCARTESIANPOINT((0.,0.,0.));
#10308=IFCAXIS2PLACEMENT3D(#10307,#8,#9);
#10309=IFCLOCALPLACEMENT(#27,#10308);
#10310=IFCBEAM('2hvonFoY11UPY5oxyoj9Hg',$,'VS-430','IPE 240',$,#10309,#10306,'VS-430',$);
#10311=IFCRELASSOCIATESMATERIAL('3MpADmkP90h8y9EBjPzO8x',$,$,$,(#10310),#40);
#10312=IFCCARTESIANPOINT((76633.300000000003,10170.,0.));
#10313=IFCCARTESIANPOINT((76633.300000000003,14840.,0.));
#10314=IFCPOLYLINE((#10312,#10313));
#10315=IFCSHAPEREPRESENTATION(#12,'Axis','Curve3D',(#10314));
#10316=IFCPRODUCTDEFINITIONSHAPE($,$,(#10315));
#10317=IFCCARTESIANPOINT((0.,0.,0.));
#10318=IFCAXIS2PLACEMENT3D(#10317,#8,#9);
#10319=IFCLOCALPLACEMENT(#27,#10318);
#10320=IFCBEAM('1DNW$qtE5D6Qs9Uz8MiIL9',$,'VS-431','IPE 240',$,#10319,#10316,'VS-431',$);
#10321=IFCRELASSOCIATESMATERIAL('3x5Jiu7h56TucSL52Pm$4R',$,$,$,(#10320),#40);
#10322=IFCCARTESIANPOINT((76633.300000000003,14840.,0.));
#10323=IFCCARTESIANPOINT((76633.300000000003,19510.,0.));
#10324=IFCPOLYLINE((#10322,#10323));
#10325=IFCSHAPEREPRESENTATION(#12,'Axis','Curve3D',(#10324));
#10326=IFCPRODUCTDEFINITIONSHAPE($,$,(#10325));
#10327=IFCCARTESIANPOINT((0.,0.,0.));
#10328=IFCAXIS2PLACEMENT3D(#10327,#8,#9);
#10329=IFCLOCALPLACEMENT(#27,#10328);
#10330=IFCBEAM('0FDZNypfT0CQhfbqpTxdH0',$,'VS-432','IPE 240',$,#10329,#10326,'VS-432',$);
#10331=IFCRELASSOCIATESMATERIAL('06$l6XUtb1YekCOcuqigX2',$,$,$,(#10330),#40);
#10332=IFCCARTESIANPOINT((77716.699999999997,5500.,0.));
#10333=IFCCARTESIANPOINT((77716.699999999997,10170.,0.));
#10334=IFCPOLYLINE((#10332,#10333));
#10335=IFCSHAPEREPRESENTATION(#12,'Axis','Curve3D',(#10334));
#10336=IFCPRODUCTDEFINITIONSHAPE($,$,(#10335));
#10337=IFCCARTESIANPOINT((0.,0.,0.));
#10338=IFCAXIS2PLACEMENT3D(#10337,#8,#9);
#10339=IFCLOCALPLACEMENT(#27,#10338);
#10340=IFCBEAM('1rcaiOOsPFtO69Ournpr2O',$,'VS-433','IPE 200',$,#10339,#10336,'VS-433',$);
#10341=IFCRELASSOCIATESMATERIAL('04RydyEuz5xgzSTVU6aiGK',$,$,$,(#10340),#40);
#10342=IFCCARTESIANPOINT((77716.699999999997,10170.,0.));
#10343=IFCCARTESIANPOINT((77716.699999999997,14840.,0.));
#10344=IFCPOLYLINE((#10342,#10343));
#10345=IFCSHAPEREPRESENTATION(#12,'Axis','Curve3D',(#10344));
#10346=IFCPRODUCTDEFINITIONSHAPE($,$,(#10345));
#10347=IFCCARTESIANPOINT((0.,0.,0.));
#10348=IFCAXIS2PLACEMENT3D(#10347,#8,#9);
#10349=IFCLOCALPLACEMENT(#27,#10348);
#10350=IFCBEAM('1MSMtUdKDA3QXis2Rd_l2Z',$,'VS-434','IPE 200',$,#10349,#10346,'VS-434',$);
#10351=IFCRELASSOCIATESMATERIAL('0V07MlGarBxxHsH4WJk9sK',$,$,$,(#10350),#40);
#10352=IFCCARTESIANPOINT((77716.699999999997,14840.,0.));
#10353=IFCCARTESIANPOINT((77716.699999999997,19510.,0.));
#10354=IFCPOLYLINE((#10352,#10353));
#10355=IFCSHAPEREPRESENTATION(#12,'Axis','Curve3D',(#10354));
#10356=IFCPRODUCTDEFINITIONSHAPE($,$,(#10355));
#10357=IFCCARTESIANPOINT((0.,0.,0.));
#10358=IFCAXIS2PLACEMENT3D(#10357,#8,#9);
#10359=IFCLOCALPLACEMENT(#27,#10358);
#10360=IFCBEAM('1oeZIglRTCxB0vBhWqnvv3',$,'VS-435','IPE 200',$,#10359,#10356,'VS-435',$);
#10361=IFCRELASSOCIATESMATERIAL('0_A7EngOPC7w56RomUpLs4',$,$,$,(#10360),#40);
#10362=IFCCARTESIANPOINT((78800.,5500.,0.));
#10363=IFCCARTESIANPOINT((78800.,10170.,0.));
#10364=IFCPOLYLINE((#10362,#10363));
#10365=IFCSHAPEREPRESENTATION(#12,'Axis','Curve3D',(#10364));
#10366=IFCPRODUCTDEFINITIONSHAPE($,$,(#10365));
#10367=IFCCARTESIANPOINT((0.,0.,0.));
#10368=IFCAXIS2PLACEMENT3D(#10367,#8,#9);
#10369=IFCLOCALPLACEMENT(#27,#10368);
#10370=IFCBEAM('2B6xvOg6XDDuHSIWr5U$v3',$,'VS-436','IPE 200',$,#10369,#10366,'VS-436',$);
#10371=IFCRELASSOCIATESMATERIAL('2VrhxkUSvBRR$T_Xiysbhu',$,$,$,(#10370),#40);
#10372=IFCCARTESIANPOINT((78800.,10170.,0.));
#10373=IFCCARTESIANPOINT((78800.,14840.,0.));
#10374=IFCPOLYLINE((#10372,#10373));
#10375=IFCSHAPEREPRESENTATION(#12,'Axis','Curve3D',(#10374));
#10376=IFCPRODUCTDEFINITIONSHAPE($,$,(#10375));
#10377=IFCCARTESIANPOINT((0.,0.,0.));
#10378=IFCAXIS2PLACEMENT3D(#10377,#8,#9);
#10379=IFCLOCALPLACEMENT(#27,#10378);
#10380=IFCBEAM('0EuzdkAqTCwBuWqB6IMid5',$,'VS-437','IPE 200',$,#10379,#10376,'VS-437',$);
#10381=IFCRELASSOCIATESMATERIAL('0y5EUyuhX3pvvtyueu9tJZ',$,$,$,(#10380),#40);
#10382=IFCCARTESIANPOINT((78800.,14840.,0.));
#10383=IFCCARTESIANPOINT((78800.,19510.,0.));
#10384=IFCPOLYLINE((#10382,#10383));
#10385=IFCSHAPEREPRESENTATION(#12,'Axis','Curve3D',(#10384));
#10386=IFCPRODUCTDEFINITIONSHAPE($,$,(#10385));
#10387=IFCCARTESIANPOINT((0.,0.,0.));
#10388=IFCAXIS2PLACEMENT3D(#10387,#8,#9);
#10389=IFCLOCALPLACEMENT(#27,#10388);
#10390=IFCBEAM('2mzgcEK4zCCwB93hUICfuD',$,'VS-438','IPE 200',$,#10389,#10386,'VS-438',$);
#10391=IFCRELASSOCIATESMATERIAL('39JpNzqm12bOmR_d1d7DIL',$,$,$,(#10390),#40);
#10392=IFCCARTESIANPOINT((79883.300000000003,5500.,0.));
#10393=IFCCARTESIANPOINT((79883.300000000003,10170.,0.));
#10394=IFCPOLYLINE((#10392,#10393));
#10395=IFCSHAPEREPRESENTATION(#12,'Axis','Curve3D',(#10394));
#10396=IFCPRODUCTDEFINITIONSHAPE($,$,(#10395));
#10397=IFCCARTESIANPOINT((0.,0.,0.));
#10398=IFCAXIS2PLACEMENT3D(#10397,#8,#9);
#10399=IFCLOCALPLACEMENT(#27,#10398);
#10400=IFCBEAM('3ZoQ9oJ8f8XgmU51QmhRfr',$,'VS-439','IPE 200',$,#10399,#10396,'VS-439',$);
#10401=IFCRELASSOCIATESMATERIAL('2UH6U_FILDNv1rOCmtBJAB',$,$,$,(#10400),#40);
#10402=IFCCARTESIANPOINT((79883.300000000003,10170.,0.));
#10403=IFCCARTESIANPOINT((79883.300000000003,14840.,0.));
#10404=IFCPOLYLINE((#10402,#10403));
#10405=IFCSHAPEREPRESENTATION(#12,'Axis','Curve3D',(#10404));
#10406=IFCPRODUCTDEFINITIONSHAPE($,$,(#10405));
#10407=IFCCARTESIANPOINT((0.,0.,0.));
#10408=IFCAXIS2PLACEMENT3D(#10407,#8,#9);
#10409=IFCLOCALPLACEMENT(#27,#10408);
#10410=IFCBEAM('0NV028qHf28P83tItus2C9',$,'VS-440','IPE 200',$,#10409,#10406,'VS-440',$);
#10411=IFCRELASSOCIATESMATERIAL('0dVULgg5P7vfpoavYkjYDt',$,$,$,(#10410),#40);
#10412=IFCCARTESIANPOINT((79883.300000000003,14840.,0.));
#10413=IFCCARTESIANPOINT((79883.300000000003,19510.,0.));
#10414=IFCPOLYLINE((#10412,#10413));
#10415=IFCSHAPEREPRESENTATION(#12,'Axis','Curve3D',(#10414));
#10416=IFCPRODUCTDEFINITIONSHAPE($,$,(#10415));
#10417=IFCCARTESIANPOINT((0.,0.,0.));
#10418=IFCAXIS2PLACEMENT3D(#10417,#8,#9);
#10419=IFCLOCALPLACEMENT(#27,#10418);
#10420=IFCBEAM('1cPP0yC_v9KvU97ELXVh65',$,'VS-441','IPE 200',$,#10419,#10416,'VS-441',$);
#10421=IFCRELASSOCIATESMATERIAL('20QNy7HqLFxvxrbXO7b2m2',$,$,$,(#10420),#40);
#10422=IFCCARTESIANPOINT((80966.699999999997,5500.,0.));
#10423=IFCCARTESIANPOINT((80966.699999999997,10170.,0.));
#10424=IFCPOLYLINE((#10422,#10423));
#10425=IFCSHAPEREPRESENTATION(#12,'Axis','Curve3D',(#10424));
#10426=IFCPRODUCTDEFINITIONSHAPE($,$,(#10425));
#10427=IFCCARTESIANPOINT((0.,0.,0.));
#10428=IFCAXIS2PLACEMENT3D(#10427,#8,#9);
#10429=IFCLOCALPLACEMENT(#27,#10428);
#10430=IFCBEAM('2x1wmPsbXDIxmoQ$rf2DPG',$,'VS-442','IPE 240',$,#10429,#10426,'VS-442',$);
#10431=IFCRELASSOCIATESMATERIAL('0awe6U9V5Au86NvIkjCuXe',$,$,$,(#10430),#40);
#10432=IFCCARTESIANPOINT((80966.699999999997,10170.,0.));
#10433=IFCCARTESIANPOINT((80966.699999999997,14840.,0.));
#10434=IFCPOLYLINE((#10432,#10433));
#10435=IFCSHAPEREPRESENTATION(#12,'Axis','Curve3D',(#10434));
#10436=IFCPRODUCTDEFINITIONSHAPE($,$,(#10435));
#10437=IFCCARTESIANPOINT((0.,0.,0.));
#10438=IFCAXIS2PLACEMENT3D(#10437,#8,#9);
#10439=IFCLOCALPLACEMENT(#27,#10438);
#10440=IFCBEAM('1z_FB3sEr82uky3NJ3StIA',$,'VS-443','IPE 240',$,#10439,#10436,'VS-443',$);
#10441=IFCRELASSOCIATESMATERIAL('1JNNagjAL91hN8sfbIH5z9',$,$,$,(#10440),#40);
#10442=IFCCARTESIANPOINT((80966.699999999997,14840.,0.));
#10443=IFCCARTESIANPOINT((80966.699999999997,19510.,0.));
#10444=IFCPOLYLINE((#10442,#10443));
#10445=IFCSHAPEREPRESENTATION(#12,'Axis','Curve3D',(#10444));
#10446=IFCPRODUCTDEFINITIONSHAPE($,$,(#10445));
#10447=IFCCARTESIANPOINT((0.,0.,0.));
#10448=IFCAXIS2PLACEMENT3D(#10447,#8,#9);
#10449=IFCLOCALPLACEMENT(#27,#10448);
#10450=IFCBEAM('2VWEgcBw94mfqn2g9Z1eJk',$,'VS-444','IPE 240',$,#10449,#10446,'VS-444',$);
#10451=IFCRELASSOCIATESMATERIAL('2HExs66LnDVgQNsf1TP2ze',$,$,$,(#10450),#40);
#10452=IFCCARTESIANPOINT((76633.300000000003,5500.,0.));
#10453=IFCCARTESIANPOINT((76633.300000000003,10170.,0.));
#10454=IFCPOLYLINE((#10452,#10453));
#10455=IFCSHAPEREPRESENTATION(#12,'Axis','Curve3D',(#10454));
#10456=IFCPRODUCTDEFINITIONSHAPE($,$,(#10455));
#10457=IFCCARTESIANPOINT((0.,0.,0.));
#10458=IFCAXIS2PLACEMENT3D(#10457,#8,#9);
#10459=IFCLOCALPLACEMENT(#31,#10458);
#10460=IFCBEAM('1xRVxDnf9BN9BChWKGob65',$,'VS-445','IPE 240',$,#10459,#10456,'VS-445',$);
#10461=IFCRELASSOCIATESMATERIAL('3gikyP8KH8uOi20jqA6J_z',$,$,$,(#10460),#40);
#10462=IFCCARTESIANPOINT((76633.300000000003,10170.,0.));
#10463=IFCCARTESIANPOINT((76633.300000000003,14840.,0.));
#10464=IFCPOLYLINE((#10462,#10463));
#10465=IFCSHAPEREPRESENTATION(#12,'Axis','Curve3D',(#10464));
#10466=IFCPRODUCTDEFINITIONSHAPE($,$,(#10465));
#10467=IFCCARTESIANPOINT((0.,0.,0.));
#10468=IFCAXIS2PLACEMENT3D(#10467,#8,#9);
#10469=IFCLOCALPLACEMENT(#31,#10468);
#10470=IFCBEAM('3gA0XnMN96aPB_QC5MM4Fb',$,'VS-446','IPE 240',$,#10469,#10466,'VS-446',$);
#10471=IFCRELASSOCIATESMATERIAL('02g4JTLIf7XxlXWVcdgdfO',$,$,$,(#10470),#40);
#10472=IFCCARTESIANPOINT((76633.300000000003,14840.,0.));
#10473=IFCCARTESIANPOINT((76633.300000000003,19510.,0.));
#10474=IFCPOLYLINE((#10472,#10473));
#10475=IFCSHAPEREPRESENTATION(#12,'Axis','Curve3D',(#10474));
#10476=IFCPRODUCTDEFINITIONSHAPE($,$,(#10475));
#10477=IFCCARTESIANPOINT((0.,0.,0.));
#10478=IFCAXIS2PLACEMENT3D(#10477,#8,#9);
#10479=IFCLOCALPLACEMENT(#31,#10478);
#10480=IFCBEAM('1B_NxIocb8nQc8bxYPmvpf',$,'VS-447','IPE 240',$,#10479,#10476,'VS-447',$);
#10481=IFCRELASSOCIATESMATERIAL('1DZ6u8OPv7yQDJZAJmhomc',$,$,$,(#10480),#40);
#10482=IFCCARTESIANPOINT((77716.699999999997,5500.,0.));
#10483=IFCCARTESIANPOINT((77716.699999999997,10170.,0.));
#10484=IFCPOLYLINE((#10482,#10483));
#10485=IFCSHAPEREPRESENTATION(#12,'Axis','Curve3D',(#10484));
#10486=IFCPRODUCTDEFINITIONSHAPE($,$,(#10485));
#10487=IFCCARTESIANPOINT((0.,0.,0.));
#10488=IFCAXIS2PLACEMENT3D(#10487,#8,#9);
#10489=IFCLOCALPLACEMENT(#31,#10488);
#10490=IFCBEAM('13aWW_BPb7KuVV1cmdRDk5',$,'VS-448','IPE 200',$,#10489,#10486,'VS-448',$);
#10491=IFCRELASSOCIATESMATERIAL('11LrFSYffDkBvYwfjdbRbn',$,$,$,(#10490),#40);
#10492=IFCCARTESIANPOINT((77716.699999999997,10170.,0.));
#10493=IFCCARTESIANPOINT((77716.699999999997,14840.,0.));
#10494=IFCPOLYLINE((#10492,#10493));
#10495=IFCSHAPEREPRESENTATION(#12,'Axis','Curve3D',(#10494));
#10496=IFCPRODUCTDEFINITIONSHAPE($,$,(#10495));
#10497=IFCCARTESIANPOINT((0.,0.,0.));
#10498=IFCAXIS2PLACEMENT3D(#10497,#8,#9);
#10499=IFCLOCALPLACEMENT(#31,#10498);
#10500=IFCBEAM('3vzpdwOnH5mg8h4zi0NHfk',$,'VS-449','IPE 200',$,#10499,#10496,'VS-449',$);
#10501=IFCRELASSOCIATESMATERIAL('3BsQlHPXXFhhgQHJKLwSnP',$,$,$,(#10500),#40);
#10502=IFCCARTESIANPOINT((77716.699999999997,14840.,0.));
#10503=IFCCARTESIANPOINT((77716.699999999997,19510.,0.));
#10504=IFCPOLYLINE((#10502,#10503));
#10505=IFCSHAPEREPRESENTATION(#12,'Axis','Curve3D',(#10504));
#10506=IFCPRODUCTDEFINITIONSHAPE($,$,(#10505));
#10507=IFCCARTESIANPOINT((0.,0.,0.));
#10508=IFCAXIS2PLACEMENT3D(#10507,#8,#9);
#10509=IFCLOCALPLACEMENT(#31,#10508);
#10510=IFCBEAM('1WnoCaA_PE2uwOcFE07LIZ',$,'VS-450','IPE 200',$,#10509,#10506,'VS-450',$);
#10511=IFCRELASSOCIATESMATERIAL('1tb_mrrPzAjPCnkKCwzsHU',$,$,$,(#10510),#40);
#10512=IFCCARTESIANPOINT((78800.,5500.,0.));
#10513=IFCCARTESIANPOINT((78800.,10170.,0.));
#10514=IFCPOLYLINE((#10512,#10513));
#10515=IFCSHAPEREPRESENTATION(#12,'Axis','Curve3D',(#10514));
#10516=IFCPRODUCTDEFINITIONSHAPE($,$,(#10515));
#10517=IFCCARTESIANPOINT((0.,0.,0.));
#10518=IFCAXIS2PLACEMENT3D(#10517,#8,#9);
#10519=IFCLOCALPLACEMENT(#31,#10518);
#10520=IFCBEAM('34jMtqruTCZwMV2A3DlJbw',$,'VS-451','IPE 200',$,#10519,#10516,'VS-451',$);
#10521=IFCRELASSOCIATESMATERIAL('1TPpJ7FCn9_OS$GKToUWPs',$,$,$,(#10520),#40);
#10522=IFCCARTESIANPOINT((78800.,10170.,0.));
#10523=IFCCARTESIANPOINT((78800.,14840.,0.));
#10524=IFCPOLYLINE((#10522,#10523));
#10525=IFCSHAPEREPRESENTATION(#12,'Axis','Curve3D',(#10524));
#10526=IFCPRODUCTDEFINITIONSHAPE($,$,(#10525));
#10527=IFCCARTESIANPOINT((0.,0.,0.));
#10528=IFCAXIS2PLACEMENT3D(#10527,#8,#9);
#10529=IFCLOCALPLACEMENT(#31,#10528);
#10530=IFCBEAM('21iSLIry13NB6K3UI3iNkC',$,'VS-452','IPE 200',$,#10529,#10526,'VS-452',$);
#10531=IFCRELASSOCIATESMATERIAL('0YZMm4IGj7Pwt$atFLfc$R',$,$,$,(#10530),#40);
#10532=IFCCARTESIANPOINT((78800.,14840.,0.));
#10533=IFCCARTESIANPOINT((78800.,19510.,0.));
#10534=IFCPOLYLINE((#10532,#10533));
#10535=IFCSHAPEREPRESENTATION(#12,'Axis','Curve3D',(#10534));
#10536=IFCPRODUCTDEFINITIONSHAPE($,$,(#10535));
#10537=IFCCARTESIANPOINT((0.,0.,0.));
#10538=IFCAXIS2PLACEMENT3D(#10537,#8,#9);
#10539=IFCLOCALPLACEMENT(#31,#10538);
#10540=IFCBEAM('08k2cKiI95n8NTx59gVTM3',$,'VS-453','IPE 200',$,#10539,#10536,'VS-453',$);
#10541=IFCRELASSOCIATESMATERIAL('3PqqbA3vnF9AYT_wjWr0A9',$,$,$,(#10540),#40);
#10542=IFCCARTESIANPOINT((79883.300000000003,5500.,0.));
#10543=IFCCARTESIANPOINT((79883.300000000003,10170.,0.));
#10544=IFCPOLYLINE((#10542,#10543));
#10545=IFCSHAPEREPRESENTATION(#12,'Axis','Curve3D',(#10544));
#10546=IFCPRODUCTDEFINITIONSHAPE($,$,(#10545));
#10547=IFCCARTESIANPOINT((0.,0.,0.));
#10548=IFCAXIS2PLACEMENT3D(#10547,#8,#9);
#10549=IFCLOCALPLACEMENT(#31,#10548);
#10550=IFCBEAM('3Gl5QjFov1Ph$JkGlAxUfW',$,'VS-454','IPE 200',$,#10549,#10546,'VS-454',$);
#10551=IFCRELASSOCIATESMATERIAL('2NHsrExS1CAelzDDmLAsRH',$,$,$,(#10550),#40);
#10552=IFCCARTESIANPOINT((79883.300000000003,10170.,0.));
#10553=IFCCARTESIANPOINT((79883.300000000003,14840.,0.));
#10554=IFCPOLYLINE((#10552,#10553));
#10555=IFCSHAPEREPRESENTATION(#12,'Axis','Curve3D',(#10554));
#10556=IFCPRODUCTDEFINITIONSHAPE($,$,(#10555));
#10557=IFCCARTESIANPOINT((0.,0.,0.));
#10558=IFCAXIS2PLACEMENT3D(#10557,#8,#9);
#10559=IFCLOCALPLACEMENT(#31,#10558);
#10560=IFCBEAM('0JZoY3wCTE39fy51TU7cJQ',$,'VS-455','IPE 200',$,#10559,#10556,'VS-455',$);
#10561=IFCRELASSOCIATESMATERIAL('2qDsq$dFf1VxcIi197IPSK',$,$,$,(#10560),#40);
#10562=IFCCARTESIANPOINT((79883.300000000003,14840.,0.));
#10563=IFCCARTESIANPOINT((79883.300000000003,19510.,0.));
#10564=IFCPOLYLINE((#10562,#10563));
#10565=IFCSHAPEREPRESENTATION(#12,'Axis','Curve3D',(#10564));
#10566=IFCPRODUCTDEFINITIONSHAPE($,$,(#10565));
#10567=IFCCARTESIANPOINT((0.,0.,0.));
#10568=IFCAXIS2PLACEMENT3D(#10567,#8,#9);
#10569=IFCLOCALPLACEMENT(#31,#10568);
#10570=IFCBEAM('0WRzPkTD9EuxOZZTvRIf5E',$,'VS-456','IPE 200',$,#10569,#10566,'VS-456',$);
#10571=IFCRELASSOCIATESMATERIAL('21ARHp8Xv3NOY2wcEUY9wh',$,$,$,(#10570),#40);
#10572=IFCCARTESIANPOINT((80966.699999999997,5500.,0.));
#10573=IFCCARTESIANPOINT((80966.699999999997,10170.,0.));
#10574=IFCPOLYLINE((#10572,#10573));
#10575=IFCSHAPEREPRESENTATION(#12,'Axis','Curve3D',(#10574));
#10576=IFCPRODUCTDEFINITIONSHAPE($,$,(#10575));
#10577=IFCCARTESIANPOINT((0.,0.,0.));
#10578=IFCAXIS2PLACEMENT3D(#10577,#8,#9);
#10579=IFCLOCALPLACEMENT(#31,#10578);
#10580=IFCBEAM('2wytcBg5z7QQCWBo5f22St',$,'VS-457','IPE 240',$,#10579,#10576,'VS-457',$);
#10581=IFCRELASSOCIATESMATERIAL('3elqctLN57JOIyPlFPFIt_',$,$,$,(#10580),#40);
#10582=IFCCARTESIANPOINT((80966.699999999997,10170.,0.));
#10583=IFCCARTESIANPOINT((80966.699999999997,14840.,0.));
#10584=IFCPOLYLINE((#10582,#10583));
#10585=IFCSHAPEREPRESENTATION(#12,'Axis','Curve3D',(#10584));
#10586=IFCPRODUCTDEFINITIONSHAPE($,$,(#10585));
#10587=IFCCARTESIANPOINT((0.,0.,0.));
#10588=IFCAXIS2PLACEMENT3D(#10587,#8,#9);
#10589=IFCLOCALPLACEMENT(#31,#10588);
#10590=IFCBEAM('1jWeqBXZ94WAcAOTB9Kjj3',$,'VS-458','IPE 240',$,#10589,#10586,'VS-458',$);
#10591=IFCRELASSOCIATESMATERIAL('2I5cnRmVz3pBwUxxNTIXGK',$,$,$,(#10590),#40);
#10592=IFCCARTESIANPOINT((80966.699999999997,14840.,0.));
#10593=IFCCARTESIANPOINT((80966.699999999997,19510.,0.));
#10594=IFCPOLYLINE((#10592,#10593));
#10595=IFCSHAPEREPRESENTATION(#12,'Axis','Curve3D',(#10594));
#10596=IFCPRODUCTDEFINITIONSHAPE($,$,(#10595));
#10597=IFCCARTESIANPOINT((0.,0.,0.));
#10598=IFCAXIS2PLACEMENT3D(#10597,#8,#9);
#10599=IFCLOCALPLACEMENT(#31,#10598);
#10600=IFCBEAM('0Lzyv9aHHEiQ1XgLhDGAij',$,'VS-459','IPE 240',$,#10599,#10596,'VS-459',$);
#10601=IFCRELASSOCIATESMATERIAL('1OEAmYtVvA_9GfgguT2YJt',$,$,$,(#10600),#40);
#10602=IFCCARTESIANPOINT((77175.,5500.,0.));
#10603=IFCCARTESIANPOINT((77175.,10170.,0.));
#10604=IFCPOLYLINE((#10602,#10603));
#10605=IFCSHAPEREPRESENTATION(#12,'Axis','Curve3D',(#10604));
#10606=IFCPRODUCTDEFINITIONSHAPE($,$,(#10605));
#10607=IFCCARTESIANPOINT((0.,0.,0.));
#10608=IFCAXIS2PLACEMENT3D(#10607,#8,#9);
#10609=IFCLOCALPLACEMENT(#35,#10608);
#10610=IFCBEAM('2l9HBL8OD1pBQukRFmScfM',$,'VS-460','IPE 160',$,#10609,#10606,'VS-460',$);
#10611=IFCRELASSOCIATESMATERIAL('2ozCmCNxj2lO0uhcKSd4uL',$,$,$,(#10610),#40);
#10612=IFCCARTESIANPOINT((77175.,10170.,0.));
#10613=IFCCARTESIANPOINT((77175.,14840.,0.));
#10614=IFCPOLYLINE((#10612,#10613));
#10615=IFCSHAPEREPRESENTATION(#12,'Axis','Curve3D',(#10614));
#10616=IFCPRODUCTDEFINITIONSHAPE($,$,(#10615));
#10617=IFCCARTESIANPOINT((0.,0.,0.));
#10618=IFCAXIS2PLACEMENT3D(#10617,#8,#9);
#10619=IFCLOCALPLACEMENT(#35,#10618);
#10620=IFCBEAM('0oaJihqbv9tQSt6SIb1Tld',$,'VS-461','IPE 160',$,#10619,#10616,'VS-461',$);
#10621=IFCRELASSOCIATESMATERIAL('3L66aOnBbAWulsV6T9aleu',$,$,$,(#10620),#40);
#10622=IFCCARTESIANPOINT((77175.,14840.,0.));
#10623=IFCCARTESIANPOINT((77175.,19510.,0.));
#10624=IFCPOLYLINE((#10622,#10623));
#10625=IFCSHAPEREPRESENTATION(#12,'Axis','Curve3D',(#10624));
#10626=IFCPRODUCTDEFINITIONSHAPE($,$,(#10625));
#10627=IFCCARTESIANPOINT((0.,0.,0.));
#10628=IFCAXIS2PLACEMENT3D(#10627,#8,#9);
#10629=IFCLOCALPLACEMENT(#35,#10628);
#10630=IFCBEAM('3cMChdgtv8qfRPkBPDbJ9G',$,'VS-462','IPE 160',$,#10629,#10626,'VS-462',$);
#10631=IFCRELASSOCIATESMATERIAL('2PJhCZ_THBO8TWYR4uLy2I',$,$,$,(#10630),#40);
#10632=IFCCARTESIANPOINT((78800.,5500.,0.));
#10633=IFCCARTESIANPOINT((78800.,10170.,0.));
#10634=IFCPOLYLINE((#10632,#10633));
#10635=IFCSHAPEREPRESENTATION(#12,'Axis','Curve3D',(#10634));
#10636=IFCPRODUCTDEFINITIONSHAPE($,$,(#10635));
#10637=IFCCARTESIANPOINT((0.,0.,0.));
#10638=IFCAXIS2PLACEMENT3D(#10637,#8,#9);
#10639=IFCLOCALPLACEMENT(#35,#10638);
#10640=IFCBEAM('2kLanbwOD0EQImRh5pdR_G',$,'VS-463','IPE 160',$,#10639,#10636,'VS-463',$);
#10641=IFCRELASSOCIATESMATERIAL('0CE6xwp3T3E9zQmKeKbS$S',$,$,$,(#10640),#40);
#10642=IFCCARTESIANPOINT((78800.,10170.,0.));
#10643=IFCCARTESIANPOINT((78800.,14840.,0.));
#10644=IFCPOLYLINE((#10642,#10643));
#10645=IFCSHAPEREPRESENTATION(#12,'Axis','Curve3D',(#10644));
#10646=IFCPRODUCTDEFINITIONSHAPE($,$,(#10645));
#10647=IFCCARTESIANPOINT((0.,0.,0.));
#10648=IFCAXIS2PLACEMENT3D(#10647,#8,#9);
#10649=IFCLOCALPLACEMENT(#35,#10648);
#10650=IFCBEAM('1g9vVvMM9ApxCvmHCEoIu7',$,'VS-464','IPE 160',$,#10649,#10646,'VS-464',$);
#10651=IFCRELASSOCIATESMATERIAL('0hNHJ3wMb5nhzKRhvJdmLW',$,$,$,(#10650),#40);
#10652=IFCCARTESIANPOINT((78800.,14840.,0.));
#10653=IFCCARTESIANPOINT((78800.,19510.,0.));
#10654=IFCPOLYLINE((#10652,#10653));
#10655=IFCSHAPEREPRESENTATION(#12,'Axis','Curve3D',(#10654));
#10656=IFCPRODUCTDEFINITIONSHAPE($,$,(#10655));
#10657=IFCCARTESIANPOINT((0.,0.,0.));
#10658=IFCAXIS2PLACEMENT3D(#10657,#8,#9);
#10659=IFCLOCALPLACEMENT(#35,#10658);
#10660=IFCBEAM('2dg6Ad81z9fvTXuB9CCm6s',$,'VS-465','IPE 160',$,#10659,#10656,'VS-465',$);
#10661=IFCRELASSOCIATESMATERIAL('2Wb0$67zf06RK_NOZMsClC',$,$,$,(#10660),#40);
#10662=IFCCARTESIANPOINT((80425.,5500.,0.));
#10663=IFCCARTESIANPOINT((80425.,10170.,0.));
#10664=IFCPOLYLINE((#10662,#10663));
#10665=IFCSHAPEREPRESENTATION(#12,'Axis','Curve3D',(#10664));
#10666=IFCPRODUCTDEFINITIONSHAPE($,$,(#10665));
#10667=IFCCARTESIANPOINT((0.,0.,0.));
#10668=IFCAXIS2PLACEMENT3D(#10667,#8,#9);
#10669=IFCLOCALPLACEMENT(#35,#10668);
#10670=IFCBEAM('2gKC38w$L4PQL8xY3OnbIc',$,'VS-466','IPE 160',$,#10669,#10666,'VS-466',$);
#10671=IFCRELASSOCIATESMATERIAL('0s7vagBpf358ea1J$rBq_4',$,$,$,(#10670),#40);
#10672=IFCCARTESIANPOINT((80425.,10170.,0.));
#10673=IFCCARTESIANPOINT((80425.,14840.,0.));
#10674=IFCPOLYLINE((#10672,#10673));
#10675=IFCSHAPEREPRESENTATION(#12,'Axis','Curve3D',(#10674));
#10676=IFCPRODUCTDEFINITIONSHAPE($,$,(#10675));
#10677=IFCCARTESIANPOINT((0.,0.,0.));
#10678=IFCAXIS2PLACEMENT3D(#10677,#8,#9);
#10679=IFCLOCALPLACEMENT(#35,#10678);
#10680=IFCBEAM('1eDzUA6Pv20waGg8YWLZWA',$,'VS-467','IPE 160',$,#10679,#10676,'VS-467',$);
#10681=IFCRELASSOCIATESMATERIAL('2OJ7iZQGv86vxTTzso51tp',$,$,$,(#10680),#40);
#10682=IFCCARTESIANPOINT((80425.,14840.,0.));
#10683=IFCCARTESIANPOINT((80425.,19510.,0.));
#10684=IFCPOLYLINE((#10682,#10683));
#10685=IFCSHAPEREPRESENTATION(#12,'Axis','Curve3D',(#10684));
#10686=IFCPRODUCTDEFINITIONSHAPE($,$,(#10685));
#10687=IFCCARTESIANPOINT((0.,0.,0.));
#10688=IFCAXIS2PLACEMENT3D(#10687,#8,#9);
#10689=IFCLOCALPLACEMENT(#35,#10688);
#10690=IFCBEAM('1YGmYwJy50HQVfD9j_0WW9',$,'VS-468','IPE 160',$,#10689,#10686,'VS-468',$);
#10691=IFCRELASSOCIATESMATERIAL('0NZVIggKXCBhN5M7iEB2Ib',$,$,$,(#10690),#40);
#10692=IFCCARTESIANPOINT((83133.300000000003,5500.,0.));
#10693=IFCCARTESIANPOINT((83133.300000000003,10170.,0.));
#10694=IFCPOLYLINE((#10692,#10693));
#10695=IFCSHAPEREPRESENTATION(#12,'Axis','Curve3D',(#10694));
#10696=IFCPRODUCTDEFINITIONSHAPE($,$,(#10695));
#10697=IFCCARTESIANPOINT((0.,0.,0.));
#10698=IFCAXIS2PLACEMENT3D(#10697,#8,#9);
#10699=IFCLOCALPLACEMENT(#27,#10698);
#10700=IFCBEAM('07CkUeJWzB4AbND$K06b2$',$,'VS-469','IPE 240',$,#10699,#10696,'VS-469',$);
#10701=IFCRELASSOCIATESMATERIAL('2NjKav1cL6u9zFZ5sjr$ib',$,$,$,(#10700),#40);
#10702=IFCCARTESIANPOINT((83133.300000000003,10170.,0.));
#10703=IFCCARTESIANPOINT((83133.300000000003,14840.,0.));
#10704=IFCPOLYLINE((#10702,#10703));
#10705=IFCSHAPEREPRESENTATION(#12,'Axis','Curve3D',(#10704));
#10706=IFCPRODUCTDEFINITIONSHAPE($,$,(#10705));
#10707=IFCCARTESIANPOINT((0.,0.,0.));
#10708=IFCAXIS2PLACEMENT3D(#10707,#8,#9);
#10709=IFCLOCALPLACEMENT(#27,#10708);
#10710=IFCBEAM('2EJO0oudLEyP3HXpf0yUR1',$,'VS-470','IPE 240',$,#10709,#10706,'VS-470',$);
#10711=IFCRELASSOCIATESMATERIAL('246GunMz56IOrup2_TFoeA',$,$,$,(#10710),#40);
#10712=IFCCARTESIANPOINT((83133.300000000003,14840.,0.));
#10713=IFCCARTESIANPOINT((83133.300000000003,19510.,0.));
#10714=IFCPOLYLINE((#10712,#10713));
#10715=IFCSHAPEREPRESENTATION(#12,'Axis','Curve3D',(#10714));
#10716=IFCPRODUCTDEFINITIONSHAPE($,$,(#10715));
#10717=IFCCARTESIANPOINT((0.,0.,0.));
#10718=IFCAXIS2PLACEMENT3D(#10717,#8,#9);
#10719=IFCLOCALPLACEMENT(#27,#10718);
#10720=IFCBEAM('0hHIG1$PD1sRw62YcxQwAM',$,'VS-471','IPE 240',$,#10719,#10716,'VS-471',$);
#10721=IFCRELASSOCIATESMATERIAL('3r6Y8ML49Amfr4At36tlK_',$,$,$,(#10720),#40);
#10722=IFCCARTESIANPOINT((84216.699999999997,5500.,0.));
#10723=IFCCARTESIANPOINT((84216.699999999997,10170.,0.));
#10724=IFCPOLYLINE((#10722,#10723));
#10725=IFCSHAPEREPRESENTATION(#12,'Axis','Curve3D',(#10724));
#10726=IFCPRODUCTDEFINITIONSHAPE($,$,(#10725));
#10727=IFCCARTESIANPOINT((0.,0.,0.));
#10728=IFCAXIS2PLACEMENT3D(#10727,#8,#9);
#10729=IFCLOCALPLACEMENT(#27,#10728);
#10730=IFCBEAM('26an0Z4dDF4wvmg3VDXG7y',$,'VS-472','IPE 200',$,#10729,#10726,'VS-472',$);
#10731=IFCRELASSOCIATESMATERIAL('3Lc7tdQFjDFfCOAD0X8ZBY',$,$,$,(#10730),#40);
#10732=IFCCARTESIANPOINT((84216.699999999997,10170.,0.));
#10733=IFCCARTESIANPOINT((84216.699999999997,14840.,0.));
#10734=IFCPOLYLINE((#10732,#10733));
#10735=IFCSHAPEREPRESENTATION(#12,'Axis','Curve3D',(#10734));
#10736=IFCPRODUCTDEFINITIONSHAPE($,$,(#10735));
#10737=IFCCARTESIANPOINT((0.,0.,0.));
#10738=IFCAXIS2PLACEMENT3D(#10737,#8,#9);
#10739=IFCLOCALPLACEMENT(#27,#10738);
#10740=IFCBEAM('1zMxP9atHD5RASOJpNhmNs',$,'VS-473','IPE 200',$,#10739,#10736,'VS-473',$);
#10741=IFCRELASSOCIATESMATERIAL('3rx76NDmvBs8R_3fepuABQ',$,$,$,(#10740),#40);
#10742=IFCCARTESIANPOINT((84216.699999999997,14840.,0.));
#10743=IFCCARTESIANPOINT((84216.699999999997,19510.,0.));
#10744=IFCPOLYLINE((#10742,#10743));
#10745=IFCSHAPEREPRESENTATION(#12,'Axis','Curve3D',(#10744));
#10746=IFCPRODUCTDEFINITIONSHAPE($,$,(#10745));
#10747=IFCCARTESIANPOINT((0.,0.,0.));
#10748=IFCAXIS2PLACEMENT3D(#10747,#8,#9);
#10749=IFCLOCALPLACEMENT(#27,#10748);
#10750=IFCBEAM('2KpjJVfE15_g5H2yHnRYbW',$,'VS-474','IPE 200',$,#10749,#10746,'VS-474',$);
#10751=IFCRELASSOCIATESMATERIAL('0Y86oChWb05epHuzuzo4DH',$,$,$,(#10750),#40);
#10752=IFCCARTESIANPOINT((85300.,5500.,0.));
#10753=IFCCARTESIANPOINT((85300.,10170.,0.));
#10754=IFCPOLYLINE((#10752,#10753));
#10755=IFCSHAPEREPRESENTATION(#12,'Axis','Curve3D',(#10754));
#10756=IFCPRODUCTDEFINITIONSHAPE($,$,(#10755));
#10757=IFCCARTESIANPOINT((0.,0.,0.));
#10758=IFCAXIS2PLACEMENT3D(#10757,#8,#9);
#10759=IFCLOCALPLACEMENT(#27,#10758);
#10760=IFCBEAM('3YhYG$HcD9I8r0bVsfISch',$,'VS-475','IPE 200',$,#10759,#10756,'VS-475',$);
#10761=IFCRELASSOCIATESMATERIAL('0G0yZNx2f3D9kcpZ1T2_vz',$,$,$,(#10760),#40);
#10762=IFCCARTESIANPOINT((85300.,10170.,0.));
#10763=IFCCARTESIANPOINT((85300.,14840.,0.));
#10764=IFCPOLYLINE((#10762,#10763));
#10765=IFCSHAPEREPRESENTATION(#12,'Axis','Curve3D',(#10764));
#10766=IFCPRODUCTDEFINITIONSHAPE($,$,(#10765));
#10767=IFCCARTESIANPOINT((0.,0.,0.));
#10768=IFCAXIS2PLACEMENT3D(#10767,#8,#9);
#10769=IFCLOCALPLACEMENT(#27,#10768);
#10770=IFCBEAM('0We_B2tdf9ZffreOzm7qHY',$,'VS-476','IPE 200',$,#10769,#10766,'VS-476',$);
#10771=IFCRELASSOCIATESMATERIAL('2rwkHEWzf0cf7RenBOSfj7',$,$,$,(#10770),#40);
#10772=IFCCARTESIANPOINT((85300.,14840.,0.));
#10773=IFCCARTESIANPOINT((85300.,19510.,0.));
#10774=IFCPOLYLINE((#10772,#10773));
#10775=IFCSHAPEREPRESENTATION(#12,'Axis','Curve3D',(#10774));
#10776=IFCPRODUCTDEFINITIONSHAPE($,$,(#10775));
#10777=IFCCARTESIANPOINT((0.,0.,0.));
#10778=IFCAXIS2PLACEMENT3D(#10777,#8,#9);
#10779=IFCLOCALPLACEMENT(#27,#10778);
#10780=IFCBEAM('3sAkvSM8TB6At7L28G0BT1',$,'VS-477','IPE 200',$,#10779,#10776,'VS-477',$);
#10781=IFCRELASSOCIATESMATERIAL('3KAQYGfsz0HPrLBcDx2I6W',$,$,$,(#10780),#40);
#10782=IFCCARTESIANPOINT((86383.300000000003,5500.,0.));
#10783=IFCCARTESIANPOINT((86383.300000000003,10170.,0.));
#10784=IFCPOLYLINE((#10782,#10783));
#10785=IFCSHAPEREPRESENTATION(#12,'Axis','Curve3D',(#10784));
#10786=IFCPRODUCTDEFINITIONSHAPE($,$,(#10785));
#10787=IFCCARTESIANPOINT((0.,0.,0.));
#10788=IFCAXIS2PLACEMENT3D(#10787,#8,#9);
#10789=IFCLOCALPLACEMENT(#27,#10788);
#10790=IFCBEAM('06XVR0RfL789IXt0a64Ht3',$,'VS-478','IPE 200',$,#10789,#10786,'VS-478',$);
#10791=IFCRELASSOCIATESMATERIAL('1dTa2YqljEmg2RV1Vcz9k4',$,$,$,(#10790),#40);
#10792=IFCCARTESIANPOINT((86383.300000000003,10170.,0.));
#10793=IFCCARTESIANPOINT((86383.300000000003,14840.,0.));
#10794=IFCPOLYLINE((#10792,#10793));
#10795=IFCSHAPEREPRESENTATION(#12,'Axis','Curve3D',(#10794));
#10796=IFCPRODUCTDEFINITIONSHAPE($,$,(#10795));
#10797=IFCCARTESIANPOINT((0.,0.,0.));
#10798=IFCAXIS2PLACEMENT3D(#10797,#8,#9);
#10799=IFCLOCALPLACEMENT(#27,#10798);
#10800=IFCBEAM('3rUPYG4U178QPHcAiHTHdt',$,'VS-479','IPE 200',$,#10799,#10796,'VS-479',$);
#10801=IFCRELASSOCIATESMATERIAL('28DttrE_53qgcBWTs6NBf4',$,$,$,(#10800),#40);
#10802=IFCCARTESIANPOINT((86383.300000000003,14840.,0.));
#10803=IFCCARTESIANPOINT((86383.300000000003,19510.,0.));
#10804=IFCPOLYLINE((#10802,#10803));
#10805=IFCSHAPEREPRESENTATION(#12,'Axis','Curve3D',(#10804));
#10806=IFCPRODUCTDEFINITIONSHAPE($,$,(#10805));
#10807=IFCCARTESIANPOINT((0.,0.,0.));
#10808=IFCAXIS2PLACEMENT3D(#10807,#8,#9);
#10809=IFCLOCALPLACEMENT(#27,#10808);
#10810=IFCBEAM('3gYLiqOWTAaRdD6KctzsCC',$,'VS-480','IPE 200',$,#10809,#10806,'VS-480',$);
#10811=IFCRELASSOCIATESMATERIAL('14dFnhYlr8wf9WjMlD3cLX',$,$,$,(#10810),#40);
#10812=IFCCARTESIANPOINT((87466.699999999997,5500.,0.));
#10813=IFCCARTESIANPOINT((87466.699999999997,10170.,0.));
#10814=IFCPOLYLINE((#10812,#10813));
#10815=IFCSHAPEREPRESENTATION(#12,'Axis','Curve3D',(#10814));
#10816=IFCPRODUCTDEFINITIONSHAPE($,$,(#10815));
#10817=IFCCARTESIANPOINT((0.,0.,0.));
#10818=IFCAXIS2PLACEMENT3D(#10817,#8,#9);
#10819=IFCLOCALPLACEMENT(#27,#10818);
#10820=IFCBEAM('2xkHDQDwP5LeWxCMId_CcI',$,'VS-481','IPE 240',$,#10819,#10816,'VS-481',$);
#10821=IFCRELASSOCIATESMATERIAL('1abE4gnhjFDOsG3Trm3AgQ',$,$,$,(#10820),#40);
#10822=IFCCARTESIANPOINT((87466.699999999997,10170.,0.));
#10823=IFCCARTESIANPOINT((87466.699999999997,14840.,0.));
#10824=IFCPOLYLINE((#10822,#10823));
#10825=IFCSHAPEREPRESENTATION(#12,'Axis','Curve3D',(#10824));
#10826=IFCPRODUCTDEFINITIONSHAPE($,$,(#10825));
#10827=IFCCARTESIANPOINT((0.,0.,0.));
#10828=IFCAXIS2PLACEMENT3D(#10827,#8,#9);
#10829=IFCLOCALPLACEMENT(#27,#10828);
#10830=IFCBEAM('1OiJTqXZT1tRoyrgMLPjb_',$,'VS-482','IPE 240',$,#10829,#10826,'VS-482',$);
#10831=IFCRELASSOCIATESMATERIAL('1oAlx8qPr75u4FavWiGhhu',$,$,$,(#10830),#40);
#10832=IFCCARTESIANPOINT((87466.699999999997,14840.,0.));
#10833=IFCCARTESIANPOINT((87466.699999999997,19510.,0.));
#10834=IFCPOLYLINE((#10832,#10833));
#10835=IFCSHAPEREPRESENTATION(#12,'Axis','Curve3D',(#10834));
#10836=IFCPRODUCTDEFINITIONSHAPE($,$,(#10835));
#10837=IFCCARTESIANPOINT((0.,0.,0.));
#10838=IFCAXIS2PLACEMENT3D(#10837,#8,#9);
#10839=IFCLOCALPLACEMENT(#27,#10838);
#10840=IFCBEAM('0dDSIDl992i91ZxiSnr$z0',$,'VS-483','IPE 240',$,#10839,#10836,'VS-483',$);
#10841=IFCRELASSOCIATESMATERIAL('1gzQrvt3n4nvkxh2BqF8w6',$,$,$,(#10840),#40);
#10842=IFCCARTESIANPOINT((83133.300000000003,5500.,0.));
#10843=IFCCARTESIANPOINT((83133.300000000003,10170.,0.));
#10844=IFCPOLYLINE((#10842,#10843));
#10845=IFCSHAPEREPRESENTATION(#12,'Axis','Curve3D',(#10844));
#10846=IFCPRODUCTDEFINITIONSHAPE($,$,(#10845));
#10847=IFCCARTESIANPOINT((0.,0.,0.));
#10848=IFCAXIS2PLACEMENT3D(#10847,#8,#9);
#10849=IFCLOCALPLACEMENT(#31,#10848);
#10850=IFCBEAM('0jZrstAO11qxaiG2zuSFad',$,'VS-484','IPE 240',$,#10849,#10846,'VS-484',$);
#10851=IFCRELASSOCIATESMATERIAL('0pe2oqnIH3FAfwt13IGRXK',$,$,$,(#10850),#40);
#10852=IFCCARTESIANPOINT((83133.300000000003,10170.,0.));
#10853=IFCCARTESIANPOINT((83133.300000000003,14840.,0.));
#10854=IFCPOLYLINE((#10852,#10853));
#10855=IFCSHAPEREPRESENTATION(#12,'Axis','Curve3D',(#10854));
#10856=IFCPRODUCTDEFINITIONSHAPE($,$,(#10855));
#10857=IFCCARTESIANPOINT((0.,0.,0.));
#10858=IFCAXIS2PLACEMENT3D(#10857,#8,#9);
#10859=IFCLOCALPLACEMENT(#31,#10858);
#10860=IFCBEAM('2vey3VtAH0FO8nqFJxFzx6',$,'VS-485','IPE 240',$,#10859,#10856,'VS-485',$);
#10861=IFCRELASSOCIATESMATERIAL('10GFFs1Ur2fw65orzhJKKC',$,$,$,(#10860),#40);
#10862=IFCCARTESIANPOINT((83133.300000000003,14840.,0.));
#10863=IFCCARTESIANPOINT((83133.300000000003,19510.,0.));
#10864=IFCPOLYLINE((#10862,#10863));
#10865=IFCSHAPEREPRESENTATION(#12,'Axis','Curve3D',(#10864));
#10866=IFCPRODUCTDEFINITIONSHAPE($,$,(#10865));
#10867=IFCCARTESIANPOINT((0.,0.,0.));
#10868=IFCAXIS2PLACEMENT3D(#10867,#8,#9);
#10869=IFCLOCALPLACEMENT(#31,#10868);
#10870=IFCBEAM('37F0FFZ0f36etuLoyINHY_',$,'VS-486','IPE 240',$,#10869,#10866,'VS-486',$);
#10871=IFCRELASSOCIATESMATERIAL('0vpK9p8df2HOgVpVB$W2LX',$,$,$,(#10870),#40);
#10872=IFCCARTESIANPOINT((84216.699999999997,5500.,0.));
#10873=IFCCARTESIANPOINT((84216.699999999997,10170.,0.));
#10874=IFCPOLYLINE((#10872,#10873));
#10875=IFCSHAPEREPRESENTATION(#12,'Axis','Curve3D',(#10874));
#10876=IFCPRODUCTDEFINITIONSHAPE($,$,(#10875));
#10877=IFCCARTESIANPOINT((0.,0.,0.));
#10878=IFCAXIS2PLACEMENT3D(#10877,#8,#9);
#10879=IFCLOCALPLACEMENT(#31,#10878);
#10880=IFCBEAM('2ljnWFMsrBD84Ln2wZX434',$,'VS-487','IPE 200',$,#10879,#10876,'VS-487',$);
#10881=IFCRELASSOCIATESMATERIAL('0R6HBO8E5BM8y64MbZyL2g',$,$,$,(#10880),#40);
#10882=IFCCARTESIANPOINT((84216.699999999997,10170.,0.));
#10883=IFCCARTESIANPOINT((84216.699999999997,14840.,0.));
#10884=IFCPOLYLINE((#10882,#10883));
#10885=IFCSHAPEREPRESENTATION(#12,'Axis','Curve3D',(#10884));
#10886=IFCPRODUCTDEFINITIONSHAPE($,$,(#10885));
#10887=IFCCARTESIANPOINT((0.,0.,0.));
#10888=IFCAXIS2PLACEMENT3D(#10887,#8,#9);
#10889=IFCLOCALPLACEMENT(#31,#10888);
#10890=IFCBEAM('3VUu7o0oz49hFOQt2ntEZi',$,'VS-488','IPE 200',$,#10889,#10886,'VS-488',$);
#10891=IFCRELASSOCIATESMATERIAL('0J5CZZmcz5rR10TZfCe1pG',$,$,$,(#10890),#40);
#10892=IFCCARTESIANPOINT((84216.699999999997,14840.,0.));
#10893=IFCCARTESIANPOINT((84216.699999999997,19510.,0.));
#10894=IFCPOLYLINE((#10892,#10893));
#10895=IFCSHAPEREPRESENTATION(#12,'Axis','Curve3D',(#10894));
#10896=IFCPRODUCTDEFINITIONSHAPE($,$,(#10895));
#10897=IFCCARTESIANPOINT((0.,0.,0.));
#10898=IFCAXIS2PLACEMENT3D(#10897,#8,#9);
#10899=IFCLOCALPLACEMENT(#31,#10898);
#10900=IFCBEAM('2865HNeAnA2Ry3axjBGoMK',$,'VS-489','IPE 200',$,#10899,#10896,'VS-489',$);
#10901=IFCRELASSOCIATESMATERIAL('2A$iGKOf5F2QPZVC5As1vA',$,$,$,(#10900),#40);
#10902=IFCCARTESIANPOINT((85300.,5500.,0.));
#10903=IFCCARTESIANPOINT((85300.,10170.,0.));
#10904=IFCPOLYLINE((#10902,#10903));
#10905=IFCSHAPEREPRESENTATION(#12,'Axis','Curve3D',(#10904));
#10906=IFCPRODUCTDEFINITIONSHAPE($,$,(#10905));
#10907=IFCCARTESIANPOINT((0.,0.,0.));
#10908=IFCAXIS2PLACEMENT3D(#10907,#8,#9);
#10909=IFCLOCALPLACEMENT(#31,#10908);
#10910=IFCBEAM('0iNMnHBzX8K99eKNGXOIYu',$,'VS-490','IPE 200',$,#10909,#10906,'VS-490',$);
#10911=IFCRELASSOCIATESMATERIAL('3SZ_8D7sDBSAwQDel_OS1h',$,$,$,(#10910),#40);
#10912=IFCCARTESIANPOINT((85300.,10170.,0.));
#10913=IFCCARTESIANPOINT((85300.,14840.,0.));
#10914=IFCPOLYLINE((#10912,#10913));
#10915=IFCSHAPEREPRESENTATION(#12,'Axis','Curve3D',(#10914));
#10916=IFCPRODUCTDEFINITIONSHAPE($,$,(#10915));
#10917=IFCCARTESIANPOINT((0.,0.,0.));
#10918=IFCAXIS2PLACEMENT3D(#10917,#8,#9);
#10919=IFCLOCALPLACEMENT(#31,#10918);
#10920=IFCBEAM('1zB8zUMMn6dOQS2zJHP_fN',$,'VS-491','IPE 200',$,#10919,#10916,'VS-491',$);
#10921=IFCRELASSOCIATESMATERIAL('17xvYBjKf4AgL7y_FRmAME',$,$,$,(#10920),#40);
#10922=IFCCARTESIANPOINT((85300.,14840.,0.));
#10923=IFCCARTESIANPOINT((85300.,19510.,0.));
#10924=IFCPOLYLINE((#10922,#10923));
#10925=IFCSHAPEREPRESENTATION(#12,'Axis','Curve3D',(#10924));
#10926=IFCPRODUCTDEFINITIONSHAPE($,$,(#10925));
#10927=IFCCARTESIANPOINT((0.,0.,0.));
#10928=IFCAXIS2PLACEMENT3D(#10927,#8,#9);
#10929=IFCLOCALPLACEMENT(#31,#10928);
#10930=IFCBEAM('1iAXPupCX0ee_dUJdGXnSt',$,'VS-492','IPE 200',$,#10929,#10926,'VS-492',$);
#10931=IFCRELASSOCIATESMATERIAL('3yGQBkYsX6K9t19GnKIhUh',$,$,$,(#10930),#40);
#10932=IFCCARTESIANPOINT((86383.300000000003,5500.,0.));
#10933=IFCCARTESIANPOINT((86383.300000000003,10170.,0.));
#10934=IFCPOLYLINE((#10932,#10933));
#10935=IFCSHAPEREPRESENTATION(#12,'Axis','Curve3D',(#10934));
#10936=IFCPRODUCTDEFINITIONSHAPE($,$,(#10935));
#10937=IFCCARTESIANPOINT((0.,0.,0.));
#10938=IFCAXIS2PLACEMENT3D(#10937,#8,#9);
#10939=IFCLOCALPLACEMENT(#31,#10938);
#10940=IFCBEAM('0DQ8O0YQ91puhtquy1WmUp',$,'VS-493','IPE 200',$,#10939,#10936,'VS-493',$);
#10941=IFCRELASSOCIATESMATERIAL('1Ja$x2tuD8RQHkU1Q_qM5v',$,$,$,(#10940),#40);
#10942=IFCCARTESIANPOINT((86383.300000000003,10170.,0.));
#10943=IFCCARTESIANPOINT((86383.300000000003,14840.,0.));
#10944=IFCPOLYLINE((#10942,#10943));
#10945=IFCSHAPEREPRESENTATION(#12,'Axis','Curve3D',(#10944));
#10946=IFCPRODUCTDEFINITIONSHAPE($,$,(#10945));
#10947=IFCCARTESIANPOINT((0.,0.,0.));
#10948=IFCAXIS2PLACEMENT3D(#10947,#8,#9);
#10949=IFCLOCALPLACEMENT(#31,#10948);
#10950=IFCBEAM('0AIDgh2kTE7wkxmCA_peHX',$,'VS-494','IPE 200',$,#10949,#10946,'VS-494',$);
#10951=IFCRELASSOCIATESMATERIAL('3277$snBr6oAnU6ccyYGGe',$,$,$,(#10950),#40);
#10952=IFCCARTESIANPOINT((86383.300000000003,14840.,0.));
#10953=IFCCARTESIANPOINT((86383.300000000003,19510.,0.));
#10954=IFCPOLYLINE((#10952,#10953));
#10955=IFCSHAPEREPRESENTATION(#12,'Axis','Curve3D',(#10954));
#10956=IFCPRODUCTDEFINITIONSHAPE($,$,(#10955));
#10957=IFCCARTESIANPOINT((0.,0.,0.));
#10958=IFCAXIS2PLACEMENT3D(#10957,#8,#9);
#10959=IFCLOCALPLACEMENT(#31,#10958);
#10960=IFCBEAM('1ew1SSvZH7ZhOsbpwHruxP',$,'VS-495','IPE 200',$,#10959,#10956,'VS-495',$);
#10961=IFCRELASSOCIATESMATERIAL('16bL7$apP1PhW_CRa81czt',$,$,$,(#10960),#40);
#10962=IFCCARTESIANPOINT((87466.699999999997,5500.,0.));
#10963=IFCCARTESIANPOINT((87466.699999999997,10170.,0.));
#10964=IFCPOLYLINE((#10962,#10963));
#10965=IFCSHAPEREPRESENTATION(#12,'Axis','Curve3D',(#10964));
#10966=IFCPRODUCTDEFINITIONSHAPE($,$,(#10965));
#10967=IFCCARTESIANPOINT((0.,0.,0.));
#10968=IFCAXIS2PLACEMENT3D(#10967,#8,#9);
#10969=IFCLOCALPLACEMENT(#31,#10968);
#10970=IFCBEAM('3JFtwEjSf9_Qohn5xe5CPA',$,'VS-496','IPE 240',$,#10969,#10966,'VS-496',$);
#10971=IFCRELASSOCIATESMATERIAL('35v9qSmoL0zehAwxzCjKib',$,$,$,(#10970),#40);
#10972=IFCCARTESIANPOINT((87466.699999999997,10170.,0.));
#10973=IFCCARTESIANPOINT((87466.699999999997,14840.,0.));
#10974=IFCPOLYLINE((#10972,#10973));
#10975=IFCSHAPEREPRESENTATION(#12,'Axis','Curve3D',(#10974));
#10976=IFCPRODUCTDEFINITIONSHAPE($,$,(#10975));
#10977=IFCCARTESIANPOINT((0.,0.,0.));
#10978=IFCAXIS2PLACEMENT3D(#10977,#8,#9);
#10979=IFCLOCALPLACEMENT(#31,#10978);
#10980=IFCBEAM('1ngFfw8f14RvDHrleI7BG1',$,'VS-497','IPE 240',$,#10979,#10976,'VS-497',$);
#10981=IFCRELASSOCIATESMATERIAL('16bHx_GoD7hBUsiUGDPmTf',$,$,$,(#10980),#40);
#10982=IFCCARTESIANPOINT((87466.699999999997,14840.,0.));
#10983=IFCCARTESIANPOINT((87466.699999999997,19510.,0.));
#10984=IFCPOLYLINE((#10982,#10983));
#10985=IFCSHAPEREPRESENTATION(#12,'Axis','Curve3D',(#10984));
#10986=IFCPRODUCTDEFINITIONSHAPE($,$,(#10985));
#10987=IFCCARTESIANPOINT((0.,0.,0.));
#10988=IFCAXIS2PLACEMENT3D(#10987,#8,#9);
#10989=IFCLOCALPLACEMENT(#31,#10988);
#10990=IFCBEAM('27JO7xLaTCUwNVmAx3gDtT',$,'VS-498','IPE 240',$,#10989,#10986,'VS-498',$);
#10991=IFCRELASSOCIATESMATERIAL('0fz4E4UEz7gwYzRW7MKSmU',$,$,$,(#10990),#40);
#10992=IFCCARTESIANPOINT((83675.,5500.,0.));
#10993=IFCCARTESIANPOINT((83675.,10170.,0.));
#10994=IFCPOLYLINE((#10992,#10993));
#10995=IFCSHAPEREPRESENTATION(#12,'Axis','Curve3D',(#10994));
#10996=IFCPRODUCTDEFINITIONSHAPE($,$,(#10995));
#10997=IFCCARTESIANPOINT((0.,0.,0.));
#10998=IFCAXIS2PLACEMENT3D(#10997,#8,#9);
#10999=IFCLOCALPLACEMENT(#35,#10998);
#11000=IFCBEAM('1tbpHSnpL3h8A_ke3Nzzv8',$,'VS-499','IPE 160',$,#10999,#10996,'VS-499',$);
#11001=IFCRELASSOCIATESMATERIAL('3tJ4ibngj6rORoMbZp9Pcz',$,$,$,(#11000),#40);
#11002=IFCCARTESIANPOINT((83675.,10170.,0.));
#11003=IFCCARTESIANPOINT((83675.,14840.,0.));
#11004=IFCPOLYLINE((#11002,#11003));
#11005=IFCSHAPEREPRESENTATION(#12,'Axis','Curve3D',(#11004));
#11006=IFCPRODUCTDEFINITIONSHAPE($,$,(#11005));
#11007=IFCCARTESIANPOINT((0.,0.,0.));
#11008=IFCAXIS2PLACEMENT3D(#11007,#8,#9);
#11009=IFCLOCALPLACEMENT(#35,#11008);
#11010=IFCBEAM('34AMfG89bErQ2IVtJF6wD0',$,'VS-500','IPE 160',$,#11009,#11006,'VS-500',$);
#11011=IFCRELASSOCIATESMATERIAL('27Z44PiCT70QX_FGNtHnjT',$,$,$,(#11010),#40);
#11012=IFCCARTESIANPOINT((83675.,14840.,0.));
#11013=IFCCARTESIANPOINT((83675.,19510.,0.));
#11014=IFCPOLYLINE((#11012,#11013));
#11015=IFCSHAPEREPRESENTATION(#12,'Axis','Curve3D',(#11014));
#11016=IFCPRODUCTDEFINITIONSHAPE($,$,(#11015));
#11017=IFCCARTESIANPOINT((0.,0.,0.));
#11018=IFCAXIS2PLACEMENT3D(#11017,#8,#9);
#11019=IFCLOCALPLACEMENT(#35,#11018);
#11020=IFCBEAM('2Sjf_IlcP768zaA_3aS6Fq',$,'VS-501','IPE 160',$,#11019,#11016,'VS-501',$);
#11021=IFCRELASSOCIATESMATERIAL('2eWUp3iOj9nuZJTEpDG$WM',$,$,$,(#11020),#40);
#11022=IFCCARTESIANPOINT((85300.,5500.,0.));
#11023=IFCCARTESIANPOINT((85300.,10170.,0.));
#11024=IFCPOLYLINE((#11022,#11023));
#11025=IFCSHAPEREPRESENTATION(#12,'Axis','Curve3D',(#11024));
#11026=IFCPRODUCTDEFINITIONSHAPE($,$,(#11025));
#11027=IFCCARTESIANPOINT((0.,0.,0.));
#11028=IFCAXIS2PLACEMENT3D(#11027,#8,#9);
#11029=IFCLOCALPLACEMENT(#35,#11028);
#11030=IFCBEAM('1ld$5wGpnDVhv9IVHuU9Vy',$,'VS-502','IPE 160',$,#11029,#11026,'VS-502',$);
#11031=IFCRELASSOCIATESMATERIAL('3evfzHafL8Nesau5bABvG6',$,$,$,(#11030),#40);
#11032=IFCCARTESIANPOINT((85300.,10170.,0.));
#11033=IFCCARTESIANPOINT((85300.,14840.,0.));
#11034=IFCPOLYLINE((#11032,#11033));
#11035=IFCSHAPEREPRESENTATION(#12,'Axis','Curve3D',(#11034));
#11036=IFCPRODUCTDEFINITIONSHAPE($,$,(#11035));
#11037=IFCCARTESIANPOINT((0.,0.,0.));
#11038=IFCAXIS2PLACEMENT3D(#11037,#8,#9);
#11039=IFCLOCALPLACEMENT(#35,#11038);
#11040=IFCBEAM('38eB1GWBX3yAFplmVjSB0F',$,'VS-503','IPE 160',$,#11039,#11036,'VS-503',$);
#11041=IFCRELASSOCIATESMATERIAL('3rQxYH0in5dR7Qr9l1FE5F',$,$,$,(#11040),#40);
#11042=IFCCARTESIANPOINT((85300.,14840.,0.));
#11043=IFCCARTESIANPOINT((85300.,19510.,0.));
#11044=IFCPOLYLINE((#11042,#11043));
#11045=IFCSHAPEREPRESENTATION(#12,'Axis','Curve3D',(#11044));
#11046=IFCPRODUCTDEFINITIONSHAPE($,$,(#11045));
#11047=IFCCARTESIANPOINT((0.,0.,0.));
#11048=IFCAXIS2PLACEMENT3D(#11047,#8,#9);
#11049=IFCLOCALPLACEMENT(#35,#11048);
#11050=IFCBEAM('0vou0gRmHETuvdCM5w0PYn',$,'VS-504','IPE 160',$,#11049,#11046,'VS-504',$);
#11051=IFCRELASSOCIATESMATERIAL('0RmeuzRhD4XfSOws4F_msx',$,$,$,(#11050),#40);
#11052=IFCCARTESIANPOINT((86925.,5500.,0.));
#11053=IFCCARTESIANPOINT((86925.,10170.,0.));
#11054=IFCPOLYLINE((#11052,#11053));
#11055=IFCSHAPEREPRESENTATION(#12,'Axis','Curve3D',(#11054));
#11056=IFCPRODUCTDEFINITIONSHAPE($,$,(#11055));
#11057=IFCCARTESIANPOINT((0.,0.,0.));
#11058=IFCAXIS2PLACEMENT3D(#11057,#8,#9);
#11059=IFCLOCALPLACEMENT(#35,#11058);
#11060=IFCBEAM('2SDnqAUhz9oRrYQzlg25UA',$,'VS-505','IPE 160',$,#11059,#11056,'VS-505',$);
#11061=IFCRELASSOCIATESMATERIAL('3ysezOZbD5CAjYCLmViZeR',$,$,$,(#11060),#40);
#11062=IFCCARTESIANPOINT((86925.,10170.,0.));
#11063=IFCCARTESIANPOINT((86925.,14840.,0.));
#11064=IFCPOLYLINE((#11062,#11063));
#11065=IFCSHAPEREPRESENTATION(#12,'Axis','Curve3D',(#11064));
#11066=IFCPRODUCTDEFINITIONSHAPE($,$,(#11065));
#11067=IFCCARTESIANPOINT((0.,0.,0.));
#11068=IFCAXIS2PLACEMENT3D(#11067,#8,#9);
#11069=IFCLOCALPLACEMENT(#35,#11068);
#11070=IFCBEAM('0u7VxAr0b4wAMi$bMyzZIv',$,'VS-506','IPE 160',$,#11069,#11066,'VS-506',$);
#11071=IFCRELASSOCIATESMATERIAL('0$l$wYClP6d9jJd0Zgqnhq',$,$,$,(#11070),#40);
#11072=IFCCARTESIANPOINT((86925.,14840.,0.));
#11073=IFCCARTESIANPOINT((86925.,19510.,0.));
#11074=IFCPOLYLINE((#11072,#11073));
#11075=IFCSHAPEREPRESENTATION(#12,'Axis','Curve3D',(#11074));
#11076=IFCPRODUCTDEFINITIONSHAPE($,$,(#11075));
#11077=IFCCARTESIANPOINT((0.,0.,0.));
#11078=IFCAXIS2PLACEMENT3D(#11077,#8,#9);
#11079=IFCLOCALPLACEMENT(#35,#11078);
#11080=IFCBEAM('0WZhswjQX4nfNTW7aPUY_w',$,'VS-507','IPE 160',$,#11079,#11076,'VS-507',$);
#11081=IFCRELASSOCIATESMATERIAL('2ofjwpXpHATwd_xpDk7yDa',$,$,$,(#11080),#40);
#11082=IFCCARTESIANPOINT((93683.300000000003,5500.,0.));
#11083=IFCCARTESIANPOINT((93683.300000000003,10170.,0.));
#11084=IFCPOLYLINE((#11082,#11083));
#11085=IFCSHAPEREPRESENTATION(#12,'Axis','Curve3D',(#11084));
#11086=IFCPRODUCTDEFINITIONSHAPE($,$,(#11085));
#11087=IFCCARTESIANPOINT((0.,0.,0.));
#11088=IFCAXIS2PLACEMENT3D(#11087,#8,#9);
#11089=IFCLOCALPLACEMENT(#27,#11088);
#11090=IFCBEAM('0li5dE9kz3ggkV1pus91em',$,'VS-508','IPE 240',$,#11089,#11086,'VS-508',$);
#11091=IFCRELASSOCIATESMATERIAL('3tnMR52Yz4kfI8b359L1KJ',$,$,$,(#11090),#40);
#11092=IFCCARTESIANPOINT((93683.300000000003,10170.,0.));
#11093=IFCCARTESIANPOINT((93683.300000000003,14840.,0.));
#11094=IFCPOLYLINE((#11092,#11093));
#11095=IFCSHAPEREPRESENTATION(#12,'Axis','Curve3D',(#11094));
#11096=IFCPRODUCTDEFINITIONSHAPE($,$,(#11095));
#11097=IFCCARTESIANPOINT((0.,0.,0.));
#11098=IFCAXIS2PLACEMENT3D(#11097,#8,#9);
#11099=IFCLOCALPLACEMENT(#27,#11098);
#11100=IFCBEAM('2ngIXPXDrFugr0odReVLDN',$,'VS-509','IPE 240',$,#11099,#11096,'VS-509',$);
#11101=IFCRELASSOCIATESMATERIAL('3o$2jC3UH50Rj8XLq7ddFO',$,$,$,(#11100),#40);
#11102=IFCCARTESIANPOINT((93683.300000000003,14840.,0.));
#11103=IFCCARTESIANPOINT((93683.300000000003,19510.,0.));
#11104=IFCPOLYLINE((#11102,#11103));
#11105=IFCSHAPEREPRESENTATION(#12,'Axis','Curve3D',(#11104));
#11106=IFCPRODUCTDEFINITIONSHAPE($,$,(#11105));
#11107=IFCCARTESIANPOINT((0.,0.,0.));
#11108=IFCAXIS2PLACEMENT3D(#11107,#8,#9);
#11109=IFCLOCALPLACEMENT(#27,#11108);
#11110=IFCBEAM('0fSRLaNRjAABxGxgLDkI8G',$,'VS-510','IPE 240',$,#11109,#11106,'VS-510',$);
#11111=IFCRELASSOCIATESMATERIAL('3dHyJGqh122f0VVSe38BTr',$,$,$,(#11110),#40);
#11112=IFCCARTESIANPOINT((94766.699999999997,5500.,0.));
#11113=IFCCARTESIANPOINT((94766.699999999997,10170.,0.));
#11114=IFCPOLYLINE((#11112,#11113));
#11115=IFCSHAPEREPRESENTATION(#12,'Axis','Curve3D',(#11114));
#11116=IFCPRODUCTDEFINITIONSHAPE($,$,(#11115));
#11117=IFCCARTESIANPOINT((0.,0.,0.));
#11118=IFCAXIS2PLACEMENT3D(#11117,#8,#9);
#11119=IFCLOCALPLACEMENT(#27,#11118);
#11120=IFCBEAM('2xgLLwHhn8_hHnLIrBHd8b',$,'VS-511','IPE 200',$,#11119,#11116,'VS-511',$);
#11121=IFCRELASSOCIATESMATERIAL('0WbbgURZzDmOvtugF69cqN',$,$,$,(#11120),#40);
#11122=IFCCARTESIANPOINT((94766.699999999997,10170.,0.));
#11123=IFCCARTESIANPOINT((94766.699999999997,14840.,0.));
#11124=IFCPOLYLINE((#11122,#11123));
#11125=IFCSHAPEREPRESENTATION(#12,'Axis','Curve3D',(#11124));
#11126=IFCPRODUCTDEFINITIONSHAPE($,$,(#11125));
#11127=IFCCARTESIANPOINT((0.,0.,0.));
#11128=IFCAXIS2PLACEMENT3D(#11127,#8,#9);
#11129=IFCLOCALPLACEMENT(#27,#11128);
#11130=IFCBEAM('3YnatjAAX5z9yO1jNAdEFe',$,'VS-512','IPE 200',$,#11129,#11126,'VS-512',$);
#11131=IFCRELASSOCIATESMATERIAL('3xaz6w07X3JwYy4TdL5RRw',$,$,$,(#11130),#40);
#11132=IFCCARTESIANPOINT((94766.699999999997,14840.,0.));
#11133=IFCCARTESIANPOINT((94766.699999999997,19510.,0.));
#11134=IFCPOLYLINE((#11132,#11133));
#11135=IFCSHAPEREPRESENTATION(#12,'Axis','Curve3D',(#11134));
#11136=IFCPRODUCTDEFINITIONSHAPE($,$,(#11135));
#11137=IFCCARTESIANPOINT((0.,0.,0.));
#11138=IFCAXIS2PLACEMENT3D(#11137,#8,#9);
#11139=IFCLOCALPLACEMENT(#27,#11138);
#11140=IFCBEAM('0BP12WIszANA4EHiBQPWrH',$,'VS-513','IPE 200',$,#11139,#11136,'VS-513',$);
#11141=IFCRELASSOCIATESMATERIAL('3wDvMRtk18M9jYfBEHPXfw',$,$,$,(#11140),#40);
#11142=IFCCARTESIANPOINT((95850.,5500.,0.));
#11143=IFCCARTESIANPOINT((95850.,10170.,0.));
#11144=IFCPOLYLINE((#11142,#11143));
#11145=IFCSHAPEREPRESENTATION(#12,'Axis','Curve3D',(#11144));
#11146=IFCPRODUCTDEFINITIONSHAPE($,$,(#11145));
#11147=IFCCARTESIANPOINT((0.,0.,0.));
#11148=IFCAXIS2PLACEMENT3D(#11147,#8,#9);
#11149=IFCLOCALPLACEMENT(#27,#11148);
#11150=IFCBEAM('0SmusnMHT8wRikte7zyQcp',$,'VS-514','IPE 200',$,#11149,#11146,'VS-514',$);
#11151=IFCRELASSOCIATESMATERIAL('2zbMqB84X0Afu3njox$2ru',$,$,$,(#11150),#40);
#11152=IFCCARTESIANPOINT((95850.,10170.,0.));
#11153=IFCCARTESIANPOINT((95850.,14840.,0.));
#11154=IFCPOLYLINE((#11152,#11153));
#11155=IFCSHAPEREPRESENTATION(#12,'Axis','Curve3D',(#11154));
#11156=IFCPRODUCTDEFINITIONSHAPE($,$,(#11155));
#11157=IFCCARTESIANPOINT((0.,0.,0.));
#11158=IFCAXIS2PLACEMENT3D(#11157,#8,#9);
#11159=IFCLOCALPLACEMENT(#27,#11158);
#11160=IFCBEAM('3mVl9rXNHE3P5uRt$3t6vw',$,'VS-515','IPE 200',$,#11159,#11156,'VS-515',$);
#11161=IFCRELASSOCIATESMATERIAL('3W_qtVCwf4GvtPj8ub88PK',$,$,$,(#11160),#40);
#11162=IFCCARTESIANPOINT((95850.,14840.,0.));
#11163=IFCCARTESIANPOINT((95850.,19510.,0.));
#11164=IFCPOLYLINE((#11162,#11163));
#11165=IFCSHAPEREPRESENTATION(#12,'Axis','Curve3D',(#11164));
#11166=IFCPRODUCTDEFINITIONSHAPE($,$,(#11165));
#11167=IFCCARTESIANPOINT((0.,0.,0.));
#11168=IFCAXIS2PLACEMENT3D(#11167,#8,#9);
#11169=IFCLOCALPLACEMENT(#27,#11168);
#11170=IFCBEAM('0zoSEfwpn8bvcwijzK3VQC',$,'VS-516','IPE 200',$,#11169,#11166,'VS-516',$);
#11171=IFCRELASSOCIATESMATERIAL('2nI1fovmj18BdvcDxVqFii',$,$,$,(#11170),#40);
#11172=IFCCARTESIANPOINT((96933.300000000003,5500.,0.));
#11173=IFCCARTESIANPOINT((96933.300000000003,10170.,0.));
#11174=IFCPOLYLINE((#11172,#11173));
#11175=IFCSHAPEREPRESENTATION(#12,'Axis','Curve3D',(#11174));
#11176=IFCPRODUCTDEFINITIONSHAPE($,$,(#11175));
#11177=IFCCARTESIANPOINT((0.,0.,0.));
#11178=IFCAXIS2PLACEMENT3D(#11177,#8,#9);
#11179=IFCLOCALPLACEMENT(#27,#11178);
#11180=IFCBEAM('1Uf5A8nTvFbAP$24Tu46R1',$,'VS-517','IPE 200',$,#11179,#11176,'VS-517',$);
#11181=IFCRELASSOCIATESMATERIAL('3pXn1_byT5kPRPmL1QcDHT',$,$,$,(#11180),#40);
#11182=IFCCARTESIANPOINT((96933.300000000003,10170.,0.));
#11183=IFCCARTESIANPOINT((96933.300000000003,14840.,0.));
#11184=IFCPOLYLINE((#11182,#11183));
#11185=IFCSHAPEREPRESENTATION(#12,'Axis','Curve3D',(#11184));
#11186=IFCPRODUCTDEFINITIONSHAPE($,$,(#11185));
#11187=IFCCARTESIANPOINT((0.,0.,0.));
#11188=IFCAXIS2PLACEMENT3D(#11187,#8,#9);
#11189=IFCLOCALPLACEMENT(#27,#11188);
#11190=IFCBEAM('1wAq_DCwjBl8FALDdEAaE5',$,'VS-518','IPE 200',$,#11189,#11186,'VS-518',$);
#11191=IFCRELASSOCIATESMATERIAL('1V7K8_vwL68QGVlCHbeYMk',$,$,$,(#11190),#40);
#11192=IFCCARTESIANPOINT((96933.300000000003,14840.,0.));
#11193=IFCCARTESIANPOINT((96933.300000000003,19510.,0.));
#11194=IFCPOLYLINE((#11192,#11193));
#11195=IFCSHAPEREPRESENTATION(#12,'Axis','Curve3D',(#11194));
#11196=IFCPRODUCTDEFINITIONSHAPE($,$,(#11195));
#11197=IFCCARTESIANPOINT((0.,0.,0.));
#11198=IFCAXIS2PLACEMENT3D(#11197,#8,#9);
#11199=IFCLOCALPLACEMENT(#27,#11198);
#11200=IFCBEAM('2Xzsk5X6fA3vhSySwDoXrA',$,'VS-519','IPE 200',$,#11199,#11196,'VS-519',$);
#11201=IFCRELASSOCIATESMATERIAL('3ANLIOcTXBVQu6y17ugSzl',$,$,$,(#11200),#40);
#11202=IFCCARTESIANPOINT((98016.699999999997,5500.,0.));
#11203=IFCCARTESIANPOINT((98016.699999999997,10170.,0.));
#11204=IFCPOLYLINE((#11202,#11203));
#11205=IFCSHAPEREPRESENTATION(#12,'Axis','Curve3D',(#11204));
#11206=IFCPRODUCTDEFINITIONSHAPE($,$,(#11205));
#11207=IFCCARTESIANPOINT((0.,0.,0.));
#11208=IFCAXIS2PLACEMENT3D(#11207,#8,#9);
#11209=IFCLOCALPLACEMENT(#27,#11208);
#11210=IFCBEAM('16Dg0Av311OfEOF2MJhZhk',$,'VS-520','IPE 240',$,#11209,#11206,'VS-520',$);
#11211=IFCRELASSOCIATESMATERIAL('10Kyqpfwv5WPoBMXSPF4Fe',$,$,$,(#11210),#40);
#11212=IFCCARTESIANPOINT((98016.699999999997,10170.,0.));
#11213=IFCCARTESIANPOINT((98016.699999999997,14840.,0.));
#11214=IFCPOLYLINE((#11212,#11213));
#11215=IFCSHAPEREPRESENTATION(#12,'Axis','Curve3D',(#11214));
#11216=IFCPRODUCTDEFINITIONSHAPE($,$,(#11215));
#11217=IFCCARTESIANPOINT((0.,0.,0.));
#11218=IFCAXIS2PLACEMENT3D(#11217,#8,#9);
#11219=IFCLOCALPLACEMENT(#27,#11218);
#11220=IFCBEAM('0DTcTz_XHFUxfKaULhCGLb',$,'VS-521','IPE 240',$,#11219,#11216,'VS-521',$);
#11221=IFCRELASSOCIATESMATERIAL('1dsZ5lGM99aORqBQ1OcfK0',$,$,$,(#11220),#40);
#11222=IFCCARTESIANPOINT((98016.699999999997,14840.,0.));
#11223=IFCCARTESIANPOINT((98016.699999999997,19510.,0.));
#11224=IFCPOLYLINE((#11222,#11223));
#11225=IFCSHAPEREPRESENTATION(#12,'Axis','Curve3D',(#11224));
#11226=IFCPRODUCTDEFINITIONSHAPE($,$,(#11225));
#11227=IFCCARTESIANPOINT((0.,0.,0.));
#11228=IFCAXIS2PLACEMENT3D(#11227,#8,#9);
#11229=IFCLOCALPLACEMENT(#27,#11228);
#11230=IFCBEAM('3yIPJPIeD809Ww95h4VOG7',$,'VS-522','IPE 240',$,#11229,#11226,'VS-522',$);
#11231=IFCRELASSOCIATESMATERIAL('0yb9Hp4V9C7hIpP7w$k$mR',$,$,$,(#11230),#40);
#11232=IFCCARTESIANPOINT((93683.300000000003,5500.,0.));
#11233=IFCCARTESIANPOINT((93683.300000000003,10170.,0.));
#11234=IFCPOLYLINE((#11232,#11233));
#11235=IFCSHAPEREPRESENTATION(#12,'Axis','Curve3D',(#11234));
#11236=IFCPRODUCTDEFINITIONSHAPE($,$,(#11235));
#11237=IFCCARTESIANPOINT((0.,0.,0.));
#11238=IFCAXIS2PLACEMENT3D(#11237,#8,#9);
#11239=IFCLOCALPLACEMENT(#31,#11238);
#11240=IFCBEAM('22zjDNLZT4yO_pnrzVGPwO',$,'VS-523','IPE 240',$,#11239,#11236,'VS-523',$);
#11241=IFCRELASSOCIATESMATERIAL('3r_HWZYmb24u7e_MzkunRE',$,$,$,(#11240),#40);
#11242=IFCCARTESIANPOINT((93683.300000000003,10170.,0.));
#11243=IFCCARTESIANPOINT((93683.300000000003,14840.,0.));
#11244=IFCPOLYLINE((#11242,#11243));
#11245=IFCSHAPEREPRESENTATION(#12,'Axis','Curve3D',(#11244));
#11246=IFCPRODUCTDEFINITIONSHAPE($,$,(#11245));
#11247=IFCCARTESIANPOINT((0.,0.,0.));
#11248=IFCAXIS2PLACEMENT3D(#11247,#8,#9);
#11249=IFCLOCALPLACEMENT(#31,#11248);
#11250=IFCBEAM('1bv2hwkHL1C8s33y_oEaIF',$,'VS-524','IPE 240',$,#11249,#11246,'VS-524',$);
#11251=IFCRELASSOCIATESMATERIAL('3P6neeubD9tg3cnuX6RXre',$,$,$,(#11250),#40);
#11252=IFCCARTESIANPOINT((93683.300000000003,14840.,0.));
#11253=IFCCARTESIANPOINT((93683.300000000003,19510.,0.));
#11254=IFCPOLYLINE((#11252,#11253));
#11255=IFCSHAPEREPRESENTATION(#12,'Axis','Curve3D',(#11254));
#11256=IFCPRODUCTDEFINITIONSHAPE($,$,(#11255));
#11257=IFCCARTESIANPOINT((0.,0.,0.));
#11258=IFCAXIS2PLACEMENT3D(#11257,#8,#9);
#11259=IFCLOCALPLACEMENT(#31,#11258);
#11260=IFCBEAM('0fY1ngV115_ezvph0SQYy7',$,'VS-525','IPE 240',$,#11259,#11256,'VS-525',$);
#11261=IFCRELASSOCIATESMATERIAL('3PfuuWotzASR8Pggn7zaGi',$,$,$,(#11260),#40);
#11262=IFCCARTESIANPOINT((94766.699999999997,5500.,0.));
#11263=IFCCARTESIANPOINT((94766.699999999997,10170.,0.));
#11264=IFCPOLYLINE((#11262,#11263));
#11265=IFCSHAPEREPRESENTATION(#12,'Axis','Curve3D',(#11264));
#11266=IFCPRODUCTDEFINITIONSHAPE($,$,(#11265));
#11267=IFCCARTESIANPOINT((0.,0.,0.));
#11268=IFCAXIS2PLACEMENT3D(#11267,#8,#9);
#11269=IFCLOCALPLACEMENT(#31,#11268);
#11270=IFCBEAM('3je2CYleD909UZndk4vFtD',$,'VS-526','IPE 200',$,#11269,#11266,'VS-526',$);
#11271=IFCRELASSOCIATESMATERIAL('3aQOFcFPPAKfbXjrdjlqDK',$,$,$,(#11270),#40);
#11272=IFCCARTESIANPOINT((94766.699999999997,10170.,0.));
#11273=IFCCARTESIANPOINT((94766.699999999997,14840.,0.));
#11274=IFCPOLYLINE((#11272,#11273));
#11275=IFCSHAPEREPRESENTATION(#12,'Axis','Curve3D',(#11274));
#11276=IFCPRODUCTDEFINITIONSHAPE($,$,(#11275));
#11277=IFCCARTESIANPOINT((0.,0.,0.));
#11278=IFCAXIS2PLACEMENT3D(#11277,#8,#9);
#11279=IFCLOCALPLACEMENT(#31,#11278);
#11280=IFCBEAM('2ewXLGZkT4n8XsLq_Pvc5F',$,'VS-527','IPE 200',$,#11279,#11276,'VS-527',$);
#11281=IFCRELASSOCIATESMATERIAL('1rRjVuJ9H6AfwfwK_ZaiOF',$,$,$,(#11280),#40);
#11282=IFCCARTESIANPOINT((94766.699999999997,14840.,0.));
#11283=IFCCARTESIANPOINT((94766.699999999997,19510.,0.));
#11284=IFCPOLYLINE((#11282,#11283));
#11285=IFCSHAPEREPRESENTATION(#12,'Axis','Curve3D',(#11284));
#11286=IFCPRODUCTDEFINITIONSHAPE($,$,(#11285));
#11287=IFCCARTESIANPOINT((0.,0.,0.));
#11288=IFCAXIS2PLACEMENT3D(#11287,#8,#9);
#11289=IFCLOCALPLACEMENT(#31,#11288);
#11290=IFCBEAM('1p5973lGDF$xBR5o53auV4',$,'VS-528','IPE 200',$,#11289,#11286,'VS-528',$);
#11291=IFCRELASSOCIATESMATERIAL('2R6I_Cgh914OLHImW8ZGrW',$,$,$,(#11290),#40);
#11292=IFCCARTESIANPOINT((95850.,5500.,0.));
#11293=IFCCARTESIANPOINT((95850.,10170.,0.));
#11294=IFCPOLYLINE((#11292,#11293));
#11295=IFCSHAPEREPRESENTATION(#12,'Axis','Curve3D',(#11294));
#11296=IFCPRODUCTDEFINITIONSHAPE($,$,(#11295));
#11297=IFCCARTESIANPOINT((0.,0.,0.));
#11298=IFCAXIS2PLACEMENT3D(#11297,#8,#9);
#11299=IFCLOCALPLACEMENT(#31,#11298);
#11300=IFCBEAM('0K4LcsYSf1EhWRSEe6MWOd',$,'VS-529','IPE 200',$,#11299,#11296,'VS-529',$);
#11301=IFCRELASSOCIATESMATERIAL('1dOHmezq14yelfK64ewo3c',$,$,$,(#11300),#40);
#11302=IFCCARTESIANPOINT((95850.,10170.,0.));
#11303=IFCCARTESIANPOINT((95850.,14840.,0.));
#11304=IFCPOLYLINE((#11302,#11303));
#11305=IFCSHAPEREPRESENTATION(#12,'Axis','Curve3D',(#11304));
#11306=IFCPRODUCTDEFINITIONSHAPE($,$,(#11305));
#11307=IFCCARTESIANPOINT((0.,0.,0.));
#11308=IFCAXIS2PLACEMENT3D(#11307,#8,#9);
#11309=IFCLOCALPLACEMENT(#31,#11308);
#11310=IFCBEAM('1x6yfnw5z0VfU9qPlI$L$0',$,'VS-530','IPE 200',$,#11309,#11306,'VS-530',$);
#11311=IFCRELASSOCIATESMATERIAL('2f2GVrptr9txpKpO4t8dX3',$,$,$,(#11310),#40);
#11312=IFCCARTESIANPOINT((95850.,14840.,0.));
#11313=IFCCARTESIANPOINT((95850.,19510.,0.));
#11314=IFCPOLYLINE((#11312,#11313));
#11315=IFCSHAPEREPRESENTATION(#12,'Axis','Curve3D',(#11314));
#11316=IFCPRODUCTDEFINITIONSHAPE($,$,(#11315));
#11317=IFCCARTESIANPOINT((0.,0.,0.));
#11318=IFCAXIS2PLACEMENT3D(#11317,#8,#9);
#11319=IFCLOCALPLACEMENT(#31,#11318);
#11320=IFCBEAM('0SbVcChB99RQ3t6oi6xdMD',$,'VS-531','IPE 200',$,#11319,#11316,'VS-531',$);
#11321=IFCRELASSOCIATESMATERIAL('33D7J8$kj1Gx9Jjxrt5Y6h',$,$,$,(#11320),#40);
#11322=IFCCARTESIANPOINT((96933.300000000003,5500.,0.));
#11323=IFCCARTESIANPOINT((96933.300000000003,10170.,0.));
#11324=IFCPOLYLINE((#11322,#11323));
#11325=IFCSHAPEREPRESENTATION(#12,'Axis','Curve3D',(#11324));
#11326=IFCPRODUCTDEFINITIONSHAPE($,$,(#11325));
#11327=IFCCARTESIANPOINT((0.,0.,0.));
#11328=IFCAXIS2PLACEMENT3D(#11327,#8,#9);
#11329=IFCLOCALPLACEMENT(#31,#11328);
#11330=IFCBEAM('125$Kxjef1If83nG3_CqCI',$,'VS-532','IPE 200',$,#11329,#11326,'VS-532',$);
#11331=IFCRELASSOCIATESMATERIAL('2$Xoinf3f1jefX4UwW_UAG',$,$,$,(#11330),#40);
#11332=IFCCARTESIANPOINT((96933.300000000003,10170.,0.));
#11333=IFCCARTESIANPOINT((96933.300000000003,14840.,0.));
#11334=IFCPOLYLINE((#11332,#11333));
#11335=IFCSHAPEREPRESENTATION(#12,'Axis','Curve3D',(#11334));
#11336=IFCPRODUCTDEFINITIONSHAPE($,$,(#11335));
#11337=IFCCARTESIANPOINT((0.,0.,0.));
#11338=IFCAXIS2PLACEMENT3D(#11337,#8,#9);
#11339=IFCLOCALPLACEMENT(#31,#11338);
#11340=IFCBEAM('0ul0vdSFzFqR5EdO_RFpJR',$,'VS-533','IPE 200',$,#11339,#11336,'VS-533',$);
#11341=IFCRELASSOCIATESMATERIAL('1XpY4jBHD1_BDWSK2_H2ch',$,$,$,(#11340),#40);
#11342=IFCCARTESIANPOINT((96933.300000000003,14840.,0.));
#11343=IFCCARTESIANPOINT((96933.300000000003,19510.,0.));
#11344=IFCPOLYLINE((#11342,#11343));
#11345=IFCSHAPEREPRESENTATION(#12,'Axis','Curve3D',(#11344));
#11346=IFCPRODUCTDEFINITIONSHAPE($,$,(#11345));
#11347=IFCCARTESIANPOINT((0.,0.,0.));
#11348=IFCAXIS2PLACEMENT3D(#11347,#8,#9);
#11349=IFCLOCALPLACEMENT(#31,#11348);
#11350=IFCBEAM('2g8U36Vi997B0CPu6Hf1cx',$,'VS-534','IPE 200',$,#11349,#11346,'VS-534',$);
#11351=IFCRELASSOCIATESMATERIAL('3Dk3j8riT3zvkW9opG7cMs',$,$,$,(#11350),#40);
#11352=IFCCARTESIANPOINT((98016.699999999997,5500.,0.));
#11353=IFCCARTESIANPOINT((98016.699999999997,10170.,0.));
#11354=IFCPOLYLINE((#11352,#11353));
#11355=IFCSHAPEREPRESENTATION(#12,'Axis','Curve3D',(#11354));
#11356=IFCPRODUCTDEFINITIONSHAPE($,$,(#11355));
#11357=IFCCARTESIANPOINT((0.,0.,0.));
#11358=IFCAXIS2PLACEMENT3D(#11357,#8,#9);
#11359=IFCLOCALPLACEMENT(#31,#11358);
#11360=IFCBEAM('2c1lfieIz6Yu00ifBTgO6d',$,'VS-535','IPE 240',$,#11359,#11356,'VS-535',$);
#11361=IFCRELASSOCIATESMATERIAL('1e165T80PA9v_MtBNlvo6g',$,$,$,(#11360),#40);
#11362=IFCCARTESIANPOINT((98016.699999999997,10170.,0.));
#11363=IFCCARTESIANPOINT((98016.699999999997,14840.,0.));
#11364=IFCPOLYLINE((#11362,#11363));
#11365=IFCSHAPEREPRESENTATION(#12,'Axis','Curve3D',(#11364));
#11366=IFCPRODUCTDEFINITIONSHAPE($,$,(#11365));
#11367=IFCCARTESIANPOINT((0.,0.,0.));
#11368=IFCAXIS2PLACEMENT3D(#11367,#8,#9);
#11369=IFCLOCALPLACEMENT(#31,#11368);
#11370=IFCBEAM('1wNIRw$hXDfRyBJk1HdZcK',$,'VS-536','IPE 240',$,#11369,#11366,'VS-536',$);
#11371=IFCRELASSOCIATESMATERIAL('0Y2_MRYQPBTfhEZ$zmGT32',$,$,$,(#11370),#40);
#11372=IFCCARTESIANPOINT((98016.699999999997,14840.,0.));
#11373=IFCCARTESIANPOINT((98016.699999999997,19510.,0.));
#11374=IFCPOLYLINE((#11372,#11373));
#11375=IFCSHAPEREPRESENTATION(#12,'Axis','Curve3D',(#11374));
#11376=IFCPRODUCTDEFINITIONSHAPE($,$,(#11375));
#11377=IFCCARTESIANPOINT((0.,0.,0.));
#11378=IFCAXIS2PLACEMENT3D(#11377,#8,#9);
#11379=IFCLOCALPLACEMENT(#31,#11378);
#11380=IFCBEAM('1MVo6fTc96AB_7SxaG8R92',$,'VS-537','IPE 240',$,#11379,#11376,'VS-537',$);
#11381=IFCRELASSOCIATESMATERIAL('1THFNsx2jEDRK$b$10v19l',$,$,$,(#11380),#40);
#11382=IFCCARTESIANPOINT((94225.,5500.,0.));
#11383=IFCCARTESIANPOINT((94225.,10170.,0.));
#11384=IFCPOLYLINE((#11382,#11383));
#11385=IFCSHAPEREPRESENTATION(#12,'Axis','Curve3D',(#11384));
#11386=IFCPRODUCTDEFINITIONSHAPE($,$,(#11385));
#11387=IFCCARTESIANPOINT((0.,0.,0.));
#11388=IFCAXIS2PLACEMENT3D(#11387,#8,#9);
#11389=IFCLOCALPLACEMENT(#35,#11388);
#11390=IFCBEAM('07zlKjZdHFKxlJH4owMbSa',$,'VS-538','IPE 160',$,#11389,#11386,'VS-538',$);
#11391=IFCRELASSOCIATESMATERIAL('3ujtcZzRn3Ufs0GrXHvS_1',$,$,$,(#11390),#40);
#11392=IFCCARTESIANPOINT((94225.,10170.,0.));
#11393=IFCCARTESIANPOINT((94225.,14840.,0.));
#11394=IFCPOLYLINE((#11392,#11393));
#11395=IFCSHAPEREPRESENTATION(#12,'Axis','Curve3D',(#11394));
#11396=IFCPRODUCTDEFINITIONSHAPE($,$,(#11395));
#11397=IFCCARTESIANPOINT((0.,0.,0.));
#11398=IFCAXIS2PLACEMENT3D(#11397,#8,#9);
#11399=IFCLOCALPLACEMENT(#35,#11398);
#11400=IFCBEAM('0EiyX$vAzEL9vtuhw9mInb',$,'VS-539','IPE 160',$,#11399,#11396,'VS-539',$);
#11401=IFCRELASSOCIATESMATERIAL('31VmcCNFf7M8B2kHxey9Ok',$,$,$,(#11400),#40);
#11402=IFCCARTESIANPOINT((94225.,14840.,0.));
#11403=IFCCARTESIANPOINT((94225.,19510.,0.));
#11404=IFCPOLYLINE((#11402,#11403));
#11405=IFCSHAPEREPRESENTATION(#12,'Axis','Curve3D',(#11404));
#11406=IFCPRODUCTDEFINITIONSHAPE($,$,(#11405));
#11407=IFCCARTESIANPOINT((0.,0.,0.));
#11408=IFCAXIS2PLACEMENT3D(#11407,#8,#9);
#11409=IFCLOCALPLACEMENT(#35,#11408);
#11410=IFCBEAM('1T3KEGL7X6$eH2bGlT85vK',$,'VS-540','IPE 160',$,#11409,#11406,'VS-540',$);
#11411=IFCRELASSOCIATESMATERIAL('2YcyyNh2P9sgerKfbDJGoc',$,$,$,(#11410),#40);
#11412=IFCCARTESIANPOINT((95850.,5500.,0.));
#11413=IFCCARTESIANPOINT((95850.,10170.,0.));
#11414=IFCPOLYLINE((#11412,#11413));
#11415=IFCSHAPEREPRESENTATION(#12,'Axis','Curve3D',(#11414));
#11416=IFCPRODUCTDEFINITIONSHAPE($,$,(#11415));
#11417=IFCCARTESIANPOINT((0.,0.,0.));
#11418=IFCAXIS2PLACEMENT3D(#11417,#8,#9);
#11419=IFCLOCALPLACEMENT(#35,#11418);
#11420=IFCBEAM('3Xbpy0riL8ieQyFYny4BQd',$,'VS-541','IPE 160',$,#11419,#11416,'VS-541',$);
#11421=IFCRELASSOCIATESMATERIAL('1HhQlZN612VhF8op0sRP8m',$,$,$,(#11420),#40);
#11422=IFCCARTESIANPOINT((95850.,10170.,0.));
#11423=IFCCARTESIANPOINT((95850.,14840.,0.));
#11424=IFCPOLYLINE((#11422,#11423));
#11425=IFCSHAPEREPRESENTATION(#12,'Axis','Curve3D',(#11424));
#11426=IFCPRODUCTDEFINITIONSHAPE($,$,(#11425));
#11427=IFCCARTESIANPOINT((0.,0.,0.));
#11428=IFCAXIS2PLACEMENT3D(#11427,#8,#9);
#11429=IFCLOCALPLACEMENT(#35,#11428);
#11430=IFCBEAM('1IZKqFjTXAF9p_Ex$nB4j_',$,'VS-542','IPE 160',$,#11429,#11426,'VS-542',$);
#11431=IFCRELASSOCIATESMATERIAL('3A9da8aIPCxvlaDiujlamt',$,$,$,(#11430),#40);
#11432=IFCCARTESIANPOINT((95850.,14840.,0.));
#11433=IFCCARTESIANPOINT((95850.,19510.,0.));
#11434=IFCPOLYLINE((#11432,#11433));
#11435=IFCSHAPEREPRESENTATION(#12,'Axis','Curve3D',(#11434));
#11436=IFCPRODUCTDEFINITIONSHAPE($,$,(#11435));
#11437=IFCCARTESIANPOINT((0.,0.,0.));
#11438=IFCAXIS2PLACEMENT3D(#11437,#8,#9);
#11439=IFCLOCALPLACEMENT(#35,#11438);
#11440=IFCBEAM('2sBAu1qdHECBKprSEf8wX7',$,'VS-543','IPE 160',$,#11439,#11436,'VS-543',$);
#11441=IFCRELASSOCIATESMATERIAL('2QoIof3kT6Nvsw4oU4Grxy',$,$,$,(#11440),#40);
#11442=IFCCARTESIANPOINT((97475.,5500.,0.));
#11443=IFCCARTESIANPOINT((97475.,10170.,0.));
#11444=IFCPOLYLINE((#11442,#11443));
#11445=IFCSHAPEREPRESENTATION(#12,'Axis','Curve3D',(#11444));
#11446=IFCPRODUCTDEFINITIONSHAPE($,$,(#11445));
#11447=IFCCARTESIANPOINT((0.,0.,0.));
#11448=IFCAXIS2PLACEMENT3D(#11447,#8,#9);
#11449=IFCLOCALPLACEMENT(#35,#11448);
#11450=IFCBEAM('0VaXRf3cv4ERZi1g9vMHqc',$,'VS-544','IPE 160',$,#11449,#11446,'VS-544',$);
#11451=IFCRELASSOCIATESMATERIAL('2hTrt_hSP65wePu0coFyyT',$,$,$,(#11450),#40);
#11452=IFCCARTESIANPOINT((97475.,10170.,0.));
#11453=IFCCARTESIANPOINT((97475.,14840.,0.));
#11454=IFCPOLYLINE((#11452,#11453));
#11455=IFCSHAPEREPRESENTATION(#12,'Axis','Curve3D',(#11454));
#11456=IFCPRODUCTDEFINITIONSHAPE($,$,(#11455));
#11457=IFCCARTESIANPOINT((0.,0.,0.));
#11458=IFCAXIS2PLACEMENT3D(#11457,#8,#9);
#11459=IFCLOCALPLACEMENT(#35,#11458);
#11460=IFCBEAM('3EsQ41nVX0Ow$6qM8Mj9jR',$,'VS-545','IPE 160',$,#11459,#11456,'VS-545',$);
#11461=IFCRELASSOCIATESMATERIAL('0OxgA5S8v8sOFgbq2zkVMS',$,$,$,(#11460),#40);
#11462=IFCCARTESIANPOINT((97475.,14840.,0.));
#11463=IFCCARTESIANPOINT((97475.,19510.,0.));
#11464=IFCPOLYLINE((#11462,#11463));
#11465=IFCSHAPEREPRESENTATION(#12,'Axis','Curve3D',(#11464));
#11466=IFCPRODUCTDEFINITIONSHAPE($,$,(#11465));
#11467=IFCCARTESIANPOINT((0.,0.,0.));
#11468=IFCAXIS2PLACEMENT3D(#11467,#8,#9);
#11469=IFCLOCALPLACEMENT(#35,#11468);
#11470=IFCBEAM('0L20kM0Uv6Ue9M2Era_OMX',$,'VS-546','IPE 160',$,#11469,#11466,'VS-546',$);
#11471=IFCRELASSOCIATESMATERIAL('1$x71Ll2r1M9a7KivWg2Pf',$,$,$,(#11470),#40);
#11472=IFCCARTESIANPOINT((100183.3,5500.,0.));
#11473=IFCCARTESIANPOINT((100183.3,10170.,0.));
#11474=IFCPOLYLINE((#11472,#11473));
#11475=IFCSHAPEREPRESENTATION(#12,'Axis','Curve3D',(#11474));
#11476=IFCPRODUCTDEFINITIONSHAPE($,$,(#11475));
#11477=IFCCARTESIANPOINT((0.,0.,0.));
#11478=IFCAXIS2PLACEMENT3D(#11477,#8,#9);
#11479=IFCLOCALPLACEMENT(#27,#11478);
#11480=IFCBEAM('1IrN04RYjCJedH41yixC69',$,'VS-547','IPE 240',$,#11479,#11476,'VS-547',$);
#11481=IFCRELASSOCIATESMATERIAL('2wac4me41F6BB31FxeATl_',$,$,$,(#11480),#40);
#11482=IFCCARTESIANPOINT((100183.3,10170.,0.));
#11483=IFCCARTESIANPOINT((100183.3,14840.,0.));
#11484=IFCPOLYLINE((#11482,#11483));
#11485=IFCSHAPEREPRESENTATION(#12,'Axis','Curve3D',(#11484));
#11486=IFCPRODUCTDEFINITIONSHAPE($,$,(#11485));
#11487=IFCCARTESIANPOINT((0.,0.,0.));
#11488=IFCAXIS2PLACEMENT3D(#11487,#8,#9);
#11489=IFCLOCALPLACEMENT(#27,#11488);
#11490=IFCBEAM('2D1LVPEUP11PXb9zA3BYSi',$,'VS-548','IPE 240',$,#11489,#11486,'VS-548',$);
#11491=IFCRELASSOCIATESMATERIAL('1COh334SLFuwR6iDLRwokA',$,$,$,(#11490),#40);
#11492=IFCCARTESIANPOINT((100183.3,14840.,0.));
#11493=IFCCARTESIANPOINT((100183.3,19510.,0.));
#11494=IFCPOLYLINE((#11492,#11493));
#11495=IFCSHAPEREPRESENTATION(#12,'Axis','Curve3D',(#11494));
#11496=IFCPRODUCTDEFINITIONSHAPE($,$,(#11495));
#11497=IFCCARTESIANPOINT((0.,0.,0.));
#11498=IFCAXIS2PLACEMENT3D(#11497,#8,#9);
#11499=IFCLOCALPLACEMENT(#27,#11498);
#11500=IFCBEAM('3w6BHi3jLDtQu9VHoUtI0i',$,'VS-549','IPE 240',$,#11499,#11496,'VS-549',$);
#11501=IFCRELASSOCIATESMATERIAL('2vHFHf90f8uA5BcYy1UlFv',$,$,$,(#11500),#40);
#11502=IFCCARTESIANPOINT((101266.7,5500.,0.));
#11503=IFCCARTESIANPOINT((101266.7,10170.,0.));
#11504=IFCPOLYLINE((#11502,#11503));
#11505=IFCSHAPEREPRESENTATION(#12,'Axis','Curve3D',(#11504));
#11506=IFCPRODUCTDEFINITIONSHAPE($,$,(#11505));
#11507=IFCCARTESIANPOINT((0.,0.,0.));
#11508=IFCAXIS2PLACEMENT3D(#11507,#8,#9);
#11509=IFCLOCALPLACEMENT(#27,#11508);
#11510=IFCBEAM('0hCiyAjPTBbOsSySgV_6jS',$,'VS-550','IPE 200',$,#11509,#11506,'VS-550',$);
#11511=IFCRELASSOCIATESMATERIAL('0HUoS6_m53fRLZoYlYDbXF',$,$,$,(#11510),#40);
#11512=IFCCARTESIANPOINT((101266.7,10170.,0.));
#11513=IFCCARTESIANPOINT((101266.7,14840.,0.));
#11514=IFCPOLYLINE((#11512,#11513));
#11515=IFCSHAPEREPRESENTATION(#12,'Axis','Curve3D',(#11514));
#11516=IFCPRODUCTDEFINITIONSHAPE($,$,(#11515));
#11517=IFCCARTESIANPOINT((0.,0.,0.));
#11518=IFCAXIS2PLACEMENT3D(#11517,#8,#9);
#11519=IFCLOCALPLACEMENT(#27,#11518);
#11520=IFCBEAM('0jbka7v3j1uAjOlDiyLHYI',$,'VS-551','IPE 200',$,#11519,#11516,'VS-551',$);
#11521=IFCRELASSOCIATESMATERIAL('1kFwV3SvL8ihm0dX5e9Xjd',$,$,$,(#11520),#40);
#11522=IFCCARTESIANPOINT((101266.7,14840.,0.));
#11523=IFCCARTESIANPOINT((101266.7,19510.,0.));
#11524=IFCPOLYLINE((#11522,#11523));
#11525=IFCSHAPEREPRESENTATION(#12,'Axis','Curve3D',(#11524));
#11526=IFCPRODUCTDEFINITIONSHAPE($,$,(#11525));
#11527=IFCCARTESIANPOINT((0.,0.,0.));
#11528=IFCAXIS2PLACEMENT3D(#11527,#8,#9);
#11529=IFCLOCALPLACEMENT(#27,#11528);
#11530=IFCBEAM('0itBhm7arFVfG8av2JWQUU',$,'VS-552','IPE 200',$,#11529,#11526,'VS-552',$);
#11531=IFCRELASSOCIATESMATERIAL('18$2rYzQ57kP7Aw0dGGPVG',$,$,$,(#11530),#40);
#11532=IFCCARTESIANPOINT((102350.,5500.,0.));
#11533=IFCCARTESIANPOINT((102350.,10170.,0.));
#11534=IFCPOLYLINE((#11532,#11533));
#11535=IFCSHAPEREPRESENTATION(#12,'Axis','Curve3D',(#11534));
#11536=IFCPRODUCTDEFINITIONSHAPE($,$,(#11535));
#11537=IFCCARTESIANPOINT((0.,0.,0.));
#11538=IFCAXIS2PLACEMENT3D(#11537,#8,#9);
#11539=IFCLOCALPLACEMENT(#27,#11538);
#11540=IFCBEAM('3qTqxQ_g5AxeJDpITW1hpl',$,'VS-553','IPE 200',$,#11539,#11536,'VS-553',$);
#11541=IFCRELASSOCIATESMATERIAL('2xhXYquT1C7xPSGAezUNEf',$,$,$,(#11540),#40);
#11542=IFCCARTESIANPOINT((102350.,10170.,0.));
#11543=IFCCARTESIANPOINT((102350.,14840.,0.));
#11544=IFCPOLYLINE((#11542,#11543));
#11545=IFCSHAPEREPRESENTATION(#12,'Axis','Curve3D',(#11544));
#11546=IFCPRODUCTDEFINITIONSHAPE($,$,(#11545));
#11547=IFCCARTESIANPOINT((0.,0.,0.));
#11548=IFCAXIS2PLACEMENT3D(#11547,#8,#9);
#11549=IFCLOCALPLACEMENT(#27,#11548);
#11550=IFCBEAM('0VB__J0v56a8GsFdygTnnv',$,'VS-554','IPE 200',$,#11549,#11546,'VS-554',$);
#11551=IFCRELASSOCIATESMATERIAL('03nSlu3Ln4xxMQJ10l84FC',$,$,$,(#11550),#40);
#11552=IFCCARTESIANPOINT((102350.,14840.,0.));
#11553=IFCCARTESIANPOINT((102350.,19510.,0.));
#11554=IFCPOLYLINE((#11552,#11553));
#11555=IFCSHAPEREPRESENTATION(#12,'Axis','Curve3D',(#11554));
#11556=IFCPRODUCTDEFINITIONSHAPE($,$,(#11555));
#11557=IFCCARTESIANPOINT((0.,0.,0.));
#11558=IFCAXIS2PLACEMENT3D(#11557,#8,#9);
#11559=IFCLOCALPLACEMENT(#27,#11558);
#11560=IFCBEAM('1VD2bYtcD18e67ozDBI0tE',$,'VS-555','IPE 200',$,#11559,#11556,'VS-555',$);
#11561=IFCRELASSOCIATESMATERIAL('3vlH4lKYTBSQygkgbls0at',$,$,$,(#11560),#40);
#11562=IFCCARTESIANPOINT((103433.3,5500.,0.));
#11563=IFCCARTESIANPOINT((103433.3,10170.,0.));
#11564=IFCPOLYLINE((#11562,#11563));
#11565=IFCSHAPEREPRESENTATION(#12,'Axis','Curve3D',(#11564));
#11566=IFCPRODUCTDEFINITIONSHAPE($,$,(#11565));
#11567=IFCCARTESIANPOINT((0.,0.,0.));
#11568=IFCAXIS2PLACEMENT3D(#11567,#8,#9);
#11569=IFCLOCALPLACEMENT(#27,#11568);
#11570=IFCBEAM('0rZC9F4VT7de8UMKQNyAE8',$,'VS-556','IPE 200',$,#11569,#11566,'VS-556',$);
#11571=IFCRELASSOCIATESMATERIAL('0XnvZf9in4rAOq8l$W8GHg',$,$,$,(#11570),#40);
#11572=IFCCARTESIANPOINT((103433.3,10170.,0.));
#11573=IFCCARTESIANPOINT((103433.3,14840.,0.));
#11574=IFCPOLYLINE((#11572,#11573));
#11575=IFCSHAPEREPRESENTATION(#12,'Axis','Curve3D',(#11574));
#11576=IFCPRODUCTDEFINITIONSHAPE($,$,(#11575));
#11577=IFCCARTESIANPOINT((0.,0.,0.));
#11578=IFCAXIS2PLACEMENT3D(#11577,#8,#9);
#11579=IFCLOCALPLACEMENT(#27,#11578);
#11580=IFCBEAM('2UMorWk2z34g7Iopj6XK$M',$,'VS-557','IPE 200',$,#11579,#11576,'VS-557',$);
#11581=IFCRELASSOCIATESMATERIAL('2JKpkA9jTB6x0rSQa2dQT8',$,$,$,(#11580),#40);
#11582=IFCCARTESIANPOINT((103433.3,14840.,0.));
#11583=IFCCARTESIANPOINT((103433.3,19510.,0.));
#11584=IFCPOLYLINE((#11582,#11583));
#11585=IFCSHAPEREPRESENTATION(#12,'Axis','Curve3D',(#11584));
#11586=IFCPRODUCTDEFINITIONSHAPE($,$,(#11585));
#11587=IFCCARTESIANPOINT((0.,0.,0.));
#11588=IFCAXIS2PLACEMENT3D(#11587,#8,#9);
#11589=IFCLOCALPLACEMENT(#27,#11588);
#11590=IFCBEAM('3Y10rIro91aPKFS0lPibtV',$,'VS-558','IPE 200',$,#11589,#11586,'VS-558',$);
#11591=IFCRELASSOCIATESMATERIAL('2YaluQY$96dAogMsl63AGe',$,$,$,(#11590),#40);
#11592=IFCCARTESIANPOINT((104516.7,5500.,0.));
#11593=IFCCARTESIANPOINT((104516.7,10170.,0.));
#11594=IFCPOLYLINE((#11592,#11593));
#11595=IFCSHAPEREPRESENTATION(#12,'Axis','Curve3D',(#11594));
#11596=IFCPRODUCTDEFINITIONSHAPE($,$,(#11595));
#11597=IFCCARTESIANPOINT((0.,0.,0.));
#11598=IFCAXIS2PLACEMENT3D(#11597,#8,#9);
#11599=IFCLOCALPLACEMENT(#27,#11598);
#11600=IFCBEAM('16lxkBxcrByeantOBnOAov',$,'VS-559','IPE 240',$,#11599,#11596,'VS-559',$);
#11601=IFCRELASSOCIATESMATERIAL('2buPGH8FT2meDj5zlcD2A1',$,$,$,(#11600),#40);
#11602=IFCCARTESIANPOINT((104516.7,10170.,0.));
#11603=IFCCARTESIANPOINT((104516.7,14840.,0.));
#11604=IFCPOLYLINE((#11602,#11603));
#11605=IFCSHAPEREPRESENTATION(#12,'Axis','Curve3D',(#11604));
#11606=IFCPRODUCTDEFINITIONSHAPE($,$,(#11605));
#11607=IFCCARTESIANPOINT((0.,0.,0.));
#11608=IFCAXIS2PLACEMENT3D(#11607,#8,#9);
#11609=IFCLOCALPLACEMENT(#27,#11608);
#11610=IFCBEAM('2f4S9gCWD1B8qhRCrScrK1',$,'VS-560','IPE 240',$,#11609,#11606,'VS-560',$);
#11611=IFCRELASSOCIATESMATERIAL('2QRUlKoc50$vBM6JazDE4f',$,$,$,(#11610),#40);
#11612=IFCCARTESIANPOINT((104516.7,14840.,0.));
#11613=IFCCARTESIANPOINT((104516.7,19510.,0.));
#11614=IFCPOLYLINE((#11612,#11613));
#11615=IFCSHAPEREPRESENTATION(#12,'Axis','Curve3D',(#11614));
#11616=IFCPRODUCTDEFINITIONSHAPE($,$,(#11615));
#11617=IFCCARTESIANPOINT((0.,0.,0.));
#11618=IFCAXIS2PLACEMENT3D(#11617,#8,#9);
#11619=IFCLOCALPLACEMENT(#27,#11618);
#11620=IFCBEAM('282hm$p7LFzv49LVqgLxJV',$,'VS-561','IPE 240',$,#11619,#11616,'VS-561',$);
#11621=IFCRELASSOCIATESMATERIAL('2cf8i5YCPDJBT5Ua4eJ0u1',$,$,$,(#11620),#40);
#11622=IFCCARTESIANPOINT((100183.3,5500.,0.));
#11623=IFCCARTESIANPOINT((100183.3,10170.,0.));
#11624=IFCPOLYLINE((#11622,#11623));
#11625=IFCSHAPEREPRESENTATION(#12,'Axis','Curve3D',(#11624));
#11626=IFCPRODUCTDEFINITIONSHAPE($,$,(#11625));
#11627=IFCCARTESIANPOINT((0.,0.,0.));
#11628=IFCAXIS2PLACEMENT3D(#11627,#8,#9);
#11629=IFCLOCALPLACEMENT(#31,#11628);
#11630=IFCBEAM('2wO40VA2P1Vf2ZUg3ADMSH',$,'VS-562','IPE 240',$,#11629,#11626,'VS-562',$);
#11631=IFCRELASSOCIATESMATERIAL('1cdHBIl1rDiRms_4BAbsOD',$,$,$,(#11630),#40);
#11632=IFCCARTESIANPOINT((100183.3,10170.,0.));
#11633=IFCCARTESIANPOINT((100183.3,14840.,0.));
#11634=IFCPOLYLINE((#11632,#11633));
#11635=IFCSHAPEREPRESENTATION(#12,'Axis','Curve3D',(#11634));
#11636=IFCPRODUCTDEFINITIONSHAPE($,$,(#11635));
#11637=IFCCARTESIANPOINT((0.,0.,0.));
#11638=IFCAXIS2PLACEMENT3D(#11637,#8,#9);
#11639=IFCLOCALPLACEMENT(#31,#11638);
#11640=IFCBEAM('0F0K7nsbn2HvgslAXBUNf2',$,'VS-563','IPE 240',$,#11639,#11636,'VS-563',$);
#11641=IFCRELASSOCIATESMATERIAL('1W$$jyE3T3DQJKgdiY46t$',$,$,$,(#11640),#40);
#11642=IFCCARTESIANPOINT((100183.3,14840.,0.));
#11643=IFCCARTESIANPOINT((100183.3,19510.,0.));
#11644=IFCPOLYLINE((#11642,#11643));
#11645=IFCSHAPEREPRESENTATION(#12,'Axis','Curve3D',(#11644));
#11646=IFCPRODUCTDEFINITIONSHAPE($,$,(#11645));
#11647=IFCCARTESIANPOINT((0.,0.,0.));
#11648=IFCAXIS2PLACEMENT3D(#11647,#8,#9);
#11649=IFCLOCALPLACEMENT(#31,#11648);
#11650=IFCBEAM('1mNoSj20H7rAHY8SJXNOV7',$,'VS-564','IPE 240',$,#11649,#11646,'VS-564',$);
#11651=IFCRELASSOCIATESMATERIAL('1_qTREx_50cRsAHhPsOEaS',$,$,$,(#11650),#40);
#11652=IFCCARTESIANPOINT((101266.7,5500.,0.));
#11653=IFCCARTESIANPOINT((101266.7,10170.,0.));
#11654=IFCPOLYLINE((#11652,#11653));
#11655=IFCSHAPEREPRESENTATION(#12,'Axis','Curve3D',(#11654));
#11656=IFCPRODUCTDEFINITIONSHAPE($,$,(#11655));
#11657=IFCCARTESIANPOINT((0.,0.,0.));
#11658=IFCAXIS2PLACEMENT3D(#11657,#8,#9);
#11659=IFCLOCALPLACEMENT(#31,#11658);
#11660=IFCBEAM('2Cv5zm385C2OlnvDXFl_2M',$,'VS-565','IPE 200',$,#11659,#11656,'VS-565',$);
#11661=IFCRELASSOCIATESMATERIAL('2ez7sdBUP6tRu6u31xizSt',$,$,$,(#11660),#40);
#11662=IFCCARTESIANPOINT((101266.7,10170.,0.));
#11663=IFCCARTESIANPOINT((101266.7,14840.,0.));
#11664=IFCPOLYLINE((#11662,#11663));
#11665=IFCSHAPEREPRESENTATION(#12,'Axis','Curve3D',(#11664));
#11666=IFCPRODUCTDEFINITIONSHAPE($,$,(#11665));
#11667=IFCCARTESIANPOINT((0.,0.,0.));
#11668=IFCAXIS2PLACEMENT3D(#11667,#8,#9);
#11669=IFCLOCALPLACEMENT(#31,#11668);
#11670=IFCBEAM('1ue0IRHCT0kOow$H6Iz2C3',$,'VS-566','IPE 200',$,#11669,#11666,'VS-566',$);
#11671=IFCRELASSOCIATESMATERIAL('3sA8$Qnv59D9hgzCDciEnM',$,$,$,(#11670),#40);
#11672=IFCCARTESIANPOINT((101266.7,14840.,0.));
#11673=IFCCARTESIANPOINT((101266.7,19510.,0.));
#11674=IFCPOLYLINE((#11672,#11673));
#11675=IFCSHAPEREPRESENTATION(#12,'Axis','Curve3D',(#11674));
#11676=IFCPRODUCTDEFINITIONSHAPE($,$,(#11675));
#11677=IFCCARTESIANPOINT((0.,0.,0.));
#11678=IFCAXIS2PLACEMENT3D(#11677,#8,#9);
#11679=IFCLOCALPLACEMENT(#31,#11678);
#11680=IFCBEAM('0hGrlQsmPAA8bZ4E5xAtpk',$,'VS-567','IPE 200',$,#11679,#11676,'VS-567',$);
#11681=IFCRELASSOCIATESMATERIAL('1HdycojPLB$8RRIKVp6dLk',$,$,$,(#11680),#40);
#11682=IFCCARTESIANPOINT((102350.,5500.,0.));
#11683=IFCCARTESIANPOINT((102350.,10170.,0.));
#11684=IFCPOLYLINE((#11682,#11683));
#11685=IFCSHAPEREPRESENTATION(#12,'Axis','Curve3D',(#11684));
#11686=IFCPRODUCTDEFINITIONSHAPE($,$,(#11685));
#11687=IFCCARTESIANPOINT((0.,0.,0.));
#11688=IFCAXIS2PLACEMENT3D(#11687,#8,#9);
#11689=IFCLOCALPLACEMENT(#31,#11688);
#11690=IFCBEAM('1iEdlAJ1n5AhNXdxI09BFn',$,'VS-568','IPE 200',$,#11689,#11686,'VS-568',$);
#11691=IFCRELASSOCIATESMATERIAL('3P6NAu8_56Feafn9E3lOES',$,$,$,(#11690),#40);
#11692=IFCCARTESIANPOINT((102350.,10170.,0.));
#11693=IFCCARTESIANPOINT((102350.,14840.,0.));
#11694=IFCPOLYLINE((#11692,#11693));
#11695=IFCSHAPEREPRESENTATION(#12,'Axis','Curve3D',(#11694));
#11696=IFCPRODUCTDEFINITIONSHAPE($,$,(#11695));
#11697=IFCCARTESIANPOINT((0.,0.,0.));
#11698=IFCAXIS2PLACEMENT3D(#11697,#8,#9);
#11699=IFCLOCALPLACEMENT(#31,#11698);
#11700=IFCBEAM('0CGEmsP0X3rvegtUyWhlDB',$,'VS-569','IPE 200',$,#11699,#11696,'VS-569',$);
#11701=IFCRELASSOCIATESMATERIAL('1VQcri30DB39Dld1tPwAGD',$,$,$,(#11700),#40);
#11702=IFCCARTESIANPOINT((102350.,14840.,0.));
#11703=IFCCARTESIANPOINT((102350.,19510.,0.));
#11704=IFCPOLYLINE((#11702,#11703));
#11705=IFCSHAPEREPRESENTATION(#12,'Axis','Curve3D',(#11704));
#11706=IFCPRODUCTDEFINITIONSHAPE($,$,(#11705));
#11707=IFCCARTESIANPOINT((0.,0.,0.));
#11708=IFCAXIS2PLACEMENT3D(#11707,#8,#9);
#11709=IFCLOCALPLACEMENT(#31,#11708);
#11710=IFCBEAM('2g1uB87M16AQrJ76ps2So4',$,'VS-570','IPE 200',$,#11709,#11706,'VS-570',$);
#11711=IFCRELASSOCIATESMATERIAL('3SVTpcXqn0CeIhApMkwi7Z',$,$,$,(#11710),#40);
#11712=IFCCARTESIANPOINT((103433.3,5500.,0.));
#11713=IFCCARTESIANPOINT((103433.3,10170.,0.));
#11714=IFCPOLYLINE((#11712,#11713));
#11715=IFCSHAPEREPRESENTATION(#12,'Axis','Curve3D',(#11714));
#11716=IFCPRODUCTDEFINITIONSHAPE($,$,(#11715));
#11717=IFCCARTESIANPOINT((0.,0.,0.));
#11718=IFCAXIS2PLACEMENT3D(#11717,#8,#9);
#11719=IFCLOCALPLACEMENT(#31,#11718);
#11720=IFCBEAM('1NKUKXHbbDM988Cx3$f03c',$,'VS-571','IPE 200',$,#11719,#11716,'VS-571',$);
#11721=IFCRELASSOCIATESMATERIAL('0LmEoKZKf5UPxRmOho8O9N',$,$,$,(#11720),#40);
#11722=IFCCARTESIANPOINT((103433.3,10170.,0.));
#11723=IFCCARTESIANPOINT((103433.3,14840.,0.));
#11724=IFCPOLYLINE((#11722,#11723));
#11725=IFCSHAPEREPRESENTATION(#12,'Axis','Curve3D',(#11724));
#11726=IFCPRODUCTDEFINITIONSHAPE($,$,(#11725));
#11727=IFCCARTESIANPOINT((0.,0.,0.));
#11728=IFCAXIS2PLACEMENT3D(#11727,#8,#9);
#11729=IFCLOCALPLACEMENT(#31,#11728);
#11730=IFCBEAM('1Vo3HI$iL2$hU8BcLLw8IL',$,'VS-572','IPE 200',$,#11729,#11726,'VS-572',$);
#11731=IFCRELASSOCIATESMATERIAL('0gv$nMQfbCX8PMedWhBCuA',$,$,$,(#11730),#40);
#11732=IFCCARTESIANPOINT((103433.3,14840.,0.));
#11733=IFCCARTESIANPOINT((103433.3,19510.,0.));
#11734=IFCPOLYLINE((#11732,#11733));
#11735=IFCSHAPEREPRESENTATION(#12,'Axis','Curve3D',(#11734));
#11736=IFCPRODUCTDEFINITIONSHAPE($,$,(#11735));
#11737=IFCCARTESIANPOINT((0.,0.,0.));
#11738=IFCAXIS2PLACEMENT3D(#11737,#8,#9);
#11739=IFCLOCALPLACEMENT(#31,#11738);
#11740=IFCBEAM('1gHY6Hzov7QPRQbv$JQMcN',$,'VS-573','IPE 200',$,#11739,#11736,'VS-573',$);
#11741=IFCRELASSOCIATESMATERIAL('1iutzQDHX3sfkUDRcuXsaN',$,$,$,(#11740),#40);
#11742=IFCCARTESIANPOINT((104516.7,5500.,0.));
#11743=IFCCARTESIANPOINT((104516.7,10170.,0.));
#11744=IFCPOLYLINE((#11742,#11743));
#11745=IFCSHAPEREPRESENTATION(#12,'Axis','Curve3D',(#11744));
#11746=IFCPRODUCTDEFINITIONSHAPE($,$,(#11745));
#11747=IFCCARTESIANPOINT((0.,0.,0.));
#11748=IFCAXIS2PLACEMENT3D(#11747,#8,#9);
#11749=IFCLOCALPLACEMENT(#31,#11748);
#11750=IFCBEAM('2wXT_quUL4CBwbN2OFLHLh',$,'VS-574','IPE 240',$,#11749,#11746,'VS-574',$);
#11751=IFCRELASSOCIATESMATERIAL('1HVG$aCibBGf3NZiLvsmcU',$,$,$,(#11750),#40);
#11752=IFCCARTESIANPOINT((104516.7,10170.,0.));
#11753=IFCCARTESIANPOINT((104516.7,14840.,0.));
#11754=IFCPOLYLINE((#11752,#11753));
#11755=IFCSHAPEREPRESENTATION(#12,'Axis','Curve3D',(#11754));
#11756=IFCPRODUCTDEFINITIONSHAPE($,$,(#11755));
#11757=IFCCARTESIANPOINT((0.,0.,0.));
#11758=IFCAXIS2PLACEMENT3D(#11757,#8,#9);
#11759=IFCLOCALPLACEMENT(#31,#11758);
#11760=IFCBEAM('3WGg0miFP8CRjIn9da_c9u',$,'VS-575','IPE 240',$,#11759,#11756,'VS-575',$);
#11761=IFCRELASSOCIATESMATERIAL('00EBYqlRf7tvv8aU0E_bEW',$,$,$,(#11760),#40);
#11762=IFCCARTESIANPOINT((104516.7,14840.,0.));
#11763=IFCCARTESIANPOINT((104516.7,19510.,0.));
#11764=IFCPOLYLINE((#11762,#11763));
#11765=IFCSHAPEREPRESENTATION(#12,'Axis','Curve3D',(#11764));
#11766=IFCPRODUCTDEFINITIONSHAPE($,$,(#11765));
#11767=IFCCARTESIANPOINT((0.,0.,0.));
#11768=IFCAXIS2PLACEMENT3D(#11767,#8,#9);
#11769=IFCLOCALPLACEMENT(#31,#11768);
#11770=IFCBEAM('1GF7kRP69CFRBmO1OlwAri',$,'VS-576','IPE 240',$,#11769,#11766,'VS-576',$);
#11771=IFCRELASSOCIATESMATERIAL('3kA$uZS6P4YeW89boM6JqB',$,$,$,(#11770),#40);
#11772=IFCCARTESIANPOINT((100725.,5500.,0.));
#11773=IFCCARTESIANPOINT((100725.,10170.,0.));
#11774=IFCPOLYLINE((#11772,#11773));
#11775=IFCSHAPEREPRESENTATION(#12,'Axis','Curve3D',(#11774));
#11776=IFCPRODUCTDEFINITIONSHAPE($,$,(#11775));
#11777=IFCCARTESIANPOINT((0.,0.,0.));
#11778=IFCAXIS2PLACEMENT3D(#11777,#8,#9);
#11779=IFCLOCALPLACEMENT(#35,#11778);
#11780=IFCBEAM('0wSK9iy317G8cuiFIoxkwT',$,'VS-577','IPE 160',$,#11779,#11776,'VS-577',$);
#11781=IFCRELASSOCIATESMATERIAL('3Gtb5Es5P0tgwCNGCxLfWC',$,$,$,(#11780),#40);
#11782=IFCCARTESIANPOINT((100725.,10170.,0.));
#11783=IFCCARTESIANPOINT((100725.,14840.,0.));
#11784=IFCPOLYLINE((#11782,#11783));
#11785=IFCSHAPEREPRESENTATION(#12,'Axis','Curve3D',(#11784));
#11786=IFCPRODUCTDEFINITIONSHAPE($,$,(#11785));
#11787=IFCCARTESIANPOINT((0.,0.,0.));
#11788=IFCAXIS2PLACEMENT3D(#11787,#8,#9);
#11789=IFCLOCALPLACEMENT(#35,#11788);
#11790=IFCBEAM('2ApqRlD6TEMBSE_E3$CbMr',$,'VS-578','IPE 160',$,#11789,#11786,'VS-578',$);
#11791=IFCRELASSOCIATESMATERIAL('12opL7bp9FxfTFQNeBsGOc',$,$,$,(#11790),#40);
#11792=IFCCARTESIANPOINT((100725.,14840.,0.));
#11793=IFCCARTESIANPOINT((100725.,19510.,0.));
#11794=IFCPOLYLINE((#11792,#11793));
#11795=IFCSHAPEREPRESENTATION(#12,'Axis','Curve3D',(#11794));
#11796=IFCPRODUCTDEFINITIONSHAPE($,$,(#11795));
#11797=IFCCARTESIANPOINT((0.,0.,0.));
#11798=IFCAXIS2PLACEMENT3D(#11797,#8,#9);
#11799=IFCLOCALPLACEMENT(#35,#11798);
#11800=IFCBEAM('0Oq_OEU91F1B54_kOsDWFI',$,'VS-579','IPE 160',$,#11799,#11796,'VS-579',$);
#11801=IFCRELASSOCIATESMATERIAL('1NaAMc$Mr9wvdOezbZAVXx',$,$,$,(#11800),#40);
#11802=IFCCARTESIANPOINT((102350.,5500.,0.));
#11803=IFCCARTESIANPOINT((102350.,10170.,0.));
#11804=IFCPOLYLINE((#11802,#11803));
#11805=IFCSHAPEREPRESENTATION(#12,'Axis','Curve3D',(#11804));
#11806=IFCPRODUCTDEFINITIONSHAPE($,$,(#11805));
#11807=IFCCARTESIANPOINT((0.,0.,0.));
#11808=IFCAXIS2PLACEMENT3D(#11807,#8,#9);
#11809=IFCLOCALPLACEMENT(#35,#11808);
#11810=IFCBEAM('0EL3SGF2H15RPU_BMGfdZG',$,'VS-580','IPE 160',$,#11809,#11806,'VS-580',$);
#11811=IFCRELASSOCIATESMATERIAL('3VdVEX3BfA7f$JQqjwfmyy',$,$,$,(#11810),#40);
#11812=IFCCARTESIANPOINT((102350.,10170.,0.));
#11813=IFCCARTESIANPOINT((102350.,14840.,0.));
#11814=IFCPOLYLINE((#11812,#11813));
#11815=IFCSHAPEREPRESENTATION(#12,'Axis','Curve3D',(#11814));
#11816=IFCPRODUCTDEFINITIONSHAPE($,$,(#11815));
#11817=IFCCARTESIANPOINT((0.,0.,0.));
#11818=IFCAXIS2PLACEMENT3D(#11817,#8,#9);
#11819=IFCLOCALPLACEMENT(#35,#11818);
#11820=IFCBEAM('3Kk9hX3uHCSudsY$YiXZEf',$,'VS-581','IPE 160',$,#11819,#11816,'VS-581',$);
#11821=IFCRELASSOCIATESMATERIAL('20Kgc3yET73vVlJ5itwcRd',$,$,$,(#11820),#40);
#11822=IFCCARTESIANPOINT((102350.,14840.,0.));
#11823=IFCCARTESIANPOINT((102350.,19510.,0.));
#11824=IFCPOLYLINE((#11822,#11823));
#11825=IFCSHAPEREPRESENTATION(#12,'Axis','Curve3D',(#11824));
#11826=IFCPRODUCTDEFINITIONSHAPE($,$,(#11825));
#11827=IFCCARTESIANPOINT((0.,0.,0.));
#11828=IFCAXIS2PLACEMENT3D(#11827,#8,#9);
#11829=IFCLOCALPLACEMENT(#35,#11828);
#11830=IFCBEAM('2U7t8SDTP9IwjjscYz8vyx',$,'VS-582','IPE 160',$,#11829,#11826,'VS-582',$);
#11831=IFCRELASSOCIATESMATERIAL('0roCvGnuj4xBbQ$rEuUEIB',$,$,$,(#11830),#40);
#11832=IFCCARTESIANPOINT((103975.,5500.,0.));
#11833=IFCCARTESIANPOINT((103975.,10170.,0.));
#11834=IFCPOLYLINE((#11832,#11833));
#11835=IFCSHAPEREPRESENTATION(#12,'Axis','Curve3D',(#11834));
#11836=IFCPRODUCTDEFINITIONSHAPE($,$,(#11835));
#11837=IFCCARTESIANPOINT((0.,0.,0.));
#11838=IFCAXIS2PLACEMENT3D(#11837,#8,#9);
#11839=IFCLOCALPLACEMENT(#35,#11838);
#11840=IFCBEAM('1ncwBNRYbEte$fUyB6bLn5',$,'VS-583','IPE 160',$,#11839,#11836,'VS-583',$);
#11841=IFCRELASSOCIATESMATERIAL('1OXTgTPPzFpBfd9isQ9LQP',$,$,$,(#11840),#40);
#11842=IFCCARTESIANPOINT((103975.,10170.,0.));
#11843=IFCCARTESIANPOINT((103975.,14840.,0.));
#11844=IFCPOLYLINE((#11842,#11843));
#11845=IFCSHAPEREPRESENTATION(#12,'Axis','Curve3D',(#11844));
#11846=IFCPRODUCTDEFINITIONSHAPE($,$,(#11845));
#11847=IFCCARTESIANPOINT((0.,0.,0.));
#11848=IFCAXIS2PLACEMENT3D(#11847,#8,#9);
#11849=IFCLOCALPLACEMENT(#35,#11848);
#11850=IFCBEAM('3QfTF3WzX088JsfI0tKm1H',$,'VS-584','IPE 160',$,#11849,#11846,'VS-584',$);
#11851=IFCRELASSOCIATESMATERIAL('0Qq2so_n5DcghIVtGpdTKv',$,$,$,(#11850),#40);
#11852=IFCCARTESIANPOINT((103975.,14840.,0.));
#11853=IFCCARTESIANPOINT((103975.,19510.,0.));
#11854=IFCPOLYLINE((#11852,#11853));
#11855=IFCSHAPEREPRESENTATION(#12,'Axis','Curve3D',(#11854));
#11856=IFCPRODUCTDEFINITIONSHAPE($,$,(#11855));
#11857=IFCCARTESIANPOINT((0.,0.,0.));
#11858=IFCAXIS2PLACEMENT3D(#11857,#8,#9);
#11859=IFCLOCALPLACEMENT(#35,#11858);
#11860=IFCBEAM('2wEyXpvkzCARGkM0dXY1j3',$,'VS-585','IPE 160',$,#11859,#11856,'VS-585',$);
#11861=IFCRELASSOCIATESMATERIAL('2cVo3tvMb4sQ6dkxiLTLVM',$,$,$,(#11860),#40);
#11862=IFCCARTESIANPOINT((106683.3,5500.,0.));
#11863=IFCCARTESIANPOINT((106683.3,10170.,0.));
#11864=IFCPOLYLINE((#11862,#11863));
#11865=IFCSHAPEREPRESENTATION(#12,'Axis','Curve3D',(#11864));
#11866=IFCPRODUCTDEFINITIONSHAPE($,$,(#11865));
#11867=IFCCARTESIANPOINT((0.,0.,0.));
#11868=IFCAXIS2PLACEMENT3D(#11867,#8,#9);
#11869=IFCLOCALPLACEMENT(#27,#11868);
#11870=IFCBEAM('1fEhdIe8bFJxOE44$5VFK6',$,'VS-586','IPE 240',$,#11869,#11866,'VS-586',$);
#11871=IFCRELASSOCIATESMATERIAL('3m_lNbxMj7tv6ilqSMMWe9',$,$,$,(#11870),#40);
#11872=IFCCARTESIANPOINT((106683.3,10170.,0.));
#11873=IFCCARTESIANPOINT((106683.3,14840.,0.));
#11874=IFCPOLYLINE((#11872,#11873));
#11875=IFCSHAPEREPRESENTATION(#12,'Axis','Curve3D',(#11874));
#11876=IFCPRODUCTDEFINITIONSHAPE($,$,(#11875));
#11877=IFCCARTESIANPOINT((0.,0.,0.));
#11878=IFCAXIS2PLACEMENT3D(#11877,#8,#9);
#11879=IFCLOCALPLACEMENT(#27,#11878);
#11880=IFCBEAM('13CDK7NKb5TAAZ$w2IvwRq',$,'VS-587','IPE 240',$,#11879,#11876,'VS-587',$);
#11881=IFCRELASSOCIATESMATERIAL('2sykvbRq1Cieiq3BlQBr_3',$,$,$,(#11880),#40);
#11882=IFCCARTESIANPOINT((106683.3,14840.,0.));
#11883=IFCCARTESIANPOINT((106683.3,19510.,0.));
#11884=IFCPOLYLINE((#11882,#11883));
#11885=IFCSHAPEREPRESENTATION(#12,'Axis','Curve3D',(#11884));
#11886=IFCPRODUCTDEFINITIONSHAPE($,$,(#11885));
#11887=IFCCARTESIANPOINT((0.,0.,0.));
#11888=IFCAXIS2PLACEMENT3D(#11887,#8,#9);
#11889=IFCLOCALPLACEMENT(#27,#11888);
#11890=IFCBEAM('03IxrR0Q9A59MayoVWTk_H',$,'VS-588','IPE 240',$,#11889,#11886,'VS-588',$);
#11891=IFCRELASSOCIATESMATERIAL('0TorCVtSvCSu0881fGxtwM',$,$,$,(#11890),#40);
#11892=IFCCARTESIANPOINT((107766.7,5500.,0.));
#11893=IFCCARTESIANPOINT((107766.7,10170.,0.));
#11894=IFCPOLYLINE((#11892,#11893));
#11895=IFCSHAPEREPRESENTATION(#12,'Axis','Curve3D',(#11894));
#11896=IFCPRODUCTDEFINITIONSHAPE($,$,(#11895));
#11897=IFCCARTESIANPOINT((0.,0.,0.));
#11898=IFCAXIS2PLACEMENT3D(#11897,#8,#9);
#11899=IFCLOCALPLACEMENT(#27,#11898);
#11900=IFCBEAM('2hzj14SQzDHBUeUS9w4kcm',$,'VS-589','IPE 200',$,#11899,#11896,'VS-589',$);
#11901=IFCRELASSOCIATESMATERIAL('3hkK8Goav3keKxw9Coob0J',$,$,$,(#11900),#40);
#11902=IFCCARTESIANPOINT((107766.7,10170.,0.));
#11903=IFCCARTESIANPOINT((107766.7,14840.,0.));
#11904=IFCPOLYLINE((#11902,#11903));
#11905=IFCSHAPEREPRESENTATION(#12,'Axis','Curve3D',(#11904));
#11906=IFCPRODUCTDEFINITIONSHAPE($,$,(#11905));
#11907=IFCCARTESIANPOINT((0.,0.,0.));
#11908=IFCAXIS2PLACEMENT3D(#11907,#8,#9);
#11909=IFCLOCALPLACEMENT(#27,#11908);
#11910=IFCBEAM('350iJwOCTAexgkEQU4E6EW',$,'VS-590','IPE 200',$,#11909,#11906,'VS-590',$);
#11911=IFCRELASSOCIATESMATERIAL('1gMyD2FrD9WwYLBjW1Xp_q',$,$,$,(#11910),#40);
#11912=IFCCARTESIANPOINT((107766.7,14840.,0.));
#11913=IFCCARTESIANPOINT((107766.7,19510.,0.));
#11914=IFCPOLYLINE((#11912,#11913));
#11915=IFCSHAPEREPRESENTATION(#12,'Axis','Curve3D',(#11914));
#11916=IFCPRODUCTDEFINITIONSHAPE($,$,(#11915));
#11917=IFCCARTESIANPOINT((0.,0.,0.));
#11918=IFCAXIS2PLACEMENT3D(#11917,#8,#9);
#11919=IFCLOCALPLACEMENT(#27,#11918);
#11920=IFCBEAM('1Ge5PTg858NfsH7ShiyCcz',$,'VS-591','IPE 200',$,#11919,#11916,'VS-591',$);
#11921=IFCRELASSOCIATESMATERIAL('3fpTZs0mD7Igzh0eiXJdHH',$,$,$,(#11920),#40);
#11922=IFCCARTESIANPOINT((108850.,5500.,0.));
#11923=IFCCARTESIANPOINT((108850.,10170.,0.));
#11924=IFCPOLYLINE((#11922,#11923));
#11925=IFCSHAPEREPRESENTATION(#12,'Axis','Curve3D',(#11924));
#11926=IFCPRODUCTDEFINITIONSHAPE($,$,(#11925));
#11927=IFCCARTESIANPOINT((0.,0.,0.));
#11928=IFCAXIS2PLACEMENT3D(#11927,#8,#9);
#11929=IFCLOCALPLACEMENT(#27,#11928);
#11930=IFCBEAM('38KCEDy7H4nB6grSw1HUoE',$,'VS-592','IPE 200',$,#11929,#11926,'VS-592',$);
#11931=IFCRELASSOCIATESMATERIAL('2Pc$pphQj7Qf4ga6YF$moG',$,$,$,(#11930),#40);
#11932=IFCCARTESIANPOINT((108850.,10170.,0.));
#11933=IFCCARTESIANPOINT((108850.,14840.,0.));
#11934=IFCPOLYLINE((#11932,#11933));
#11935=IFCSHAPEREPRESENTATION(#12,'Axis','Curve3D',(#11934));
#11936=IFCPRODUCTDEFINITIONSHAPE($,$,(#11935));
#11937=IFCCARTESIANPOINT((0.,0.,0.));
#11938=IFCAXIS2PLACEMENT3D(#11937,#8,#9);
#11939=IFCLOCALPLACEMENT(#27,#11938);
#11940=IFCBEAM('3iomJCbtb8G90VIpsV6oLh',$,'VS-593','IPE 200',$,#11939,#11936,'VS-593',$);
#11941=IFCRELASSOCIATESMATERIAL('2PlL9sSGj3oxYQTuU0Y3k9',$,$,$,(#11940),#40);
#11942=IFCCARTESIANPOINT((108850.,14840.,0.));
#11943=IFCCARTESIANPOINT((108850.,19510.,0.));
#11944=IFCPOLYLINE((#11942,#11943));
#11945=IFCSHAPEREPRESENTATION(#12,'Axis','Curve3D',(#11944));
#11946=IFCPRODUCTDEFINITIONSHAPE($,$,(#11945));
#11947=IFCCARTESIANPOINT((0.,0.,0.));
#11948=IFCAXIS2PLACEMENT3D(#11947,#8,#9);
#11949=IFCLOCALPLACEMENT(#27,#11948);
#11950=IFCBEAM('34P8inB4n3RA3NJmmg92oX',$,'VS-594','IPE 200',$,#11949,#11946,'VS-594',$);
#11951=IFCRELASSOCIATESMATERIAL('0IT_wiYfH6c8Odkf23OWoV',$,$,$,(#11950),#40);
#11952=IFCCARTESIANPOINT((109933.3,5500.,0.));
#11953=IFCCARTESIANPOINT((109933.3,10170.,0.));
#11954=IFCPOLYLINE((#11952,#11953));
#11955=IFCSHAPEREPRESENTATION(#12,'Axis','Curve3D',(#11954));
#11956=IFCPRODUCTDEFINITIONSHAPE($,$,(#11955));
#11957=IFCCARTESIANPOINT((0.,0.,0.));
#11958=IFCAXIS2PLACEMENT3D(#11957,#8,#9);
#11959=IFCLOCALPLACEMENT(#27,#11958);
#11960=IFCBEAM('23iLvTQR560Qqm$6zTBJIr',$,'VS-595','IPE 200',$,#11959,#11956,'VS-595',$);
#11961=IFCRELASSOCIATESMATERIAL('2FaB3MPTb0GgUzJyPKmzI2',$,$,$,(#11960),#40);
#11962=IFCCARTESIANPOINT((109933.3,10170.,0.));
#11963=IFCCARTESIANPOINT((109933.3,14840.,0.));
#11964=IFCPOLYLINE((#11962,#11963));
#11965=IFCSHAPEREPRESENTATION(#12,'Axis','Curve3D',(#11964));
#11966=IFCPRODUCTDEFINITIONSHAPE($,$,(#11965));
#11967=IFCCARTESIANPOINT((0.,0.,0.));
#11968=IFCAXIS2PLACEMENT3D(#11967,#8,#9);
#11969=IFCLOCALPLACEMENT(#27,#11968);
#11970=IFCBEAM('31WALwbbvExv0QAZQpQmCv',$,'VS-596','IPE 200',$,#11969,#11966,'VS-596',$);
#11971=IFCRELASSOCIATESMATERIAL('0iAoK6W5rCbwH24Lv0uKW6',$,$,$,(#11970),#40);
#11972=IFCCARTESIANPOINT((109933.3,14840.,0.));
#11973=IFCCARTESIANPOINT((109933.3,19510.,0.));
#11974=IFCPOLYLINE((#11972,#11973));
#11975=IFCSHAPEREPRESENTATION(#12,'Axis','Curve3D',(#11974));
#11976=IFCPRODUCTDEFINITIONSHAPE($,$,(#11975));
#11977=IFCCARTESIANPOINT((0.,0.,0.));
#11978=IFCAXIS2PLACEMENT3D(#11977,#8,#9);
#11979=IFCLOCALPLACEMENT(#27,#11978);
#11980=IFCBEAM('0_eAj3bfn0IxA7MKhVZXyH',$,'VS-597','IPE 200',$,#11979,#11976,'VS-597',$);
#11981=IFCRELASSOCIATESMATERIAL('0ucDrGr5j27hZoNR14dRbo',$,$,$,(#11980),#40);
#11982=IFCCARTESIANPOINT((111016.7,5500.,0.));
#11983=IFCCARTESIANPOINT((111016.7,10170.,0.));
#11984=IFCPOLYLINE((#11982,#11983));
#11985=IFCSHAPEREPRESENTATION(#12,'Axis','Curve3D',(#11984));
#11986=IFCPRODUCTDEFINITIONSHAPE($,$,(#11985));
#11987=IFCCARTESIANPOINT((0.,0.,0.));
#11988=IFCAXIS2PLACEMENT3D(#11987,#8,#9);
#11989=IFCLOCALPLACEMENT(#27,#11988);
#11990=IFCBEAM('3MHKO7CXr4ZPO05$4DC4kL',$,'VS-598','IPE 240',$,#11989,#11986,'VS-598',$);
#11991=IFCRELASSOCIATESMATERIAL('0A3D7kOn50_gzG8P6bs2Qn',$,$,$,(#11990),#40);
#11992=IFCCARTESIANPOINT((111016.7,10170.,0.));
#11993=IFCCARTESIANPOINT((111016.7,14840.,0.));
#11994=IFCPOLYLINE((#11992,#11993));
#11995=IFCSHAPEREPRESENTATION(#12,'Axis','Curve3D',(#11994));
#11996=IFCPRODUCTDEFINITIONSHAPE($,$,(#11995));
#11997=IFCCARTESIANPOINT((0.,0.,0.));
#11998=IFCAXIS2PLACEMENT3D(#11997,#8,#9);
#11999=IFCLOCALPLACEMENT(#27,#11998);
#12000=IFCBEAM('1bUHJZQJj0hQ$1J_idxyCM',$,'VS-599','IPE 240',$,#11999,#11996,'VS-599',$);
#12001=IFCRELASSOCIATESMATERIAL('0weVOb7V96xfStMBN5jhfw',$,$,$,(#12000),#40);
#12002=IFCCARTESIANPOINT((111016.7,14840.,0.));
#12003=IFCCARTESIANPOINT((111016.7,19510.,0.));
#12004=IFCPOLYLINE((#12002,#12003));
#12005=IFCSHAPEREPRESENTATION(#12,'Axis','Curve3D',(#12004));
#12006=IFCPRODUCTDEFINITIONSHAPE($,$,(#12005));
#12007=IFCCARTESIANPOINT((0.,0.,0.));
#12008=IFCAXIS2PLACEMENT3D(#12007,#8,#9);
#12009=IFCLOCALPLACEMENT(#27,#12008);
#12010=IFCBEAM('3QeGKwur9C3vFfiVh8mWpM',$,'VS-600','IPE 240',$,#12009,#12006,'VS-600',$);
#12011=IFCRELASSOCIATESMATERIAL('0C6F5TI91F_ux4tWV2It4I',$,$,$,(#12010),#40);
#12012=IFCCARTESIANPOINT((106683.3,5500.,0.));
#12013=IFCCARTESIANPOINT((106683.3,10170.,0.));
#12014=IFCPOLYLINE((#12012,#12013));
#12015=IFCSHAPEREPRESENTATION(#12,'Axis','Curve3D',(#12014));
#12016=IFCPRODUCTDEFINITIONSHAPE($,$,(#12015));
#12017=IFCCARTESIANPOINT((0.,0.,0.));
#12018=IFCAXIS2PLACEMENT3D(#12017,#8,#9);
#12019=IFCLOCALPLACEMENT(#31,#12018);
#12020=IFCBEAM('2ulXVZujvFKux3XXzbkTMy',$,'VS-601','IPE 240',$,#12019,#12016,'VS-601',$);
#12021=IFCRELASSOCIATESMATERIAL('1WHS6iKrXEWAWR61TZtlow',$,$,$,(#12020),#40);
#12022=IFCCARTESIANPOINT((106683.3,10170.,0.));
#12023=IFCCARTESIANPOINT((106683.3,14840.,0.));
#12024=IFCPOLYLINE((#12022,#12023));
#12025=IFCSHAPEREPRESENTATION(#12,'Axis','Curve3D',(#12024));
#12026=IFCPRODUCTDEFINITIONSHAPE($,$,(#12025));
#12027=IFCCARTESIANPOINT((0.,0.,0.));
#12028=IFCAXIS2PLACEMENT3D(#12027,#8,#9);
#12029=IFCLOCALPLACEMENT(#31,#12028);
#12030=IFCBEAM('2m2W7z1RvCpg_ssDis$dXc',$,'VS-602','IPE 240',$,#12029,#12026,'VS-602',$);
#12031=IFCRELASSOCIATESMATERIAL('3o0lt86Vb4OvmMSe__cfPz',$,$,$,(#12030),#40);
#12032=IFCCARTESIANPOINT((106683.3,14840.,0.));
#12033=IFCCARTESIANPOINT((106683.3,19510.,0.));
#12034=IFCPOLYLINE((#12032,#12033));
#12035=IFCSHAPEREPRESENTATION(#12,'Axis','Curve3D',(#12034));
#12036=IFCPRODUCTDEFINITIONSHAPE($,$,(#12035));
#12037=IFCCARTESIANPOINT((0.,0.,0.));
#12038=IFCAXIS2PLACEMENT3D(#12037,#8,#9);
#12039=IFCLOCALPLACEMENT(#31,#12038);
#12040=IFCBEAM('0d5vCXc8bAJgwiucIP7mXM',$,'VS-603','IPE 240',$,#12039,#12036,'VS-603',$);
#12041=IFCRELASSOCIATESMATERIAL('1bgBMd6iv6nguYx3Ix$B6z',$,$,$,(#12040),#40);
#12042=IFCCARTESIANPOINT((107766.7,5500.,0.));
#12043=IFCCARTESIANPOINT((107766.7,10170.,0.));
#12044=IFCPOLYLINE((#12042,#12043));
#12045=IFCSHAPEREPRESENTATION(#12,'Axis','Curve3D',(#12044));
#12046=IFCPRODUCTDEFINITIONSHAPE($,$,(#12045));
#12047=IFCCARTESIANPOINT((0.,0.,0.));
#12048=IFCAXIS2PLACEMENT3D(#12047,#8,#9);
#12049=IFCLOCALPLACEMENT(#31,#12048);
#12050=IFCBEAM('16siulTWX0XefxpGPqjKe1',$,'VS-604','IPE 200',$,#12049,#12046,'VS-604',$);
#12051=IFCRELASSOCIATESMATERIAL('1FIE9Ghd9CvfZlqXPzHgUU',$,$,$,(#12050),#40);
#12052=IFCCARTESIANPOINT((107766.7,10170.,0.));
#12053=IFCCARTESIANPOINT((107766.7,14840.,0.));
#12054=IFCPOLYLINE((#12052,#12053));
#12055=IFCSHAPEREPRESENTATION(#12,'Axis','Curve3D',(#12054));
#12056=IFCPRODUCTDEFINITIONSHAPE($,$,(#12055));
#12057=IFCCARTESIANPOINT((0.,0.,0.));
#12058=IFCAXIS2PLACEMENT3D(#12057,#8,#9);
#12059=IFCLOCALPLACEMENT(#31,#12058);
#12060=IFCBEAM('3R2JGvdzP5Yv54vNXdS0S6',$,'VS-605','IPE 200',$,#12059,#12056,'VS-605',$);
#12061=IFCRELASSOCIATESMATERIAL('23Nszq_Vf2QvLszUyNqsi$',$,$,$,(#12060),#40);
#12062=IFCCARTESIANPOINT((107766.7,14840.,0.));
#12063=IFCCARTESIANPOINT((107766.7,19510.,0.));
#12064=IFCPOLYLINE((#12062,#12063));
#12065=IFCSHAPEREPRESENTATION(#12,'Axis','Curve3D',(#12064));
#12066=IFCPRODUCTDEFINITIONSHAPE($,$,(#12065));
#12067=IFCCARTESIANPOINT((0.,0.,0.));
#12068=IFCAXIS2PLACEMENT3D(#12067,#8,#9);
#12069=IFCLOCALPLACEMENT(#31,#12068);
#12070=IFCBEAM('0ZAnrPfa1Cah95B74M2Hw6',$,'VS-606','IPE 200',$,#12069,#12066,'VS-606',$);
#12071=IFCRELASSOCIATESMATERIAL('2sNrwcnm59Pv0BCIyZPyBx',$,$,$,(#12070),#40);
#12072=IFCCARTESIANPOINT((108850.,5500.,0.));
#12073=IFCCARTESIANPOINT((108850.,10170.,0.));
#12074=IFCPOLYLINE((#12072,#12073));
#12075=IFCSHAPEREPRESENTATION(#12,'Axis','Curve3D',(#12074));
#12076=IFCPRODUCTDEFINITIONSHAPE($,$,(#12075));
#12077=IFCCARTESIANPOINT((0.,0.,0.));
#12078=IFCAXIS2PLACEMENT3D(#12077,#8,#9);
#12079=IFCLOCALPLACEMENT(#31,#12078);
#12080=IFCBEAM('3N2l4uGujCnP9dcvWHzerR',$,'VS-607','IPE 200',$,#12079,#12076,'VS-607',$);
#12081=IFCRELASSOCIATESMATERIAL('03QRe3x_j1Cu9_oHgBCyfO',$,$,$,(#12080),#40);
#12082=IFCCARTESIANPOINT((108850.,10170.,0.));
#12083=IFCCARTESIANPOINT((108850.,14840.,0.));
#12084=IFCPOLYLINE((#12082,#12083));
#12085=IFCSHAPEREPRESENTATION(#12,'Axis','Curve3D',(#12084));
#12086=IFCPRODUCTDEFINITIONSHAPE($,$,(#12085));
#12087=IFCCARTESIANPOINT((0.,0.,0.));
#12088=IFCAXIS2PLACEMENT3D(#12087,#8,#9);
#12089=IFCLOCALPLACEMENT(#31,#12088);
#12090=IFCBEAM('3u8e2sqzT7RwrdDMk3owId',$,'VS-608','IPE 200',$,#12089,#12086,'VS-608',$);
#12091=IFCRELASSOCIATESMATERIAL('2cVn06dS58$RJy4_ZnqSdt',$,$,$,(#12090),#40);
#12092=IFCCARTESIANPOINT((108850.,14840.,0.));
#12093=IFCCARTESIANPOINT((108850.,19510.,0.));
#12094=IFCPOLYLINE((#12092,#12093));
#12095=IFCSHAPEREPRESENTATION(#12,'Axis','Curve3D',(#12094));
#12096=IFCPRODUCTDEFINITIONSHAPE($,$,(#12095));
#12097=IFCCARTESIANPOINT((0.,0.,0.));
#12098=IFCAXIS2PLACEMENT3D(#12097,#8,#9);
#12099=IFCLOCALPLACEMENT(#31,#12098);
#12100=IFCBEAM('1Iq$2yYQLAR84$TL4DijrJ',$,'VS-609','IPE 200',$,#12099,#12096,'VS-609',$);
#12101=IFCRELASSOCIATESMATERIAL('0JP1NLTRb83g3LEDXaBr32',$,$,$,(#12100),#40);
#12102=IFCCARTESIANPOINT((109933.3,5500.,0.));
#12103=IFCCARTESIANPOINT((109933.3,10170.,0.));
#12104=IFCPOLYLINE((#12102,#12103));
#12105=IFCSHAPEREPRESENTATION(#12,'Axis','Curve3D',(#12104));
#12106=IFCPRODUCTDEFINITIONSHAPE($,$,(#12105));
#12107=IFCCARTESIANPOINT((0.,0.,0.));
#12108=IFCAXIS2PLACEMENT3D(#12107,#8,#9);
#12109=IFCLOCALPLACEMENT(#31,#12108);
#12110=IFCBEAM('1BxC6dmkD5Yu8eI6J7TaIG',$,'VS-610','IPE 200',$,#12109,#12106,'VS-610',$);
#12111=IFCRELASSOCIATESMATERIAL('3i_7zrFcX7tu7fExt5wRes',$,$,$,(#12110),#40);
#12112=IFCCARTESIANPOINT((109933.3,10170.,0.));
#12113=IFCCARTESIANPOINT((109933.3,14840.,0.));
#12114=IFCPOLYLINE((#12112,#12113));
#12115=IFCSHAPEREPRESENTATION(#12,'Axis','Curve3D',(#12114));
#12116=IFCPRODUCTDEFINITIONSHAPE($,$,(#12115));
#12117=IFCCARTESIANPOINT((0.,0.,0.));
#12118=IFCAXIS2PLACEMENT3D(#12117,#8,#9);
#12119=IFCLOCALPLACEMENT(#31,#12118);
#12120=IFCBEAM('0BJhf$hIDFZPq$n2UXM_l6',$,'VS-611','IPE 200',$,#12119,#12116,'VS-611',$);
#12121=IFCRELASSOCIATESMATERIAL('0YPnINXfn23Q6vC8wZo5Wl',$,$,$,(#12120),#40);
#12122=IFCCARTESIANPOINT((109933.3,14840.,0.));
#12123=IFCCARTESIANPOINT((109933.3,19510.,0.));
#12124=IFCPOLYLINE((#12122,#12123));
#12125=IFCSHAPEREPRESENTATION(#12,'Axis','Curve3D',(#12124));
#12126=IFCPRODUCTDEFINITIONSHAPE($,$,(#12125));
#12127=IFCCARTESIANPOINT((0.,0.,0.));
#12128=IFCAXIS2PLACEMENT3D(#12127,#8,#9);
#12129=IFCLOCALPLACEMENT(#31,#12128);
#12130=IFCBEAM('2wHjiQA513LPA832tsy9zA',$,'VS-612','IPE 200',$,#12129,#12126,'VS-612',$);
#12131=IFCRELASSOCIATESMATERIAL('1r6E2JHAz2jue$b1tgQC6v',$,$,$,(#12130),#40);
#12132=IFCCARTESIANPOINT((111016.7,5500.,0.));
#12133=IFCCARTESIANPOINT((111016.7,10170.,0.));
#12134=IFCPOLYLINE((#12132,#12133));
#12135=IFCSHAPEREPRESENTATION(#12,'Axis','Curve3D',(#12134));
#12136=IFCPRODUCTDEFINITIONSHAPE($,$,(#12135));
#12137=IFCCARTESIANPOINT((0.,0.,0.));
#12138=IFCAXIS2PLACEMENT3D(#12137,#8,#9);
#12139=IFCLOCALPLACEMENT(#31,#12138);
#12140=IFCBEAM('3KiLzOTNP9QgsLtIqmxO5X',$,'VS-613','IPE 240',$,#12139,#12136,'VS-613',$);
#12141=IFCRELASSOCIATESMATERIAL('2Wu15FKxfCHQds4GwsdqA3',$,$,$,(#12140),#40);
#12142=IFCCARTESIANPOINT((111016.7,10170.,0.));
#12143=IFCCARTESIANPOINT((111016.7,14840.,0.));
#12144=IFCPOLYLINE((#12142,#12143));
#12145=IFCSHAPEREPRESENTATION(#12,'Axis','Curve3D',(#12144));
#12146=IFCPRODUCTDEFINITIONSHAPE($,$,(#12145));
#12147=IFCCARTESIANPOINT((0.,0.,0.));
#12148=IFCAXIS2PLACEMENT3D(#12147,#8,#9);
#12149=IFCLOCALPLACEMENT(#31,#12148);
#12150=IFCBEAM('0tPMmuDab9tR4ho8t$5k48',$,'VS-614','IPE 240',$,#12149,#12146,'VS-614',$);
#12151=IFCRELASSOCIATESMATERIAL('1qBSDro$j1RwLkqOmSQD9S',$,$,$,(#12150),#40);
#12152=IFCCARTESIANPOINT((111016.7,14840.,0.));
#12153=IFCCARTESIANPOINT((111016.7,19510.,0.));
#12154=IFCPOLYLINE((#12152,#12153));
#12155=IFCSHAPEREPRESENTATION(#12,'Axis','Curve3D',(#12154));
#12156=IFCPRODUCTDEFINITIONSHAPE($,$,(#12155));
#12157=IFCCARTESIANPOINT((0.,0.,0.));
#12158=IFCAXIS2PLACEMENT3D(#12157,#8,#9);
#12159=IFCLOCALPLACEMENT(#31,#12158);
#12160=IFCBEAM('17ipSt0M56SARRjgs8Xc3q',$,'VS-615','IPE 240',$,#12159,#12156,'VS-615',$);
#12161=IFCRELASSOCIATESMATERIAL('1lwOy456LEkBt8iSRRxpee',$,$,$,(#12160),#40);
#12162=IFCCARTESIANPOINT((107225.,5500.,0.));
#12163=IFCCARTESIANPOINT((107225.,10170.,0.));
#12164=IFCPOLYLINE((#12162,#12163));
#12165=IFCSHAPEREPRESENTATION(#12,'Axis','Curve3D',(#12164));
#12166=IFCPRODUCTDEFINITIONSHAPE($,$,(#12165));
#12167=IFCCARTESIANPOINT((0.,0.,0.));
#12168=IFCAXIS2PLACEMENT3D(#12167,#8,#9);
#12169=IFCLOCALPLACEMENT(#35,#12168);
#12170=IFCBEAM('1zyOB0jbr5L8h9gOqoGQsT',$,'VS-616','IPE 160',$,#12169,#12166,'VS-616',$);
#12171=IFCRELASSOCIATESMATERIAL('2hu69$zpD6EuU9Jm_4RZQp',$,$,$,(#12170),#40);
#12172=IFCCARTESIANPOINT((107225.,10170.,0.));
#12173=IFCCARTESIANPOINT((107225.,14840.,0.));
#12174=IFCPOLYLINE((#12172,#12173));
#12175=IFCSHAPEREPRESENTATION(#12,'Axis','Curve3D',(#12174));
#12176=IFCPRODUCTDEFINITIONSHAPE($,$,(#12175));
#12177=IFCCARTESIANPOINT((0.,0.,0.));
#12178=IFCAXIS2PLACEMENT3D(#12177,#8,#9);
#12179=IFCLOCALPLACEMENT(#35,#12178);
#12180=IFCBEAM('19QNzrWJj3eQibiDF7F1Yx',$,'VS-617','IPE 160',$,#12179,#12176,'VS-617',$);
#12181=IFCRELASSOCIATESMATERIAL('0WplNmb7D4GuP9mUwy_aoG',$,$,$,(#12180),#40);
#12182=IFCCARTESIANPOINT((107225.,14840.,0.));
#12183=IFCCARTESIANPOINT((107225.,19510.,0.));
#12184=IFCPOLYLINE((#12182,#12183));
#12185=IFCSHAPEREPRESENTATION(#12,'Axis','Curve3D',(#12184));
#12186=IFCPRODUCTDEFINITIONSHAPE($,$,(#12185));
#12187=IFCCARTESIANPOINT((0.,0.,0.));
#12188=IFCAXIS2PLACEMENT3D(#12187,#8,#9);
#12189=IFCLOCALPLACEMENT(#35,#12188);
#12190=IFCBEAM('2yEZG8FqDDxR4BZvnrsWOB',$,'VS-618','IPE 160',$,#12189,#12186,'VS-618',$);
#12191=IFCRELASSOCIATESMATERIAL('1xnq9bl9X4vxAgHb070sL6',$,$,$,(#12190),#40);
#12192=IFCCARTESIANPOINT((108850.,5500.,0.));
#12193=IFCCARTESIANPOINT((108850.,10170.,0.));
#12194=IFCPOLYLINE((#12192,#12193));
#12195=IFCSHAPEREPRESENTATION(#12,'Axis','Curve3D',(#12194));
#12196=IFCPRODUCTDEFINITIONSHAPE($,$,(#12195));
#12197=IFCCARTESIANPOINT((0.,0.,0.));
#12198=IFCAXIS2PLACEMENT3D(#12197,#8,#9);
#12199=IFCLOCALPLACEMENT(#35,#12198);
#12200=IFCBEAM('3PLKl9v35AHgaC8QQhUuyH',$,'VS-619','IPE 160',$,#12199,#12196,'VS-619',$);
#12201=IFCRELASSOCIATESMATERIAL('2pV507AJXFuQGcPqyPVqqw',$,$,$,(#12200),#40);
#12202=IFCCARTESIANPOINT((108850.,10170.,0.));
#12203=IFCCARTESIANPOINT((108850.,14840.,0.));
#12204=IFCPOLYLINE((#12202,#12203));
#12205=IFCSHAPEREPRESENTATION(#12,'Axis','Curve3D',(#12204));
#12206=IFCPRODUCTDEFINITIONSHAPE($,$,(#12205));
#12207=IFCCARTESIANPOINT((0.,0.,0.));
#12208=IFCAXIS2PLACEMENT3D(#12207,#8,#9);
#12209=IFCLOCALPLACEMENT(#35,#12208);
#12210=IFCBEAM('27nJY80l9AKe9eGZkJ8a1U',$,'VS-620','IPE 160',$,#12209,#12206,'VS-620',$);
#12211=IFCRELASSOCIATESMATERIAL('2Kbco_bDbC$xBZS_gahRI6',$,$,$,(#12210),#40);
#12212=IFCCARTESIANPOINT((108850.,14840.,0.));
#12213=IFCCARTESIANPOINT((108850.,19510.,0.));
#12214=IFCPOLYLINE((#12212,#12213));
#12215=IFCSHAPEREPRESENTATION(#12,'Axis','Curve3D',(#12214));
#12216=IFCPRODUCTDEFINITIONSHAPE($,$,(#12215));
#12217=IFCCARTESIANPOINT((0.,0.,0.));
#12218=IFCAXIS2PLACEMENT3D(#12217,#8,#9);
#12219=IFCLOCALPLACEMENT(#35,#12218);
#12220=IFCBEAM('3JwuHfCEv7P9dhWncpv_wY',$,'VS-621','IPE 160',$,#12219,#12216,'VS-621',$);
#12221=IFCRELASSOCIATESMATERIAL('0i6wJQS451hefxOM2rUd7r',$,$,$,(#12220),#40);
#12222=IFCCARTESIANPOINT((110475.,5500.,0.));
#12223=IFCCARTESIANPOINT((110475.,10170.,0.));
#12224=IFCPOLYLINE((#12222,#12223));
#12225=IFCSHAPEREPRESENTATION(#12,'Axis','Curve3D',(#12224));
#12226=IFCPRODUCTDEFINITIONSHAPE($,$,(#12225));
#12227=IFCCARTESIANPOINT((0.,0.,0.));
#12228=IFCAXIS2PLACEMENT3D(#12227,#8,#9);
#12229=IFCLOCALPLACEMENT(#35,#12228);
#12230=IFCBEAM('1z0Sr5eff4YQd9z9qH5kkj',$,'VS-622','IPE 160',$,#12229,#12226,'VS-622',$);
#12231=IFCRELASSOCIATESMATERIAL('3jafx7sTf4qgzPoq3n4yVN',$,$,$,(#12230),#40);
#12232=IFCCARTESIANPOINT((110475.,10170.,0.));
#12233=IFCCARTESIANPOINT((110475.,14840.,0.));
#12234=IFCPOLYLINE((#12232,#12233));
#12235=IFCSHAPEREPRESENTATION(#12,'Axis','Curve3D',(#12234));
#12236=IFCPRODUCTDEFINITIONSHAPE($,$,(#12235));
#12237=IFCCARTESIANPOINT((0.,0.,0.));
#12238=IFCAXIS2PLACEMENT3D(#12237,#8,#9);
#12239=IFCLOCALPLACEMENT(#35,#12238);
#12240=IFCBEAM('2WZLdNAYT4Y9$bf0uRKG9g',$,'VS-623','IPE 160',$,#12239,#12236,'VS-623',$);
#12241=IFCRELASSOCIATESMATERIAL('3Y7uAv4vv8wuK5E5sszYnh',$,$,$,(#12240),#40);
#12242=IFCCARTESIANPOINT((110475.,14840.,0.));
#12243=IFCCARTESIANPOINT((110475.,19510.,0.));
#12244=IFCPOLYLINE((#12242,#12243));
#12245=IFCSHAPEREPRESENTATION(#12,'Axis','Curve3D',(#12244));
#12246=IFCPRODUCTDEFINITIONSHAPE($,$,(#12245));
#12247=IFCCARTESIANPOINT((0.,0.,0.));
#12248=IFCAXIS2PLACEMENT3D(#12247,#8,#9);
#12249=IFCLOCALPLACEMENT(#35,#12248);
#12250=IFCBEAM('2j2YjLoBb9E9PVfyULQojh',$,'VS-624','IPE 160',$,#12249,#12246,'VS-624',$);
#12251=IFCRELASSOCIATESMATERIAL('3UG6IPFZ1CgQuWHYlGMZ3Z',$,$,$,(#12250),#40);
#12252=IFCCARTESIANPOINT((113183.3,5500.,0.));
#12253=IFCCARTESIANPOINT((113183.3,10170.,0.));
#12254=IFCPOLYLINE((#12252,#12253));
#12255=IFCSHAPEREPRESENTATION(#12,'Axis','Curve3D',(#12254));
#12256=IFCPRODUCTDEFINITIONSHAPE($,$,(#12255));
#12257=IFCCARTESIANPOINT((0.,0.,0.));
#12258=IFCAXIS2PLACEMENT3D(#12257,#8,#9);
#12259=IFCLOCALPLACEMENT(#27,#12258);
#12260=IFCBEAM('2v$rB5s$rCTBxeSYeHTFuo',$,'VS-625','IPE 240',$,#12259,#12256,'VS-625',$);
#12261=IFCRELASSOCIATESMATERIAL('12tDaAIU5F9xGRhMuEt8fQ',$,$,$,(#12260),#40);
#12262=IFCCARTESIANPOINT((113183.3,10170.,0.));
#12263=IFCCARTESIANPOINT((113183.3,14840.,0.));
#12264=IFCPOLYLINE((#12262,#12263));
#12265=IFCSHAPEREPRESENTATION(#12,'Axis','Curve3D',(#12264));
#12266=IFCPRODUCTDEFINITIONSHAPE($,$,(#12265));
#12267=IFCCARTESIANPOINT((0.,0.,0.));
#12268=IFCAXIS2PLACEMENT3D(#12267,#8,#9);
#12269=IFCLOCALPLACEMENT(#27,#12268);
#12270=IFCBEAM('1bzxDLVaH3OefyDZQtqhAC',$,'VS-626','IPE 240',$,#12269,#12266,'VS-626',$);
#12271=IFCRELASSOCIATESMATERIAL('2llvJgkZD7fwu4jrmwyacR',$,$,$,(#12270),#40);
#12272=IFCCARTESIANPOINT((113183.3,14840.,0.));
#12273=IFCCARTESIANPOINT((113183.3,19510.,0.));
#12274=IFCPOLYLINE((#12272,#12273));
#12275=IFCSHAPEREPRESENTATION(#12,'Axis','Curve3D',(#12274));
#12276=IFCPRODUCTDEFINITIONSHAPE($,$,(#12275));
#12277=IFCCARTESIANPOINT((0.,0.,0.));
#12278=IFCAXIS2PLACEMENT3D(#12277,#8,#9);
#12279=IFCLOCALPLACEMENT(#27,#12278);
#12280=IFCBEAM('0btpe$vCP2bfxRqJ8WXIPg',$,'VS-627','IPE 240',$,#12279,#12276,'VS-627',$);
#12281=IFCRELASSOCIATESMATERIAL('1qK6dWL_n0CfJMYowwx2kV',$,$,$,(#12280),#40);
#12282=IFCCARTESIANPOINT((114266.7,5500.,0.));
#12283=IFCCARTESIANPOINT((114266.7,10170.,0.));
#12284=IFCPOLYLINE((#12282,#12283));
#12285=IFCSHAPEREPRESENTATION(#12,'Axis','Curve3D',(#12284));
#12286=IFCPRODUCTDEFINITIONSHAPE($,$,(#12285));
#12287=IFCCARTESIANPOINT((0.,0.,0.));
#12288=IFCAXIS2PLACEMENT3D(#12287,#8,#9);
#12289=IFCLOCALPLACEMENT(#27,#12288);
#12290=IFCBEAM('3aY0qrznT1XAdTXd0G18y7',$,'VS-628','IPE 200',$,#12289,#12286,'VS-628',$);
#12291=IFCRELASSOCIATESMATERIAL('0oG8oier91cPVf87ZahLHy',$,$,$,(#12290),#40);
#12292=IFCCARTESIANPOINT((114266.7,10170.,0.));
#12293=IFCCARTESIANPOINT((114266.7,14840.,0.));
#12294=IFCPOLYLINE((#12292,#12293));
#12295=IFCSHAPEREPRESENTATION(#12,'Axis','Curve3D',(#12294));
#12296=IFCPRODUCTDEFINITIONSHAPE($,$,(#12295));
#12297=IFCCARTESIANPOINT((0.,0.,0.));
#12298=IFCAXIS2PLACEMENT3D(#12297,#8,#9);
#12299=IFCLOCALPLACEMENT(#27,#12298);
#12300=IFCBEAM('1RVqeowT93gxRSrDIxNZAs',$,'VS-629','IPE 200',$,#12299,#12296,'VS-629',$);
#12301=IFCRELASSOCIATESMATERIAL('23Keh1iFrBFgFn2H3jWR_M',$,$,$,(#12300),#40);
#12302=IFCCARTESIANPOINT((114266.7,14840.,0.));
#12303=IFCCARTESIANPOINT((114266.7,19510.,0.));
#12304=IFCPOLYLINE((#12302,#12303));
#12305=IFCSHAPEREPRESENTATION(#12,'Axis','Curve3D',(#12304));
#12306=IFCPRODUCTDEFINITIONSHAPE($,$,(#12305));
#12307=IFCCARTESIANPOINT((0.,0.,0.));
#12308=IFCAXIS2PLACEMENT3D(#12307,#8,#9);
#12309=IFCLOCALPLACEMENT(#27,#12308);
#12310=IFCBEAM('3aZLShGFj4ie7LMdy9vkdo',$,'VS-630','IPE 200',$,#12309,#12306,'VS-630',$);
#12311=IFCRELASSOCIATESMATERIAL('0oz4p$vyDD7wbWp4uUI6Vl',$,$,$,(#12310),#40);
#12312=IFCCARTESIANPOINT((115350.,5500.,0.));
#12313=IFCCARTESIANPOINT((115350.,10170.,0.));
#12314=IFCPOLYLINE((#12312,#12313));
#12315=IFCSHAPEREPRESENTATION(#12,'Axis','Curve3D',(#12314));
#12316=IFCPRODUCTDEFINITIONSHAPE($,$,(#12315));
#12317=IFCCARTESIANPOINT((0.,0.,0.));
#12318=IFCAXIS2PLACEMENT3D(#12317,#8,#9);
#12319=IFCLOCALPLACEMENT(#27,#12318);
#12320=IFCBEAM('2UOIQC9dPEcxxe_0gissgU',$,'VS-631','IPE 200',$,#12319,#12316,'VS-631',$);
#12321=IFCRELASSOCIATESMATERIAL('1lHE3opw98XRqYVATld9AM',$,$,$,(#12320),#40);
#12322=IFCCARTESIANPOINT((115350.,10170.,0.));
#12323=IFCCARTESIANPOINT((115350.,14840.,0.));
#12324=IFCPOLYLINE((#12322,#12323));
#12325=IFCSHAPEREPRESENTATION(#12,'Axis','Curve3D',(#12324));
#12326=IFCPRODUCTDEFINITIONSHAPE($,$,(#12325));
#12327=IFCCARTESIANPOINT((0.,0.,0.));
#12328=IFCAXIS2PLACEMENT3D(#12327,#8,#9);
#12329=IFCLOCALPLACEMENT(#27,#12328);
#12330=IFCBEAM('0dPG0TbnD6aPtvOu1NaVdU',$,'VS-632','IPE 200',$,#12329,#12326,'VS-632',$);
#12331=IFCRELASSOCIATESMATERIAL('0EObDJMbX4VvopfecILpzA',$,$,$,(#12330),#40);
#12332=IFCCARTESIANPOINT((115350.,14840.,0.));
#12333=IFCCARTESIANPOINT((115350.,19510.,0.));
#12334=IFCPOLYLINE((#12332,#12333));
#12335=IFCSHAPEREPRESENTATION(#12,'Axis','Curve3D',(#12334));
#12336=IFCPRODUCTDEFINITIONSHAPE($,$,(#12335));
#12337=IFCCARTESIANPOINT((0.,0.,0.));
#12338=IFCAXIS2PLACEMENT3D(#12337,#8,#9);
#12339=IFCLOCALPLACEMENT(#27,#12338);
#12340=IFCBEAM('2HI4QuE6TCc98nx_O_XvFn',$,'VS-633','IPE 200',$,#12339,#12336,'VS-633',$);
#12341=IFCRELASSOCIATESMATERIAL('0hKU1l1xL6BfuasZwgi7eM',$,$,$,(#12340),#40);
#12342=IFCCARTESIANPOINT((116433.3,5500.,0.));
#12343=IFCCARTESIANPOINT((116433.3,10170.,0.));
#12344=IFCPOLYLINE((#12342,#12343));
#12345=IFCSHAPEREPRESENTATION(#12,'Axis','Curve3D',(#12344));
#12346=IFCPRODUCTDEFINITIONSHAPE($,$,(#12345));
#12347=IFCCARTESIANPOINT((0.,0.,0.));
#12348=IFCAXIS2PLACEMENT3D(#12347,#8,#9);
#12349=IFCLOCALPLACEMENT(#27,#12348);
#12350=IFCBEAM('3C9mTCjVj279_m0hTt8bjV',$,'VS-634','IPE 200',$,#12349,#12346,'VS-634',$);
#12351=IFCRELASSOCIATESMATERIAL('3NrWe4Evj4EfwBk4PC$cHO',$,$,$,(#12350),#40);
#12352=IFCCARTESIANPOINT((116433.3,10170.,0.));
#12353=IFCCARTESIANPOINT((116433.3,14840.,0.));
#12354=IFCPOLYLINE((#12352,#12353));
#12355=IFCSHAPEREPRESENTATION(#12,'Axis','Curve3D',(#12354));
#12356=IFCPRODUCTDEFINITIONSHAPE($,$,(#12355));
#12357=IFCCARTESIANPOINT((0.,0.,0.));
#12358=IFCAXIS2PLACEMENT3D(#12357,#8,#9);
#12359=IFCLOCALPLACEMENT(#27,#12358);
#12360=IFCBEAM('0hB3bqixX2gxeNFdHVy0oP',$,'VS-635','IPE 200',$,#12359,#12356,'VS-635',$);
#12361=IFCRELASSOCIATESMATERIAL('3Dt56$5ozCL9WpIIrWm9YX',$,$,$,(#12360),#40);
#12362=IFCCARTESIANPOINT((116433.3,14840.,0.));
#12363=IFCCARTESIANPOINT((116433.3,19510.,0.));
#12364=IFCPOLYLINE((#12362,#12363));
#12365=IFCSHAPEREPRESENTATION(#12,'Axis','Curve3D',(#12364));
#12366=IFCPRODUCTDEFINITIONSHAPE($,$,(#12365));
#12367=IFCCARTESIANPOINT((0.,0.,0.));
#12368=IFCAXIS2PLACEMENT3D(#12367,#8,#9);
#12369=IFCLOCALPLACEMENT(#27,#12368);
#12370=IFCBEAM('1icEiJgW5Cov6nPqWNueoe',$,'VS-636','IPE 200',$,#12369,#12366,'VS-636',$);
#12371=IFCRELASSOCIATESMATERIAL('3wFRmvqi5Bc8o1FucCxI5E',$,$,$,(#12370),#40);
#12372=IFCCARTESIANPOINT((117516.7,5500.,0.));
#12373=IFCCARTESIANPOINT((117516.7,10170.,0.));
#12374=IFCPOLYLINE((#12372,#12373));
#12375=IFCSHAPEREPRESENTATION(#12,'Axis','Curve3D',(#12374));
#12376=IFCPRODUCTDEFINITIONSHAPE($,$,(#12375));
#12377=IFCCARTESIANPOINT((0.,0.,0.));
#12378=IFCAXIS2PLACEMENT3D(#12377,#8,#9);
#12379=IFCLOCALPLACEMENT(#27,#12378);
#12380=IFCBEAM('0lG8$GuyX7reWHf5bA7BBP',$,'VS-637','IPE 240',$,#12379,#12376,'VS-637',$);
#12381=IFCRELASSOCIATESMATERIAL('1Azpqvfh5F2uui6Wd2CHF7',$,$,$,(#12380),#40);
#12382=IFCCARTESIANPOINT((117516.7,10170.,0.));
#12383=IFCCARTESIANPOINT((117516.7,14840.,0.));
#12384=IFCPOLYLINE((#12382,#12383));
#12385=IFCSHAPEREPRESENTATION(#12,'Axis','Curve3D',(#12384));
#12386=IFCPRODUCTDEFINITIONSHAPE($,$,(#12385));
#12387=IFCCARTESIANPOINT((0.,0.,0.));
#12388=IFCAXIS2PLACEMENT3D(#12387,#8,#9);
#12389=IFCLOCALPLACEMENT(#27,#12388);
#12390=IFCBEAM('167xNHVzT3sgnk6TJvZr0K',$,'VS-638','IPE 240',$,#12389,#12386,'VS-638',$);
#12391=IFCRELASSOCIATESMATERIAL('3o0wOqAsv3ePUgCk8dt4eS',$,$,$,(#12390),#40);
#12392=IFCCARTESIANPOINT((117516.7,14840.,0.));
#12393=IFCCARTESIANPOINT((117516.7,19510.,0.));
#12394=IFCPOLYLINE((#12392,#12393));
#12395=IFCSHAPEREPRESENTATION(#12,'Axis','Curve3D',(#12394));
#12396=IFCPRODUCTDEFINITIONSHAPE($,$,(#12395));
#12397=IFCCARTESIANPOINT((0.,0.,0.));
#12398=IFCAXIS2PLACEMENT3D(#12397,#8,#9);
#12399=IFCLOCALPLACEMENT(#27,#12398);
#12400=IFCBEAM('0Qnu7Qpib89eaL0PF5_$WW',$,'VS-639','IPE 240',$,#12399,#12396,'VS-639',$);
#12401=IFCRELASSOCIATESMATERIAL('2qZyxbjXv8Rvf0TqIXktYq',$,$,$,(#12400),#40);
#12402=IFCCARTESIANPOINT((113183.3,5500.,0.));
#12403=IFCCARTESIANPOINT((113183.3,10170.,0.));
#12404=IFCPOLYLINE((#12402,#12403));
#12405=IFCSHAPEREPRESENTATION(#12,'Axis','Curve3D',(#12404));
#12406=IFCPRODUCTDEFINITIONSHAPE($,$,(#12405));
#12407=IFCCARTESIANPOINT((0.,0.,0.));
#12408=IFCAXIS2PLACEMENT3D(#12407,#8,#9);
#12409=IFCLOCALPLACEMENT(#31,#12408);
#12410=IFCBEAM('1kWyIfxLL58QrgeSyJ5S6v',$,'VS-640','IPE 240',$,#12409,#12406,'VS-640',$);
#12411=IFCRELASSOCIATESMATERIAL('0HL9hVALL6wxOBkpDs5fBT',$,$,$,(#12410),#40);
#12412=IFCCARTESIANPOINT((113183.3,10170.,0.));
#12413=IFCCARTESIANPOINT((113183.3,14840.,0.));
#12414=IFCPOLYLINE((#12412,#12413));
#12415=IFCSHAPEREPRESENTATION(#12,'Axis','Curve3D',(#12414));
#12416=IFCPRODUCTDEFINITIONSHAPE($,$,(#12415));
#12417=IFCCARTESIANPOINT((0.,0.,0.));
#12418=IFCAXIS2PLACEMENT3D(#12417,#8,#9);
#12419=IFCLOCALPLACEMENT(#31,#12418);
#12420=IFCBEAM('0JhfOo1EHF3RJmBi0OR0lR',$,'VS-641','IPE 240',$,#12419,#12416,'VS-641',$);
#12421=IFCRELASSOCIATESMATERIAL('1avoHkOTDCUhT7Q_m1BG3F',$,$,$,(#12420),#40);
#12422=IFCCARTESIANPOINT((113183.3,14840.,0.));
#12423=IFCCARTESIANPOINT((113183.3,19510.,0.));
#12424=IFCPOLYLINE((#12422,#12423));
#12425=IFCSHAPEREPRESENTATION(#12,'Axis','Curve3D',(#12424));
#12426=IFCPRODUCTDEFINITIONSHAPE($,$,(#12425));
#12427=IFCCARTESIANPOINT((0.,0.,0.));
#12428=IFCAXIS2PLACEMENT3D(#12427,#8,#9);
#12429=IFCLOCALPLACEMENT(#31,#12428);
#12430=IFCBEAM('0TAnHbX6P6V9Wux3WGVAFa',$,'VS-642','IPE 240',$,#12429,#12426,'VS-642',$);
#12431=IFCRELASSOCIATESMATERIAL('3CROFcz7z9pAWp8HwvXood',$,$,$,(#12430),#40);
#12432=IFCCARTESIANPOINT((114266.7,5500.,0.));
#12433=IFCCARTESIANPOINT((114266.7,10170.,0.));
#12434=IFCPOLYLINE((#12432,#12433));
#12435=IFCSHAPEREPRESENTATION(#12,'Axis','Curve3D',(#12434));
#12436=IFCPRODUCTDEFINITIONSHAPE($,$,(#12435));
#12437=IFCCARTESIANPOINT((0.,0.,0.));
#12438=IFCAXIS2PLACEMENT3D(#12437,#8,#9);
#12439=IFCLOCALPLACEMENT(#31,#12438);
#12440=IFCBEAM('3Ji9IQboT9evRNzmZMXcox',$,'VS-643','IPE 200',$,#12439,#12436,'VS-643',$);
#12441=IFCRELASSOCIATESMATERIAL('19L7DWepXFzwGMOnmsu2Yy',$,$,$,(#12440),#40);
#12442=IFCCARTESIANPOINT((114266.7,10170.,0.));
#12443=IFCCARTESIANPOINT((114266.7,14840.,0.));
#12444=IFCPOLYLINE((#12442,#12443));
#12445=IFCSHAPEREPRESENTATION(#12,'Axis','Curve3D',(#12444));
#12446=IFCPRODUCTDEFINITIONSHAPE($,$,(#12445));
#12447=IFCCARTESIANPOINT((0.,0.,0.));
#12448=IFCAXIS2PLACEMENT3D(#12447,#8,#9);
#12449=IFCLOCALPLACEMENT(#31,#12448);
#12450=IFCBEAM('1iJ_y0zJr11QV4cFvUeF2A',$,'VS-644','IPE 200',$,#12449,#12446,'VS-644',$);
#12451=IFCRELASSOCIATESMATERIAL('0EXzHJTm92mxoLWkde6Mjb',$,$,$,(#12450),#40);
#12452=IFCCARTESIANPOINT((114266.7,14840.,0.));
#12453=IFCCARTESIANPOINT((114266.7,19510.,0.));
#12454=IFCPOLYLINE((#12452,#12453));
#12455=IFCSHAPEREPRESENTATION(#12,'Axis','Curve3D',(#12454));
#12456=IFCPRODUCTDEFINITIONSHAPE($,$,(#12455));
#12457=IFCCARTESIANPOINT((0.,0.,0.));
#12458=IFCAXIS2PLACEMENT3D(#12457,#8,#9);
#12459=IFCLOCALPLACEMENT(#31,#12458);
#12460=IFCBEAM('0BX3CLdgTCXOCM$Om0Ffxm',$,'VS-645','IPE 200',$,#12459,#12456,'VS-645',$);
#12461=IFCRELASSOCIATESMATERIAL('1ol2E9dbjDFut1NTZeFWsA',$,$,$,(#12460),#40);
#12462=IFCCARTESIANPOINT((115350.,5500.,0.));
#12463=IFCCARTESIANPOINT((115350.,10170.,0.));
#12464=IFCPOLYLINE((#12462,#12463));
#12465=IFCSHAPEREPRESENTATION(#12,'Axis','Curve3D',(#12464));
#12466=IFCPRODUCTDEFINITIONSHAPE($,$,(#12465));
#12467=IFCCARTESIANPOINT((0.,0.,0.));
#12468=IFCAXIS2PLACEMENT3D(#12467,#8,#9);
#12469=IFCLOCALPLACEMENT(#31,#12468);
#12470=IFCBEAM('2$_9ZAJJT6UQ8iT2r4qrn8',$,'VS-646','IPE 200',$,#12469,#12466,'VS-646',$);
#12471=IFCRELASSOCIATESMATERIAL('2QbGDOQEzErQ0kEYaRbyQ7',$,$,$,(#12470),#40);
#12472=IFCCARTESIANPOINT((115350.,10170.,0.));
#12473=IFCCARTESIANPOINT((115350.,14840.,0.));
#12474=IFCPOLYLINE((#12472,#12473));
#12475=IFCSHAPEREPRESENTATION(#12,'Axis','Curve3D',(#12474));
#12476=IFCPRODUCTDEFINITIONSHAPE($,$,(#12475));
#12477=IFCCARTESIANPOINT((0.,0.,0.));
#12478=IFCAXIS2PLACEMENT3D(#12477,#8,#9);
#12479=IFCLOCALPLACEMENT(#31,#12478);
#12480=IFCBEAM('3Qe0ecz7D16wQtGPv8SPGB',$,'VS-647','IPE 200',$,#12479,#12476,'VS-647',$);
#12481=IFCRELASSOCIATESMATERIAL('397tAKZoHA1eev8JtOpr5d',$,$,$,(#12480),#40);
#12482=IFCCARTESIANPOINT((115350.,14840.,0.));
#12483=IFCCARTESIANPOINT((115350.,19510.,0.));
#12484=IFCPOLYLINE((#12482,#12483));
#12485=IFCSHAPEREPRESENTATION(#12,'Axis','Curve3D',(#12484));
#12486=IFCPRODUCTDEFINITIONSHAPE($,$,(#12485));
#12487=IFCCARTESIANPOINT((0.,0.,0.));
#12488=IFCAXIS2PLACEMENT3D(#12487,#8,#9);
#12489=IFCLOCALPLACEMENT(#31,#12488);
#12490=IFCBEAM('0WZ5nonknDFB6MfeVEzgbQ',$,'VS-648','IPE 200',$,#12489,#12486,'VS-648',$);
#12491=IFCRELASSOCIATESMATERIAL('2qkwcWCtnEiAd7Kp0xV1pe',$,$,$,(#12490),#40);
#12492=IFCCARTESIANPOINT((116433.3,5500.,0.));
#12493=IFCCARTESIANPOINT((116433.3,10170.,0.));
#12494=IFCPOLYLINE((#12492,#12493));
#12495=IFCSHAPEREPRESENTATION(#12,'Axis','Curve3D',(#12494));
#12496=IFCPRODUCTDEFINITIONSHAPE($,$,(#12495));
#12497=IFCCARTESIANPOINT((0.,0.,0.));
#12498=IFCAXIS2PLACEMENT3D(#12497,#8,#9);
#12499=IFCLOCALPLACEMENT(#31,#12498);
#12500=IFCBEAM('1V4zgTBVL07ApGY5ZJOT0u',$,'VS-649','IPE 200',$,#12499,#12496,'VS-649',$);
#12501=IFCRELASSOCIATESMATERIAL('2Wtb6NYXz0ZxoPrfkrno5H',$,$,$,(#12500),#40);
#12502=IFCCARTESIANPOINT((116433.3,10170.,0.));
#12503=IFCCARTESIANPOINT((116433.3,14840.,0.));
#12504=IFCPOLYLINE((#12502,#12503));
#12505=IFCSHAPEREPRESENTATION(#12,'Axis','Curve3D',(#12504));
#12506=IFCPRODUCTDEFINITIONSHAPE($,$,(#12505));
#12507=IFCCARTESIANPOINT((0.,0.,0.));
#12508=IFCAXIS2PLACEMENT3D(#12507,#8,#9);
#12509=IFCLOCALPLACEMENT(#31,#12508);
#12510=IFCBEAM('1CNL6xwtrCgwEIZ$gtz_X4',$,'VS-650','IPE 200',$,#12509,#12506,'VS-650',$);
#12511=IFCRELASSOCIATESMATERIAL('3sqjaj3fXAb9D7qIJQGIyX',$,$,$,(#12510),#40);
#12512=IFCCARTESIANPOINT((116433.3,14840.,0.));
#12513=IFCCARTESIANPOINT((116433.3,19510.,0.));
#12514=IFCPOLYLINE((#12512,#12513));
#12515=IFCSHAPEREPRESENTATION(#12,'Axis','Curve3D',(#12514));
#12516=IFCPRODUCTDEFINITIONSHAPE($,$,(#12515));
#12517=IFCCARTESIANPOINT((0.,0.,0.));
#12518=IFCAXIS2PLACEMENT3D(#12517,#8,#9);
#12519=IFCLOCALPLACEMENT(#31,#12518);
#12520=IFCBEAM('0Un1937q52sg1TeUafrF22',$,'VS-651','IPE 200',$,#12519,#12516,'VS-651',$);
#12521=IFCRELASSOCIATESMATERIAL('2lbb$1d9PE5OwEk1034WBX',$,$,$,(#12520),#40);
#12522=IFCCARTESIANPOINT((117516.7,5500.,0.));
#12523=IFCCARTESIANPOINT((117516.7,10170.,0.));
#12524=IFCPOLYLINE((#12522,#12523));
#12525=IFCSHAPEREPRESENTATION(#12,'Axis','Curve3D',(#12524));
#12526=IFCPRODUCTDEFINITIONSHAPE($,$,(#12525));
#12527=IFCCARTESIANPOINT((0.,0.,0.));
#12528=IFCAXIS2PLACEMENT3D(#12527,#8,#9);
#12529=IFCLOCALPLACEMENT(#31,#12528);
#12530=IFCBEAM('1RSdmIkADDShJmTpeLsKxs',$,'VS-652','IPE 240',$,#12529,#12526,'VS-652',$);
#12531=IFCRELASSOCIATESMATERIAL('3iPLUVsUjDMu5bxDH7Biiw',$,$,$,(#12530),#40);
#12532=IFCCARTESIANPOINT((117516.7,10170.,0.));
#12533=IFCCARTESIANPOINT((117516.7,14840.,0.));
#12534=IFCPOLYLINE((#12532,#12533));
#12535=IFCSHAPEREPRESENTATION(#12,'Axis','Curve3D',(#12534));
#12536=IFCPRODUCTDEFINITIONSHAPE($,$,(#12535));
#12537=IFCCARTESIANPOINT((0.,0.,0.));
#12538=IFCAXIS2PLACEMENT3D(#12537,#8,#9);
#12539=IFCLOCALPLACEMENT(#31,#12538);
#12540=IFCBEAM('17lKN$_c10$whavqHmNVkz',$,'VS-653','IPE 240',$,#12539,#12536,'VS-653',$);
#12541=IFCRELASSOCIATESMATERIAL('3wD1ZDEHX3DeqhKwXUTHuT',$,$,$,(#12540),#40);
#12542=IFCCARTESIANPOINT((117516.7,14840.,0.));
#12543=IFCCARTESIANPOINT((117516.7,19510.,0.));
#12544=IFCPOLYLINE((#12542,#12543));
#12545=IFCSHAPEREPRESENTATION(#12,'Axis','Curve3D',(#12544));
#12546=IFCPRODUCTDEFINITIONSHAPE($,$,(#12545));
#12547=IFCCARTESIANPOINT((0.,0.,0.));
#12548=IFCAXIS2PLACEMENT3D(#12547,#8,#9);
#12549=IFCLOCALPLACEMENT(#31,#12548);
#12550=IFCBEAM('0mAhqXIAXElPuhe9ndBKlC',$,'VS-654','IPE 240',$,#12549,#12546,'VS-654',$);
#12551=IFCRELASSOCIATESMATERIAL('2GI_HZyLzCpf2LsItaU9Dj',$,$,$,(#12550),#40);
#12552=IFCCARTESIANPOINT((113725.,5500.,0.));
#12553=IFCCARTESIANPOINT((113725.,10170.,0.));
#12554=IFCPOLYLINE((#12552,#12553));
#12555=IFCSHAPEREPRESENTATION(#12,'Axis','Curve3D',(#12554));
#12556=IFCPRODUCTDEFINITIONSHAPE($,$,(#12555));
#12557=IFCCARTESIANPOINT((0.,0.,0.));
#12558=IFCAXIS2PLACEMENT3D(#12557,#8,#9);
#12559=IFCLOCALPLACEMENT(#35,#12558);
#12560=IFCBEAM('0nnMSaNX911ffeD$HROHC5',$,'VS-655','IPE 160',$,#12559,#12556,'VS-655',$);
#12561=IFCRELASSOCIATESMATERIAL('3D019EZIv2I8WfCvOoPdoF',$,$,$,(#12560),#40);
#12562=IFCCARTESIANPOINT((113725.,10170.,0.));
#12563=IFCCARTESIANPOINT((113725.,14840.,0.));
#12564=IFCPOLYLINE((#12562,#12563));
#12565=IFCSHAPEREPRESENTATION(#12,'Axis','Curve3D',(#12564));
#12566=IFCPRODUCTDEFINITIONSHAPE($,$,(#12565));
#12567=IFCCARTESIANPOINT((0.,0.,0.));
#12568=IFCAXIS2PLACEMENT3D(#12567,#8,#9);
#12569=IFCLOCALPLACEMENT(#35,#12568);
#12570=IFCBEAM('3GIL3$jv1E5wZA1Shm_gXQ',$,'VS-656','IPE 160',$,#12569,#12566,'VS-656',$);
#12571=IFCRELASSOCIATESMATERIAL('3iR_3AGxXDJPY3hESS_2Y4',$,$,$,(#12570),#40);
#12572=IFCCARTESIANPOINT((113725.,14840.,0.));
#12573=IFCCARTESIANPOINT((113725.,19510.,0.));
#12574=IFCPOLYLINE((#12572,#12573));
#12575=IFCSHAPEREPRESENTATION(#12,'Axis','Curve3D',(#12574));
#12576=IFCPRODUCTDEFINITIONSHAPE($,$,(#12575));
#12577=IFCCARTESIANPOINT((0.,0.,0.));
#12578=IFCAXIS2PLACEMENT3D(#12577,#8,#9);
#12579=IFCLOCALPLACEMENT(#35,#12578);
#12580=IFCBEAM('2qip44jujCAQb0Ka2wvuZ7',$,'VS-657','IPE 160',$,#12579,#12576,'VS-657',$);
#12581=IFCRELASSOCIATESMATERIAL('0h38rg4S57qx9OsWoz25fc',$,$,$,(#12580),#40);
#12582=IFCCARTESIANPOINT((115350.,5500.,0.));
#12583=IFCCARTESIANPOINT((115350.,10170.,0.));
#12584=IFCPOLYLINE((#12582,#12583));
#12585=IFCSHAPEREPRESENTATION(#12,'Axis','Curve3D',(#12584));
#12586=IFCPRODUCTDEFINITIONSHAPE($,$,(#12585));
#12587=IFCCARTESIANPOINT((0.,0.,0.));
#12588=IFCAXIS2PLACEMENT3D(#12587,#8,#9);
#12589=IFCLOCALPLACEMENT(#35,#12588);
#12590=IFCBEAM('0opVDOxAvCLvOkFpPfK2Fc',$,'VS-658','IPE 160',$,#12589,#12586,'VS-658',$);
#12591=IFCRELASSOCIATESMATERIAL('3Ci8aWzJ9DHglajKjTorSF',$,$,$,(#12590),#40);
#12592=IFCCARTESIANPOINT((115350.,10170.,0.));
#12593=IFCCARTESIANPOINT((115350.,14840.,0.));
#12594=IFCPOLYLINE((#12592,#12593));
#12595=IFCSHAPEREPRESENTATION(#12,'Axis','Curve3D',(#12594));
#12596=IFCPRODUCTDEFINITIONSHAPE($,$,(#12595));
#12597=IFCCARTESIANPOINT((0.,0.,0.));
#12598=IFCAXIS2PLACEMENT3D(#12597,#8,#9);
#12599=IFCLOCALPLACEMENT(#35,#12598);
#12600=IFCBEAM('27nbIUiqD6PfhhmAHokdIM',$,'VS-659','IPE 160',$,#12599,#12596,'VS-659',$);
#12601=IFCRELASSOCIATESMATERIAL('3QIK0V1tb5Y9LvuF7Oc5p3',$,$,$,(#12600),#40);
#12602=IFCCARTESIANPOINT((115350.,14840.,0.));
#12603=IFCCARTESIANPOINT((115350.,19510.,0.));
#12604=IFCPOLYLINE((#12602,#12603));
#12605=IFCSHAPEREPRESENTATION(#12,'Axis','Curve3D',(#12604));
#12606=IFCPRODUCTDEFINITIONSHAPE($,$,(#12605));
#12607=IFCCARTESIANPOINT((0.,0.,0.));
#12608=IFCAXIS2PLACEMENT3D(#12607,#8,#9);
#12609=IFCLOCALPLACEMENT(#35,#12608);
#12610=IFCBEAM('0sMVeQacLEVgOCRbvFZW3v',$,'VS-660','IPE 160',$,#12609,#12606,'VS-660',$);
#12611=IFCRELASSOCIATESMATERIAL('3rLLKMKF555fUjlaXhuRUO',$,$,$,(#12610),#40);
#12612=IFCCARTESIANPOINT((116975.,5500.,0.));
#12613=IFCCARTESIANPOINT((116975.,10170.,0.));
#12614=IFCPOLYLINE((#12612,#12613));
#12615=IFCSHAPEREPRESENTATION(#12,'Axis','Curve3D',(#12614));
#12616=IFCPRODUCTDEFINITIONSHAPE($,$,(#12615));
#12617=IFCCARTESIANPOINT((0.,0.,0.));
#12618=IFCAXIS2PLACEMENT3D(#12617,#8,#9);
#12619=IFCLOCALPLACEMENT(#35,#12618);
#12620=IFCBEAM('3Gi6sIKHfA8OpLiPXAVE5j',$,'VS-661','IPE 160',$,#12619,#12616,'VS-661',$);
#12621=IFCRELASSOCIATESMATERIAL('11775q8MPAQe_52eItUiKh',$,$,$,(#12620),#40);
#12622=IFCCARTESIANPOINT((116975.,10170.,0.));
#12623=IFCCARTESIANPOINT((116975.,14840.,0.));
#12624=IFCPOLYLINE((#12622,#12623));
#12625=IFCSHAPEREPRESENTATION(#12,'Axis','Curve3D',(#12624));
#12626=IFCPRODUCTDEFINITIONSHAPE($,$,(#12625));
#12627=IFCCARTESIANPOINT((0.,0.,0.));
#12628=IFCAXIS2PLACEMENT3D(#12627,#8,#9);
#12629=IFCLOCALPLACEMENT(#35,#12628);
#12630=IFCBEAM('3In7fNHuD2qxABC3bLMRbw',$,'VS-662','IPE 160',$,#12629,#12626,'VS-662',$);
#12631=IFCRELASSOCIATESMATERIAL('1bYPUeAxDAwvscLvjv8NLU',$,$,$,(#12630),#40);
#12632=IFCCARTESIANPOINT((116975.,14840.,0.));
#12633=IFCCARTESIANPOINT((116975.,19510.,0.));
#12634=IFCPOLYLINE((#12632,#12633));
#12635=IFCSHAPEREPRESENTATION(#12,'Axis','Curve3D',(#12634));
#12636=IFCPRODUCTDEFINITIONSHAPE($,$,(#12635));
#12637=IFCCARTESIANPOINT((0.,0.,0.));
#12638=IFCAXIS2PLACEMENT3D(#12637,#8,#9);
#12639=IFCLOCALPLACEMENT(#35,#12638);
#12640=IFCBEAM('2lGJ699LTAYgAJSMQdxB14',$,'VS-663','IPE 160',$,#12639,#12636,'VS-663',$);
#12641=IFCRELASSOCIATESMATERIAL('00BRb8d7n8Ae1iyr1msOsf',$,$,$,(#12640),#40);
#12642=IFCCARTESIANPOINT((119683.3,5500.,0.));
#12643=IFCCARTESIANPOINT((119683.3,10170.,0.));
#12644=IFCPOLYLINE((#12642,#12643));
#12645=IFCSHAPEREPRESENTATION(#12,'Axis','Curve3D',(#12644));
#12646=IFCPRODUCTDEFINITIONSHAPE($,$,(#12645));
#12647=IFCCARTESIANPOINT((0.,0.,0.));
#12648=IFCAXIS2PLACEMENT3D(#12647,#8,#9);
#12649=IFCLOCALPLACEMENT(#27,#12648);
#12650=IFCBEAM('01TYGtucbEUO4LouyHsH7E',$,'VS-664','IPE 240',$,#12649,#12646,'VS-664',$);
#12651=IFCRELASSOCIATESMATERIAL('3eRjV5VhD8YPGKFE1NaY4E',$,$,$,(#12650),#40);
#12652=IFCCARTESIANPOINT((119683.3,10170.,0.));
#12653=IFCCARTESIANPOINT((119683.3,14840.,0.));
#12654=IFCPOLYLINE((#12652,#12653));
#12655=IFCSHAPEREPRESENTATION(#12,'Axis','Curve3D',(#12654));
#12656=IFCPRODUCTDEFINITIONSHAPE($,$,(#12655));
#12657=IFCCARTESIANPOINT((0.,0.,0.));
#12658=IFCAXIS2PLACEMENT3D(#12657,#8,#9);
#12659=IFCLOCALPLACEMENT(#27,#12658);
#12660=IFCBEAM('3Qn9bAVLTDWhk1uMHbp0xC',$,'VS-665','IPE 240',$,#12659,#12656,'VS-665',$);
#12661=IFCRELASSOCIATESMATERIAL('0v3BkX3Q5DEuhGDd98CFbP',$,$,$,(#12660),#40);
#12662=IFCCARTESIANPOINT((119683.3,14840.,0.));
#12663=IFCCARTESIANPOINT((119683.3,19510.,0.));
#12664=IFCPOLYLINE((#12662,#12663));
#12665=IFCSHAPEREPRESENTATION(#12,'Axis','Curve3D',(#12664));
#12666=IFCPRODUCTDEFINITIONSHAPE($,$,(#12665));
#12667=IFCCARTESIANPOINT((0.,0.,0.));
#12668=IFCAXIS2PLACEMENT3D(#12667,#8,#9);
#12669=IFCLOCALPLACEMENT(#27,#12668);
#12670=IFCBEAM('3KGpmOB$PDQ8PBnUWjCRaT',$,'VS-666','IPE 240',$,#12669,#12666,'VS-666',$);
#12671=IFCRELASSOCIATESMATERIAL('0nmA55rGv4jOR_y1MuvgCs',$,$,$,(#12670),#40);
#12672=IFCCARTESIANPOINT((120766.7,5500.,0.));
#12673=IFCCARTESIANPOINT((120766.7,10170.,0.));
#12674=IFCPOLYLINE((#12672,#12673));
#12675=IFCSHAPEREPRESENTATION(#12,'Axis','Curve3D',(#12674));
#12676=IFCPRODUCTDEFINITIONSHAPE($,$,(#12675));
#12677=IFCCARTESIANPOINT((0.,0.,0.));
#12678=IFCAXIS2PLACEMENT3D(#12677,#8,#9);
#12679=IFCLOCALPLACEMENT(#27,#12678);
#12680=IFCBEAM('2Qvpa_Lv11Ie04Tb7YZk48',$,'VS-667','IPE 200',$,#12679,#12676,'VS-667',$);
#12681=IFCRELASSOCIATESMATERIAL('2QIg2f_kLBjRqqYN3jBtSb',$,$,$,(#12680),#40);
#12682=IFCCARTESIANPOINT((120766.7,10170.,0.));
#12683=IFCCARTESIANPOINT((120766.7,14840.,0.));
#12684=IFCPOLYLINE((#12682,#12683));
#12685=IFCSHAPEREPRESENTATION(#12,'Axis','Curve3D',(#12684));
#12686=IFCPRODUCTDEFINITIONSHAPE($,$,(#12685));
#12687=IFCCARTESIANPOINT((0.,0.,0.));
#12688=IFCAXIS2PLACEMENT3D(#12687,#8,#9);
#12689=IFCLOCALPLACEMENT(#27,#12688);
#12690=IFCBEAM('0xTN0XSvH2uQ_gqLDXgrFL',$,'VS-668','IPE 200',$,#12689,#12686,'VS-668',$);
#12691=IFCRELASSOCIATESMATERIAL('3ak8WmuTT6sRr9a99LZsx6',$,$,$,(#12690),#40);
#12692=IFCCARTESIANPOINT((120766.7,14840.,0.));
#12693=IFCCARTESIANPOINT((120766.7,19510.,0.));
#12694=IFCPOLYLINE((#12692,#12693));
#12695=IFCSHAPEREPRESENTATION(#12,'Axis','Curve3D',(#12694));
#12696=IFCPRODUCTDEFINITIONSHAPE($,$,(#12695));
#12697=IFCCARTESIANPOINT((0.,0.,0.));
#12698=IFCAXIS2PLACEMENT3D(#12697,#8,#9);
#12699=IFCLOCALPLACEMENT(#27,#12698);
#12700=IFCBEAM('1OQX_Yub5Fsfn8pVBXzx3X',$,'VS-669','IPE 200',$,#12699,#12696,'VS-669',$);
#12701=IFCRELASSOCIATESMATERIAL('28y2oDH91AAxk6fBBuVkPO',$,$,$,(#12700),#40);
#12702=IFCCARTESIANPOINT((121850.,5500.,0.));
#12703=IFCCARTESIANPOINT((121850.,10170.,0.));
#12704=IFCPOLYLINE((#12702,#12703));
#12705=IFCSHAPEREPRESENTATION(#12,'Axis','Curve3D',(#12704));
#12706=IFCPRODUCTDEFINITIONSHAPE($,$,(#12705));
#12707=IFCCARTESIANPOINT((0.,0.,0.));
#12708=IFCAXIS2PLACEMENT3D(#12707,#8,#9);
#12709=IFCLOCALPLACEMENT(#27,#12708);
#12710=IFCBEAM('31xZkZepDCAQcVU3OyQj7O',$,'VS-670','IPE 200',$,#12709,#12706,'VS-670',$);
#12711=IFCRELASSOCIATESMATERIAL('1Lr8u7gj12EQZbIOGzXJQL',$,$,$,(#12710),#40);
#12712=IFCCARTESIANPOINT((121850.,10170.,0.));
#12713=IFCCARTESIANPOINT((121850.,14840.,0.));
#12714=IFCPOLYLINE((#12712,#12713));
#12715=IFCSHAPEREPRESENTATION(#12,'Axis','Curve3D',(#12714));
#12716=IFCPRODUCTDEFINITIONSHAPE($,$,(#12715));
#12717=IFCCARTESIANPOINT((0.,0.,0.));
#12718=IFCAXIS2PLACEMENT3D(#12717,#8,#9);
#12719=IFCLOCALPLACEMENT(#27,#12718);
#12720=IFCBEAM('3MqOSAEwHD3uV7hLgTj0ac',$,'VS-671','IPE 200',$,#12719,#12716,'VS-671',$);
#12721=IFCRELASSOCIATESMATERIAL('0T1OmG7aH4_vKuP1tHDgKe',$,$,$,(#12720),#40);
#12722=IFCCARTESIANPOINT((121850.,14840.,0.));
#12723=IFCCARTESIANPOINT((121850.,19510.,0.));
#12724=IFCPOLYLINE((#12722,#12723));
#12725=IFCSHAPEREPRESENTATION(#12,'Axis','Curve3D',(#12724));
#12726=IFCPRODUCTDEFINITIONSHAPE($,$,(#12725));
#12727=IFCCARTESIANPOINT((0.,0.,0.));
#12728=IFCAXIS2PLACEMENT3D(#12727,#8,#9);
#12729=IFCLOCALPLACEMENT(#27,#12728);
#12730=IFCBEAM('1dsrX1p7L0Gwof0QWRXr0Y',$,'VS-672','IPE 200',$,#12729,#12726,'VS-672',$);
#12731=IFCRELASSOCIATESMATERIAL('1JnxHyVCzDuB6XidKeBwUc',$,$,$,(#12730),#40);
#12732=IFCCARTESIANPOINT((122933.3,5500.,0.));
#12733=IFCCARTESIANPOINT((122933.3,10170.,0.));
#12734=IFCPOLYLINE((#12732,#12733));
#12735=IFCSHAPEREPRESENTATION(#12,'Axis','Curve3D',(#12734));
#12736=IFCPRODUCTDEFINITIONSHAPE($,$,(#12735));
#12737=IFCCARTESIANPOINT((0.,0.,0.));
#12738=IFCAXIS2PLACEMENT3D(#12737,#8,#9);
#12739=IFCLOCALPLACEMENT(#27,#12738);
#12740=IFCBEAM('0d9qRGukPBtf3ZzKS7V2hd',$,'VS-673','IPE 200',$,#12739,#12736,'VS-673',$);
#12741=IFCRELASSOCIATESMATERIAL('1jv9$9_YP4JBWTeROHAjE2',$,$,$,(#12740),#40);
#12742=IFCCARTESIANPOINT((122933.3,10170.,0.));
#12743=IFCCARTESIANPOINT((122933.3,14840.,0.));
#12744=IFCPOLYLINE((#12742,#12743));
#12745=IFCSHAPEREPRESENTATION(#12,'Axis','Curve3D',(#12744));
#12746=IFCPRODUCTDEFINITIONSHAPE($,$,(#12745));
#12747=IFCCARTESIANPOINT((0.,0.,0.));
#12748=IFCAXIS2PLACEMENT3D(#12747,#8,#9);
#12749=IFCLOCALPLACEMENT(#27,#12748);
#12750=IFCBEAM('1Svur2lW10zvtXotxUKdzC',$,'VS-674','IPE 200',$,#12749,#12746,'VS-674',$);
#12751=IFCRELASSOCIATESMATERIAL('2IRQV38IDDvhJx56NYpjq9',$,$,$,(#12750),#40);
#12752=IFCCARTESIANPOINT((122933.3,14840.,0.));
#12753=IFCCARTESIANPOINT((122933.3,19510.,0.));
#12754=IFCPOLYLINE((#12752,#12753));
#12755=IFCSHAPEREPRESENTATION(#12,'Axis','Curve3D',(#12754));
#12756=IFCPRODUCTDEFINITIONSHAPE($,$,(#12755));
#12757=IFCCARTESIANPOINT((0.,0.,0.));
#12758=IFCAXIS2PLACEMENT3D(#12757,#8,#9);
#12759=IFCLOCALPLACEMENT(#27,#12758);
#12760=IFCBEAM('3sKbvank1F3g7T5HzdMjS7',$,'VS-675','IPE 200',$,#12759,#12756,'VS-675',$);
#12761=IFCRELASSOCIATESMATERIAL('0Ih464fWjF794gTHnRJkXT',$,$,$,(#12760),#40);
#12762=IFCCARTESIANPOINT((124016.7,5500.,0.));
#12763=IFCCARTESIANPOINT((124016.7,10170.,0.));
#12764=IFCPOLYLINE((#12762,#12763));
#12765=IFCSHAPEREPRESENTATION(#12,'Axis','Curve3D',(#12764));
#12766=IFCPRODUCTDEFINITIONSHAPE($,$,(#12765));
#12767=IFCCARTESIANPOINT((0.,0.,0.));
#12768=IFCAXIS2PLACEMENT3D(#12767,#8,#9);
#12769=IFCLOCALPLACEMENT(#27,#12768);
#12770=IFCBEAM('1znQEc7hP8D8I8soM3u7JE',$,'VS-676','IPE 240',$,#12769,#12766,'VS-676',$);
#12771=IFCRELASSOCIATESMATERIAL('1OyZYH9Vv2QQvWuIbeB4_r',$,$,$,(#12770),#40);
#12772=IFCCARTESIANPOINT((124016.7,10170.,0.));
#12773=IFCCARTESIANPOINT((124016.7,14840.,0.));
#12774=IFCPOLYLINE((#12772,#12773));
#12775=IFCSHAPEREPRESENTATION(#12,'Axis','Curve3D',(#12774));
#12776=IFCPRODUCTDEFINITIONSHAPE($,$,(#12775));
#12777=IFCCARTESIANPOINT((0.,0.,0.));
#12778=IFCAXIS2PLACEMENT3D(#12777,#8,#9);
#12779=IFCLOCALPLACEMENT(#27,#12778);
#12780=IFCBEAM('0BqLlYyF9Ep88wRywJ6yvD',$,'VS-677','IPE 240',$,#12779,#12776,'VS-677',$);
#12781=IFCRELASSOCIATESMATERIAL('2TbF9yMxfB1wypDU_zuAz8',$,$,$,(#12780),#40);
#12782=IFCCARTESIANPOINT((124016.7,14840.,0.));
#12783=IFCCARTESIANPOINT((124016.7,19510.,0.));
#12784=IFCPOLYLINE((#12782,#12783));
#12785=IFCSHAPEREPRESENTATION(#12,'Axis','Curve3D',(#12784));
#12786=IFCPRODUCTDEFINITIONSHAPE($,$,(#12785));
#12787=IFCCARTESIANPOINT((0.,0.,0.));
#12788=IFCAXIS2PLACEMENT3D(#12787,#8,#9);
#12789=IFCLOCALPLACEMENT(#27,#12788);
#12790=IFCBEAM('2R7n6XS2H2HRCyGkoxvNJI',$,'VS-678','IPE 240',$,#12789,#12786,'VS-678',$);
#12791=IFCRELASSOCIATESMATERIAL('2J_eF0kILBE8NlFbyK0wY4',$,$,$,(#12790),#40);
#12792=IFCCARTESIANPOINT((119683.3,5500.,0.));
#12793=IFCCARTESIANPOINT((119683.3,10170.,0.));
#12794=IFCPOLYLINE((#12792,#12793));
#12795=IFCSHAPEREPRESENTATION(#12,'Axis','Curve3D',(#12794));
#12796=IFCPRODUCTDEFINITIONSHAPE($,$,(#12795));
#12797=IFCCARTESIANPOINT((0.,0.,0.));
#12798=IFCAXIS2PLACEMENT3D(#12797,#8,#9);
#12799=IFCLOCALPLACEMENT(#31,#12798);
#12800=IFCBEAM('0FG6P6uXH6Sfq9qBde$P03',$,'VS-679','IPE 240',$,#12799,#12796,'VS-679',$);
#12801=IFCRELASSOCIATESMATERIAL('0zWVW_xsv36BtxTzUKwlaD',$,$,$,(#12800),#40);
#12802=IFCCARTESIANPOINT((119683.3,10170.,0.));
#12803=IFCCARTESIANPOINT((119683.3,14840.,0.));
#12804=IFCPOLYLINE((#12802,#12803));
#12805=IFCSHAPEREPRESENTATION(#12,'Axis','Curve3D',(#12804));
#12806=IFCPRODUCTDEFINITIONSHAPE($,$,(#12805));
#12807=IFCCARTESIANPOINT((0.,0.,0.));
#12808=IFCAXIS2PLACEMENT3D(#12807,#8,#9);
#12809=IFCLOCALPLACEMENT(#31,#12808);
#12810=IFCBEAM('3QO36mOl162v4UPZS323fK',$,'VS-680','IPE 240',$,#12809,#12806,'VS-680',$);
#12811=IFCRELASSOCIATESMATERIAL('20lFbOTDD7N9QZK0a9NQgK',$,$,$,(#12810),#40);
#12812=IFCCARTESIANPOINT((119683.3,14840.,0.));
#12813=IFCCARTESIANPOINT((119683.3,19510.,0.));
#12814=IFCPOLYLINE((#12812,#12813));
#12815=IFCSHAPEREPRESENTATION(#12,'Axis','Curve3D',(#12814));
#12816=IFCPRODUCTDEFINITIONSHAPE($,$,(#12815));
#12817=IFCCARTESIANPOINT((0.,0.,0.));
#12818=IFCAXIS2PLACEMENT3D(#12817,#8,#9);
#12819=IFCLOCALPLACEMENT(#31,#12818);
#12820=IFCBEAM('2qdgNx2kfC5u9BuwFXYoMk',$,'VS-681','IPE 240',$,#12819,#12816,'VS-681',$);
#12821=IFCRELASSOCIATESMATERIAL('3rEote5zXBefMgxQFBd3gq',$,$,$,(#12820),#40);
#12822=IFCCARTESIANPOINT((120766.7,5500.,0.));
#12823=IFCCARTESIANPOINT((120766.7,10170.,0.));
#12824=IFCPOLYLINE((#12822,#12823));
#12825=IFCSHAPEREPRESENTATION(#12,'Axis','Curve3D',(#12824));
#12826=IFCPRODUCTDEFINITIONSHAPE($,$,(#12825));
#12827=IFCCARTESIANPOINT((0.,0.,0.));
#12828=IFCAXIS2PLACEMENT3D(#12827,#8,#9);
#12829=IFCLOCALPLACEMENT(#31,#12828);
#12830=IFCBEAM('11FWZnYPD2xgfC4sCija8j',$,'VS-682','IPE 200',$,#12829,#12826,'VS-682',$);
#12831=IFCRELASSOCIATESMATERIAL('1f$34VSQ13ABEf7fIH1b9P',$,$,$,(#12830),#40);
#12832=IFCCARTESIANPOINT((120766.7,10170.,0.));
#12833=IFCCARTESIANPOINT((120766.7,14840.,0.));
#12834=IFCPOLYLINE((#12832,#12833));
#12835=IFCSHAPEREPRESENTATION(#12,'Axis','Curve3D',(#12834));
#12836=IFCPRODUCTDEFINITIONSHAPE($,$,(#12835));
#12837=IFCCARTESIANPOINT((0.,0.,0.));
#12838=IFCAXIS2PLACEMENT3D(#12837,#8,#9);
#12839=IFCLOCALPLACEMENT(#31,#12838);
#12840=IFCBEAM('06xPHmVzbARQK$RJmmaoxG',$,'VS-683','IPE 200',$,#12839,#12836,'VS-683',$);
#12841=IFCRELASSOCIATESMATERIAL('3ft3s1o3L9_vwWis$AeLEG',$,$,$,(#12840),#40);
#12842=IFCCARTESIANPOINT((120766.7,14840.,0.));
#12843=IFCCARTESIANPOINT((120766.7,19510.,0.));
#12844=IFCPOLYLINE((#12842,#12843));
#12845=IFCSHAPEREPRESENTATION(#12,'Axis','Curve3D',(#12844));
#12846=IFCPRODUCTDEFINITIONSHAPE($,$,(#12845));
#12847=IFCCARTESIANPOINT((0.,0.,0.));
#12848=IFCAXIS2PLACEMENT3D(#12847,#8,#9);
#12849=IFCLOCALPLACEMENT(#31,#12848);
#12850=IFCBEAM('0tsmBh5bf43BSMvQPm_1mQ',$,'VS-684','IPE 200',$,#12849,#12846,'VS-684',$);
#12851=IFCRELASSOCIATESMATERIAL('1LRP$2L_579fGcjjAy4902',$,$,$,(#12850),#40);
#12852=IFCCARTESIANPOINT((121850.,5500.,0.));
#12853=IFCCARTESIANPOINT((121850.,10170.,0.));
#12854=IFCPOLYLINE((#12852,#12853));
#12855=IFCSHAPEREPRESENTATION(#12,'Axis','Curve3D',(#12854));
#12856=IFCPRODUCTDEFINITIONSHAPE($,$,(#12855));
#12857=IFCCARTESIANPOINT((0.,0.,0.));
#12858=IFCAXIS2PLACEMENT3D(#12857,#8,#9);
#12859=IFCLOCALPLACEMENT(#31,#12858);
#12860=IFCBEAM('3aXzFsUozBRh3zHQVE25XK',$,'VS-685','IPE 200',$,#12859,#12856,'VS-685',$);
#12861=IFCRELASSOCIATESMATERIAL('1jgKAlaDLDFBY$1DxedT70',$,$,$,(#12860),#40);
#12862=IFCCARTESIANPOINT((121850.,10170.,0.));
#12863=IFCCARTESIANPOINT((121850.,14840.,0.));
#12864=IFCPOLYLINE((#12862,#12863));
#12865=IFCSHAPEREPRESENTATION(#12,'Axis','Curve3D',(#12864));
#12866=IFCPRODUCTDEFINITIONSHAPE($,$,(#12865));
#12867=IFCCARTESIANPOINT((0.,0.,0.));
#12868=IFCAXIS2PLACEMENT3D(#12867,#8,#9);
#12869=IFCLOCALPLACEMENT(#31,#12868);
#12870=IFCBEAM('3tuhKEhmr5_g5xSHcFXYHh',$,'VS-686','IPE 200',$,#12869,#12866,'VS-686',$);
#12871=IFCRELASSOCIATESMATERIAL('3E77F6MobEg8CTGbX$RakJ',$,$,$,(#12870),#40);
#12872=IFCCARTESIANPOINT((121850.,14840.,0.));
#12873=IFCCARTESIANPOINT((121850.,19510.,0.));
#12874=IFCPOLYLINE((#12872,#12873));
#12875=IFCSHAPEREPRESENTATION(#12,'Axis','Curve3D',(#12874));
#12876=IFCPRODUCTDEFINITIONSHAPE($,$,(#12875));
#12877=IFCCARTESIANPOINT((0.,0.,0.));
#12878=IFCAXIS2PLACEMENT3D(#12877,#8,#9);
#12879=IFCLOCALPLACEMENT(#31,#12878);
#12880=IFCBEAM('1hkkshfgr3rxTgO1drqPjZ',$,'VS-687','IPE 200',$,#12879,#12876,'VS-687',$);
#12881=IFCRELASSOCIATESMATERIAL('2oo$$ikjP25u1eLBeEj_o$',$,$,$,(#12880),#40);
#12882=IFCCARTESIANPOINT((122933.3,5500.,0.));
#12883=IFCCARTESIANPOINT((122933.3,10170.,0.));
#12884=IFCPOLYLINE((#12882,#12883));
#12885=IFCSHAPEREPRESENTATION(#12,'Axis','Curve3D',(#12884));
#12886=IFCPRODUCTDEFINITIONSHAPE($,$,(#12885));
#12887=IFCCARTESIANPOINT((0.,0.,0.));
#12888=IFCAXIS2PLACEMENT3D(#12887,#8,#9);
#12889=IFCLOCALPLACEMENT(#31,#12888);
#12890=IFCBEAM('1$u0eYsbjFofq9VwrbHK18',$,'VS-688','IPE 200',$,#12889,#12886,'VS-688',$);
#12891=IFCRELASSOCIATESMATERIAL('0ZMI$pPsfBg9l7PsJEefn7',$,$,$,(#12890),#40);
#12892=IFCCARTESIANPOINT((122933.3,10170.,0.));
#12893=IFCCARTESIANPOINT((122933.3,14840.,0.));
#12894=IFCPOLYLINE((#12892,#12893));
#12895=IFCSHAPEREPRESENTATION(#12,'Axis','Curve3D',(#12894));
#12896=IFCPRODUCTDEFINITIONSHAPE($,$,(#12895));
#12897=IFCCARTESIANPOINT((0.,0.,0.));
#12898=IFCAXIS2PLACEMENT3D(#12897,#8,#9);
#12899=IFCLOCALPLACEMENT(#31,#12898);
#12900=IFCBEAM('1yqYbg_11CZwhsz3K$cRUI',$,'VS-689','IPE 200',$,#12899,#12896,'VS-689',$);
#12901=IFCRELASSOCIATESMATERIAL('19OsQlvAL1swU6EyX9L0UH',$,$,$,(#12900),#40);
#12902=IFCCARTESIANPOINT((122933.3,14840.,0.));
#12903=IFCCARTESIANPOINT((122933.3,19510.,0.));
#12904=IFCPOLYLINE((#12902,#12903));
#12905=IFCSHAPEREPRESENTATION(#12,'Axis','Curve3D',(#12904));
#12906=IFCPRODUCTDEFINITIONSHAPE($,$,(#12905));
#12907=IFCCARTESIANPOINT((0.,0.,0.));
#12908=IFCAXIS2PLACEMENT3D(#12907,#8,#9);
#12909=IFCLOCALPLACEMENT(#31,#12908);
#12910=IFCBEAM('3C4QBY$8H6qAJZGbrfb4wA',$,'VS-690','IPE 200',$,#12909,#12906,'VS-690',$);
#12911=IFCRELASSOCIATESMATERIAL('008akHA5fFdRdoKF8cwAU0',$,$,$,(#12910),#40);
#12912=IFCCARTESIANPOINT((124016.7,5500.,0.));
#12913=IFCCARTESIANPOINT((124016.7,10170.,0.));
#12914=IFCPOLYLINE((#12912,#12913));
#12915=IFCSHAPEREPRESENTATION(#12,'Axis','Curve3D',(#12914));
#12916=IFCPRODUCTDEFINITIONSHAPE($,$,(#12915));
#12917=IFCCARTESIANPOINT((0.,0.,0.));
#12918=IFCAXIS2PLACEMENT3D(#12917,#8,#9);
#12919=IFCLOCALPLACEMENT(#31,#12918);
#12920=IFCBEAM('33SE2z1trCPfLvvfieXwbs',$,'VS-691','IPE 240',$,#12919,#12916,'VS-691',$);
#12921=IFCRELASSOCIATESMATERIAL('33wDJBUqP4sAgldo6B6wHQ',$,$,$,(#12920),#40);
#12922=IFCCARTESIANPOINT((124016.7,10170.,0.));
#12923=IFCCARTESIANPOINT((124016.7,14840.,0.));
#12924=IFCPOLYLINE((#12922,#12923));
#12925=IFCSHAPEREPRESENTATION(#12,'Axis','Curve3D',(#12924));
#12926=IFCPRODUCTDEFINITIONSHAPE($,$,(#12925));
#12927=IFCCARTESIANPOINT((0.,0.,0.));
#12928=IFCAXIS2PLACEMENT3D(#12927,#8,#9);
#12929=IFCLOCALPLACEMENT(#31,#12928);
#12930=IFCBEAM('1$7SGng3b4RPyG2GtJwR_1',$,'VS-692','IPE 240',$,#12929,#12926,'VS-692',$);
#12931=IFCRELASSOCIATESMATERIAL('2bP8dnc_f0AuIO5ES6rZep',$,$,$,(#12930),#40);
#12932=IFCCARTESIANPOINT((124016.7,14840.,0.));
#12933=IFCCARTESIANPOINT((124016.7,19510.,0.));
#12934=IFCPOLYLINE((#12932,#12933));
#12935=IFCSHAPEREPRESENTATION(#12,'Axis','Curve3D',(#12934));
#12936=IFCPRODUCTDEFINITIONSHAPE($,$,(#12935));
#12937=IFCCARTESIANPOINT((0.,0.,0.));
#12938=IFCAXIS2PLACEMENT3D(#12937,#8,#9);
#12939=IFCLOCALPLACEMENT(#31,#12938);
#12940=IFCBEAM('3zMOyXIvzDrQpet6Yk3N3o',$,'VS-693','IPE 240',$,#12939,#12936,'VS-693',$);
#12941=IFCRELASSOCIATESMATERIAL('1irfVPjcP8hBUp38QgAMqs',$,$,$,(#12940),#40);
#12942=IFCCARTESIANPOINT((120225.,5500.,0.));
#12943=IFCCARTESIANPOINT((120225.,10170.,0.));
#12944=IFCPOLYLINE((#12942,#12943));
#12945=IFCSHAPEREPRESENTATION(#12,'Axis','Curve3D',(#12944));
#12946=IFCPRODUCTDEFINITIONSHAPE($,$,(#12945));
#12947=IFCCARTESIANPOINT((0.,0.,0.));
#12948=IFCAXIS2PLACEMENT3D(#12947,#8,#9);
#12949=IFCLOCALPLACEMENT(#35,#12948);
#12950=IFCBEAM('2qcswdjA9AQwCLhBXsm1SO',$,'VS-694','IPE 160',$,#12949,#12946,'VS-694',$);
#12951=IFCRELASSOCIATESMATERIAL('3CkvcMQw16igaTzmuIthOz',$,$,$,(#12950),#40);
#12952=IFCCARTESIANPOINT((120225.,10170.,0.));
#12953=IFCCARTESIANPOINT((120225.,14840.,0.));
#12954=IFCPOLYLINE((#12952,#12953));
#12955=IFCSHAPEREPRESENTATION(#12,'Axis','Curve3D',(#12954));
#12956=IFCPRODUCTDEFINITIONSHAPE($,$,(#12955));
#12957=IFCCARTESIANPOINT((0.,0.,0.));
#12958=IFCAXIS2PLACEMENT3D(#12957,#8,#9);
#12959=IFCLOCALPLACEMENT(#35,#12958);
#12960=IFCBEAM('2pnn_ZEibEeAHst4_5Svi8',$,'VS-695','IPE 160',$,#12959,#12956,'VS-695',$);
#12961=IFCRELASSOCIATESMATERIAL('3NRe3hxdv8eAgccAQQg1bb',$,$,$,(#12960),#40);
#12962=IFCCARTESIANPOINT((120225.,14840.,0.));
#12963=IFCCARTESIANPOINT((120225.,19510.,0.));
#12964=IFCPOLYLINE((#12962,#12963));
#12965=IFCSHAPEREPRESENTATION(#12,'Axis','Curve3D',(#12964));
#12966=IFCPRODUCTDEFINITIONSHAPE($,$,(#12965));
#12967=IFCCARTESIANPOINT((0.,0.,0.));
#12968=IFCAXIS2PLACEMENT3D(#12967,#8,#9);
#12969=IFCLOCALPLACEMENT(#35,#12968);
#12970=IFCBEAM('2fxnkfSo9FufTWa$8RxOSv',$,'VS-696','IPE 160',$,#12969,#12966,'VS-696',$);
#12971=IFCRELASSOCIATESMATERIAL('0Y$tx_xxH1Hx$IaFmN$KxJ',$,$,$,(#12970),#40);
#12972=IFCCARTESIANPOINT((121850.,5500.,0.));
#12973=IFCCARTESIANPOINT((121850.,10170.,0.));
#12974=IFCPOLYLINE((#12972,#12973));
#12975=IFCSHAPEREPRESENTATION(#12,'Axis','Curve3D',(#12974));
#12976=IFCPRODUCTDEFINITIONSHAPE($,$,(#12975));
#12977=IFCCARTESIANPOINT((0.,0.,0.));
#12978=IFCAXIS2PLACEMENT3D(#12977,#8,#9);
#12979=IFCLOCALPLACEMENT(#35,#12978);
#12980=IFCBEAM('1gpe9KURX3NgHVlFAFF1N_',$,'VS-697','IPE 160',$,#12979,#12976,'VS-697',$);
#12981=IFCRELASSOCIATESMATERIAL('09Xt_66PPFXvfGor$9kIAA',$,$,$,(#12980),#40);
#12982=IFCCARTESIANPOINT((121850.,10170.,0.));
#12983=IFCCARTESIANPOINT((121850.,14840.,0.));
#12984=IFCPOLYLINE((#12982,#12983));
#12985=IFCSHAPEREPRESENTATION(#12,'Axis','Curve3D',(#12984));
#12986=IFCPRODUCTDEFINITIONSHAPE($,$,(#12985));
#12987=IFCCARTESIANPOINT((0.,0.,0.));
#12988=IFCAXIS2PLACEMENT3D(#12987,#8,#9);
#12989=IFCLOCALPLACEMENT(#35,#12988);
#12990=IFCBEAM('3SRkxMuX1FjR84Da6yZKAC',$,'VS-698','IPE 160',$,#12989,#12986,'VS-698',$);
#12991=IFCRELASSOCIATESMATERIAL('0HVRu5u0P4Jh0kBV0T3hpZ',$,$,$,(#12990),#40);
#12992=IFCCARTESIANPOINT((121850.,14840.,0.));
#12993=IFCCARTESIANPOINT((121850.,19510.,0.));
#12994=IFCPOLYLINE((#12992,#12993));
#12995=IFCSHAPEREPRESENTATION(#12,'Axis','Curve3D',(#12994));
#12996=IFCPRODUCTDEFINITIONSHAPE($,$,(#12995));
#12997=IFCCARTESIANPOINT((0.,0.,0.));
#12998=IFCAXIS2PLACEMENT3D(#12997,#8,#9);
#12999=IFCLOCALPLACEMENT(#35,#12998);
#13000=IFCBEAM('0kjfSPgafCdeDVYI2psJdp',$,'VS-699','IPE 160',$,#12999,#12996,'VS-699',$);
#13001=IFCRELASSOCIATESMATERIAL('2YOXJrcVX7$B_Bf_0g3D2T',$,$,$,(#13000),#40);
#13002=IFCCARTESIANPOINT((123475.,5500.,0.));
#13003=IFCCARTESIANPOINT((123475.,10170.,0.));
#13004=IFCPOLYLINE((#13002,#13003));
#13005=IFCSHAPEREPRESENTATION(#12,'Axis','Curve3D',(#13004));
#13006=IFCPRODUCTDEFINITIONSHAPE($,$,(#13005));
#13007=IFCCARTESIANPOINT((0.,0.,0.));
#13008=IFCAXIS2PLACEMENT3D(#13007,#8,#9);
#13009=IFCLOCALPLACEMENT(#35,#13008);
#13010=IFCBEAM('2nFEhVdqjBK9suOV0vFuwD',$,'VS-700','IPE 160',$,#13009,#13006,'VS-700',$);
#13011=IFCRELASSOCIATESMATERIAL('0KlHdrJv9AUw0NElGKTRb_',$,$,$,(#13010),#40);
#13012=IFCCARTESIANPOINT((123475.,10170.,0.));
#13013=IFCCARTESIANPOINT((123475.,14840.,0.));
#13014=IFCPOLYLINE((#13012,#13013));
#13015=IFCSHAPEREPRESENTATION(#12,'Axis','Curve3D',(#13014));
#13016=IFCPRODUCTDEFINITIONSHAPE($,$,(#13015));
#13017=IFCCARTESIANPOINT((0.,0.,0.));
#13018=IFCAXIS2PLACEMENT3D(#13017,#8,#9);
#13019=IFCLOCALPLACEMENT(#35,#13018);
#13020=IFCBEAM('2l76rQXVLCmhVTGQ7NdRCG',$,'VS-701','IPE 160',$,#13019,#13016,'VS-701',$);
#13021=IFCRELASSOCIATESMATERIAL('1GMPFd9d5F5goO2YXWTyTQ',$,$,$,(#13020),#40);
#13022=IFCCARTESIANPOINT((123475.,14840.,0.));
#13023=IFCCARTESIANPOINT((123475.,19510.,0.));
#13024=IFCPOLYLINE((#13022,#13023));
#13025=IFCSHAPEREPRESENTATION(#12,'Axis','Curve3D',(#13024));
#13026=IFCPRODUCTDEFINITIONSHAPE($,$,(#13025));
#13027=IFCCARTESIANPOINT((0.,0.,0.));
#13028=IFCAXIS2PLACEMENT3D(#13027,#8,#9);
#13029=IFCLOCALPLACEMENT(#35,#13028);
#13030=IFCBEAM('37pZnDltH2guZtyUaI_mTt',$,'VS-702','IPE 160',$,#13029,#13026,'VS-702',$);
#13031=IFCRELASSOCIATESMATERIAL('09Nt598Pj4vuy0bM4M32P_',$,$,$,(#13030),#40);
#13032=IFCCARTESIANPOINT((126183.3,5500.,0.));
#13033=IFCCARTESIANPOINT((126183.3,10170.,0.));
#13034=IFCPOLYLINE((#13032,#13033));
#13035=IFCSHAPEREPRESENTATION(#12,'Axis','Curve3D',(#13034));
#13036=IFCPRODUCTDEFINITIONSHAPE($,$,(#13035));
#13037=IFCCARTESIANPOINT((0.,0.,0.));
#13038=IFCAXIS2PLACEMENT3D(#13037,#8,#9);
#13039=IFCLOCALPLACEMENT(#27,#13038);
#13040=IFCBEAM('0mcbCvmXz29887aQl05n2c',$,'VS-703','IPE 240',$,#13039,#13036,'VS-703',$);
#13041=IFCRELASSOCIATESMATERIAL('0mNxlWR3H3nuE$GCVlZMdZ',$,$,$,(#13040),#40);
#13042=IFCCARTESIANPOINT((126183.3,10170.,0.));
#13043=IFCCARTESIANPOINT((126183.3,14840.,0.));
#13044=IFCPOLYLINE((#13042,#13043));
#13045=IFCSHAPEREPRESENTATION(#12,'Axis','Curve3D',(#13044));
#13046=IFCPRODUCTDEFINITIONSHAPE($,$,(#13045));
#13047=IFCCARTESIANPOINT((0.,0.,0.));
#13048=IFCAXIS2PLACEMENT3D(#13047,#8,#9);
#13049=IFCLOCALPLACEMENT(#27,#13048);
#13050=IFCBEAM('2XnP5lZij4YAFvU7_dkh6k',$,'VS-704','IPE 240',$,#13049,#13046,'VS-704',$);
#13051=IFCRELASSOCIATESMATERIAL('0Wmsk$NWP4OQNufAi9Fzgb',$,$,$,(#13050),#40);
#13052=IFCCARTESIANPOINT((126183.3,14840.,0.));
#13053=IFCCARTESIANPOINT((126183.3,19510.,0.));
#13054=IFCPOLYLINE((#13052,#13053));
#13055=IFCSHAPEREPRESENTATION(#12,'Axis','Curve3D',(#13054));
#13056=IFCPRODUCTDEFINITIONSHAPE($,$,(#13055));
#13057=IFCCARTESIANPOINT((0.,0.,0.));
#13058=IFCAXIS2PLACEMENT3D(#13057,#8,#9);
#13059=IFCLOCALPLACEMENT(#27,#13058);
#13060=IFCBEAM('13_zcGg7v9U87wnVCkuj_p',$,'VS-705','IPE 240',$,#13059,#13056,'VS-705',$);
#13061=IFCRELASSOCIATESMATERIAL('37UijelJb1NPhzcD8y9UG6',$,$,$,(#13060),#40);
#13062=IFCCARTESIANPOINT((127266.7,5500.,0.));
#13063=IFCCARTESIANPOINT((127266.7,10170.,0.));
#13064=IFCPOLYLINE((#13062,#13063));
#13065=IFCSHAPEREPRESENTATION(#12,'Axis','Curve3D',(#13064));
#13066=IFCPRODUCTDEFINITIONSHAPE($,$,(#13065));
#13067=IFCCARTESIANPOINT((0.,0.,0.));
#13068=IFCAXIS2PLACEMENT3D(#13067,#8,#9);
#13069=IFCLOCALPLACEMENT(#27,#13068);
#13070=IFCBEAM('0c8uPSWhr7iOe6fHuCWrAR',$,'VS-706','IPE 200',$,#13069,#13066,'VS-706',$);
#13071=IFCRELASSOCIATESMATERIAL('0nar08ITX0vx1_q5u40aNS',$,$,$,(#13070),#40);
#13072=IFCCARTESIANPOINT((127266.7,10170.,0.));
#13073=IFCCARTESIANPOINT((127266.7,14840.,0.));
#13074=IFCPOLYLINE((#13072,#13073));
#13075=IFCSHAPEREPRESENTATION(#12,'Axis','Curve3D',(#13074));
#13076=IFCPRODUCTDEFINITIONSHAPE($,$,(#13075));
#13077=IFCCARTESIANPOINT((0.,0.,0.));
#13078=IFCAXIS2PLACEMENT3D(#13077,#8,#9);
#13079=IFCLOCALPLACEMENT(#27,#13078);
#13080=IFCBEAM('3qpcsQ$SP5G8wVhi3vEOmw',$,'VS-707','IPE 200',$,#13079,#13076,'VS-707',$);
#13081=IFCRELASSOCIATESMATERIAL('3OiKKpfkLAPuysZ$hMaVGf',$,$,$,(#13080),#40);
#13082=IFCCARTESIANPOINT((127266.7,14840.,0.));
#13083=IFCCARTESIANPOINT((127266.7,19510.,0.));
#13084=IFCPOLYLINE((#13082,#13083));
#13085=IFCSHAPEREPRESENTATION(#12,'Axis','Curve3D',(#13084));
#13086=IFCPRODUCTDEFINITIONSHAPE($,$,(#13085));
#13087=IFCCARTESIANPOINT((0.,0.,0.));
#13088=IFCAXIS2PLACEMENT3D(#13087,#8,#9);
#13089=IFCLOCALPLACEMENT(#27,#13088);
#13090=IFCBEAM('0lfrF9N253hPNOY8G7tL9l',$,'VS-708','IPE 200',$,#13089,#13086,'VS-708',$);
#13091=IFCRELASSOCIATESMATERIAL('28QVJso1LDABst5EALAZQD',$,$,$,(#13090),#40);
#13092=IFCCARTESIANPOINT((128350.,5500.,0.));
#13093=IFCCARTESIANPOINT((128350.,10170.,0.));
#13094=IFCPOLYLINE((#13092,#13093));
#13095=IFCSHAPEREPRESENTATION(#12,'Axis','Curve3D',(#13094));
#13096=IFCPRODUCTDEFINITIONSHAPE($,$,(#13095));
#13097=IFCCARTESIANPOINT((0.,0.,0.));
#13098=IFCAXIS2PLACEMENT3D(#13097,#8,#9);
#13099=IFCLOCALPLACEMENT(#27,#13098);
#13100=IFCBEAM('21wAMHTNL5euc24uTyXUz4',$,'VS-709','IPE 200',$,#13099,#13096,'VS-709',$);
#13101=IFCRELASSOCIATESMATERIAL('39zB3AgzD3RvJGVefEyhc2',$,$,$,(#13100),#40);
#13102=IFCCARTESIANPOINT((128350.,10170.,0.));
#13103=IFCCARTESIANPOINT((128350.,14840.,0.));
#13104=IFCPOLYLINE((#13102,#13103));
#13105=IFCSHAPEREPRESENTATION(#12,'Axis','Curve3D',(#13104));
#13106=IFCPRODUCTDEFINITIONSHAPE($,$,(#13105));
#13107=IFCCARTESIANPOINT((0.,0.,0.));
#13108=IFCAXIS2PLACEMENT3D(#13107,#8,#9);
#13109=IFCLOCALPLACEMENT(#27,#13108);
#13110=IFCBEAM('3O6wRwL$z8zAzAC9Ed_1h4',$,'VS-710','IPE 200',$,#13109,#13106,'VS-710',$);
#13111=IFCRELASSOCIATESMATERIAL('3PxoTVKaT5KxLmUTkaYozv',$,$,$,(#13110),#40);
#13112=IFCCARTESIANPOINT((128350.,14840.,0.));
#13113=IFCCARTESIANPOINT((128350.,19510.,0.));
#13114=IFCPOLYLINE((#13112,#13113));
#13115=IFCSHAPEREPRESENTATION(#12,'Axis','Curve3D',(#13114));
#13116=IFCPRODUCTDEFINITIONSHAPE($,$,(#13115));
#13117=IFCCARTESIANPOINT((0.,0.,0.));
#13118=IFCAXIS2PLACEMENT3D(#13117,#8,#9);
#13119=IFCLOCALPLACEMENT(#27,#13118);
#13120=IFCBEAM('2LdS7Ogsz779ktBAHRkLn0',$,'VS-711','IPE 200',$,#13119,#13116,'VS-711',$);
#13121=IFCRELASSOCIATESMATERIAL('09kr7OE6D2HxlbYqx53LrN',$,$,$,(#13120),#40);
#13122=IFCCARTESIANPOINT((129433.3,5500.,0.));
#13123=IFCCARTESIANPOINT((129433.3,10170.,0.));
#13124=IFCPOLYLINE((#13122,#13123));
#13125=IFCSHAPEREPRESENTATION(#12,'Axis','Curve3D',(#13124));
#13126=IFCPRODUCTDEFINITIONSHAPE($,$,(#13125));
#13127=IFCCARTESIANPOINT((0.,0.,0.));
#13128=IFCAXIS2PLACEMENT3D(#13127,#8,#9);
#13129=IFCLOCALPLACEMENT(#27,#13128);
#13130=IFCBEAM('3ND40z4AnBZwjWovKZG8WU',$,'VS-712','IPE 200',$,#13129,#13126,'VS-712',$);
#13131=IFCRELASSOCIATESMATERIAL('16ciyqQEDCAQuuKxbwQ0vG',$,$,$,(#13130),#40);
#13132=IFCCARTESIANPOINT((129433.3,10170.,0.));
#13133=IFCCARTESIANPOINT((129433.3,14840.,0.));
#13134=IFCPOLYLINE((#13132,#13133));
#13135=IFCSHAPEREPRESENTATION(#12,'Axis','Curve3D',(#13134));
#13136=IFCPRODUCTDEFINITIONSHAPE($,$,(#13135));
#13137=IFCCARTESIANPOINT((0.,0.,0.));
#13138=IFCAXIS2PLACEMENT3D(#13137,#8,#9);
#13139=IFCLOCALPLACEMENT(#27,#13138);
#13140=IFCBEAM('2suvaesr1CSw7hOdPybWZ3',$,'VS-713','IPE 200',$,#13139,#13136,'VS-713',$);
#13141=IFCRELASSOCIATESMATERIAL('1jiQx_jnD1NQwCMHq6RIHq',$,$,$,(#13140),#40);
#13142=IFCCARTESIANPOINT((129433.3,14840.,0.));
#13143=IFCCARTESIANPOINT((129433.3,19510.,0.));
#13144=IFCPOLYLINE((#13142,#13143));
#13145=IFCSHAPEREPRESENTATION(#12,'Axis','Curve3D',(#13144));
#13146=IFCPRODUCTDEFINITIONSHAPE($,$,(#13145));
#13147=IFCCARTESIANPOINT((0.,0.,0.));
#13148=IFCAXIS2PLACEMENT3D(#13147,#8,#9);
#13149=IFCLOCALPLACEMENT(#27,#13148);
#13150=IFCBEAM('2EMCz07uX8oemsJWBXydjp',$,'VS-714','IPE 200',$,#13149,#13146,'VS-714',$);
#13151=IFCRELASSOCIATESMATERIAL('0UsrV8SCb3uAxoYYZS6RhI',$,$,$,(#13150),#40);
#13152=IFCCARTESIANPOINT((130516.7,5500.,0.));
#13153=IFCCARTESIANPOINT((130516.7,10170.,0.));
#13154=IFCPOLYLINE((#13152,#13153));
#13155=IFCSHAPEREPRESENTATION(#12,'Axis','Curve3D',(#13154));
#13156=IFCPRODUCTDEFINITIONSHAPE($,$,(#13155));
#13157=IFCCARTESIANPOINT((0.,0.,0.));
#13158=IFCAXIS2PLACEMENT3D(#13157,#8,#9);
#13159=IFCLOCALPLACEMENT(#27,#13158);
#13160=IFCBEAM('2vQcbZz$D6qA9ZOivQChwM',$,'VS-715','IPE 240',$,#13159,#13156,'VS-715',$);
#13161=IFCRELASSOCIATESMATERIAL('2nMaLSQnrAhPGmfbnefPVl',$,$,$,(#13160),#40);
#13162=IFCCARTESIANPOINT((130516.7,10170.,0.));
#13163=IFCCARTESIANPOINT((130516.7,14840.,0.));
#13164=IFCPOLYLINE((#13162,#13163));
#13165=IFCSHAPEREPRESENTATION(#12,'Axis','Curve3D',(#13164));
#13166=IFCPRODUCTDEFINITIONSHAPE($,$,(#13165));
#13167=IFCCARTESIANPOINT((0.,0.,0.));
#13168=IFCAXIS2PLACEMENT3D(#13167,#8,#9);
#13169=IFCLOCALPLACEMENT(#27,#13168);
#13170=IFCBEAM('3PQOdqg_D2kgV7TeDgkAKp',$,'VS-716','IPE 240',$,#13169,#13166,'VS-716',$);
#13171=IFCRELASSOCIATESMATERIAL('19GC02Wo55JxsJXAm1590P',$,$,$,(#13170),#40);
#13172=IFCCARTESIANPOINT((130516.7,14840.,0.));
#13173=IFCCARTESIANPOINT((130516.7,19510.,0.));
#13174=IFCPOLYLINE((#13172,#13173));
#13175=IFCSHAPEREPRESENTATION(#12,'Axis','Curve3D',(#13174));
#13176=IFCPRODUCTDEFINITIONSHAPE($,$,(#13175));
#13177=IFCCARTESIANPOINT((0.,0.,0.));
#13178=IFCAXIS2PLACEMENT3D(#13177,#8,#9);
#13179=IFCLOCALPLACEMENT(#27,#13178);
#13180=IFCBEAM('2qBzFtk1fDAx09MtU_cLwb',$,'VS-717','IPE 240',$,#13179,#13176,'VS-717',$);
#13181=IFCRELASSOCIATESMATERIAL('1TJ7bWB7X2VR7uPqZ8pKWI',$,$,$,(#13180),#40);
#13182=IFCCARTESIANPOINT((126183.3,5500.,0.));
#13183=IFCCARTESIANPOINT((126183.3,10170.,0.));
#13184=IFCPOLYLINE((#13182,#13183));
#13185=IFCSHAPEREPRESENTATION(#12,'Axis','Curve3D',(#13184));
#13186=IFCPRODUCTDEFINITIONSHAPE($,$,(#13185));
#13187=IFCCARTESIANPOINT((0.,0.,0.));
#13188=IFCAXIS2PLACEMENT3D(#13187,#8,#9);
#13189=IFCLOCALPLACEMENT(#31,#13188);
#13190=IFCBEAM('0xQMNOCcfBegyYk3vodRs5',$,'VS-718','IPE 240',$,#13189,#13186,'VS-718',$);
#13191=IFCRELASSOCIATESMATERIAL('3kVCXlYG5BcvS2I0kP55gc',$,$,$,(#13190),#40);
#13192=IFCCARTESIANPOINT((126183.3,10170.,0.));
#13193=IFCCARTESIANPOINT((126183.3,14840.,0.));
#13194=IFCPOLYLINE((#13192,#13193));
#13195=IFCSHAPEREPRESENTATION(#12,'Axis','Curve3D',(#13194));
#13196=IFCPRODUCTDEFINITIONSHAPE($,$,(#13195));
#13197=IFCCARTESIANPOINT((0.,0.,0.));
#13198=IFCAXIS2PLACEMENT3D(#13197,#8,#9);
#13199=IFCLOCALPLACEMENT(#31,#13198);
#13200=IFCBEAM('0g9FyIRw518BqtLkR7eqFJ',$,'VS-719','IPE 240',$,#13199,#13196,'VS-719',$);
#13201=IFCRELASSOCIATESMATERIAL('0$cq_SCx12fh3vdxPED1uu',$,$,$,(#13200),#40);
#13202=IFCCARTESIANPOINT((126183.3,14840.,0.));
#13203=IFCCARTESIANPOINT((126183.3,19510.,0.));
#13204=IFCPOLYLINE((#13202,#13203));
#13205=IFCSHAPEREPRESENTATION(#12,'Axis','Curve3D',(#13204));
#13206=IFCPRODUCTDEFINITIONSHAPE($,$,(#13205));
#13207=IFCCARTESIANPOINT((0.,0.,0.));
#13208=IFCAXIS2PLACEMENT3D(#13207,#8,#9);
#13209=IFCLOCALPLACEMENT(#31,#13208);
#13210=IFCBEAM('3LYXc5zn1778IM02njd_NP',$,'VS-720','IPE 240',$,#13209,#13206,'VS-720',$);
#13211=IFCRELASSOCIATESMATERIAL('3uDDKpsnDBDfXUcrhuMXqa',$,$,$,(#13210),#40);
#13212=IFCCARTESIANPOINT((127266.7,5500.,0.));
#13213=IFCCARTESIANPOINT((127266.7,10170.,0.));
#13214=IFCPOLYLINE((#13212,#13213));
#13215=IFCSHAPEREPRESENTATION(#12,'Axis','Curve3D',(#13214));
#13216=IFCPRODUCTDEFINITIONSHAPE($,$,(#13215));
#13217=IFCCARTESIANPOINT((0.,0.,0.));
#13218=IFCAXIS2PLACEMENT3D(#13217,#8,#9);
#13219=IFCLOCALPLACEMENT(#31,#13218);
#13220=IFCBEAM('0ode1XIWvAdO7sDT8z36W3',$,'VS-721','IPE 200',$,#13219,#13216,'VS-721',$);
#13221=IFCRELASSOCIATESMATERIAL('1BKbKE8pz1Sg9evAkyiObh',$,$,$,(#13220),#40);
#13222=IFCCARTESIANPOINT((127266.7,10170.,0.));
#13223=IFCCARTESIANPOINT((127266.7,14840.,0.));
#13224=IFCPOLYLINE((#13222,#13223));
#13225=IFCSHAPEREPRESENTATION(#12,'Axis','Curve3D',(#13224));
#13226=IFCPRODUCTDEFINITIONSHAPE($,$,(#13225));
#13227=IFCCARTESIANPOINT((0.,0.,0.));
#13228=IFCAXIS2PLACEMENT3D(#13227,#8,#9);
#13229=IFCLOCALPLACEMENT(#31,#13228);
#13230=IFCBEAM('2uZc26e4bB5vIvs0OtqBWM',$,'VS-722','IPE 200',$,#13229,#13226,'VS-722',$);
#13231=IFCRELASSOCIATESMATERIAL('25l_FxMvvAmhKiugX9yFAT',$,$,$,(#13230),#40);
#13232=IFCCARTESIANPOINT((127266.7,14840.,0.));
#13233=IFCCARTESIANPOINT((127266.7,19510.,0.));
#13234=IFCPOLYLINE((#13232,#13233));
#13235=IFCSHAPEREPRESENTATION(#12,'Axis','Curve3D',(#13234));
#13236=IFCPRODUCTDEFINITIONSHAPE($,$,(#13235));
#13237=IFCCARTESIANPOINT((0.,0.,0.));
#13238=IFCAXIS2PLACEMENT3D(#13237,#8,#9);
#13239=IFCLOCALPLACEMENT(#31,#13238);
#13240=IFCBEAM('21i7KF9tLFjQXwxE9tbe65',$,'VS-723','IPE 200',$,#13239,#13236,'VS-723',$);
#13241=IFCRELASSOCIATESMATERIAL('2T9IFlWOTA3fkoE53dlMqy',$,$,$,(#13240),#40);
#13242=IFCCARTESIANPOINT((128350.,5500.,0.));
#13243=IFCCARTESIANPOINT((128350.,10170.,0.));
#13244=IFCPOLYLINE((#13242,#13243));
#13245=IFCSHAPEREPRESENTATION(#12,'Axis','Curve3D',(#13244));
#13246=IFCPRODUCTDEFINITIONSHAPE($,$,(#13245));
#13247=IFCCARTESIANPOINT((0.,0.,0.));
#13248=IFCAXIS2PLACEMENT3D(#13247,#8,#9);
#13249=IFCLOCALPLACEMENT(#31,#13248);
#13250=IFCBEAM('3e4ZA3Sov4yPk_VoiL_S7Y',$,'VS-724','IPE 200',$,#13249,#13246,'VS-724',$);
#13251=IFCRELASSOCIATESMATERIAL('2$ZXNl3qX9De3gwwb$YEDL',$,$,$,(#13250),#40);
#13252=IFCCARTESIANPOINT((128350.,10170.,0.));
#13253=IFCCARTESIANPOINT((128350.,14840.,0.));
#13254=IFCPOLYLINE((#13252,#13253));
#13255=IFCSHAPEREPRESENTATION(#12,'Axis','Curve3D',(#13254));
#13256=IFCPRODUCTDEFINITIONSHAPE($,$,(#13255));
#13257=IFCCARTESIANPOINT((0.,0.,0.));
#13258=IFCAXIS2PLACEMENT3D(#13257,#8,#9);
#13259=IFCLOCALPLACEMENT(#31,#13258);
#13260=IFCBEAM('3iL4Q09jH9sQadvnInBzdt',$,'VS-725','IPE 200',$,#13259,#13256,'VS-725',$);
#13261=IFCRELASSOCIATESMATERIAL('30UJh1LAj1Xwak2rqaOTpY',$,$,$,(#13260),#40);
#13262=IFCCARTESIANPOINT((128350.,14840.,0.));
#13263=IFCCARTESIANPOINT((128350.,19510.,0.));
#13264=IFCPOLYLINE((#13262,#13263));
#13265=IFCSHAPEREPRESENTATION(#12,'Axis','Curve3D',(#13264));
#13266=IFCPRODUCTDEFINITIONSHAPE($,$,(#13265));
#13267=IFCCARTESIANPOINT((0.,0.,0.));
#13268=IFCAXIS2PLACEMENT3D(#13267,#8,#9);
#13269=IFCLOCALPLACEMENT(#31,#13268);
#13270=IFCBEAM('3qHnJC9Fn2SuZwc2_f_hKn',$,'VS-726','IPE 200',$,#13269,#13266,'VS-726',$);
#13271=IFCRELASSOCIATESMATERIAL('21FYZzrEDAw91NKGUT7B0H',$,$,$,(#13270),#40);
#13272=IFCCARTESIANPOINT((129433.3,5500.,0.));
#13273=IFCCARTESIANPOINT((129433.3,10170.,0.));
#13274=IFCPOLYLINE((#13272,#13273));
#13275=IFCSHAPEREPRESENTATION(#12,'Axis','Curve3D',(#13274));
#13276=IFCPRODUCTDEFINITIONSHAPE($,$,(#13275));
#13277=IFCCARTESIANPOINT((0.,0.,0.));
#13278=IFCAXIS2PLACEMENT3D(#13277,#8,#9);
#13279=IFCLOCALPLACEMENT(#31,#13278);
#13280=IFCBEAM('0_Jifd9xLEvRG$kA58viO0',$,'VS-727','IPE 200',$,#13279,#13276,'VS-727',$);
#13281=IFCRELASSOCIATESMATERIAL('3IM6eiuE53RhW0vfpZdPA4',$,$,$,(#13280),#40);
#13282=IFCCARTESIANPOINT((129433.3,10170.,0.));
#13283=IFCCARTESIANPOINT((129433.3,14840.,0.));
#13284=IFCPOLYLINE((#13282,#13283));
#13285=IFCSHAPEREPRESENTATION(#12,'Axis','Curve3D',(#13284));
#13286=IFCPRODUCTDEFINITIONSHAPE($,$,(#13285));
#13287=IFCCARTESIANPOINT((0.,0.,0.));
#13288=IFCAXIS2PLACEMENT3D(#13287,#8,#9);
#13289=IFCLOCALPLACEMENT(#31,#13288);
#13290=IFCBEAM('39lqtWxZv6VPjA7du4CWLh',$,'VS-728','IPE 200',$,#13289,#13286,'VS-728',$);
#13291=IFCRELASSOCIATESMATERIAL('2KNkkCxv12x9WUX0ofA1o3',$,$,$,(#13290),#40);
#13292=IFCCARTESIANPOINT((129433.3,14840.,0.));
#13293=IFCCARTESIANPOINT((129433.3,19510.,0.));
#13294=IFCPOLYLINE((#13292,#13293));
#13295=IFCSHAPEREPRESENTATION(#12,'Axis','Curve3D',(#13294));
#13296=IFCPRODUCTDEFINITIONSHAPE($,$,(#13295));
#13297=IFCCARTESIANPOINT((0.,0.,0.));
#13298=IFCAXIS2PLACEMENT3D(#13297,#8,#9);
#13299=IFCLOCALPLACEMENT(#31,#13298);
#13300=IFCBEAM('31xd1TR4vE5fVC8RnIAojC',$,'VS-729','IPE 200',$,#13299,#13296,'VS-729',$);
#13301=IFCRELASSOCIATESMATERIAL('3$WfkP0TbE78AjrQOCsmqh',$,$,$,(#13300),#40);
#13302=IFCCARTESIANPOINT((130516.7,5500.,0.));
#13303=IFCCARTESIANPOINT((130516.7,10170.,0.));
#13304=IFCPOLYLINE((#13302,#13303));
#13305=IFCSHAPEREPRESENTATION(#12,'Axis','Curve3D',(#13304));
#13306=IFCPRODUCTDEFINITIONSHAPE($,$,(#13305));
#13307=IFCCARTESIANPOINT((0.,0.,0.));
#13308=IFCAXIS2PLACEMENT3D(#13307,#8,#9);
#13309=IFCLOCALPLACEMENT(#31,#13308);
#13310=IFCBEAM('1EeMPY3k58WxCiOy9FsEBz',$,'VS-730','IPE 240',$,#13309,#13306,'VS-730',$);
#13311=IFCRELASSOCIATESMATERIAL('3HvqbXkvP3fRAq$5GKRPzQ',$,$,$,(#13310),#40);
#13312=IFCCARTESIANPOINT((130516.7,10170.,0.));
#13313=IFCCARTESIANPOINT((130516.7,14840.,0.));
#13314=IFCPOLYLINE((#13312,#13313));
#13315=IFCSHAPEREPRESENTATION(#12,'Axis','Curve3D',(#13314));
#13316=IFCPRODUCTDEFINITIONSHAPE($,$,(#13315));
#13317=IFCCARTESIANPOINT((0.,0.,0.));
#13318=IFCAXIS2PLACEMENT3D(#13317,#8,#9);
#13319=IFCLOCALPLACEMENT(#31,#13318);
#13320=IFCBEAM('1_oTDB_6v0EebZ3H$szGgg',$,'VS-731','IPE 240',$,#13319,#13316,'VS-731',$);
#13321=IFCRELASSOCIATESMATERIAL('28REk9jb59uAHRHyG5qTU9',$,$,$,(#13320),#40);
#13322=IFCCARTESIANPOINT((130516.7,14840.,0.));
#13323=IFCCARTESIANPOINT((130516.7,19510.,0.));
#13324=IFCPOLYLINE((#13322,#13323));
#13325=IFCSHAPEREPRESENTATION(#12,'Axis','Curve3D',(#13324));
#13326=IFCPRODUCTDEFINITIONSHAPE($,$,(#13325));
#13327=IFCCARTESIANPOINT((0.,0.,0.));
#13328=IFCAXIS2PLACEMENT3D(#13327,#8,#9);
#13329=IFCLOCALPLACEMENT(#31,#13328);
#13330=IFCBEAM('2KAvNxgrvDQggw_8Bl6Wgz',$,'VS-732','IPE 240',$,#13329,#13326,'VS-732',$);
#13331=IFCRELASSOCIATESMATERIAL('3vKL9C03H7xuC4ndiOma5O',$,$,$,(#13330),#40);
#13332=IFCCARTESIANPOINT((126725.,5500.,0.));
#13333=IFCCARTESIANPOINT((126725.,10170.,0.));
#13334=IFCPOLYLINE((#13332,#13333));
#13335=IFCSHAPEREPRESENTATION(#12,'Axis','Curve3D',(#13334));
#13336=IFCPRODUCTDEFINITIONSHAPE($,$,(#13335));
#13337=IFCCARTESIANPOINT((0.,0.,0.));
#13338=IFCAXIS2PLACEMENT3D(#13337,#8,#9);
#13339=IFCLOCALPLACEMENT(#35,#13338);
#13340=IFCBEAM('0$do__cGzCFxAnpQolU4m$',$,'VS-733','IPE 160',$,#13339,#13336,'VS-733',$);
#13341=IFCRELASSOCIATESMATERIAL('0o4Mw3Rtf7o8pyr$H$lrK$',$,$,$,(#13340),#40);
#13342=IFCCARTESIANPOINT((126725.,10170.,0.));
#13343=IFCCARTESIANPOINT((126725.,14840.,0.));
#13344=IFCPOLYLINE((#13342,#13343));
#13345=IFCSHAPEREPRESENTATION(#12,'Axis','Curve3D',(#13344));
#13346=IFCPRODUCTDEFINITIONSHAPE($,$,(#13345));
#13347=IFCCARTESIANPOINT((0.,0.,0.));
#13348=IFCAXIS2PLACEMENT3D(#13347,#8,#9);
#13349=IFCLOCALPLACEMENT(#35,#13348);
#13350=IFCBEAM('03t$YeV4vBfhGo_4tnblqe',$,'VS-734','IPE 160',$,#13349,#13346,'VS-734',$);
#13351=IFCRELASSOCIATESMATERIAL('2bdoEPIrL5tQNHyxQ2Hea8',$,$,$,(#13350),#40);
#13352=IFCCARTESIANPOINT((126725.,14840.,0.));
#13353=IFCCARTESIANPOINT((126725.,19510.,0.));
#13354=IFCPOLYLINE((#13352,#13353));
#13355=IFCSHAPEREPRESENTATION(#12,'Axis','Curve3D',(#13354));
#13356=IFCPRODUCTDEFINITIONSHAPE($,$,(#13355));
#13357=IFCCARTESIANPOINT((0.,0.,0.));
#13358=IFCAXIS2PLACEMENT3D(#13357,#8,#9);
#13359=IFCLOCALPLACEMENT(#35,#13358);
#13360=IFCBEAM('2K9$dpuqb2DxlDHeC7K$qs',$,'VS-735','IPE 160',$,#13359,#13356,'VS-735',$);
#13361=IFCRELASSOCIATESMATERIAL('1U2Gw8SI5B6AgtWqx9REqE',$,$,$,(#13360),#40);
#13362=IFCCARTESIANPOINT((128350.,5500.,0.));
#13363=IFCCARTESIANPOINT((128350.,10170.,0.));
#13364=IFCPOLYLINE((#13362,#13363));
#13365=IFCSHAPEREPRESENTATION(#12,'Axis','Curve3D',(#13364));
#13366=IFCPRODUCTDEFINITIONSHAPE($,$,(#13365));
#13367=IFCCARTESIANPOINT((0.,0.,0.));
#13368=IFCAXIS2PLACEMENT3D(#13367,#8,#9);
#13369=IFCLOCALPLACEMENT(#35,#13368);
#13370=IFCBEAM('2he3DWaTD3qQ8BzQQ5CcaQ',$,'VS-736','IPE 160',$,#13369,#13366,'VS-736',$);
#13371=IFCRELASSOCIATESMATERIAL('2SAzSXKDrCbxbqvBzIIknf',$,$,$,(#13370),#40);
#13372=IFCCARTESIANPOINT((128350.,10170.,0.));
#13373=IFCCARTESIANPOINT((128350.,14840.,0.));
#13374=IFCPOLYLINE((#13372,#13373));
#13375=IFCSHAPEREPRESENTATION(#12,'Axis','Curve3D',(#13374));
#13376=IFCPRODUCTDEFINITIONSHAPE($,$,(#13375));
#13377=IFCCARTESIANPOINT((0.,0.,0.));
#13378=IFCAXIS2PLACEMENT3D(#13377,#8,#9);
#13379=IFCLOCALPLACEMENT(#35,#13378);
#13380=IFCBEAM('0dYiPdMobClOde50_rrM7l',$,'VS-737','IPE 160',$,#13379,#13376,'VS-737',$);
#13381=IFCRELASSOCIATESMATERIAL('3YqTiiDXP76uxeY1fIMtby',$,$,$,(#13380),#40);
#13382=IFCCARTESIANPOINT((128350.,14840.,0.));
#13383=IFCCARTESIANPOINT((128350.,19510.,0.));
#13384=IFCPOLYLINE((#13382,#13383));
#13385=IFCSHAPEREPRESENTATION(#12,'Axis','Curve3D',(#13384));
#13386=IFCPRODUCTDEFINITIONSHAPE($,$,(#13385));
#13387=IFCCARTESIANPOINT((0.,0.,0.));
#13388=IFCAXIS2PLACEMENT3D(#13387,#8,#9);
#13389=IFCLOCALPLACEMENT(#35,#13388);
#13390=IFCBEAM('2E0LIXawr9KxAu3maurTgV',$,'VS-738','IPE 160',$,#13389,#13386,'VS-738',$);
#13391=IFCRELASSOCIATESMATERIAL('3jYtb9jY9CYhBSTJFNNIXT',$,$,$,(#13390),#40);
#13392=IFCCARTESIANPOINT((129975.,5500.,0.));
#13393=IFCCARTESIANPOINT((129975.,10170.,0.));
#13394=IFCPOLYLINE((#13392,#13393));
#13395=IFCSHAPEREPRESENTATION(#12,'Axis','Curve3D',(#13394));
#13396=IFCPRODUCTDEFINITIONSHAPE($,$,(#13395));
#13397=IFCCARTESIANPOINT((0.,0.,0.));
#13398=IFCAXIS2PLACEMENT3D(#13397,#8,#9);
#13399=IFCLOCALPLACEMENT(#35,#13398);
#13400=IFCBEAM('09zH324292Y8btdQNX3M8h',$,'VS-739','IPE 160',$,#13399,#13396,'VS-739',$);
#13401=IFCRELASSOCIATESMATERIAL('0lreHdnALBQuR9B4JqPp38',$,$,$,(#13400),#40);
#13402=IFCCARTESIANPOINT((129975.,10170.,0.));
#13403=IFCCARTESIANPOINT((129975.,14840.,0.));
#13404=IFCPOLYLINE((#13402,#13403));
#13405=IFCSHAPEREPRESENTATION(#12,'Axis','Curve3D',(#13404));
#13406=IFCPRODUCTDEFINITIONSHAPE($,$,(#13405));
#13407=IFCCARTESIANPOINT((0.,0.,0.));
#13408=IFCAXIS2PLACEMENT3D(#13407,#8,#9);
#13409=IFCLOCALPLACEMENT(#35,#13408);
#13410=IFCBEAM('3aYUCSB7f1vRK3to0rfZfU',$,'VS-740','IPE 160',$,#13409,#13406,'VS-740',$);
#13411=IFCRELASSOCIATESMATERIAL('2CYirJQHHFXOu142FTIcBI',$,$,$,(#13410),#40);
#13412=IFCCARTESIANPOINT((129975.,14840.,0.));
#13413=IFCCARTESIANPOINT((129975.,19510.,0.));
#13414=IFCPOLYLINE((#13412,#13413));
#13415=IFCSHAPEREPRESENTATION(#12,'Axis','Curve3D',(#13414));
#13416=IFCPRODUCTDEFINITIONSHAPE($,$,(#13415));
#13417=IFCCARTESIANPOINT((0.,0.,0.));
#13418=IFCAXIS2PLACEMENT3D(#13417,#8,#9);
#13419=IFCLOCALPLACEMENT(#35,#13418);
#13420=IFCBEAM('0TLAvBBKb6ru0yjdnBroex',$,'VS-741','IPE 160',$,#13419,#13416,'VS-741',$);
#13421=IFCRELASSOCIATESMATERIAL('14wjZEg$n7FxOj5TYRSnVf',$,$,$,(#13420),#40);
#13422=IFCCARTESIANPOINT((132683.29999999999,5500.,0.));
#13423=IFCCARTESIANPOINT((132683.29999999999,10170.,0.));
#13424=IFCPOLYLINE((#13422,#13423));
#13425=IFCSHAPEREPRESENTATION(#12,'Axis','Curve3D',(#13424));
#13426=IFCPRODUCTDEFINITIONSHAPE($,$,(#13425));
#13427=IFCCARTESIANPOINT((0.,0.,0.));
#13428=IFCAXIS2PLACEMENT3D(#13427,#8,#9);
#13429=IFCLOCALPLACEMENT(#27,#13428);
#13430=IFCBEAM('0rxxESlM9DiRj0Pp1y_UKC',$,'VS-742','IPE 240',$,#13429,#13426,'VS-742',$);
#13431=IFCRELASSOCIATESMATERIAL('1qcOtejlj3PAd_8PqaA3tN',$,$,$,(#13430),#40);
#13432=IFCCARTESIANPOINT((132683.29999999999,10170.,0.));
#13433=IFCCARTESIANPOINT((132683.29999999999,14840.,0.));
#13434=IFCPOLYLINE((#13432,#13433));
#13435=IFCSHAPEREPRESENTATION(#12,'Axis','Curve3D',(#13434));
#13436=IFCPRODUCTDEFINITIONSHAPE($,$,(#13435));
#13437=IFCCARTESIANPOINT((0.,0.,0.));
#13438=IFCAXIS2PLACEMENT3D(#13437,#8,#9);
#13439=IFCLOCALPLACEMENT(#27,#13438);
#13440=IFCBEAM('2$NNlmyFX9jA6VTEGFCu1v',$,'VS-743','IPE 240',$,#13439,#13436,'VS-743',$);
#13441=IFCRELASSOCIATESMATERIAL('0wAvvo5G9FgBUFy1lwVQ00',$,$,$,(#13440),#40);
#13442=IFCCARTESIANPOINT((132683.29999999999,14840.,0.));
#13443=IFCCARTESIANPOINT((132683.29999999999,19510.,0.));
#13444=IFCPOLYLINE((#13442,#13443));
#13445=IFCSHAPEREPRESENTATION(#12,'Axis','Curve3D',(#13444));
#13446=IFCPRODUCTDEFINITIONSHAPE($,$,(#13445));
#13447=IFCCARTESIANPOINT((0.,0.,0.));
#13448=IFCAXIS2PLACEMENT3D(#13447,#8,#9);
#13449=IFCLOCALPLACEMENT(#27,#13448);
#13450=IFCBEAM('1cwgGtZRL2L9Y_FaBmWgFJ',$,'VS-744','IPE 240',$,#13449,#13446,'VS-744',$);
#13451=IFCRELASSOCIATESMATERIAL('2rzx8SXU197RqjdFuKYblF',$,$,$,(#13450),#40);
#13452=IFCCARTESIANPOINT((133766.70000000001,5500.,0.));
#13453=IFCCARTESIANPOINT((133766.70000000001,10170.,0.));
#13454=IFCPOLYLINE((#13452,#13453));
#13455=IFCSHAPEREPRESENTATION(#12,'Axis','Curve3D',(#13454));
#13456=IFCPRODUCTDEFINITIONSHAPE($,$,(#13455));
#13457=IFCCARTESIANPOINT((0.,0.,0.));
#13458=IFCAXIS2PLACEMENT3D(#13457,#8,#9);
#13459=IFCLOCALPLACEMENT(#27,#13458);
#13460=IFCBEAM('1TkIdfMW592QCZ17amhQMl',$,'VS-745','IPE 200',$,#13459,#13456,'VS-745',$);
#13461=IFCRELASSOCIATESMATERIAL('22RaMusEz8auck74pMkIt4',$,$,$,(#13460),#40);
#13462=IFCCARTESIANPOINT((133766.70000000001,10170.,0.));
#13463=IFCCARTESIANPOINT((133766.70000000001,14840.,0.));
#13464=IFCPOLYLINE((#13462,#13463));
#13465=IFCSHAPEREPRESENTATION(#12,'Axis','Curve3D',(#13464));
#13466=IFCPRODUCTDEFINITIONSHAPE($,$,(#13465));
#13467=IFCCARTESIANPOINT((0.,0.,0.));
#13468=IFCAXIS2PLACEMENT3D(#13467,#8,#9);
#13469=IFCLOCALPLACEMENT(#27,#13468);
#13470=IFCBEAM('1hrp2nAZLEKvY4_4zZU48v',$,'VS-746','IPE 200',$,#13469,#13466,'VS-746',$);
#13471=IFCRELASSOCIATESMATERIAL('2UeplIS_186RgWc5UXSOaf',$,$,$,(#13470),#40);
#13472=IFCCARTESIANPOINT((133766.70000000001,14840.,0.));
#13473=IFCCARTESIANPOINT((133766.70000000001,19510.,0.));
#13474=IFCPOLYLINE((#13472,#13473));
#13475=IFCSHAPEREPRESENTATION(#12,'Axis','Curve3D',(#13474));
#13476=IFCPRODUCTDEFINITIONSHAPE($,$,(#13475));
#13477=IFCCARTESIANPOINT((0.,0.,0.));
#13478=IFCAXIS2PLACEMENT3D(#13477,#8,#9);
#13479=IFCLOCALPLACEMENT(#27,#13478);
#13480=IFCBEAM('3nwgoNKDX2HeXnvsQvNXcm',$,'VS-747','IPE 200',$,#13479,#13476,'VS-747',$);
#13481=IFCRELASSOCIATESMATERIAL('13qsQWBjv5gPb1k_GWKSq5',$,$,$,(#13480),#40);
#13482=IFCCARTESIANPOINT((134850.,5500.,0.));
#13483=IFCCARTESIANPOINT((134850.,10170.,0.));
#13484=IFCPOLYLINE((#13482,#13483));
#13485=IFCSHAPEREPRESENTATION(#12,'Axis','Curve3D',(#13484));
#13486=IFCPRODUCTDEFINITIONSHAPE($,$,(#13485));
#13487=IFCCARTESIANPOINT((0.,0.,0.));
#13488=IFCAXIS2PLACEMENT3D(#13487,#8,#9);
#13489=IFCLOCALPLACEMENT(#27,#13488);
#13490=IFCBEAM('1ZcAogn_rF$Q864AW_MiOt',$,'VS-748','IPE 200',$,#13489,#13486,'VS-748',$);
#13491=IFCRELASSOCIATESMATERIAL('3Oiy6zmYf70vejqVn_wdUh',$,$,$,(#13490),#40);
#13492=IFCCARTESIANPOINT((134850.,10170.,0.));
#13493=IFCCARTESIANPOINT((134850.,14840.,0.));
#13494=IFCPOLYLINE((#13492,#13493));
#13495=IFCSHAPEREPRESENTATION(#12,'Axis','Curve3D',(#13494));
#13496=IFCPRODUCTDEFINITIONSHAPE($,$,(#13495));
#13497=IFCCARTESIANPOINT((0.,0.,0.));
#13498=IFCAXIS2PLACEMENT3D(#13497,#8,#9);
#13499=IFCLOCALPLACEMENT(#27,#13498);
#13500=IFCBEAM('2qTs0YgFnDCeGNHO4GukB6',$,'VS-749','IPE 200',$,#13499,#13496,'VS-749',$);
#13501=IFCRELASSOCIATESMATERIAL('1_ie5P2k18IOpLO$2GqFDG',$,$,$,(#13500),#40);
#13502=IFCCARTESIANPOINT((134850.,14840.,0.));
#13503=IFCCARTESIANPOINT((134850.,19510.,0.));
#13504=IFCPOLYLINE((#13502,#13503));
#13505=IFCSHAPEREPRESENTATION(#12,'Axis','Curve3D',(#13504));
#13506=IFCPRODUCTDEFINITIONSHAPE($,$,(#13505));
#13507=IFCCARTESIANPOINT((0.,0.,0.));
#13508=IFCAXIS2PLACEMENT3D(#13507,#8,#9);
#13509=IFCLOCALPLACEMENT(#27,#13508);
#13510=IFCBEAM('0tpy4OglrD6unmZU9XRD8p',$,'VS-750','IPE 200',$,#13509,#13506,'VS-750',$);
#13511=IFCRELASSOCIATESMATERIAL('1yB6Ll7g13h9uZqWcshU2n',$,$,$,(#13510),#40);
#13512=IFCCARTESIANPOINT((135933.29999999999,5500.,0.));
#13513=IFCCARTESIANPOINT((135933.29999999999,10170.,0.));
#13514=IFCPOLYLINE((#13512,#13513));
#13515=IFCSHAPEREPRESENTATION(#12,'Axis','Curve3D',(#13514));
#13516=IFCPRODUCTDEFINITIONSHAPE($,$,(#13515));
#13517=IFCCARTESIANPOINT((0.,0.,0.));
#13518=IFCAXIS2PLACEMENT3D(#13517,#8,#9);
#13519=IFCLOCALPLACEMENT(#27,#13518);
#13520=IFCBEAM('0dltKix$n1cBJbGf12raR6',$,'VS-751','IPE 200',$,#13519,#13516,'VS-751',$);
#13521=IFCRELASSOCIATESMATERIAL('2d2gNTJAbD2A1bUaKDW7mv',$,$,$,(#13520),#40);
#13522=IFCCARTESIANPOINT((135933.29999999999,10170.,0.));
#13523=IFCCARTESIANPOINT((135933.29999999999,14840.,0.));
#13524=IFCPOLYLINE((#13522,#13523));
#13525=IFCSHAPEREPRESENTATION(#12,'Axis','Curve3D',(#13524));
#13526=IFCPRODUCTDEFINITIONSHAPE($,$,(#13525));
#13527=IFCCARTESIANPOINT((0.,0.,0.));
#13528=IFCAXIS2PLACEMENT3D(#13527,#8,#9);
#13529=IFCLOCALPLACEMENT(#27,#13528);
#13530=IFCBEAM('2HdfurjnTD18z5KBT9rFAB',$,'VS-752','IPE 200',$,#13529,#13526,'VS-752',$);
#13531=IFCRELASSOCIATESMATERIAL('0IyczqNnj21O$0dP26Uy6F',$,$,$,(#13530),#40);
#13532=IFCCARTESIANPOINT((135933.29999999999,14840.,0.));
#13533=IFCCARTESIANPOINT((135933.29999999999,19510.,0.));
#13534=IFCPOLYLINE((#13532,#13533));
#13535=IFCSHAPEREPRESENTATION(#12,'Axis','Curve3D',(#13534));
#13536=IFCPRODUCTDEFINITIONSHAPE($,$,(#13535));
#13537=IFCCARTESIANPOINT((0.,0.,0.));
#13538=IFCAXIS2PLACEMENT3D(#13537,#8,#9);
#13539=IFCLOCALPLACEMENT(#27,#13538);
#13540=IFCBEAM('1gJrPA0jT7PeZdBzh8cDfV',$,'VS-753','IPE 200',$,#13539,#13536,'VS-753',$);
#13541=IFCRELASSOCIATESMATERIAL('2lYOEJIxHAoAxXKQHfEzsE',$,$,$,(#13540),#40);
#13542=IFCCARTESIANPOINT((137016.70000000001,5500.,0.));
#13543=IFCCARTESIANPOINT((137016.70000000001,10170.,0.));
#13544=IFCPOLYLINE((#13542,#13543));
#13545=IFCSHAPEREPRESENTATION(#12,'Axis','Curve3D',(#13544));
#13546=IFCPRODUCTDEFINITIONSHAPE($,$,(#13545));
#13547=IFCCARTESIANPOINT((0.,0.,0.));
#13548=IFCAXIS2PLACEMENT3D(#13547,#8,#9);
#13549=IFCLOCALPLACEMENT(#27,#13548);
#13550=IFCBEAM('0gV_0uLVn0VgrKMY_UCMHh',$,'VS-754','IPE 240',$,#13549,#13546,'VS-754',$);
#13551=IFCRELASSOCIATESMATERIAL('2qeJ9LpO51mP4J9aNaNZCw',$,$,$,(#13550),#40);
#13552=IFCCARTESIANPOINT((137016.70000000001,10170.,0.));
#13553=IFCCARTESIANPOINT((137016.70000000001,14840.,0.));
#13554=IFCPOLYLINE((#13552,#13553));
#13555=IFCSHAPEREPRESENTATION(#12,'Axis','Curve3D',(#13554));
#13556=IFCPRODUCTDEFINITIONSHAPE($,$,(#13555));
#13557=IFCCARTESIANPOINT((0.,0.,0.));
#13558=IFCAXIS2PLACEMENT3D(#13557,#8,#9);
#13559=IFCLOCALPLACEMENT(#27,#13558);
#13560=IFCBEAM('0ltq1Pa$r3zP1Pr7bQagzz',$,'VS-755','IPE 240',$,#13559,#13556,'VS-755',$);
#13561=IFCRELASSOCIATESMATERIAL('0vQXnApw52yPqYf_qGOUBh',$,$,$,(#13560),#40);
#13562=IFCCARTESIANPOINT((137016.70000000001,14840.,0.));
#13563=IFCCARTESIANPOINT((137016.70000000001,19510.,0.));
#13564=IFCPOLYLINE((#13562,#13563));
#13565=IFCSHAPEREPRESENTATION(#12,'Axis','Curve3D',(#13564));
#13566=IFCPRODUCTDEFINITIONSHAPE($,$,(#13565));
#13567=IFCCARTESIANPOINT((0.,0.,0.));
#13568=IFCAXIS2PLACEMENT3D(#13567,#8,#9);
#13569=IFCLOCALPLACEMENT(#27,#13568);
#13570=IFCBEAM('3_DOBFwqj6y8JdxhsIeJJA',$,'VS-756','IPE 240',$,#13569,#13566,'VS-756',$);
#13571=IFCRELASSOCIATESMATERIAL('0FZatFG$H2cB_jtHcLy40T',$,$,$,(#13570),#40);
#13572=IFCCARTESIANPOINT((132683.29999999999,5500.,0.));
#13573=IFCCARTESIANPOINT((132683.29999999999,10170.,0.));
#13574=IFCPOLYLINE((#13572,#13573));
#13575=IFCSHAPEREPRESENTATION(#12,'Axis','Curve3D',(#13574));
#13576=IFCPRODUCTDEFINITIONSHAPE($,$,(#13575));
#13577=IFCCARTESIANPOINT((0.,0.,0.));
#13578=IFCAXIS2PLACEMENT3D(#13577,#8,#9);
#13579=IFCLOCALPLACEMENT(#31,#13578);
#13580=IFCBEAM('3yCSkN_5b5kRzI0Vd5$259',$,'VS-757','IPE 240',$,#13579,#13576,'VS-757',$);
#13581=IFCRELASSOCIATESMATERIAL('1l$vWw7AfCW9vqJTLvAyj7',$,$,$,(#13580),#40);
#13582=IFCCARTESIANPOINT((132683.29999999999,10170.,0.));
#13583=IFCCARTESIANPOINT((132683.29999999999,14840.,0.));
#13584=IFCPOLYLINE((#13582,#13583));
#13585=IFCSHAPEREPRESENTATION(#12,'Axis','Curve3D',(#13584));
#13586=IFCPRODUCTDEFINITIONSHAPE($,$,(#13585));
#13587=IFCCARTESIANPOINT((0.,0.,0.));
#13588=IFCAXIS2PLACEMENT3D(#13587,#8,#9);
#13589=IFCLOCALPLACEMENT(#31,#13588);
#13590=IFCBEAM('3PcFfm7wT0Jhcs0P_z5Szi',$,'VS-758','IPE 240',$,#13589,#13586,'VS-758',$);
#13591=IFCRELASSOCIATESMATERIAL('3ZNFI6WyH82P3bKpz3timw',$,$,$,(#13590),#40);
#13592=IFCCARTESIANPOINT((132683.29999999999,14840.,0.));
#13593=IFCCARTESIANPOINT((132683.29999999999,19510.,0.));
#13594=IFCPOLYLINE((#13592,#13593));
#13595=IFCSHAPEREPRESENTATION(#12,'Axis','Curve3D',(#13594));
#13596=IFCPRODUCTDEFINITIONSHAPE($,$,(#13595));
#13597=IFCCARTESIANPOINT((0.,0.,0.));
#13598=IFCAXIS2PLACEMENT3D(#13597,#8,#9);
#13599=IFCLOCALPLACEMENT(#31,#13598);
#13600=IFCBEAM('0e7_Lm_HT2B8Z8qaYh72u1',$,'VS-759','IPE 240',$,#13599,#13596,'VS-759',$);
#13601=IFCRELASSOCIATESMATERIAL('1lU6cJv5PCUvD7Y5v0W6gT',$,$,$,(#13600),#40);
#13602=IFCCARTESIANPOINT((133766.70000000001,5500.,0.));
#13603=IFCCARTESIANPOINT((133766.70000000001,10170.,0.));
#13604=IFCPOLYLINE((#13602,#13603));
#13605=IFCSHAPEREPRESENTATION(#12,'Axis','Curve3D',(#13604));
#13606=IFCPRODUCTDEFINITIONSHAPE($,$,(#13605));
#13607=IFCCARTESIANPOINT((0.,0.,0.));
#13608=IFCAXIS2PLACEMENT3D(#13607,#8,#9);
#13609=IFCLOCALPLACEMENT(#31,#13608);
#13610=IFCBEAM('1dWe9XID56JeQDEz3kh4R5',$,'VS-760','IPE 200',$,#13609,#13606,'VS-760',$);
#13611=IFCRELASSOCIATESMATERIAL('2NfbxuXCr9ew4C1fuVs7AH',$,$,$,(#13610),#40);
#13612=IFCCARTESIANPOINT((133766.70000000001,10170.,0.));
#13613=IFCCARTESIANPOINT((133766.70000000001,14840.,0.));
#13614=IFCPOLYLINE((#13612,#13613));
#13615=IFCSHAPEREPRESENTATION(#12,'Axis','Curve3D',(#13614));
#13616=IFCPRODUCTDEFINITIONSHAPE($,$,(#13615));
#13617=IFCCARTESIANPOINT((0.,0.,0.));
#13618=IFCAXIS2PLACEMENT3D(#13617,#8,#9);
#13619=IFCLOCALPLACEMENT(#31,#13618);
#13620=IFCBEAM('14zh$fMjzA2PQxwF_18CKT',$,'VS-761','IPE 200',$,#13619,#13616,'VS-761',$);
#13621=IFCRELASSOCIATESMATERIAL('1$5OzIjFPASB3EbyYEzWE1',$,$,$,(#13620),#40);
#13622=IFCCARTESIANPOINT((133766.70000000001,14840.,0.));
#13623=IFCCARTESIANPOINT((133766.70000000001,19510.,0.));
#13624=IFCPOLYLINE((#13622,#13623));
#13625=IFCSHAPEREPRESENTATION(#12,'Axis','Curve3D',(#13624));
#13626=IFCPRODUCTDEFINITIONSHAPE($,$,(#13625));
#13627=IFCCARTESIANPOINT((0.,0.,0.));
#13628=IFCAXIS2PLACEMENT3D(#13627,#8,#9);
#13629=IFCLOCALPLACEMENT(#31,#13628);
#13630=IFCBEAM('17s1KvsuHFbugw77gy0sqU',$,'VS-762','IPE 200',$,#13629,#13626,'VS-762',$);
#13631=IFCRELASSOCIATESMATERIAL('1KFWJ4w8f1kht9dABGoaRJ',$,$,$,(#13630),#40);
#13632=IFCCARTESIANPOINT((134850.,5500.,0.));
#13633=IFCCARTESIANPOINT((134850.,10170.,0.));
#13634=IFCPOLYLINE((#13632,#13633));
#13635=IFCSHAPEREPRESENTATION(#12,'Axis','Curve3D',(#13634));
#13636=IFCPRODUCTDEFINITIONSHAPE($,$,(#13635));
#13637=IFCCARTESIANPOINT((0.,0.,0.));
#13638=IFCAXIS2PLACEMENT3D(#13637,#8,#9);
#13639=IFCLOCALPLACEMENT(#31,#13638);
#13640=IFCBEAM('0aM6vwcaX3j8m$0aB8fVMg',$,'VS-763','IPE 200',$,#13639,#13636,'VS-763',$);
#13641=IFCRELASSOCIATESMATERIAL('17Eh_IltLEHOTSdMHTLhpo',$,$,$,(#13640),#40);
#13642=IFCCARTESIANPOINT((134850.,10170.,0.));
#13643=IFCCARTESIANPOINT((134850.,14840.,0.));
#13644=IFCPOLYLINE((#13642,#13643));
#13645=IFCSHAPEREPRESENTATION(#12,'Axis','Curve3D',(#13644));
#13646=IFCPRODUCTDEFINITIONSHAPE($,$,(#13645));
#13647=IFCCARTESIANPOINT((0.,0.,0.));
#13648=IFCAXIS2PLACEMENT3D(#13647,#8,#9);
#13649=IFCLOCALPLACEMENT(#31,#13648);
#13650=IFCBEAM('3dBUQdZ2TFTheD7_01G7AP',$,'VS-764','IPE 200',$,#13649,#13646,'VS-764',$);
#13651=IFCRELASSOCIATESMATERIAL('1bl9RRaQbC7fRxHvqS_N4P',$,$,$,(#13650),#40);
#13652=IFCCARTESIANPOINT((134850.,14840.,0.));
#13653=IFCCARTESIANPOINT((134850.,19510.,0.));
#13654=IFCPOLYLINE((#13652,#13653));
#13655=IFCSHAPEREPRESENTATION(#12,'Axis','Curve3D',(#13654));
#13656=IFCPRODUCTDEFINITIONSHAPE($,$,(#13655));
#13657=IFCCARTESIANPOINT((0.,0.,0.));
#13658=IFCAXIS2PLACEMENT3D(#13657,#8,#9);
#13659=IFCLOCALPLACEMENT(#31,#13658);
#13660=IFCBEAM('0EMJ4ZnJzDLvBTEbB47eM4',$,'VS-765','IPE 200',$,#13659,#13656,'VS-765',$);
#13661=IFCRELASSOCIATESMATERIAL('3HgLQTkTL2ewcsL_NyZq$4',$,$,$,(#13660),#40);
#13662=IFCCARTESIANPOINT((135933.29999999999,5500.,0.));
#13663=IFCCARTESIANPOINT((135933.29999999999,10170.,0.));
#13664=IFCPOLYLINE((#13662,#13663));
#13665=IFCSHAPEREPRESENTATION(#12,'Axis','Curve3D',(#13664));
#13666=IFCPRODUCTDEFINITIONSHAPE($,$,(#13665));
#13667=IFCCARTESIANPOINT((0.,0.,0.));
#13668=IFCAXIS2PLACEMENT3D(#13667,#8,#9);
#13669=IFCLOCALPLACEMENT(#31,#13668);
#13670=IFCBEAM('3lHjhwmeL9tRLadlQqJiCf',$,'VS-766','IPE 200',$,#13669,#13666,'VS-766',$);
#13671=IFCRELASSOCIATESMATERIAL('3J2k8SD5z4tx9ZRZ4lYB8U',$,$,$,(#13670),#40);
#13672=IFCCARTESIANPOINT((135933.29999999999,10170.,0.));
#13673=IFCCARTESIANPOINT((135933.29999999999,14840.,0.));
#13674=IFCPOLYLINE((#13672,#13673));
#13675=IFCSHAPEREPRESENTATION(#12,'Axis','Curve3D',(#13674));
#13676=IFCPRODUCTDEFINITIONSHAPE($,$,(#13675));
#13677=IFCCARTESIANPOINT((0.,0.,0.));
#13678=IFCAXIS2PLACEMENT3D(#13677,#8,#9);
#13679=IFCLOCALPLACEMENT(#31,#13678);
#13680=IFCBEAM('1tFnImyrT2UQQGviMITwo4',$,'VS-767','IPE 200',$,#13679,#13676,'VS-767',$);
#13681=IFCRELASSOCIATESMATERIAL('3btFAxORH2C8lCJPgGgKLr',$,$,$,(#13680),#40);
#13682=IFCCARTESIANPOINT((135933.29999999999,14840.,0.));
#13683=IFCCARTESIANPOINT((135933.29999999999,19510.,0.));
#13684=IFCPOLYLINE((#13682,#13683));
#13685=IFCSHAPEREPRESENTATION(#12,'Axis','Curve3D',(#13684));
#13686=IFCPRODUCTDEFINITIONSHAPE($,$,(#13685));
#13687=IFCCARTESIANPOINT((0.,0.,0.));
#13688=IFCAXIS2PLACEMENT3D(#13687,#8,#9);
#13689=IFCLOCALPLACEMENT(#31,#13688);
#13690=IFCBEAM('2$aFD7tWbELgVtzQaW_kR_',$,'VS-768','IPE 200',$,#13689,#13686,'VS-768',$);
#13691=IFCRELASSOCIATESMATERIAL('1QFL74kHzBbxkhMQH78LNl',$,$,$,(#13690),#40);
#13692=IFCCARTESIANPOINT((137016.70000000001,5500.,0.));
#13693=IFCCARTESIANPOINT((137016.70000000001,10170.,0.));
#13694=IFCPOLYLINE((#13692,#13693));
#13695=IFCSHAPEREPRESENTATION(#12,'Axis','Curve3D',(#13694));
#13696=IFCPRODUCTDEFINITIONSHAPE($,$,(#13695));
#13697=IFCCARTESIANPOINT((0.,0.,0.));
#13698=IFCAXIS2PLACEMENT3D(#13697,#8,#9);
#13699=IFCLOCALPLACEMENT(#31,#13698);
#13700=IFCBEAM('3lr3hSRhf3hfHVXzQfyAeP',$,'VS-769','IPE 240',$,#13699,#13696,'VS-769',$);
#13701=IFCRELASSOCIATESMATERIAL('0itZrm_9X1CRz93vmxzS5S',$,$,$,(#13700),#40);
#13702=IFCCARTESIANPOINT((137016.70000000001,10170.,0.));
#13703=IFCCARTESIANPOINT((137016.70000000001,14840.,0.));
#13704=IFCPOLYLINE((#13702,#13703));
#13705=IFCSHAPEREPRESENTATION(#12,'Axis','Curve3D',(#13704));
#13706=IFCPRODUCTDEFINITIONSHAPE($,$,(#13705));
#13707=IFCCARTESIANPOINT((0.,0.,0.));
#13708=IFCAXIS2PLACEMENT3D(#13707,#8,#9);
#13709=IFCLOCALPLACEMENT(#31,#13708);
#13710=IFCBEAM('0T3Xrj5zX59x46VjQJzpPl',$,'VS-770','IPE 240',$,#13709,#13706,'VS-770',$);
#13711=IFCRELASSOCIATESMATERIAL('2mE8GyQpXFoe1qJJh8clUn',$,$,$,(#13710),#40);
#13712=IFCCARTESIANPOINT((137016.70000000001,14840.,0.));
#13713=IFCCARTESIANPOINT((137016.70000000001,19510.,0.));
#13714=IFCPOLYLINE((#13712,#13713));
#13715=IFCSHAPEREPRESENTATION(#12,'Axis','Curve3D',(#13714));
#13716=IFCPRODUCTDEFINITIONSHAPE($,$,(#13715));
#13717=IFCCARTESIANPOINT((0.,0.,0.));
#13718=IFCAXIS2PLACEMENT3D(#13717,#8,#9);
#13719=IFCLOCALPLACEMENT(#31,#13718);
#13720=IFCBEAM('2sP1JYlDzAR8B7jC3qdp6k',$,'VS-771','IPE 240',$,#13719,#13716,'VS-771',$);
#13721=IFCRELASSOCIATESMATERIAL('3g5NjJwXHF8hw$XctPQvX5',$,$,$,(#13720),#40);
#13722=IFCCARTESIANPOINT((133225.,5500.,0.));
#13723=IFCCARTESIANPOINT((133225.,10170.,0.));
#13724=IFCPOLYLINE((#13722,#13723));
#13725=IFCSHAPEREPRESENTATION(#12,'Axis','Curve3D',(#13724));
#13726=IFCPRODUCTDEFINITIONSHAPE($,$,(#13725));
#13727=IFCCARTESIANPOINT((0.,0.,0.));
#13728=IFCAXIS2PLACEMENT3D(#13727,#8,#9);
#13729=IFCLOCALPLACEMENT(#35,#13728);
#13730=IFCBEAM('2m5PuoiVH1_RjfUTfuugtj',$,'VS-772','IPE 160',$,#13729,#13726,'VS-772',$);
#13731=IFCRELASSOCIATESMATERIAL('3AiyQwohDE6AcFUvWIhJjJ',$,$,$,(#13730),#40);
#13732=IFCCARTESIANPOINT((133225.,10170.,0.));
#13733=IFCCARTESIANPOINT((133225.,14840.,0.));
#13734=IFCPOLYLINE((#13732,#13733));
#13735=IFCSHAPEREPRESENTATION(#12,'Axis','Curve3D',(#13734));
#13736=IFCPRODUCTDEFINITIONSHAPE($,$,(#13735));
#13737=IFCCARTESIANPOINT((0.,0.,0.));
#13738=IFCAXIS2PLACEMENT3D(#13737,#8,#9);
#13739=IFCLOCALPLACEMENT(#35,#13738);
#13740=IFCBEAM('0e3DFVZJnD9uJnjfLKCq04',$,'VS-773','IPE 160',$,#13739,#13736,'VS-773',$);
#13741=IFCRELASSOCIATESMATERIAL('1RIhiXuyX3w9BeHLb4av0_',$,$,$,(#13740),#40);
#13742=IFCCARTESIANPOINT((133225.,14840.,0.));
#13743=IFCCARTESIANPOINT((133225.,19510.,0.));
#13744=IFCPOLYLINE((#13742,#13743));
#13745=IFCSHAPEREPRESENTATION(#12,'Axis','Curve3D',(#13744));
#13746=IFCPRODUCTDEFINITIONSHAPE($,$,(#13745));
#13747=IFCCARTESIANPOINT((0.,0.,0.));
#13748=IFCAXIS2PLACEMENT3D(#13747,#8,#9);
#13749=IFCLOCALPLACEMENT(#35,#13748);
#13750=IFCBEAM('1ZS0$kBQv2RuYOZ_4U5TqH',$,'VS-774','IPE 160',$,#13749,#13746,'VS-774',$);
#13751=IFCRELASSOCIATESMATERIAL('1EIb9mmpn84vfTgo1JAZV4',$,$,$,(#13750),#40);
#13752=IFCCARTESIANPOINT((134850.,5500.,0.));
#13753=IFCCARTESIANPOINT((134850.,10170.,0.));
#13754=IFCPOLYLINE((#13752,#13753));
#13755=IFCSHAPEREPRESENTATION(#12,'Axis','Curve3D',(#13754));
#13756=IFCPRODUCTDEFINITIONSHAPE($,$,(#13755));
#13757=IFCCARTESIANPOINT((0.,0.,0.));
#13758=IFCAXIS2PLACEMENT3D(#13757,#8,#9);
#13759=IFCLOCALPLACEMENT(#35,#13758);
#13760=IFCBEAM('3W9wssbfD5JPPEV7FAuOSh',$,'VS-775','IPE 160',$,#13759,#13756,'VS-775',$);
#13761=IFCRELASSOCIATESMATERIAL('2W$Sev$Cn7vBzhx0A9QqZ0',$,$,$,(#13760),#40);
#13762=IFCCARTESIANPOINT((134850.,10170.,0.));
#13763=IFCCARTESIANPOINT((134850.,14840.,0.));
#13764=IFCPOLYLINE((#13762,#13763));
#13765=IFCSHAPEREPRESENTATION(#12,'Axis','Curve3D',(#13764));
#13766=IFCPRODUCTDEFINITIONSHAPE($,$,(#13765));
#13767=IFCCARTESIANPOINT((0.,0.,0.));
#13768=IFCAXIS2PLACEMENT3D(#13767,#8,#9);
#13769=IFCLOCALPLACEMENT(#35,#13768);
#13770=IFCBEAM('2mDkjxJmb9nxlPCVZO$Pla',$,'VS-776','IPE 160',$,#13769,#13766,'VS-776',$);
#13771=IFCRELASSOCIATESMATERIAL('3hr$5MriPCXvEUL7Z9ftdD',$,$,$,(#13770),#40);
#13772=IFCCARTESIANPOINT((134850.,14840.,0.));
#13773=IFCCARTESIANPOINT((134850.,19510.,0.));
#13774=IFCPOLYLINE((#13772,#13773));
#13775=IFCSHAPEREPRESENTATION(#12,'Axis','Curve3D',(#13774));
#13776=IFCPRODUCTDEFINITIONSHAPE($,$,(#13775));
#13777=IFCCARTESIANPOINT((0.,0.,0.));
#13778=IFCAXIS2PLACEMENT3D(#13777,#8,#9);
#13779=IFCLOCALPLACEMENT(#35,#13778);
#13780=IFCBEAM('0O848tvK57GBD2GnaSOMZd',$,'VS-777','IPE 160',$,#13779,#13776,'VS-777',$);
#13781=IFCRELASSOCIATESMATERIAL('0XZ6ecoPz1G8cUT4tYqIfT',$,$,$,(#13780),#40);
#13782=IFCCARTESIANPOINT((136475.,5500.,0.));
#13783=IFCCARTESIANPOINT((136475.,10170.,0.));
#13784=IFCPOLYLINE((#13782,#13783));
#13785=IFCSHAPEREPRESENTATION(#12,'Axis','Curve3D',(#13784));
#13786=IFCPRODUCTDEFINITIONSHAPE($,$,(#13785));
#13787=IFCCARTESIANPOINT((0.,0.,0.));
#13788=IFCAXIS2PLACEMENT3D(#13787,#8,#9);
#13789=IFCLOCALPLACEMENT(#35,#13788);
#13790=IFCBEAM('1WxinbNtX3HeHuj5fk8G_n',$,'VS-778','IPE 160',$,#13789,#13786,'VS-778',$);
#13791=IFCRELASSOCIATESMATERIAL('2Zu5WiGVfC0OYM6HNO8H8I',$,$,$,(#13790),#40);
#13792=IFCCARTESIANPOINT((136475.,10170.,0.));
#13793=IFCCARTESIANPOINT((136475.,14840.,0.));
#13794=IFCPOLYLINE((#13792,#13793));
#13795=IFCSHAPEREPRESENTATION(#12,'Axis','Curve3D',(#13794));
#13796=IFCPRODUCTDEFINITIONSHAPE($,$,(#13795));
#13797=IFCCARTESIANPOINT((0.,0.,0.));
#13798=IFCAXIS2PLACEMENT3D(#13797,#8,#9);
#13799=IFCLOCALPLACEMENT(#35,#13798);
#13800=IFCBEAM('1AzzcNH8j2Ggy1U$jkrAbU',$,'VS-779','IPE 160',$,#13799,#13796,'VS-779',$);
#13801=IFCRELASSOCIATESMATERIAL('3P3ZeuFMj3OAhc3s4Q7YkF',$,$,$,(#13800),#40);
#13802=IFCCARTESIANPOINT((136475.,14840.,0.));
#13803=IFCCARTESIANPOINT((136475.,19510.,0.));
#13804=IFCPOLYLINE((#13802,#13803));
#13805=IFCSHAPEREPRESENTATION(#12,'Axis','Curve3D',(#13804));
#13806=IFCPRODUCTDEFINITIONSHAPE($,$,(#13805));
#13807=IFCCARTESIANPOINT((0.,0.,0.));
#13808=IFCAXIS2PLACEMENT3D(#13807,#8,#9);
#13809=IFCLOCALPLACEMENT(#35,#13808);
#13810=IFCBEAM('3DmsYwWlXB3uci60hZVMv6',$,'VS-780','IPE 160',$,#13809,#13806,'VS-780',$);
#13811=IFCRELASSOCIATESMATERIAL('350wucGobDxRRPVYXWZnSt',$,$,$,(#13810),#40);
#13812=IFCCARTESIANPOINT((139183.29999999999,5500.,0.));
#13813=IFCCARTESIANPOINT((139183.29999999999,10170.,0.));
#13814=IFCPOLYLINE((#13812,#13813));
#13815=IFCSHAPEREPRESENTATION(#12,'Axis','Curve3D',(#13814));
#13816=IFCPRODUCTDEFINITIONSHAPE($,$,(#13815));
#13817=IFCCARTESIANPOINT((0.,0.,0.));
#13818=IFCAXIS2PLACEMENT3D(#13817,#8,#9);
#13819=IFCLOCALPLACEMENT(#27,#13818);
#13820=IFCBEAM('3gMMObT1H8ZBskoVm6E5ja',$,'VS-781','IPE 240',$,#13819,#13816,'VS-781',$);
#13821=IFCRELASSOCIATESMATERIAL('0QAeBriE1BNBwu7Jw1MsfY',$,$,$,(#13820),#40);
#13822=IFCCARTESIANPOINT((139183.29999999999,10170.,0.));
#13823=IFCCARTESIANPOINT((139183.29999999999,14840.,0.));
#13824=IFCPOLYLINE((#13822,#13823));
#13825=IFCSHAPEREPRESENTATION(#12,'Axis','Curve3D',(#13824));
#13826=IFCPRODUCTDEFINITIONSHAPE($,$,(#13825));
#13827=IFCCARTESIANPOINT((0.,0.,0.));
#13828=IFCAXIS2PLACEMENT3D(#13827,#8,#9);
#13829=IFCLOCALPLACEMENT(#27,#13828);
#13830=IFCBEAM('1fRPKImMn9DOj2d$YPCjNr',$,'VS-782','IPE 240',$,#13829,#13826,'VS-782',$);
#13831=IFCRELASSOCIATESMATERIAL('39PjPWYAn5YBMhaW_gzGi9',$,$,$,(#13830),#40);
#13832=IFCCARTESIANPOINT((139183.29999999999,14840.,0.));
#13833=IFCCARTESIANPOINT((139183.29999999999,19510.,0.));
#13834=IFCPOLYLINE((#13832,#13833));
#13835=IFCSHAPEREPRESENTATION(#12,'Axis','Curve3D',(#13834));
#13836=IFCPRODUCTDEFINITIONSHAPE($,$,(#13835));
#13837=IFCCARTESIANPOINT((0.,0.,0.));
#13838=IFCAXIS2PLACEMENT3D(#13837,#8,#9);
#13839=IFCLOCALPLACEMENT(#27,#13838);
#13840=IFCBEAM('3hi8BnmWf51vkoMf0tWrHu',$,'VS-783','IPE 240',$,#13839,#13836,'VS-783',$);
#13841=IFCRELASSOCIATESMATERIAL('0J4VbdCRLEw9LrmSyfxVKf',$,$,$,(#13840),#40);
#13842=IFCCARTESIANPOINT((140266.70000000001,5500.,0.));
#13843=IFCCARTESIANPOINT((140266.70000000001,10170.,0.));
#13844=IFCPOLYLINE((#13842,#13843));
#13845=IFCSHAPEREPRESENTATION(#12,'Axis','Curve3D',(#13844));
#13846=IFCPRODUCTDEFINITIONSHAPE($,$,(#13845));
#13847=IFCCARTESIANPOINT((0.,0.,0.));
#13848=IFCAXIS2PLACEMENT3D(#13847,#8,#9);
#13849=IFCLOCALPLACEMENT(#27,#13848);
#13850=IFCBEAM('0f5o1UAqfD7w7p34tqsiGy',$,'VS-784','IPE 200',$,#13849,#13846,'VS-784',$);
#13851=IFCRELASSOCIATESMATERIAL('3f_lxwbpz8w9XSAXvl1kKF',$,$,$,(#13850),#40);
#13852=IFCCARTESIANPOINT((140266.70000000001,10170.,0.));
#13853=IFCCARTESIANPOINT((140266.70000000001,14840.,0.));
#13854=IFCPOLYLINE((#13852,#13853));
#13855=IFCSHAPEREPRESENTATION(#12,'Axis','Curve3D',(#13854));
#13856=IFCPRODUCTDEFINITIONSHAPE($,$,(#13855));
#13857=IFCCARTESIANPOINT((0.,0.,0.));
#13858=IFCAXIS2PLACEMENT3D(#13857,#8,#9);
#13859=IFCLOCALPLACEMENT(#27,#13858);
#13860=IFCBEAM('19jpdd4ebA7eSLZMbMWQdY',$,'VS-785','IPE 200',$,#13859,#13856,'VS-785',$);
#13861=IFCRELASSOCIATESMATERIAL('1Vh6gpkiDDcBtM3uKhiaWM',$,$,$,(#13860),#40);
#13862=IFCCARTESIANPOINT((140266.70000000001,14840.,0.));
#13863=IFCCARTESIANPOINT((140266.70000000001,19510.,0.));
#13864=IFCPOLYLINE((#13862,#13863));
#13865=IFCSHAPEREPRESENTATION(#12,'Axis','Curve3D',(#13864));
#13866=IFCPRODUCTDEFINITIONSHAPE($,$,(#13865));
#13867=IFCCARTESIANPOINT((0.,0.,0.));
#13868=IFCAXIS2PLACEMENT3D(#13867,#8,#9);
#13869=IFCLOCALPLACEMENT(#27,#13868);
#13870=IFCBEAM('0hgmIHpZHCMw__ljBhxqxf',$,'VS-786','IPE 200',$,#13869,#13866,'VS-786',$);
#13871=IFCRELASSOCIATESMATERIAL('0LzkhPADXE9OA610stx55c',$,$,$,(#13870),#40);
#13872=IFCCARTESIANPOINT((141350.,5500.,0.));
#13873=IFCCARTESIANPOINT((141350.,10170.,0.));
#13874=IFCPOLYLINE((#13872,#13873));
#13875=IFCSHAPEREPRESENTATION(#12,'Axis','Curve3D',(#13874));
#13876=IFCPRODUCTDEFINITIONSHAPE($,$,(#13875));
#13877=IFCCARTESIANPOINT((0.,0.,0.));
#13878=IFCAXIS2PLACEMENT3D(#13877,#8,#9);
#13879=IFCLOCALPLACEMENT(#27,#13878);
#13880=IFCBEAM('3DWo40B6X2Jg749t64GbzY',$,'VS-787','IPE 200',$,#13879,#13876,'VS-787',$);
#13881=IFCRELASSOCIATESMATERIAL('032lC$vWH0SehvEC6yYt4w',$,$,$,(#13880),#40);
#13882=IFCCARTESIANPOINT((141350.,10170.,0.));
#13883=IFCCARTESIANPOINT((141350.,14840.,0.));
#13884=IFCPOLYLINE((#13882,#13883));
#13885=IFCSHAPEREPRESENTATION(#12,'Axis','Curve3D',(#13884));
#13886=IFCPRODUCTDEFINITIONSHAPE($,$,(#13885));
#13887=IFCCARTESIANPOINT((0.,0.,0.));
#13888=IFCAXIS2PLACEMENT3D(#13887,#8,#9);
#13889=IFCLOCALPLACEMENT(#27,#13888);
#13890=IFCBEAM('15467ouJLD19f0SUt1YvZm',$,'VS-788','IPE 200',$,#13889,#13886,'VS-788',$);
#13891=IFCRELASSOCIATESMATERIAL('2Bv8QuKhb1Mxq5hfzPyvSi',$,$,$,(#13890),#40);
#13892=IFCCARTESIANPOINT((141350.,14840.,0.));
#13893=IFCCARTESIANPOINT((141350.,19510.,0.));
#13894=IFCPOLYLINE((#13892,#13893));
#13895=IFCSHAPEREPRESENTATION(#12,'Axis','Curve3D',(#13894));
#13896=IFCPRODUCTDEFINITIONSHAPE($,$,(#13895));
#13897=IFCCARTESIANPOINT((0.,0.,0.));
#13898=IFCAXIS2PLACEMENT3D(#13897,#8,#9);
#13899=IFCLOCALPLACEMENT(#27,#13898);
#13900=IFCBEAM('1OvvTAah165vwNGBvbvw_C',$,'VS-789','IPE 200',$,#13899,#13896,'VS-789',$);
#13901=IFCRELASSOCIATESMATERIAL('2LvJYZy8z69uwarZQxl5HN',$,$,$,(#13900),#40);
#13902=IFCCARTESIANPOINT((142433.29999999999,5500.,0.));
#13903=IFCCARTESIANPOINT((142433.29999999999,10170.,0.));
#13904=IFCPOLYLINE((#13902,#13903));
#13905=IFCSHAPEREPRESENTATION(#12,'Axis','Curve3D',(#13904));
#13906=IFCPRODUCTDEFINITIONSHAPE($,$,(#13905));
#13907=IFCCARTESIANPOINT((0.,0.,0.));
#13908=IFCAXIS2PLACEMENT3D(#13907,#8,#9);
#13909=IFCLOCALPLACEMENT(#27,#13908);
#13910=IFCBEAM('2UlaQ4otf64gkEHKPZpxeK',$,'VS-790','IPE 200',$,#13909,#13906,'VS-790',$);
#13911=IFCRELASSOCIATESMATERIAL('2n9Hxkyd929R61HA70sc6O',$,$,$,(#13910),#40);
#13912=IFCCARTESIANPOINT((142433.29999999999,10170.,0.));
#13913=IFCCARTESIANPOINT((142433.29999999999,14840.,0.));
#13914=IFCPOLYLINE((#13912,#13913));
#13915=IFCSHAPEREPRESENTATION(#12,'Axis','Curve3D',(#13914));
#13916=IFCPRODUCTDEFINITIONSHAPE($,$,(#13915));
#13917=IFCCARTESIANPOINT((0.,0.,0.));
#13918=IFCAXIS2PLACEMENT3D(#13917,#8,#9);
#13919=IFCLOCALPLACEMENT(#27,#13918);
#13920=IFCBEAM('1TPFDt3x54jgH2B3B3xg9r',$,'VS-791','IPE 200',$,#13919,#13916,'VS-791',$);
#13921=IFCRELASSOCIATESMATERIAL('3UYTJHGb97jOCJXHXDL9ca',$,$,$,(#13920),#40);
#13922=IFCCARTESIANPOINT((142433.29999999999,14840.,0.));
#13923=IFCCARTESIANPOINT((142433.29999999999,19510.,0.));
#13924=IFCPOLYLINE((#13922,#13923));
#13925=IFCSHAPEREPRESENTATION(#12,'Axis','Curve3D',(#13924));
#13926=IFCPRODUCTDEFINITIONSHAPE($,$,(#13925));
#13927=IFCCARTESIANPOINT((0.,0.,0.));
#13928=IFCAXIS2PLACEMENT3D(#13927,#8,#9);
#13929=IFCLOCALPLACEMENT(#27,#13928);
#13930=IFCBEAM('0YwXwQIuf9BBGeMRK1H7Vr',$,'VS-792','IPE 200',$,#13929,#13926,'VS-792',$);
#13931=IFCRELASSOCIATESMATERIAL('33W4Z17755hewAlnSf0vHG',$,$,$,(#13930),#40);
#13932=IFCCARTESIANPOINT((143516.70000000001,5500.,0.));
#13933=IFCCARTESIANPOINT((143516.70000000001,10170.,0.));
#13934=IFCPOLYLINE((#13932,#13933));
#13935=IFCSHAPEREPRESENTATION(#12,'Axis','Curve3D',(#13934));
#13936=IFCPRODUCTDEFINITIONSHAPE($,$,(#13935));
#13937=IFCCARTESIANPOINT((0.,0.,0.));
#13938=IFCAXIS2PLACEMENT3D(#13937,#8,#9);
#13939=IFCLOCALPLACEMENT(#27,#13938);
#13940=IFCBEAM('2nXLYZxov3JeCH3rvhpcDp',$,'VS-793','IPE 240',$,#13939,#13936,'VS-793',$);
#13941=IFCRELASSOCIATESMATERIAL('1$FEycqvr7Nf3fBL7iW6NU',$,$,$,(#13940),#40);
#13942=IFCCARTESIANPOINT((143516.70000000001,10170.,0.));
#13943=IFCCARTESIANPOINT((143516.70000000001,14840.,0.));
#13944=IFCPOLYLINE((#13942,#13943));
#13945=IFCSHAPEREPRESENTATION(#12,'Axis','Curve3D',(#13944));
#13946=IFCPRODUCTDEFINITIONSHAPE($,$,(#13945));
#13947=IFCCARTESIANPOINT((0.,0.,0.));
#13948=IFCAXIS2PLACEMENT3D(#13947,#8,#9);
#13949=IFCLOCALPLACEMENT(#27,#13948);
#13950=IFCBEAM('2dczKHE6TE6hKLoCgGEYqq',$,'VS-794','IPE 240',$,#13949,#13946,'VS-794',$);
#13951=IFCRELASSOCIATESMATERIAL('3MF$CYqVL97wbyMQNumyhR',$,$,$,(#13950),#40);
#13952=IFCCARTESIANPOINT((143516.70000000001,14840.,0.));
#13953=IFCCARTESIANPOINT((143516.70000000001,19510.,0.));
#13954=IFCPOLYLINE((#13952,#13953));
#13955=IFCSHAPEREPRESENTATION(#12,'Axis','Curve3D',(#13954));
#13956=IFCPRODUCTDEFINITIONSHAPE($,$,(#13955));
#13957=IFCCARTESIANPOINT((0.,0.,0.));
#13958=IFCAXIS2PLACEMENT3D(#13957,#8,#9);
#13959=IFCLOCALPLACEMENT(#27,#13958);
#13960=IFCBEAM('27sL0eTa96rf_oB4uUNZsF',$,'VS-795','IPE 240',$,#13959,#13956,'VS-795',$);
#13961=IFCRELASSOCIATESMATERIAL('2Jb9MiHd91_hjiYGS7LW2u',$,$,$,(#13960),#40);
#13962=IFCCARTESIANPOINT((139183.29999999999,5500.,0.));
#13963=IFCCARTESIANPOINT((139183.29999999999,10170.,0.));
#13964=IFCPOLYLINE((#13962,#13963));
#13965=IFCSHAPEREPRESENTATION(#12,'Axis','Curve3D',(#13964));
#13966=IFCPRODUCTDEFINITIONSHAPE($,$,(#13965));
#13967=IFCCARTESIANPOINT((0.,0.,0.));
#13968=IFCAXIS2PLACEMENT3D(#13967,#8,#9);
#13969=IFCLOCALPLACEMENT(#31,#13968);
#13970=IFCBEAM('1KRMZCop58fARIWgwg_3dE',$,'VS-796','IPE 240',$,#13969,#13966,'VS-796',$);
#13971=IFCRELASSOCIATESMATERIAL('1M_p1NzyH9wAEIogXfJITM',$,$,$,(#13970),#40);
#13972=IFCCARTESIANPOINT((139183.29999999999,10170.,0.));
#13973=IFCCARTESIANPOINT((139183.29999999999,14840.,0.));
#13974=IFCPOLYLINE((#13972,#13973));
#13975=IFCSHAPEREPRESENTATION(#12,'Axis','Curve3D',(#13974));
#13976=IFCPRODUCTDEFINITIONSHAPE($,$,(#13975));
#13977=IFCCARTESIANPOINT((0.,0.,0.));
#13978=IFCAXIS2PLACEMENT3D(#13977,#8,#9);
#13979=IFCLOCALPLACEMENT(#31,#13978);
#13980=IFCBEAM('0YuKiXm3bCw8yb8j_hbyPx',$,'VS-797','IPE 240',$,#13979,#13976,'VS-797',$);
#13981=IFCRELASSOCIATESMATERIAL('3yIkQGb$12ROrZOKkRJ$as',$,$,$,(#13980),#40);
#13982=IFCCARTESIANPOINT((139183.29999999999,14840.,0.));
#13983=IFCCARTESIANPOINT((139183.29999999999,19510.,0.));
#13984=IFCPOLYLINE((#13982,#13983));
#13985=IFCSHAPEREPRESENTATION(#12,'Axis','Curve3D',(#13984));
#13986=IFCPRODUCTDEFINITIONSHAPE($,$,(#13985));
#13987=IFCCARTESIANPOINT((0.,0.,0.));
#13988=IFCAXIS2PLACEMENT3D(#13987,#8,#9);
#13989=IFCLOCALPLACEMENT(#31,#13988);
#13990=IFCBEAM('3uEOw7JOr51RpJ1tKnEmSt',$,'VS-798','IPE 240',$,#13989,#13986,'VS-798',$);
#13991=IFCRELASSOCIATESMATERIAL('1SS0kYLAb3IQO$OBG6GBC$',$,$,$,(#13990),#40);
#13992=IFCCARTESIANPOINT((140266.70000000001,5500.,0.));
#13993=IFCCARTESIANPOINT((140266.70000000001,10170.,0.));
#13994=IFCPOLYLINE((#13992,#13993));
#13995=IFCSHAPEREPRESENTATION(#12,'Axis','Curve3D',(#13994));
#13996=IFCPRODUCTDEFINITIONSHAPE($,$,(#13995));
#13997=IFCCARTESIANPOINT((0.,0.,0.));
#13998=IFCAXIS2PLACEMENT3D(#13997,#8,#9);
#13999=IFCLOCALPLACEMENT(#31,#13998);
#14000=IFCBEAM('267g0iScn068L1cXqHaKy8',$,'VS-799','IPE 200',$,#13999,#13996,'VS-799',$);
#14001=IFCRELASSOCIATESMATERIAL('2vx6un6dbEOvDyQmBOO9KC',$,$,$,(#14000),#40);
#14002=IFCCARTESIANPOINT((140266.70000000001,10170.,0.));
#14003=IFCCARTESIANPOINT((140266.70000000001,14840.,0.));
#14004=IFCPOLYLINE((#14002,#14003));
#14005=IFCSHAPEREPRESENTATION(#12,'Axis','Curve3D',(#14004));
#14006=IFCPRODUCTDEFINITIONSHAPE($,$,(#14005));
#14007=IFCCARTESIANPOINT((0.,0.,0.));
#14008=IFCAXIS2PLACEMENT3D(#14007,#8,#9);
#14009=IFCLOCALPLACEMENT(#31,#14008);
#14010=IFCBEAM('3Rk1W0u6n48wvjOpigpiLu',$,'VS-800','IPE 200',$,#14009,#14006,'VS-800',$);
#14011=IFCRELASSOCIATESMATERIAL('2ycMvxfTT3vOKC18Lo68Wn',$,$,$,(#14010),#40);
#14012=IFCCARTESIANPOINT((140266.70000000001,14840.,0.));
#14013=IFCCARTESIANPOINT((140266.70000000001,19510.,0.));
#14014=IFCPOLYLINE((#14012,#14013));
#14015=IFCSHAPEREPRESENTATION(#12,'Axis','Curve3D',(#14014));
#14016=IFCPRODUCTDEFINITIONSHAPE($,$,(#14015));
#14017=IFCCARTESIANPOINT((0.,0.,0.));
#14018=IFCAXIS2PLACEMENT3D(#14017,#8,#9);
#14019=IFCLOCALPLACEMENT(#31,#14018);
#14020=IFCBEAM('3S9Bv7TEjAkfOJZ7o_NKIy',$,'VS-801','IPE 200',$,#14019,#14016,'VS-801',$);
#14021=IFCRELASSOCIATESMATERIAL('2szIFLOBTCo9Im6xsm7SYt',$,$,$,(#14020),#40);
#14022=IFCCARTESIANPOINT((141350.,5500.,0.));
#14023=IFCCARTESIANPOINT((141350.,10170.,0.));
#14024=IFCPOLYLINE((#14022,#14023));
#14025=IFCSHAPEREPRESENTATION(#12,'Axis','Curve3D',(#14024));
#14026=IFCPRODUCTDEFINITIONSHAPE($,$,(#14025));
#14027=IFCCARTESIANPOINT((0.,0.,0.));
#14028=IFCAXIS2PLACEMENT3D(#14027,#8,#9);
#14029=IFCLOCALPLACEMENT(#31,#14028);
#14030=IFCBEAM('0FgcGUFSLEtw08KMF6RYPx',$,'VS-802','IPE 200',$,#14029,#14026,'VS-802',$);
#14031=IFCRELASSOCIATESMATERIAL('1pEOeEen91hxBbx3dKOync',$,$,$,(#14030),#40);
#14032=IFCCARTESIANPOINT((141350.,10170.,0.));
#14033=IFCCARTESIANPOINT((141350.,14840.,0.));
#14034=IFCPOLYLINE((#14032,#14033));
#14035=IFCSHAPEREPRESENTATION(#12,'Axis','Curve3D',(#14034));
#14036=IFCPRODUCTDEFINITIONSHAPE($,$,(#14035));
#14037=IFCCARTESIANPOINT((0.,0.,0.));
#14038=IFCAXIS2PLACEMENT3D(#14037,#8,#9);
#14039=IFCLOCALPLACEMENT(#31,#14038);
#14040=IFCBEAM('1wFLfOT0LEmQPMaCQNkS28',$,'VS-803','IPE 200',$,#14039,#14036,'VS-803',$);
#14041=IFCRELASSOCIATESMATERIAL('0sQvjpk5j1zuNRvhxniSg$',$,$,$,(#14040),#40);
#14042=IFCCARTESIANPOINT((141350.,14840.,0.));
#14043=IFCCARTESIANPOINT((141350.,19510.,0.));
#14044=IFCPOLYLINE((#14042,#14043));
#14045=IFCSHAPEREPRESENTATION(#12,'Axis','Curve3D',(#14044));
#14046=IFCPRODUCTDEFINITIONSHAPE($,$,(#14045));
#14047=IFCCARTESIANPOINT((0.,0.,0.));
#14048=IFCAXIS2PLACEMENT3D(#14047,#8,#9);
#14049=IFCLOCALPLACEMENT(#31,#14048);
#14050=IFCBEAM('0lFnkivTz4ZQencPxh8jRs',$,'VS-804','IPE 200',$,#14049,#14046,'VS-804',$);
#14051=IFCRELASSOCIATESMATERIAL('1OUt0FxLT1k8T5h6LFPqGs',$,$,$,(#14050),#40);
#14052=IFCCARTESIANPOINT((142433.29999999999,5500.,0.));
#14053=IFCCARTESIANPOINT((142433.29999999999,10170.,0.));
#14054=IFCPOLYLINE((#14052,#14053));
#14055=IFCSHAPEREPRESENTATION(#12,'Axis','Curve3D',(#14054));
#14056=IFCPRODUCTDEFINITIONSHAPE($,$,(#14055));
#14057=IFCCARTESIANPOINT((0.,0.,0.));
#14058=IFCAXIS2PLACEMENT3D(#14057,#8,#9);
#14059=IFCLOCALPLACEMENT(#31,#14058);
#14060=IFCBEAM('16GCWHWjn8vvX0yYeaOcgT',$,'VS-805','IPE 200',$,#14059,#14056,'VS-805',$);
#14061=IFCRELASSOCIATESMATERIAL('0u3$5zaK17g8Sy1WIddX1t',$,$,$,(#14060),#40);
#14062=IFCCARTESIANPOINT((142433.29999999999,10170.,0.));
#14063=IFCCARTESIANPOINT((142433.29999999999,14840.,0.));
#14064=IFCPOLYLINE((#14062,#14063));
#14065=IFCSHAPEREPRESENTATION(#12,'Axis','Curve3D',(#14064));
#14066=IFCPRODUCTDEFINITIONSHAPE($,$,(#14065));
#14067=IFCCARTESIANPOINT((0.,0.,0.));
#14068=IFCAXIS2PLACEMENT3D(#14067,#8,#9);
#14069=IFCLOCALPLACEMENT(#31,#14068);
#14070=IFCBEAM('2yNevpWw98KPQ2YetdA5A2',$,'VS-806','IPE 200',$,#14069,#14066,'VS-806',$);
#14071=IFCRELASSOCIATESMATERIAL('3K6os6c0HECRufDtIaFINo',$,$,$,(#14070),#40);
#14072=IFCCARTESIANPOINT((142433.29999999999,14840.,0.));
#14073=IFCCARTESIANPOINT((142433.29999999999,19510.,0.));
#14074=IFCPOLYLINE((#14072,#14073));
#14075=IFCSHAPEREPRESENTATION(#12,'Axis','Curve3D',(#14074));
#14076=IFCPRODUCTDEFINITIONSHAPE($,$,(#14075));
#14077=IFCCARTESIANPOINT((0.,0.,0.));
#14078=IFCAXIS2PLACEMENT3D(#14077,#8,#9);
#14079=IFCLOCALPLACEMENT(#31,#14078);
#14080=IFCBEAM('0ec4toUTb5Uft0xLpoADMq',$,'VS-807','IPE 200',$,#14079,#14076,'VS-807',$);
#14081=IFCRELASSOCIATESMATERIAL('1cWq2HU2H76QlLzByRb1xm',$,$,$,(#14080),#40);
#14082=IFCCARTESIANPOINT((143516.70000000001,5500.,0.));
#14083=IFCCARTESIANPOINT((143516.70000000001,10170.,0.));
#14084=IFCPOLYLINE((#14082,#14083));
#14085=IFCSHAPEREPRESENTATION(#12,'Axis','Curve3D',(#14084));
#14086=IFCPRODUCTDEFINITIONSHAPE($,$,(#14085));
#14087=IFCCARTESIANPOINT((0.,0.,0.));
#14088=IFCAXIS2PLACEMENT3D(#14087,#8,#9);
#14089=IFCLOCALPLACEMENT(#31,#14088);
#14090=IFCBEAM('3C8PSxhIb4yvtB8T2xsa3W',$,'VS-808','IPE 240',$,#14089,#14086,'VS-808',$);
#14091=IFCRELASSOCIATESMATERIAL('13bhbJ7U5EM8qtZ7C8ar9k',$,$,$,(#14090),#40);
#14092=IFCCARTESIANPOINT((143516.70000000001,10170.,0.));
#14093=IFCCARTESIANPOINT((143516.70000000001,14840.,0.));
#14094=IFCPOLYLINE((#14092,#14093));
#14095=IFCSHAPEREPRESENTATION(#12,'Axis','Curve3D',(#14094));
#14096=IFCPRODUCTDEFINITIONSHAPE($,$,(#14095));
#14097=IFCCARTESIANPOINT((0.,0.,0.));
#14098=IFCAXIS2PLACEMENT3D(#14097,#8,#9);
#14099=IFCLOCALPLACEMENT(#31,#14098);
#14100=IFCBEAM('2PomY0zub4BApnlOB86DvE',$,'VS-809','IPE 240',$,#14099,#14096,'VS-809',$);
#14101=IFCRELASSOCIATESMATERIAL('2iTzbK5CD24gOjCKwMWyPO',$,$,$,(#14100),#40);
#14102=IFCCARTESIANPOINT((143516.70000000001,14840.,0.));
#14103=IFCCARTESIANPOINT((143516.70000000001,19510.,0.));
#14104=IFCPOLYLINE((#14102,#14103));
#14105=IFCSHAPEREPRESENTATION(#12,'Axis','Curve3D',(#14104));
#14106=IFCPRODUCTDEFINITIONSHAPE($,$,(#14105));
#14107=IFCCARTESIANPOINT((0.,0.,0.));
#14108=IFCAXIS2PLACEMENT3D(#14107,#8,#9);
#14109=IFCLOCALPLACEMENT(#31,#14108);
#14110=IFCBEAM('1piY5n2AD4$ePRTYVpDdr1',$,'VS-810','IPE 240',$,#14109,#14106,'VS-810',$);
#14111=IFCRELASSOCIATESMATERIAL('3LfySmpFrE9ePW$dwVePN0',$,$,$,(#14110),#40);
#14112=IFCCARTESIANPOINT((139725.,5500.,0.));
#14113=IFCCARTESIANPOINT((139725.,10170.,0.));
#14114=IFCPOLYLINE((#14112,#14113));
#14115=IFCSHAPEREPRESENTATION(#12,'Axis','Curve3D',(#14114));
#14116=IFCPRODUCTDEFINITIONSHAPE($,$,(#14115));
#14117=IFCCARTESIANPOINT((0.,0.,0.));
#14118=IFCAXIS2PLACEMENT3D(#14117,#8,#9);
#14119=IFCLOCALPLACEMENT(#35,#14118);
#14120=IFCBEAM('2t3GW0RlLFxRKlTwDifbCo',$,'VS-811','IPE 160',$,#14119,#14116,'VS-811',$);
#14121=IFCRELASSOCIATESMATERIAL('2zX0dqT4n2fv46dDn5Fq5Z',$,$,$,(#14120),#40);
#14122=IFCCARTESIANPOINT((139725.,10170.,0.));
#14123=IFCCARTESIANPOINT((139725.,14840.,0.));
#14124=IFCPOLYLINE((#14122,#14123));
#14125=IFCSHAPEREPRESENTATION(#12,'Axis','Curve3D',(#14124));
#14126=IFCPRODUCTDEFINITIONSHAPE($,$,(#14125));
#14127=IFCCARTESIANPOINT((0.,0.,0.));
#14128=IFCAXIS2PLACEMENT3D(#14127,#8,#9);
#14129=IFCLOCALPLACEMENT(#35,#14128);
#14130=IFCBEAM('0EIpR8DFPA3OQ1gYmsLrOo',$,'VS-812','IPE 160',$,#14129,#14126,'VS-812',$);
#14131=IFCRELASSOCIATESMATERIAL('3Bao060WHCSBgcjgLkZ0qF',$,$,$,(#14130),#40);
#14132=IFCCARTESIANPOINT((139725.,14840.,0.));
#14133=IFCCARTESIANPOINT((139725.,19510.,0.));
#14134=IFCPOLYLINE((#14132,#14133));
#14135=IFCSHAPEREPRESENTATION(#12,'Axis','Curve3D',(#14134));
#14136=IFCPRODUCTDEFINITIONSHAPE($,$,(#14135));
#14137=IFCCARTESIANPOINT((0.,0.,0.));
#14138=IFCAXIS2PLACEMENT3D(#14137,#8,#9);
#14139=IFCLOCALPLACEMENT(#35,#14138);
#14140=IFCBEAM('0ocEX$Ya149RWF4dyA4Vzf',$,'VS-813','IPE 160',$,#14139,#14136,'VS-813',$);
#14141=IFCRELASSOCIATESMATERIAL('2PYpEtdBLEzwuGu6gVNT_B',$,$,$,(#14140),#40);
#14142=IFCCARTESIANPOINT((141350.,5500.,0.));
#14143=IFCCARTESIANPOINT((141350.,10170.,0.));
#14144=IFCPOLYLINE((#14142,#14143));
#14145=IFCSHAPEREPRESENTATION(#12,'Axis','Curve3D',(#14144));
#14146=IFCPRODUCTDEFINITIONSHAPE($,$,(#14145));
#14147=IFCCARTESIANPOINT((0.,0.,0.));
#14148=IFCAXIS2PLACEMENT3D(#14147,#8,#9);
#14149=IFCLOCALPLACEMENT(#35,#14148);
#14150=IFCBEAM('1P$pLgXZzF6AWR_dtqZONk',$,'VS-814','IPE 160',$,#14149,#14146,'VS-814',$);
#14151=IFCRELASSOCIATESMATERIAL('2JaTRephn9AARpwgOe6agK',$,$,$,(#14150),#40);
#14152=IFCCARTESIANPOINT((141350.,10170.,0.));
#14153=IFCCARTESIANPOINT((141350.,14840.,0.));
#14154=IFCPOLYLINE((#14152,#14153));
#14155=IFCSHAPEREPRESENTATION(#12,'Axis','Curve3D',(#14154));
#14156=IFCPRODUCTDEFINITIONSHAPE($,$,(#14155));
#14157=IFCCARTESIANPOINT((0.,0.,0.));
#14158=IFCAXIS2PLACEMENT3D(#14157,#8,#9);
#14159=IFCLOCALPLACEMENT(#35,#14158);
#14160=IFCBEAM('2vuuDngGP0WQus4Ru_QI4h',$,'VS-815','IPE 160',$,#14159,#14156,'VS-815',$);
#14161=IFCRELASSOCIATESMATERIAL('3nhGRyowD6LRNPVUiEnwHw',$,$,$,(#14160),#40);
#14162=IFCCARTESIANPOINT((141350.,14840.,0.));
#14163=IFCCARTESIANPOINT((141350.,19510.,0.));
#14164=IFCPOLYLINE((#14162,#14163));
#14165=IFCSHAPEREPRESENTATION(#12,'Axis','Curve3D',(#14164));
#14166=IFCPRODUCTDEFINITIONSHAPE($,$,(#14165));
#14167=IFCCARTESIANPOINT((0.,0.,0.));
#14168=IFCAXIS2PLACEMENT3D(#14167,#8,#9);
#14169=IFCLOCALPLACEMENT(#35,#14168);
#14170=IFCBEAM('1dO178z0D66AKZZfj9rRRi',$,'VS-816','IPE 160',$,#14169,#14166,'VS-816',$);
#14171=IFCRELASSOCIATESMATERIAL('170rHQCv15Au$wm2wOLV4Y',$,$,$,(#14170),#40);
#14172=IFCCARTESIANPOINT((142975.,5500.,0.));
#14173=IFCCARTESIANPOINT((142975.,10170.,0.));
#14174=IFCPOLYLINE((#14172,#14173));
#14175=IFCSHAPEREPRESENTATION(#12,'Axis','Curve3D',(#14174));
#14176=IFCPRODUCTDEFINITIONSHAPE($,$,(#14175));
#14177=IFCCARTESIANPOINT((0.,0.,0.));
#14178=IFCAXIS2PLACEMENT3D(#14177,#8,#9);
#14179=IFCLOCALPLACEMENT(#35,#14178);
#14180=IFCBEAM('1VFufgNLDBTuQ6Irke91UR',$,'VS-817','IPE 160',$,#14179,#14176,'VS-817',$);
#14181=IFCRELASSOCIATESMATERIAL('2MWTWes3DFTxK1mJBwqHLH',$,$,$,(#14180),#40);
#14182=IFCCARTESIANPOINT((142975.,10170.,0.));
#14183=IFCCARTESIANPOINT((142975.,14840.,0.));
#14184=IFCPOLYLINE((#14182,#14183));
#14185=IFCSHAPEREPRESENTATION(#12,'Axis','Curve3D',(#14184));
#14186=IFCPRODUCTDEFINITIONSHAPE($,$,(#14185));
#14187=IFCCARTESIANPOINT((0.,0.,0.));
#14188=IFCAXIS2PLACEMENT3D(#14187,#8,#9);
#14189=IFCLOCALPLACEMENT(#35,#14188);
#14190=IFCBEAM('00NuVElIL04P6aAgcxft3l',$,'VS-818','IPE 160',$,#14189,#14186,'VS-818',$);
#14191=IFCRELASSOCIATESMATERIAL('0PdtDjxJT2Pvw4PeGJRb$0',$,$,$,(#14190),#40);
#14192=IFCCARTESIANPOINT((142975.,14840.,0.));
#14193=IFCCARTESIANPOINT((142975.,19510.,0.));
#14194=IFCPOLYLINE((#14192,#14193));
#14195=IFCSHAPEREPRESENTATION(#12,'Axis','Curve3D',(#14194));
#14196=IFCPRODUCTDEFINITIONSHAPE($,$,(#14195));
#14197=IFCCARTESIANPOINT((0.,0.,0.));
#14198=IFCAXIS2PLACEMENT3D(#14197,#8,#9);
#14199=IFCLOCALPLACEMENT(#35,#14198);
#14200=IFCBEAM('2U$yKr7kD1ieIi2mR1KLc7',$,'VS-819','IPE 160',$,#14199,#14196,'VS-819',$);
#14201=IFCRELASSOCIATESMATERIAL('32L3ANqyv7YgTsQgj7LPrg',$,$,$,(#14200),#40);
#14202=IFCCARTESIANPOINT((6500.,5500.,0.));
#14203=IFCCARTESIANPOINT((13000.,5500.,4100.));
#14204=IFCPOLYLINE((#14202,#14203));
#14205=IFCSHAPEREPRESENTATION(#12,'Axis','Curve3D',(#14204));
#14206=IFCPRODUCTDEFINITIONSHAPE($,$,(#14205));
#14207=IFCCARTESIANPOINT((0.,0.,0.));
#14208=IFCAXIS2PLACEMENT3D(#14207,#8,#9);
#14209=IFCLOCALPLACEMENT(#23,#14208);
#14210=IFCMEMBER('3a72bfoJXBAxggbxUf8Tz6',$,'ARR-001','IPE 140',$,#14209,#14206,'ARR-001',$);
#14211=IFCRELASSOCIATESMATERIAL('27WlGUR4jEaxx9efo_Imlr',$,$,$,(#14210),#40);
#14212=IFCCARTESIANPOINT((6500.,5500.,4100.));
#14213=IFCCARTESIANPOINT((13000.,5500.,0.));
#14214=IFCPOLYLINE((#14212,#14213));
#14215=IFCSHAPEREPRESENTATION(#12,'Axis','Curve3D',(#14214));
#14216=IFCPRODUCTDEFINITIONSHAPE($,$,(#14215));
#14217=IFCCARTESIANPOINT((0.,0.,0.));
#14218=IFCAXIS2PLACEMENT3D(#14217,#8,#9);
#14219=IFCLOCALPLACEMENT(#23,#14218);
#14220=IFCMEMBER('0hwkLzBpHDyeAHy$kyHR8j',$,'ARR-002','IPE 140',$,#14219,#14216,'ARR-002',$);
#14221=IFCRELASSOCIATESMATERIAL('276jZIV$v6QvCXMSCdZGbd',$,$,$,(#14220),#40);
#14222=IFCCARTESIANPOINT((6500.,5500.,0.));
#14223=IFCCARTESIANPOINT((13000.,5500.,3800.));
#14224=IFCPOLYLINE((#14222,#14223));
#14225=IFCSHAPEREPRESENTATION(#12,'Axis','Curve3D',(#14224));
#14226=IFCPRODUCTDEFINITIONSHAPE($,$,(#14225));
#14227=IFCCARTESIANPOINT((0.,0.,0.));
#14228=IFCAXIS2PLACEMENT3D(#14227,#8,#9);
#14229=IFCLOCALPLACEMENT(#27,#14228);
#14230=IFCMEMBER('22xe4FgCb0Gxf_MdBV4agv',$,'ARR-003','IPE 140',$,#14229,#14226,'ARR-003',$);
#14231=IFCRELASSOCIATESMATERIAL('3Z8JOcLP95fetUYXLMbKnL',$,$,$,(#14230),#40);
#14232=IFCCARTESIANPOINT((6500.,5500.,3800.));
#14233=IFCCARTESIANPOINT((13000.,5500.,0.));
#14234=IFCPOLYLINE((#14232,#14233));
#14235=IFCSHAPEREPRESENTATION(#12,'Axis','Curve3D',(#14234));
#14236=IFCPRODUCTDEFINITIONSHAPE($,$,(#14235));
#14237=IFCCARTESIANPOINT((0.,0.,0.));
#14238=IFCAXIS2PLACEMENT3D(#14237,#8,#9);
#14239=IFCLOCALPLACEMENT(#27,#14238);
#14240=IFCMEMBER('2BrlGLJiXAMftDAiRPd7Xn',$,'ARR-004','IPE 140',$,#14239,#14236,'ARR-004',$);
#14241=IFCRELASSOCIATESMATERIAL('0qKL8aNVb8uhCu1LWL0eo5',$,$,$,(#14240),#40);
#14242=IFCCARTESIANPOINT((6500.,5500.,0.));
#14243=IFCCARTESIANPOINT((13000.,5500.,3800.));
#14244=IFCPOLYLINE((#14242,#14243));
#14245=IFCSHAPEREPRESENTATION(#12,'Axis','Curve3D',(#14244));
#14246=IFCPRODUCTDEFINITIONSHAPE($,$,(#14245));
#14247=IFCCARTESIANPOINT((0.,0.,0.));
#14248=IFCAXIS2PLACEMENT3D(#14247,#8,#9);
#14249=IFCLOCALPLACEMENT(#31,#14248);
#14250=IFCMEMBER('0VvEg2Q$zE2BMKV5RPK$J8',$,'ARR-005','IPE 140',$,#14249,#14246,'ARR-005',$);
#14251=IFCRELASSOCIATESMATERIAL('24mRoQVgL8OwhjVSzUgzRT',$,$,$,(#14250),#40);
#14252=IFCCARTESIANPOINT((6500.,5500.,3800.));
#14253=IFCCARTESIANPOINT((13000.,5500.,0.));
#14254=IFCPOLYLINE((#14252,#14253));
#14255=IFCSHAPEREPRESENTATION(#12,'Axis','Curve3D',(#14254));
#14256=IFCPRODUCTDEFINITIONSHAPE($,$,(#14255));
#14257=IFCCARTESIANPOINT((0.,0.,0.));
#14258=IFCAXIS2PLACEMENT3D(#14257,#8,#9);
#14259=IFCLOCALPLACEMENT(#31,#14258);
#14260=IFCMEMBER('0HARH4SHv51gmKtBTlsL5m',$,'ARR-006','IPE 140',$,#14259,#14256,'ARR-006',$);
#14261=IFCRELASSOCIATESMATERIAL('19qIw_HOr4bfywQjrt8cYX',$,$,$,(#14260),#40);
#14262=IFCCARTESIANPOINT((6500.,19510.,0.));
#14263=IFCCARTESIANPOINT((13000.,19510.,4100.));
#14264=IFCPOLYLINE((#14262,#14263));
#14265=IFCSHAPEREPRESENTATION(#12,'Axis','Curve3D',(#14264));
#14266=IFCPRODUCTDEFINITIONSHAPE($,$,(#14265));
#14267=IFCCARTESIANPOINT((0.,0.,0.));
#14268=IFCAXIS2PLACEMENT3D(#14267,#8,#9);
#14269=IFCLOCALPLACEMENT(#23,#14268);
#14270=IFCMEMBER('3OGtjg5zn8wfzSKPcwbFBr',$,'ARR-007','IPE 140',$,#14269,#14266,'ARR-007',$);
#14271=IFCRELASSOCIATESMATERIAL('0L3ejU2eH3XPHDu_BfYSxW',$,$,$,(#14270),#40);
#14272=IFCCARTESIANPOINT((6500.,19510.,4100.));
#14273=IFCCARTESIANPOINT((13000.,19510.,0.));
#14274=IFCPOLYLINE((#14272,#14273));
#14275=IFCSHAPEREPRESENTATION(#12,'Axis','Curve3D',(#14274));
#14276=IFCPRODUCTDEFINITIONSHAPE($,$,(#14275));
#14277=IFCCARTESIANPOINT((0.,0.,0.));
#14278=IFCAXIS2PLACEMENT3D(#14277,#8,#9);
#14279=IFCLOCALPLACEMENT(#23,#14278);
#14280=IFCMEMBER('2RtDvHuTzDmAfvX_jmKkb3',$,'ARR-008','IPE 140',$,#14279,#14276,'ARR-008',$);
#14281=IFCRELASSOCIATESMATERIAL('3r1ztdGx1DR9Lwyss0zBdv',$,$,$,(#14280),#40);
#14282=IFCCARTESIANPOINT((6500.,19510.,0.));
#14283=IFCCARTESIANPOINT((13000.,19510.,3800.));
#14284=IFCPOLYLINE((#14282,#14283));
#14285=IFCSHAPEREPRESENTATION(#12,'Axis','Curve3D',(#14284));
#14286=IFCPRODUCTDEFINITIONSHAPE($,$,(#14285));
#14287=IFCCARTESIANPOINT((0.,0.,0.));
#14288=IFCAXIS2PLACEMENT3D(#14287,#8,#9);
#14289=IFCLOCALPLACEMENT(#27,#14288);
#14290=IFCMEMBER('27amq3uNT5bvusdxsmbiTa',$,'ARR-009','IPE 140',$,#14289,#14286,'ARR-009',$);
#14291=IFCRELASSOCIATESMATERIAL('2QRN5clF5ATxVf$8OKryA2',$,$,$,(#14290),#40);
#14292=IFCCARTESIANPOINT((6500.,19510.,3800.));
#14293=IFCCARTESIANPOINT((13000.,19510.,0.));
#14294=IFCPOLYLINE((#14292,#14293));
#14295=IFCSHAPEREPRESENTATION(#12,'Axis','Curve3D',(#14294));
#14296=IFCPRODUCTDEFINITIONSHAPE($,$,(#14295));
#14297=IFCCARTESIANPOINT((0.,0.,0.));
#14298=IFCAXIS2PLACEMENT3D(#14297,#8,#9);
#14299=IFCLOCALPLACEMENT(#27,#14298);
#14300=IFCMEMBER('3obR72Kxb9uBI$75jDE54p',$,'ARR-010','IPE 140',$,#14299,#14296,'ARR-010',$);
#14301=IFCRELASSOCIATESMATERIAL('2aYlROqlrF$gOMacgu3ZZ1',$,$,$,(#14300),#40);
#14302=IFCCARTESIANPOINT((6500.,19510.,0.));
#14303=IFCCARTESIANPOINT((13000.,19510.,3800.));
#14304=IFCPOLYLINE((#14302,#14303));
#14305=IFCSHAPEREPRESENTATION(#12,'Axis','Curve3D',(#14304));
#14306=IFCPRODUCTDEFINITIONSHAPE($,$,(#14305));
#14307=IFCCARTESIANPOINT((0.,0.,0.));
#14308=IFCAXIS2PLACEMENT3D(#14307,#8,#9);
#14309=IFCLOCALPLACEMENT(#31,#14308);
#14310=IFCMEMBER('0QbF0g0pP1zOqF$cGHviRy',$,'ARR-011','IPE 140',$,#14309,#14306,'ARR-011',$);
#14311=IFCRELASSOCIATESMATERIAL('0m$UBkQDX1su5mdyNW2d27',$,$,$,(#14310),#40);
#14312=IFCCARTESIANPOINT((6500.,19510.,3800.));
#14313=IFCCARTESIANPOINT((13000.,19510.,0.));
#14314=IFCPOLYLINE((#14312,#14313));
#14315=IFCSHAPEREPRESENTATION(#12,'Axis','Curve3D',(#14314));
#14316=IFCPRODUCTDEFINITIONSHAPE($,$,(#14315));
#14317=IFCCARTESIANPOINT((0.,0.,0.));
#14318=IFCAXIS2PLACEMENT3D(#14317,#8,#9);
#14319=IFCLOCALPLACEMENT(#31,#14318);
#14320=IFCMEMBER('1DMpjzgDf2yPjp8zwr9CHj',$,'ARR-012','IPE 140',$,#14319,#14316,'ARR-012',$);
#14321=IFCRELASSOCIATESMATERIAL('25vn_gAuH5UQBPdv_U7dHf',$,$,$,(#14320),#40);
#14322=IFCCARTESIANPOINT((62550.,5500.,0.));
#14323=IFCCARTESIANPOINT((69050.,5500.,4100.));
#14324=IFCPOLYLINE((#14322,#14323));
#14325=IFCSHAPEREPRESENTATION(#12,'Axis','Curve3D',(#14324));
#14326=IFCPRODUCTDEFINITIONSHAPE($,$,(#14325));
#14327=IFCCARTESIANPOINT((0.,0.,0.));
#14328=IFCAXIS2PLACEMENT3D(#14327,#8,#9);
#14329=IFCLOCALPLACEMENT(#23,#14328);
#14330=IFCMEMBER('1eu9wN2uH1MBxQh35lY$qP',$,'ARR-013','IPE 140',$,#14329,#14326,'ARR-013',$);
#14331=IFCRELASSOCIATESMATERIAL('08370$qDD9ffLu0qbKDbT2',$,$,$,(#14330),#40);
#14332=IFCCARTESIANPOINT((62550.,5500.,4100.));
#14333=IFCCARTESIANPOINT((69050.,5500.,0.));
#14334=IFCPOLYLINE((#14332,#14333));
#14335=IFCSHAPEREPRESENTATION(#12,'Axis','Curve3D',(#14334));
#14336=IFCPRODUCTDEFINITIONSHAPE($,$,(#14335));
#14337=IFCCARTESIANPOINT((0.,0.,0.));
#14338=IFCAXIS2PLACEMENT3D(#14337,#8,#9);
#14339=IFCLOCALPLACEMENT(#23,#14338);
#14340=IFCMEMBER('1jZfhH4wr8eut17TeZrz81',$,'ARR-014','IPE 140',$,#14339,#14336,'ARR-014',$);
#14341=IFCRELASSOCIATESMATERIAL('2zu2cXeWv9Juwb_3PpzKlS',$,$,$,(#14340),#40);
#14342=IFCCARTESIANPOINT((62550.,5500.,0.));
#14343=IFCCARTESIANPOINT((69050.,5500.,3800.));
#14344=IFCPOLYLINE((#14342,#14343));
#14345=IFCSHAPEREPRESENTATION(#12,'Axis','Curve3D',(#14344));
#14346=IFCPRODUCTDEFINITIONSHAPE($,$,(#14345));
#14347=IFCCARTESIANPOINT((0.,0.,0.));
#14348=IFCAXIS2PLACEMENT3D(#14347,#8,#9);
#14349=IFCLOCALPLACEMENT(#27,#14348);
#14350=IFCMEMBER('133tbrKDDBAutWCPCb8gBn',$,'ARR-015','IPE 140',$,#14349,#14346,'ARR-015',$);
#14351=IFCRELASSOCIATESMATERIAL('218zlzV_v1uh5XxTco3zzD',$,$,$,(#14350),#40);
#14352=IFCCARTESIANPOINT((62550.,5500.,3800.));
#14353=IFCCARTESIANPOINT((69050.,5500.,0.));
#14354=IFCPOLYLINE((#14352,#14353));
#14355=IFCSHAPEREPRESENTATION(#12,'Axis','Curve3D',(#14354));
#14356=IFCPRODUCTDEFINITIONSHAPE($,$,(#14355));
#14357=IFCCARTESIANPOINT((0.,0.,0.));
#14358=IFCAXIS2PLACEMENT3D(#14357,#8,#9);
#14359=IFCLOCALPLACEMENT(#27,#14358);
#14360=IFCMEMBER('2n$KwDGzH4j9uB0LG_W865',$,'ARR-016','IPE 140',$,#14359,#14356,'ARR-016',$);
#14361=IFCRELASSOCIATESMATERIAL('14KEzLlyLC_e8zTVVzNQ97',$,$,$,(#14360),#40);
#14362=IFCCARTESIANPOINT((62550.,5500.,0.));
#14363=IFCCARTESIANPOINT((69050.,5500.,3800.));
#14364=IFCPOLYLINE((#14362,#14363));
#14365=IFCSHAPEREPRESENTATION(#12,'Axis','Curve3D',(#14364));
#14366=IFCPRODUCTDEFINITIONSHAPE($,$,(#14365));
#14367=IFCCARTESIANPOINT((0.,0.,0.));
#14368=IFCAXIS2PLACEMENT3D(#14367,#8,#9);
#14369=IFCLOCALPLACEMENT(#31,#14368);
#14370=IFCMEMBER('3dQtu1rxr8NByzb44KUjmn',$,'ARR-017','IPE 140',$,#14369,#14366,'ARR-017',$);
#14371=IFCRELASSOCIATESMATERIAL('3MOp_JRsH69Q5OffssixGc',$,$,$,(#14370),#40);
#14372=IFCCARTESIANPOINT((62550.,5500.,3800.));
#14373=IFCCARTESIANPOINT((69050.,5500.,0.));
#14374=IFCPOLYLINE((#14372,#14373));
#14375=IFCSHAPEREPRESENTATION(#12,'Axis','Curve3D',(#14374));
#14376=IFCPRODUCTDEFINITIONSHAPE($,$,(#14375));
#14377=IFCCARTESIANPOINT((0.,0.,0.));
#14378=IFCAXIS2PLACEMENT3D(#14377,#8,#9);
#14379=IFCLOCALPLACEMENT(#31,#14378);
#14380=IFCMEMBER('0J28afvfj1Zuc5TfirrdxN',$,'ARR-018','IPE 140',$,#14379,#14376,'ARR-018',$);
#14381=IFCRELASSOCIATESMATERIAL('0gauv5z3HBwwpKY5CXbF4S',$,$,$,(#14380),#40);
#14382=IFCCARTESIANPOINT((62550.,19510.,0.));
#14383=IFCCARTESIANPOINT((69050.,19510.,4100.));
#14384=IFCPOLYLINE((#14382,#14383));
#14385=IFCSHAPEREPRESENTATION(#12,'Axis','Curve3D',(#14384));
#14386=IFCPRODUCTDEFINITIONSHAPE($,$,(#14385));
#14387=IFCCARTESIANPOINT((0.,0.,0.));
#14388=IFCAXIS2PLACEMENT3D(#14387,#8,#9);
#14389=IFCLOCALPLACEMENT(#23,#14388);
#14390=IFCMEMBER('1_ZgfBqLn5EvSsNN2nVDpb',$,'ARR-019','IPE 140',$,#14389,#14386,'ARR-019',$);
#14391=IFCRELASSOCIATESMATERIAL('0v0ChEa$TFePjbwppQi5DX',$,$,$,(#14390),#40);
#14392=IFCCARTESIANPOINT((62550.,19510.,4100.));
#14393=IFCCARTESIANPOINT((69050.,19510.,0.));
#14394=IFCPOLYLINE((#14392,#14393));
#14395=IFCSHAPEREPRESENTATION(#12,'Axis','Curve3D',(#14394));
#14396=IFCPRODUCTDEFINITIONSHAPE($,$,(#14395));
#14397=IFCCARTESIANPOINT((0.,0.,0.));
#14398=IFCAXIS2PLACEMENT3D(#14397,#8,#9);
#14399=IFCLOCALPLACEMENT(#23,#14398);
#14400=IFCMEMBER('2XnA1r6Ff79RLvatqwbkzP',$,'ARR-020','IPE 140',$,#14399,#14396,'ARR-020',$);
#14401=IFCRELASSOCIATESMATERIAL('2OYxSYh4f1IgCpJSlvsKuU',$,$,$,(#14400),#40);
#14402=IFCCARTESIANPOINT((62550.,19510.,0.));
#14403=IFCCARTESIANPOINT((69050.,19510.,3800.));
#14404=IFCPOLYLINE((#14402,#14403));
#14405=IFCSHAPEREPRESENTATION(#12,'Axis','Curve3D',(#14404));
#14406=IFCPRODUCTDEFINITIONSHAPE($,$,(#14405));
#14407=IFCCARTESIANPOINT((0.,0.,0.));
#14408=IFCAXIS2PLACEMENT3D(#14407,#8,#9);
#14409=IFCLOCALPLACEMENT(#27,#14408);
#14410=IFCMEMBER('0q9en1npj3Ah_yErlp_Evz',$,'ARR-021','IPE 140',$,#14409,#14406,'ARR-021',$);
#14411=IFCRELASSOCIATESMATERIAL('20PJqZaMHB3fcmjjej1loD',$,$,$,(#14410),#40);
#14412=IFCCARTESIANPOINT((62550.,19510.,3800.));
#14413=IFCCARTESIANPOINT((69050.,19510.,0.));
#14414=IFCPOLYLINE((#14412,#14413));
#14415=IFCSHAPEREPRESENTATION(#12,'Axis','Curve3D',(#14414));
#14416=IFCPRODUCTDEFINITIONSHAPE($,$,(#14415));
#14417=IFCCARTESIANPOINT((0.,0.,0.));
#14418=IFCAXIS2PLACEMENT3D(#14417,#8,#9);
#14419=IFCLOCALPLACEMENT(#27,#14418);
#14420=IFCMEMBER('0QDzz_VLT0O8F2qUDtByU6',$,'ARR-022','IPE 140',$,#14419,#14416,'ARR-022',$);
#14421=IFCRELASSOCIATESMATERIAL('0DaYo4$Db9rvHnAyzv4Qpd',$,$,$,(#14420),#40);
#14422=IFCCARTESIANPOINT((62550.,19510.,0.));
#14423=IFCCARTESIANPOINT((69050.,19510.,3800.));
#14424=IFCPOLYLINE((#14422,#14423));
#14425=IFCSHAPEREPRESENTATION(#12,'Axis','Curve3D',(#14424));
#14426=IFCPRODUCTDEFINITIONSHAPE($,$,(#14425));
#14427=IFCCARTESIANPOINT((0.,0.,0.));
#14428=IFCAXIS2PLACEMENT3D(#14427,#8,#9);
#14429=IFCLOCALPLACEMENT(#31,#14428);
#14430=IFCMEMBER('0HMkO4oE9D2uETgrp5bG2V',$,'ARR-023','IPE 140',$,#14429,#14426,'ARR-023',$);
#14431=IFCRELASSOCIATESMATERIAL('07PMN$vCL75ABzJOgR6wAw',$,$,$,(#14430),#40);
#14432=IFCCARTESIANPOINT((62550.,19510.,3800.));
#14433=IFCCARTESIANPOINT((69050.,19510.,0.));
#14434=IFCPOLYLINE((#14432,#14433));
#14435=IFCSHAPEREPRESENTATION(#12,'Axis','Curve3D',(#14434));
#14436=IFCPRODUCTDEFINITIONSHAPE($,$,(#14435));
#14437=IFCCARTESIANPOINT((0.,0.,0.));
#14438=IFCAXIS2PLACEMENT3D(#14437,#8,#9);
#14439=IFCLOCALPLACEMENT(#31,#14438);
#14440=IFCMEMBER('06_KVopnP6Huohi3TEK$8R',$,'ARR-024','IPE 140',$,#14439,#14436,'ARR-024',$);
#14441=IFCRELASSOCIATESMATERIAL('1uW2z1ZF91jejRkxo_gLSN',$,$,$,(#14440),#40);
#14442=IFCCARTESIANPOINT((69050.,5500.,0.));
#14443=IFCCARTESIANPOINT((75550.,5500.,4100.));
#14444=IFCPOLYLINE((#14442,#14443));
#14445=IFCSHAPEREPRESENTATION(#12,'Axis','Curve3D',(#14444));
#14446=IFCPRODUCTDEFINITIONSHAPE($,$,(#14445));
#14447=IFCCARTESIANPOINT((0.,0.,0.));
#14448=IFCAXIS2PLACEMENT3D(#14447,#8,#9);
#14449=IFCLOCALPLACEMENT(#23,#14448);
#14450=IFCMEMBER('3JqBU_lNP4ieBnRDUHTUSF',$,'ARR-025','IPE 140',$,#14449,#14446,'ARR-025',$);
#14451=IFCRELASSOCIATESMATERIAL('2OopTwcG1BxQFrpaZspUzG',$,$,$,(#14450),#40);
#14452=IFCCARTESIANPOINT((69050.,5500.,4100.));
#14453=IFCCARTESIANPOINT((75550.,5500.,0.));
#14454=IFCPOLYLINE((#14452,#14453));
#14455=IFCSHAPEREPRESENTATION(#12,'Axis','Curve3D',(#14454));
#14456=IFCPRODUCTDEFINITIONSHAPE($,$,(#14455));
#14457=IFCCARTESIANPOINT((0.,0.,0.));
#14458=IFCAXIS2PLACEMENT3D(#14457,#8,#9);
#14459=IFCLOCALPLACEMENT(#23,#14458);
#14460=IFCMEMBER('0VatISxnLAy8yVabh35E7Q',$,'ARR-026','IPE 140',$,#14459,#14456,'ARR-026',$);
#14461=IFCRELASSOCIATESMATERIAL('0fJo58ZYz2wPbOMJ5aEcUG',$,$,$,(#14460),#40);
#14462=IFCCARTESIANPOINT((69050.,5500.,0.));
#14463=IFCCARTESIANPOINT((75550.,5500.,3800.));
#14464=IFCPOLYLINE((#14462,#14463));
#14465=IFCSHAPEREPRESENTATION(#12,'Axis','Curve3D',(#14464));
#14466=IFCPRODUCTDEFINITIONSHAPE($,$,(#14465));
#14467=IFCCARTESIANPOINT((0.,0.,0.));
#14468=IFCAXIS2PLACEMENT3D(#14467,#8,#9);
#14469=IFCLOCALPLACEMENT(#27,#14468);
#14470=IFCMEMBER('1xmvr6ccH8dPPNaTA9GTof',$,'ARR-027','IPE 140',$,#14469,#14466,'ARR-027',$);
#14471=IFCRELASSOCIATESMATERIAL('0JrxC3RE52bRIhbTHl5Lc8',$,$,$,(#14470),#40);
#14472=IFCCARTESIANPOINT((69050.,5500.,3800.));
#14473=IFCCARTESIANPOINT((75550.,5500.,0.));
#14474=IFCPOLYLINE((#14472,#14473));
#14475=IFCSHAPEREPRESENTATION(#12,'Axis','Curve3D',(#14474));
#14476=IFCPRODUCTDEFINITIONSHAPE($,$,(#14475));
#14477=IFCCARTESIANPOINT((0.,0.,0.));
#14478=IFCAXIS2PLACEMENT3D(#14477,#8,#9);
#14479=IFCLOCALPLACEMENT(#27,#14478);
#14480=IFCMEMBER('0Y5WAbSEb7j9iv$FynyPWC',$,'ARR-028','IPE 140',$,#14479,#14476,'ARR-028',$);
#14481=IFCRELASSOCIATESMATERIAL('1RhEQGRajEiuOMJVe6L5pf',$,$,$,(#14480),#40);
#14482=IFCCARTESIANPOINT((69050.,5500.,0.));
#14483=IFCCARTESIANPOINT((75550.,5500.,3800.));
#14484=IFCPOLYLINE((#14482,#14483));
#14485=IFCSHAPEREPRESENTATION(#12,'Axis','Curve3D',(#14484));
#14486=IFCPRODUCTDEFINITIONSHAPE($,$,(#14485));
#14487=IFCCARTESIANPOINT((0.,0.,0.));
#14488=IFCAXIS2PLACEMENT3D(#14487,#8,#9);
#14489=IFCLOCALPLACEMENT(#31,#14488);
#14490=IFCMEMBER('0ukbTOGgz08uOecZwZuaOX',$,'ARR-029','IPE 140',$,#14489,#14486,'ARR-029',$);
#14491=IFCRELASSOCIATESMATERIAL('29FSfxWPb1fwuL5Sq2jAuz',$,$,$,(#14490),#40);
#14492=IFCCARTESIANPOINT((69050.,5500.,3800.));
#14493=IFCCARTESIANPOINT((75550.,5500.,0.));
#14494=IFCPOLYLINE((#14492,#14493));
#14495=IFCSHAPEREPRESENTATION(#12,'Axis','Curve3D',(#14494));
#14496=IFCPRODUCTDEFINITIONSHAPE($,$,(#14495));
#14497=IFCCARTESIANPOINT((0.,0.,0.));
#14498=IFCAXIS2PLACEMENT3D(#14497,#8,#9);
#14499=IFCLOCALPLACEMENT(#31,#14498);
#14500=IFCMEMBER('2Yj8U9pV15l9wX27F2SY$e',$,'ARR-030','IPE 140',$,#14499,#14496,'ARR-030',$);
#14501=IFCRELASSOCIATESMATERIAL('3ZK$RwYWPEzBmDijHY4B7P',$,$,$,(#14500),#40);
#14502=IFCCARTESIANPOINT((69050.,19510.,0.));
#14503=IFCCARTESIANPOINT((75550.,19510.,4100.));
#14504=IFCPOLYLINE((#14502,#14503));
#14505=IFCSHAPEREPRESENTATION(#12,'Axis','Curve3D',(#14504));
#14506=IFCPRODUCTDEFINITIONSHAPE($,$,(#14505));
#14507=IFCCARTESIANPOINT((0.,0.,0.));
#14508=IFCAXIS2PLACEMENT3D(#14507,#8,#9);
#14509=IFCLOCALPLACEMENT(#23,#14508);
#14510=IFCMEMBER('1Htu4yTZ5F6g0x1wiwOfaG',$,'ARR-031','IPE 140',$,#14509,#14506,'ARR-031',$);
#14511=IFCRELASSOCIATESMATERIAL('1HzXLoOSTFBPyRdKl7bJ4j',$,$,$,(#14510),#40);
#14512=IFCCARTESIANPOINT((69050.,19510.,4100.));
#14513=IFCCARTESIANPOINT((75550.,19510.,0.));
#14514=IFCPOLYLINE((#14512,#14513));
#14515=IFCSHAPEREPRESENTATION(#12,'Axis','Curve3D',(#14514));
#14516=IFCPRODUCTDEFINITIONSHAPE($,$,(#14515));
#14517=IFCCARTESIANPOINT((0.,0.,0.));
#14518=IFCAXIS2PLACEMENT3D(#14517,#8,#9);
#14519=IFCLOCALPLACEMENT(#23,#14518);
#14520=IFCMEMBER('2ezdBUy61CvgCBHWwvDQkK',$,'ARR-032','IPE 140',$,#14519,#14516,'ARR-032',$);
#14521=IFCRELASSOCIATESMATERIAL('0gCDbwg$j5Ah6FXK8nTqkL',$,$,$,(#14520),#40);
#14522=IFCCARTESIANPOINT((69050.,19510.,0.));
#14523=IFCCARTESIANPOINT((75550.,19510.,3800.));
#14524=IFCPOLYLINE((#14522,#14523));
#14525=IFCSHAPEREPRESENTATION(#12,'Axis','Curve3D',(#14524));
#14526=IFCPRODUCTDEFINITIONSHAPE($,$,(#14525));
#14527=IFCCARTESIANPOINT((0.,0.,0.));
#14528=IFCAXIS2PLACEMENT3D(#14527,#8,#9);
#14529=IFCLOCALPLACEMENT(#27,#14528);
#14530=IFCMEMBER('20aJUjqZv7MgaS1g$5eqk4',$,'ARR-033','IPE 140',$,#14529,#14526,'ARR-033',$);
#14531=IFCRELASSOCIATESMATERIAL('0Mh5UXJVL23QWXLn8uEdjY',$,$,$,(#14530),#40);
#14532=IFCCARTESIANPOINT((69050.,19510.,3800.));
#14533=IFCCARTESIANPOINT((75550.,19510.,0.));
#14534=IFCPOLYLINE((#14532,#14533));
#14535=IFCSHAPEREPRESENTATION(#12,'Axis','Curve3D',(#14534));
#14536=IFCPRODUCTDEFINITIONSHAPE($,$,(#14535));
#14537=IFCCARTESIANPOINT((0.,0.,0.));
#14538=IFCAXIS2PLACEMENT3D(#14537,#8,#9);
#14539=IFCLOCALPLACEMENT(#27,#14538);
#14540=IFCMEMBER('2w$tFgwm5CrfKENnsjt_WQ',$,'ARR-034','IPE 140',$,#14539,#14536,'ARR-034',$);
#14541=IFCRELASSOCIATESMATERIAL('0FgPi0e_D999A1OzW$Gocf',$,$,$,(#14540),#40);
#14542=IFCCARTESIANPOINT((69050.,19510.,0.));
#14543=IFCCARTESIANPOINT((75550.,19510.,3800.));
#14544=IFCPOLYLINE((#14542,#14543));
#14545=IFCSHAPEREPRESENTATION(#12,'Axis','Curve3D',(#14544));
#14546=IFCPRODUCTDEFINITIONSHAPE($,$,(#14545));
#14547=IFCCARTESIANPOINT((0.,0.,0.));
#14548=IFCAXIS2PLACEMENT3D(#14547,#8,#9);
#14549=IFCLOCALPLACEMENT(#31,#14548);
#14550=IFCMEMBER('2fr1Dgaln1KO5qde65xGvl',$,'ARR-035','IPE 140',$,#14549,#14546,'ARR-035',$);
#14551=IFCRELASSOCIATESMATERIAL('0TbhhUkqHAPPLTTjeVbk2m',$,$,$,(#14550),#40);
#14552=IFCCARTESIANPOINT((69050.,19510.,3800.));
#14553=IFCCARTESIANPOINT((75550.,19510.,0.));
#14554=IFCPOLYLINE((#14552,#14553));
#14555=IFCSHAPEREPRESENTATION(#12,'Axis','Curve3D',(#14554));
#14556=IFCPRODUCTDEFINITIONSHAPE($,$,(#14555));
#14557=IFCCARTESIANPOINT((0.,0.,0.));
#14558=IFCAXIS2PLACEMENT3D(#14557,#8,#9);
#14559=IFCLOCALPLACEMENT(#31,#14558);
#14560=IFCMEMBER('1rM7p9a1X76Q7ijNTXPzva',$,'ARR-036','IPE 140',$,#14559,#14556,'ARR-036',$);
#14561=IFCRELASSOCIATESMATERIAL('2s23LnUjj1cuUehegaXHrF',$,$,$,(#14560),#40);
#14562=IFCCARTESIANPOINT((92600.,5500.,0.));
#14563=IFCCARTESIANPOINT((99100.,5500.,4100.));
#14564=IFCPOLYLINE((#14562,#14563));
#14565=IFCSHAPEREPRESENTATION(#12,'Axis','Curve3D',(#14564));
#14566=IFCPRODUCTDEFINITIONSHAPE($,$,(#14565));
#14567=IFCCARTESIANPOINT((0.,0.,0.));
#14568=IFCAXIS2PLACEMENT3D(#14567,#8,#9);
#14569=IFCLOCALPLACEMENT(#23,#14568);
#14570=IFCMEMBER('2HOycciir2PuPY_cJr0c69',$,'ARR-037','IPE 140',$,#14569,#14566,'ARR-037',$);
#14571=IFCRELASSOCIATESMATERIAL('016cW9Wvz3awHA$N2Rexoz',$,$,$,(#14570),#40);
#14572=IFCCARTESIANPOINT((92600.,5500.,4100.));
#14573=IFCCARTESIANPOINT((99100.,5500.,0.));
#14574=IFCPOLYLINE((#14572,#14573));
#14575=IFCSHAPEREPRESENTATION(#12,'Axis','Curve3D',(#14574));
#14576=IFCPRODUCTDEFINITIONSHAPE($,$,(#14575));
#14577=IFCCARTESIANPOINT((0.,0.,0.));
#14578=IFCAXIS2PLACEMENT3D(#14577,#8,#9);
#14579=IFCLOCALPLACEMENT(#23,#14578);
#14580=IFCMEMBER('3M8G8Av91FPhAOfTPInT37',$,'ARR-038','IPE 140',$,#14579,#14576,'ARR-038',$);
#14581=IFCRELASSOCIATESMATERIAL('0nCBWWJp12TunL5J6qVStl',$,$,$,(#14580),#40);
#14582=IFCCARTESIANPOINT((92600.,5500.,0.));
#14583=IFCCARTESIANPOINT((99100.,5500.,3800.));
#14584=IFCPOLYLINE((#14582,#14583));
#14585=IFCSHAPEREPRESENTATION(#12,'Axis','Curve3D',(#14584));
#14586=IFCPRODUCTDEFINITIONSHAPE($,$,(#14585));
#14587=IFCCARTESIANPOINT((0.,0.,0.));
#14588=IFCAXIS2PLACEMENT3D(#14587,#8,#9);
#14589=IFCLOCALPLACEMENT(#27,#14588);
#14590=IFCMEMBER('1rGUoksoHFph2bqUrZfk0f',$,'ARR-039','IPE 140',$,#14589,#14586,'ARR-039',$);
#14591=IFCRELASSOCIATESMATERIAL('3lCG5uPMP8AO9ucstoAj3K',$,$,$,(#14590),#40);
#14592=IFCCARTESIANPOINT((92600.,5500.,3800.));
#14593=IFCCARTESIANPOINT((99100.,5500.,0.));
#14594=IFCPOLYLINE((#14592,#14593));
#14595=IFCSHAPEREPRESENTATION(#12,'Axis','Curve3D',(#14594));
#14596=IFCPRODUCTDEFINITIONSHAPE($,$,(#14595));
#14597=IFCCARTESIANPOINT((0.,0.,0.));
#14598=IFCAXIS2PLACEMENT3D(#14597,#8,#9);
#14599=IFCLOCALPLACEMENT(#27,#14598);
#14600=IFCMEMBER('2nRqkpkvLEoQgCXqnzhLEJ',$,'ARR-040','IPE 140',$,#14599,#14596,'ARR-040',$);
#14601=IFCRELASSOCIATESMATERIAL('3d9BX1CY10ou9KJ9Y6fgJM',$,$,$,(#14600),#40);
#14602=IFCCARTESIANPOINT((92600.,5500.,0.));
#14603=IFCCARTESIANPOINT((99100.,5500.,3800.));
#14604=IFCPOLYLINE((#14602,#14603));
#14605=IFCSHAPEREPRESENTATION(#12,'Axis','Curve3D',(#14604));
#14606=IFCPRODUCTDEFINITIONSHAPE($,$,(#14605));
#14607=IFCCARTESIANPOINT((0.,0.,0.));
#14608=IFCAXIS2PLACEMENT3D(#14607,#8,#9);
#14609=IFCLOCALPLACEMENT(#31,#14608);
#14610=IFCMEMBER('1rUPL3oQnAZxScFsq0b4dY',$,'ARR-041','IPE 140',$,#14609,#14606,'ARR-041',$);
#14611=IFCRELASSOCIATESMATERIAL('3esSJGGprFTA0SEw9NObjb',$,$,$,(#14610),#40);
#14612=IFCCARTESIANPOINT((92600.,5500.,3800.));
#14613=IFCCARTESIANPOINT((99100.,5500.,0.));
#14614=IFCPOLYLINE((#14612,#14613));
#14615=IFCSHAPEREPRESENTATION(#12,'Axis','Curve3D',(#14614));
#14616=IFCPRODUCTDEFINITIONSHAPE($,$,(#14615));
#14617=IFCCARTESIANPOINT((0.,0.,0.));
#14618=IFCAXIS2PLACEMENT3D(#14617,#8,#9);
#14619=IFCLOCALPLACEMENT(#31,#14618);
#14620=IFCMEMBER('3GTaS4LOz0wu594RUBuIEd',$,'ARR-042','IPE 140',$,#14619,#14616,'ARR-042',$);
#14621=IFCRELASSOCIATESMATERIAL('3qODvugW10yR28iiTm3TBm',$,$,$,(#14620),#40);
#14622=IFCCARTESIANPOINT((92600.,19510.,0.));
#14623=IFCCARTESIANPOINT((99100.,19510.,4100.));
#14624=IFCPOLYLINE((#14622,#14623));
#14625=IFCSHAPEREPRESENTATION(#12,'Axis','Curve3D',(#14624));
#14626=IFCPRODUCTDEFINITIONSHAPE($,$,(#14625));
#14627=IFCCARTESIANPOINT((0.,0.,0.));
#14628=IFCAXIS2PLACEMENT3D(#14627,#8,#9);
#14629=IFCLOCALPLACEMENT(#23,#14628);
#14630=IFCMEMBER('0UH3rfbSr2UwIJrjXM4I7d',$,'ARR-043','IPE 140',$,#14629,#14626,'ARR-043',$);
#14631=IFCRELASSOCIATESMATERIAL('1aSU4dRD14wv_sjbhngSf6',$,$,$,(#14630),#40);
#14632=IFCCARTESIANPOINT((92600.,19510.,4100.));
#14633=IFCCARTESIANPOINT((99100.,19510.,0.));
#14634=IFCPOLYLINE((#14632,#14633));
#14635=IFCSHAPEREPRESENTATION(#12,'Axis','Curve3D',(#14634));
#14636=IFCPRODUCTDEFINITIONSHAPE($,$,(#14635));
#14637=IFCCARTESIANPOINT((0.,0.,0.));
#14638=IFCAXIS2PLACEMENT3D(#14637,#8,#9);
#14639=IFCLOCALPLACEMENT(#23,#14638);
#14640=IFCMEMBER('101H6BqBn6ouGI5uzlbvg2',$,'ARR-044','IPE 140',$,#14639,#14636,'ARR-044',$);
#14641=IFCRELASSOCIATESMATERIAL('2gi2gNX3555hvIiVyfPbwF',$,$,$,(#14640),#40);
#14642=IFCCARTESIANPOINT((92600.,19510.,0.));
#14643=IFCCARTESIANPOINT((99100.,19510.,3800.));
#14644=IFCPOLYLINE((#14642,#14643));
#14645=IFCSHAPEREPRESENTATION(#12,'Axis','Curve3D',(#14644));
#14646=IFCPRODUCTDEFINITIONSHAPE($,$,(#14645));
#14647=IFCCARTESIANPOINT((0.,0.,0.));
#14648=IFCAXIS2PLACEMENT3D(#14647,#8,#9);
#14649=IFCLOCALPLACEMENT(#27,#14648);
#14650=IFCMEMBER('3BxpWHSK16dxCY2pxqYP$D',$,'ARR-045','IPE 140',$,#14649,#14646,'ARR-045',$);
#14651=IFCRELASSOCIATESMATERIAL('3uc$qOmmvA3xTs3R$vd6SE',$,$,$,(#14650),#40);
#14652=IFCCARTESIANPOINT((92600.,19510.,3800.));
#14653=IFCCARTESIANPOINT((99100.,19510.,0.));
#14654=IFCPOLYLINE((#14652,#14653));
#14655=IFCSHAPEREPRESENTATION(#12,'Axis','Curve3D',(#14654));
#14656=IFCPRODUCTDEFINITIONSHAPE($,$,(#14655));
#14657=IFCCARTESIANPOINT((0.,0.,0.));
#14658=IFCAXIS2PLACEMENT3D(#14657,#8,#9);
#14659=IFCLOCALPLACEMENT(#27,#14658);
#14660=IFCMEMBER('06_PxrhWj6fOBvb6J0ptvJ',$,'ARR-046','IPE 140',$,#14659,#14656,'ARR-046',$);
#14661=IFCRELASSOCIATESMATERIAL('0F5TbQcSrEuhMauFKkX8gc',$,$,$,(#14660),#40);
#14662=IFCCARTESIANPOINT((92600.,19510.,0.));
#14663=IFCCARTESIANPOINT((99100.,19510.,3800.));
#14664=IFCPOLYLINE((#14662,#14663));
#14665=IFCSHAPEREPRESENTATION(#12,'Axis','Curve3D',(#14664));
#14666=IFCPRODUCTDEFINITIONSHAPE($,$,(#14665));
#14667=IFCCARTESIANPOINT((0.,0.,0.));
#14668=IFCAXIS2PLACEMENT3D(#14667,#8,#9);
#14669=IFCLOCALPLACEMENT(#31,#14668);
#14670=IFCMEMBER('23GBXllzHA4vKwOZeTsYOU',$,'ARR-047','IPE 140',$,#14669,#14666,'ARR-047',$);
#14671=IFCRELASSOCIATESMATERIAL('0gxyar0rbALxEljFLgfYsY',$,$,$,(#14670),#40);
#14672=IFCCARTESIANPOINT((92600.,19510.,3800.));
#14673=IFCCARTESIANPOINT((99100.,19510.,0.));
#14674=IFCPOLYLINE((#14672,#14673));
#14675=IFCSHAPEREPRESENTATION(#12,'Axis','Curve3D',(#14674));
#14676=IFCPRODUCTDEFINITIONSHAPE($,$,(#14675));
#14677=IFCCARTESIANPOINT((0.,0.,0.));
#14678=IFCAXIS2PLACEMENT3D(#14677,#8,#9);
#14679=IFCLOCALPLACEMENT(#31,#14678);
#14680=IFCMEMBER('2m84zYF8vBAhlyoEeDgI$6',$,'ARR-048','IPE 140',$,#14679,#14676,'ARR-048',$);
#14681=IFCRELASSOCIATESMATERIAL('1STQAXCAP2GAJxzE$tEAnr',$,$,$,(#14680),#40);
#14682=IFCCARTESIANPOINT((125100.,5500.,0.));
#14683=IFCCARTESIANPOINT((131600.,5500.,4100.));
#14684=IFCPOLYLINE((#14682,#14683));
#14685=IFCSHAPEREPRESENTATION(#12,'Axis','Curve3D',(#14684));
#14686=IFCPRODUCTDEFINITIONSHAPE($,$,(#14685));
#14687=IFCCARTESIANPOINT((0.,0.,0.));
#14688=IFCAXIS2PLACEMENT3D(#14687,#8,#9);
#14689=IFCLOCALPLACEMENT(#23,#14688);
#14690=IFCMEMBER('1IUsuJXi5EjOBJEhekF7UO',$,'ARR-049','IPE 140',$,#14689,#14686,'ARR-049',$);
#14691=IFCRELASSOCIATESMATERIAL('2ME$S$rZb7rAaQWPZWdPjY',$,$,$,(#14690),#40);
#14692=IFCCARTESIANPOINT((125100.,5500.,4100.));
#14693=IFCCARTESIANPOINT((131600.,5500.,0.));
#14694=IFCPOLYLINE((#14692,#14693));
#14695=IFCSHAPEREPRESENTATION(#12,'Axis','Curve3D',(#14694));
#14696=IFCPRODUCTDEFINITIONSHAPE($,$,(#14695));
#14697=IFCCARTESIANPOINT((0.,0.,0.));
#14698=IFCAXIS2PLACEMENT3D(#14697,#8,#9);
#14699=IFCLOCALPLACEMENT(#23,#14698);
#14700=IFCMEMBER('2IThae_tH3sOmsMfYIUdZt',$,'ARR-050','IPE 140',$,#14699,#14696,'ARR-050',$);
#14701=IFCRELASSOCIATESMATERIAL('1gHgpWVCrCYutXonMK02$Y',$,$,$,(#14700),#40);
#14702=IFCCARTESIANPOINT((125100.,5500.,0.));
#14703=IFCCARTESIANPOINT((131600.,5500.,3800.));
#14704=IFCPOLYLINE((#14702,#14703));
#14705=IFCSHAPEREPRESENTATION(#12,'Axis','Curve3D',(#14704));
#14706=IFCPRODUCTDEFINITIONSHAPE($,$,(#14705));
#14707=IFCCARTESIANPOINT((0.,0.,0.));
#14708=IFCAXIS2PLACEMENT3D(#14707,#8,#9);
#14709=IFCLOCALPLACEMENT(#27,#14708);
#14710=IFCMEMBER('0$H7iFPLb8RB_y06EvWGUe',$,'ARR-051','IPE 140',$,#14709,#14706,'ARR-051',$);
#14711=IFCRELASSOCIATESMATERIAL('1RK13lvur7HAEdosj3grEC',$,$,$,(#14710),#40);
#14712=IFCCARTESIANPOINT((125100.,5500.,3800.));
#14713=IFCCARTESIANPOINT((131600.,5500.,0.));
#14714=IFCPOLYLINE((#14712,#14713));
#14715=IFCSHAPEREPRESENTATION(#12,'Axis','Curve3D',(#14714));
#14716=IFCPRODUCTDEFINITIONSHAPE($,$,(#14715));
#14717=IFCCARTESIANPOINT((0.,0.,0.));
#14718=IFCAXIS2PLACEMENT3D(#14717,#8,#9);
#14719=IFCLOCALPLACEMENT(#27,#14718);
#14720=IFCMEMBER('3XmNIsgKLBRx5VYyD6Datp',$,'ARR-052','IPE 140',$,#14719,#14716,'ARR-052',$);
#14721=IFCRELASSOCIATESMATERIAL('3M6ItAHdP2Uer9c5$_G_X1',$,$,$,(#14720),#40);
#14722=IFCCARTESIANPOINT((125100.,5500.,0.));
#14723=IFCCARTESIANPOINT((131600.,5500.,3800.));
#14724=IFCPOLYLINE((#14722,#14723));
#14725=IFCSHAPEREPRESENTATION(#12,'Axis','Curve3D',(#14724));
#14726=IFCPRODUCTDEFINITIONSHAPE($,$,(#14725));
#14727=IFCCARTESIANPOINT((0.,0.,0.));
#14728=IFCAXIS2PLACEMENT3D(#14727,#8,#9);
#14729=IFCLOCALPLACEMENT(#31,#14728);
#14730=IFCMEMBER('2gOX$_hEr8qePhTh6YO$Q$',$,'ARR-053','IPE 140',$,#14729,#14726,'ARR-053',$);
#14731=IFCRELASSOCIATESMATERIAL('17QE6Da1b1Hvjhz9802alA',$,$,$,(#14730),#40);
#14732=IFCCARTESIANPOINT((125100.,5500.,3800.));
#14733=IFCCARTESIANPOINT((131600.,5500.,0.));
#14734=IFCPOLYLINE((#14732,#14733));
#14735=IFCSHAPEREPRESENTATION(#12,'Axis','Curve3D',(#14734));
#14736=IFCPRODUCTDEFINITIONSHAPE($,$,(#14735));
#14737=IFCCARTESIANPOINT((0.,0.,0.));
#14738=IFCAXIS2PLACEMENT3D(#14737,#8,#9);
#14739=IFCLOCALPLACEMENT(#31,#14738);
#14740=IFCMEMBER('0ux3JIVWzBuxb4CcrJ07iN',$,'ARR-054','IPE 140',$,#14739,#14736,'ARR-054',$);
#14741=IFCRELASSOCIATESMATERIAL('2xzRlagXv9IOPgJyzROAH_',$,$,$,(#14740),#40);
#14742=IFCCARTESIANPOINT((125100.,19510.,0.));
#14743=IFCCARTESIANPOINT((131600.,19510.,4100.));
#14744=IFCPOLYLINE((#14742,#14743));
#14745=IFCSHAPEREPRESENTATION(#12,'Axis','Curve3D',(#14744));
#14746=IFCPRODUCTDEFINITIONSHAPE($,$,(#14745));
#14747=IFCCARTESIANPOINT((0.,0.,0.));
#14748=IFCAXIS2PLACEMENT3D(#14747,#8,#9);
#14749=IFCLOCALPLACEMENT(#23,#14748);
#14750=IFCMEMBER('35$CfCDnP8swcimdek$wUS',$,'ARR-055','IPE 140',$,#14749,#14746,'ARR-055',$);
#14751=IFCRELASSOCIATESMATERIAL('0PF37i13T0uPb46I74IMl8',$,$,$,(#14750),#40);
#14752=IFCCARTESIANPOINT((125100.,19510.,4100.));
#14753=IFCCARTESIANPOINT((131600.,19510.,0.));
#14754=IFCPOLYLINE((#14752,#14753));
#14755=IFCSHAPEREPRESENTATION(#12,'Axis','Curve3D',(#14754));
#14756=IFCPRODUCTDEFINITIONSHAPE($,$,(#14755));
#14757=IFCCARTESIANPOINT((0.,0.,0.));
#14758=IFCAXIS2PLACEMENT3D(#14757,#8,#9);
#14759=IFCLOCALPLACEMENT(#23,#14758);
#14760=IFCMEMBER('39xhOiT4T6aenCys6dBIhI',$,'ARR-056','IPE 140',$,#14759,#14756,'ARR-056',$);
#14761=IFCRELASSOCIATESMATERIAL('1Hy7NpRmLBV8w4JnFoJhjD',$,$,$,(#14760),#40);
#14762=IFCCARTESIANPOINT((125100.,19510.,0.));
#14763=IFCCARTESIANPOINT((131600.,19510.,3800.));
#14764=IFCPOLYLINE((#14762,#14763));
#14765=IFCSHAPEREPRESENTATION(#12,'Axis','Curve3D',(#14764));
#14766=IFCPRODUCTDEFINITIONSHAPE($,$,(#14765));
#14767=IFCCARTESIANPOINT((0.,0.,0.));
#14768=IFCAXIS2PLACEMENT3D(#14767,#8,#9);
#14769=IFCLOCALPLACEMENT(#27,#14768);
#14770=IFCMEMBER('1I3hUUjmL1Q9F1l22$v0RI',$,'ARR-057','IPE 140',$,#14769,#14766,'ARR-057',$);
#14771=IFCRELASSOCIATESMATERIAL('0WQHLYtj94PwOMHXd3ZzVO',$,$,$,(#14770),#40);
#14772=IFCCARTESIANPOINT((125100.,19510.,3800.));
#14773=IFCCARTESIANPOINT((131600.,19510.,0.));
#14774=IFCPOLYLINE((#14772,#14773));
#14775=IFCSHAPEREPRESENTATION(#12,'Axis','Curve3D',(#14774));
#14776=IFCPRODUCTDEFINITIONSHAPE($,$,(#14775));
#14777=IFCCARTESIANPOINT((0.,0.,0.));
#14778=IFCAXIS2PLACEMENT3D(#14777,#8,#9);
#14779=IFCLOCALPLACEMENT(#27,#14778);
#14780=IFCMEMBER('39joyhAjj9WB9WqAT5Xhxh',$,'ARR-058','IPE 140',$,#14779,#14776,'ARR-058',$);
#14781=IFCRELASSOCIATESMATERIAL('3WCbD7o957uxOcnNEdt3kN',$,$,$,(#14780),#40);
#14782=IFCCARTESIANPOINT((125100.,19510.,0.));
#14783=IFCCARTESIANPOINT((131600.,19510.,3800.));
#14784=IFCPOLYLINE((#14782,#14783));
#14785=IFCSHAPEREPRESENTATION(#12,'Axis','Curve3D',(#14784));
#14786=IFCPRODUCTDEFINITIONSHAPE($,$,(#14785));
#14787=IFCCARTESIANPOINT((0.,0.,0.));
#14788=IFCAXIS2PLACEMENT3D(#14787,#8,#9);
#14789=IFCLOCALPLACEMENT(#31,#14788);
#14790=IFCMEMBER('0XCQFdYez4JRb9McLuaIbS',$,'ARR-059','IPE 140',$,#14789,#14786,'ARR-059',$);
#14791=IFCRELASSOCIATESMATERIAL('2OfvFEJJj8_foIK7R3ehz5',$,$,$,(#14790),#40);
#14792=IFCCARTESIANPOINT((125100.,19510.,3800.));
#14793=IFCCARTESIANPOINT((131600.,19510.,0.));
#14794=IFCPOLYLINE((#14792,#14793));
#14795=IFCSHAPEREPRESENTATION(#12,'Axis','Curve3D',(#14794));
#14796=IFCPRODUCTDEFINITIONSHAPE($,$,(#14795));
#14797=IFCCARTESIANPOINT((0.,0.,0.));
#14798=IFCAXIS2PLACEMENT3D(#14797,#8,#9);
#14799=IFCLOCALPLACEMENT(#31,#14798);
#14800=IFCMEMBER('390hrC9HHFjvau7Rw3Mf6g',$,'ARR-060','IPE 140',$,#14799,#14796,'ARR-060',$);
#14801=IFCRELASSOCIATESMATERIAL('2L2_b59mb57RppBM2OLzlu',$,$,$,(#14800),#40);
#14802=IFCCARTESIANPOINT((0.,14840.,0.));
#14803=IFCCARTESIANPOINT((6500.,19510.,0.));
#14804=IFCPOLYLINE((#14802,#14803));
#14805=IFCSHAPEREPRESENTATION(#12,'Axis','Curve3D',(#14804));
#14806=IFCPRODUCTDEFINITIONSHAPE($,$,(#14805));
#14807=IFCCARTESIANPOINT((0.,0.,0.));
#14808=IFCAXIS2PLACEMENT3D(#14807,#8,#9);
#14809=IFCLOCALPLACEMENT(#35,#14808);
#14810=IFCMEMBER('0Z8ESJGQf5Z8W$FVzwQ7ld',$,'ARH-001','IPE 140',$,#14809,#14806,'ARH-001',$);
#14811=IFCRELASSOCIATESMATERIAL('14f3jkbLrFeAu7dtxH6Wje',$,$,$,(#14810),#40);
#14812=IFCCARTESIANPOINT((0.,19510.,0.));
#14813=IFCCARTESIANPOINT((6500.,14840.,0.));
#14814=IFCPOLYLINE((#14812,#14813));
#14815=IFCSHAPEREPRESENTATION(#12,'Axis','Curve3D',(#14814));
#14816=IFCPRODUCTDEFINITIONSHAPE($,$,(#14815));
#14817=IFCCARTESIANPOINT((0.,0.,0.));
#14818=IFCAXIS2PLACEMENT3D(#14817,#8,#9);
#14819=IFCLOCALPLACEMENT(#35,#14818);
#14820=IFCMEMBER('3cNN2fCHf6UwffnwKrmwix',$,'ARH-002','IPE 140',$,#14819,#14816,'ARH-002',$);
#14821=IFCRELASSOCIATESMATERIAL('1wGMXtdbHCJO7ToftQEIua',$,$,$,(#14820),#40);
#14822=IFCCARTESIANPOINT((13000.,14840.,0.));
#14823=IFCCARTESIANPOINT((19500.,19510.,0.));
#14824=IFCPOLYLINE((#14822,#14823));
#14825=IFCSHAPEREPRESENTATION(#12,'Axis','Curve3D',(#14824));
#14826=IFCPRODUCTDEFINITIONSHAPE($,$,(#14825));
#14827=IFCCARTESIANPOINT((0.,0.,0.));
#14828=IFCAXIS2PLACEMENT3D(#14827,#8,#9);
#14829=IFCLOCALPLACEMENT(#35,#14828);
#14830=IFCMEMBER('0YUOemYj1C9wLrbXsOBX0u',$,'ARH-003','IPE 140',$,#14829,#14826,'ARH-003',$);
#14831=IFCRELASSOCIATESMATERIAL('3ATKO22sL0dxIr9hot$1NT',$,$,$,(#14830),#40);
#14832=IFCCARTESIANPOINT((13000.,19510.,0.));
#14833=IFCCARTESIANPOINT((19500.,14840.,0.));
#14834=IFCPOLYLINE((#14832,#14833));
#14835=IFCSHAPEREPRESENTATION(#12,'Axis','Curve3D',(#14834));
#14836=IFCPRODUCTDEFINITIONSHAPE($,$,(#14835));
#14837=IFCCARTESIANPOINT((0.,0.,0.));
#14838=IFCAXIS2PLACEMENT3D(#14837,#8,#9);
#14839=IFCLOCALPLACEMENT(#35,#14838);
#14840=IFCMEMBER('0uQSaBnhr1vRSZFcb1WpjL',$,'ARH-004','IPE 140',$,#14839,#14836,'ARH-004',$);
#14841=IFCRELASSOCIATESMATERIAL('0yFYjtu$v9ygHESq1m5kud',$,$,$,(#14840),#40);
#14842=IFCCARTESIANPOINT((26000.,14840.,0.));
#14843=IFCCARTESIANPOINT((32500.,19510.,0.));
#14844=IFCPOLYLINE((#14842,#14843));
#14845=IFCSHAPEREPRESENTATION(#12,'Axis','Curve3D',(#14844));
#14846=IFCPRODUCTDEFINITIONSHAPE($,$,(#14845));
#14847=IFCCARTESIANPOINT((0.,0.,0.));
#14848=IFCAXIS2PLACEMENT3D(#14847,#8,#9);
#14849=IFCLOCALPLACEMENT(#35,#14848);
#14850=IFCMEMBER('2jsmm3KYzDZfsQoVx$ZU2b',$,'ARH-005','IPE 140',$,#14849,#14846,'ARH-005',$);
#14851=IFCRELASSOCIATESMATERIAL('3BO4eQs9z3Vxq_YROSUiDk',$,$,$,(#14850),#40);
#14852=IFCCARTESIANPOINT((26000.,19510.,0.));
#14853=IFCCARTESIANPOINT((32500.,14840.,0.));
#14854=IFCPOLYLINE((#14852,#14853));
#14855=IFCSHAPEREPRESENTATION(#12,'Axis','Curve3D',(#14854));
#14856=IFCPRODUCTDEFINITIONSHAPE($,$,(#14855));
#14857=IFCCARTESIANPOINT((0.,0.,0.));
#14858=IFCAXIS2PLACEMENT3D(#14857,#8,#9);
#14859=IFCLOCALPLACEMENT(#35,#14858);
#14860=IFCMEMBER('2OFzKj6nv359BGUBLDBmxU',$,'ARH-006','IPE 140',$,#14859,#14856,'ARH-006',$);
#14861=IFCRELASSOCIATESMATERIAL('2dB3kJbpn2Axp6iP7IJghK',$,$,$,(#14860),#40);
#14862=IFCCARTESIANPOINT((39000.,14840.,0.));
#14863=IFCCARTESIANPOINT((45500.,19510.,0.));
#14864=IFCPOLYLINE((#14862,#14863));
#14865=IFCSHAPEREPRESENTATION(#12,'Axis','Curve3D',(#14864));
#14866=IFCPRODUCTDEFINITIONSHAPE($,$,(#14865));
#14867=IFCCARTESIANPOINT((0.,0.,0.));
#14868=IFCAXIS2PLACEMENT3D(#14867,#8,#9);
#14869=IFCLOCALPLACEMENT(#35,#14868);
#14870=IFCMEMBER('3NSRPxcBb0_Og50moo4nUD',$,'ARH-007','IPE 140',$,#14869,#14866,'ARH-007',$);
#14871=IFCRELASSOCIATESMATERIAL('2v7X18I$z0shUFyCPXSgbV',$,$,$,(#14870),#40);
#14872=IFCCARTESIANPOINT((39000.,19510.,0.));
#14873=IFCCARTESIANPOINT((45500.,14840.,0.));
#14874=IFCPOLYLINE((#14872,#14873));
#14875=IFCSHAPEREPRESENTATION(#12,'Axis','Curve3D',(#14874));
#14876=IFCPRODUCTDEFINITIONSHAPE($,$,(#14875));
#14877=IFCCARTESIANPOINT((0.,0.,0.));
#14878=IFCAXIS2PLACEMENT3D(#14877,#8,#9);
#14879=IFCLOCALPLACEMENT(#35,#14878);
#14880=IFCMEMBER('2OEtNvGy9FSu7Hk5MdAWo4',$,'ARH-008','IPE 140',$,#14879,#14876,'ARH-008',$);
#14881=IFCRELASSOCIATESMATERIAL('3gEIDiSjfERflBh49hU468',$,$,$,(#14880),#40);
#14882=IFCCARTESIANPOINT((62550.,14840.,0.));
#14883=IFCCARTESIANPOINT((69050.,19510.,0.));
#14884=IFCPOLYLINE((#14882,#14883));
#14885=IFCSHAPEREPRESENTATION(#12,'Axis','Curve3D',(#14884));
#14886=IFCPRODUCTDEFINITIONSHAPE($,$,(#14885));
#14887=IFCCARTESIANPOINT((0.,0.,0.));
#14888=IFCAXIS2PLACEMENT3D(#14887,#8,#9);
#14889=IFCLOCALPLACEMENT(#35,#14888);
#14890=IFCMEMBER('0iVVCx9y16_RPq6Cj6a7jd',$,'ARH-009','IPE 140',$,#14889,#14886,'ARH-009',$);
#14891=IFCRELASSOCIATESMATERIAL('0vZ2w9DNH25PxOp3VS6VWj',$,$,$,(#14890),#40);
#14892=IFCCARTESIANPOINT((62550.,19510.,0.));
#14893=IFCCARTESIANPOINT((69050.,14840.,0.));
#14894=IFCPOLYLINE((#14892,#14893));
#14895=IFCSHAPEREPRESENTATION(#12,'Axis','Curve3D',(#14894));
#14896=IFCPRODUCTDEFINITIONSHAPE($,$,(#14895));
#14897=IFCCARTESIANPOINT((0.,0.,0.));
#14898=IFCAXIS2PLACEMENT3D(#14897,#8,#9);
#14899=IFCLOCALPLACEMENT(#35,#14898);
#14900=IFCMEMBER('0QTHtnM1X3lPzfkx1TksL1',$,'ARH-010','IPE 140',$,#14899,#14896,'ARH-010',$);
#14901=IFCRELASSOCIATESMATERIAL('3EhB3iP_T8gwcJD6e8_LUz',$,$,$,(#14900),#40);
#14902=IFCCARTESIANPOINT((75550.,14840.,0.));
#14903=IFCCARTESIANPOINT((82050.,19510.,0.));
#14904=IFCPOLYLINE((#14902,#14903));
#14905=IFCSHAPEREPRESENTATION(#12,'Axis','Curve3D',(#14904));
#14906=IFCPRODUCTDEFINITIONSHAPE($,$,(#14905));
#14907=IFCCARTESIANPOINT((0.,0.,0.));
#14908=IFCAXIS2PLACEMENT3D(#14907,#8,#9);
#14909=IFCLOCALPLACEMENT(#35,#14908);
#14910=IFCMEMBER('1W9A_OFRnFWQ1en$HQFE9J',$,'ARH-011','IPE 140',$,#14909,#14906,'ARH-011',$);
#14911=IFCRELASSOCIATESMATERIAL('2iCKWI6mDA8gTCvH4iRkm$',$,$,$,(#14910),#40);
#14912=IFCCARTESIANPOINT((75550.,19510.,0.));
#14913=IFCCARTESIANPOINT((82050.,14840.,0.));
#14914=IFCPOLYLINE((#14912,#14913));
#14915=IFCSHAPEREPRESENTATION(#12,'Axis','Curve3D',(#14914));
#14916=IFCPRODUCTDEFINITIONSHAPE($,$,(#14915));
#14917=IFCCARTESIANPOINT((0.,0.,0.));
#14918=IFCAXIS2PLACEMENT3D(#14917,#8,#9);
#14919=IFCLOCALPLACEMENT(#35,#14918);
#14920=IFCMEMBER('3Vc_XlTF16FRqKU8koP2hw',$,'ARH-012','IPE 140',$,#14919,#14916,'ARH-012',$);
#14921=IFCRELASSOCIATESMATERIAL('0vVNJeqxj34wPoeL6ZmLTZ',$,$,$,(#14920),#40);
#14922=IFCCARTESIANPOINT((99100.,14840.,0.));
#14923=IFCCARTESIANPOINT((105600.,19510.,0.));
#14924=IFCPOLYLINE((#14922,#14923));
#14925=IFCSHAPEREPRESENTATION(#12,'Axis','Curve3D',(#14924));
#14926=IFCPRODUCTDEFINITIONSHAPE($,$,(#14925));
#14927=IFCCARTESIANPOINT((0.,0.,0.));
#14928=IFCAXIS2PLACEMENT3D(#14927,#8,#9);
#14929=IFCLOCALPLACEMENT(#35,#14928);
#14930=IFCMEMBER('3WSWWBnBj2YBHmwxdxMKjk',$,'ARH-013','IPE 140',$,#14929,#14926,'ARH-013',$);
#14931=IFCRELASSOCIATESMATERIAL('3oWZhRttH7Tenr3PevlBUZ',$,$,$,(#14930),#40);
#14932=IFCCARTESIANPOINT((99100.,19510.,0.));
#14933=IFCCARTESIANPOINT((105600.,14840.,0.));
#14934=IFCPOLYLINE((#14932,#14933));
#14935=IFCSHAPEREPRESENTATION(#12,'Axis','Curve3D',(#14934));
#14936=IFCPRODUCTDEFINITIONSHAPE($,$,(#14935));
#14937=IFCCARTESIANPOINT((0.,0.,0.));
#14938=IFCAXIS2PLACEMENT3D(#14937,#8,#9);
#14939=IFCLOCALPLACEMENT(#35,#14938);
#14940=IFCMEMBER('01de6xzt51uQwDhtArMpuD',$,'ARH-014','IPE 140',$,#14939,#14936,'ARH-014',$);
#14941=IFCRELASSOCIATESMATERIAL('1DlS6GsmbBgRdzy1ldnlyY',$,$,$,(#14940),#40);
#14942=IFCCARTESIANPOINT((112100.,14840.,0.));
#14943=IFCCARTESIANPOINT((118600.,19510.,0.));
#14944=IFCPOLYLINE((#14942,#14943));
#14945=IFCSHAPEREPRESENTATION(#12,'Axis','Curve3D',(#14944));
#14946=IFCPRODUCTDEFINITIONSHAPE($,$,(#14945));
#14947=IFCCARTESIANPOINT((0.,0.,0.));
#14948=IFCAXIS2PLACEMENT3D(#14947,#8,#9);
#14949=IFCLOCALPLACEMENT(#35,#14948);
#14950=IFCMEMBER('0qrnx351v7mwvUGjW5PWj0',$,'ARH-015','IPE 140',$,#14949,#14946,'ARH-015',$);
#14951=IFCRELASSOCIATESMATERIAL('0l8dOq5afBS9zcfXmfVNFU',$,$,$,(#14950),#40);
#14952=IFCCARTESIANPOINT((112100.,19510.,0.));
#14953=IFCCARTESIANPOINT((118600.,14840.,0.));
#14954=IFCPOLYLINE((#14952,#14953));
#14955=IFCSHAPEREPRESENTATION(#12,'Axis','Curve3D',(#14954));
#14956=IFCPRODUCTDEFINITIONSHAPE($,$,(#14955));
#14957=IFCCARTESIANPOINT((0.,0.,0.));
#14958=IFCAXIS2PLACEMENT3D(#14957,#8,#9);
#14959=IFCLOCALPLACEMENT(#35,#14958);
#14960=IFCMEMBER('34ypVEqJ55dPeRGzBr9v3h',$,'ARH-016','IPE 140',$,#14959,#14956,'ARH-016',$);
#14961=IFCRELASSOCIATESMATERIAL('2tFCJaYqv1rguiaadFYv29',$,$,$,(#14960),#40);
#14962=IFCCARTESIANPOINT((125100.,14840.,0.));
#14963=IFCCARTESIANPOINT((131600.,19510.,0.));
#14964=IFCPOLYLINE((#14962,#14963));
#14965=IFCSHAPEREPRESENTATION(#12,'Axis','Curve3D',(#14964));
#14966=IFCPRODUCTDEFINITIONSHAPE($,$,(#14965));
#14967=IFCCARTESIANPOINT((0.,0.,0.));
#14968=IFCAXIS2PLACEMENT3D(#14967,#8,#9);
#14969=IFCLOCALPLACEMENT(#35,#14968);
#14970=IFCMEMBER('31UvJY2T9A4Q8FtFkstX1e',$,'ARH-017','IPE 140',$,#14969,#14966,'ARH-017',$);
#14971=IFCRELASSOCIATESMATERIAL('30LCxXSWDD5QW_X_eE0jfa',$,$,$,(#14970),#40);
#14972=IFCCARTESIANPOINT((125100.,19510.,0.));
#14973=IFCCARTESIANPOINT((131600.,14840.,0.));
#14974=IFCPOLYLINE((#14972,#14973));
#14975=IFCSHAPEREPRESENTATION(#12,'Axis','Curve3D',(#14974));
#14976=IFCPRODUCTDEFINITIONSHAPE($,$,(#14975));
#14977=IFCCARTESIANPOINT((0.,0.,0.));
#14978=IFCAXIS2PLACEMENT3D(#14977,#8,#9);
#14979=IFCLOCALPLACEMENT(#35,#14978);
#14980=IFCMEMBER('3y6r2BCEPFDOlPWismUswV',$,'ARH-018','IPE 140',$,#14979,#14976,'ARH-018',$);
#14981=IFCRELASSOCIATESMATERIAL('1QjR9srEvFlOGVGpq8Pmte',$,$,$,(#14980),#40);
#14982=IFCCARTESIANPOINT((138100.,14840.,0.));
#14983=IFCCARTESIANPOINT((144600.,19510.,0.));
#14984=IFCPOLYLINE((#14982,#14983));
#14985=IFCSHAPEREPRESENTATION(#12,'Axis','Curve3D',(#14984));
#14986=IFCPRODUCTDEFINITIONSHAPE($,$,(#14985));
#14987=IFCCARTESIANPOINT((0.,0.,0.));
#14988=IFCAXIS2PLACEMENT3D(#14987,#8,#9);
#14989=IFCLOCALPLACEMENT(#35,#14988);
#14990=IFCMEMBER('3cAYTNBQvBPg$1gNxFZjFH',$,'ARH-019','IPE 140',$,#14989,#14986,'ARH-019',$);
#14991=IFCRELASSOCIATESMATERIAL('31KbGGwvf7sx0g2Nv2R$tX',$,$,$,(#14990),#40);
#14992=IFCCARTESIANPOINT((138100.,19510.,0.));
#14993=IFCCARTESIANPOINT((144600.,14840.,0.));
#14994=IFCPOLYLINE((#14992,#14993));
#14995=IFCSHAPEREPRESENTATION(#12,'Axis','Curve3D',(#14994));
#14996=IFCPRODUCTDEFINITIONSHAPE($,$,(#14995));
#14997=IFCCARTESIANPOINT((0.,0.,0.));
#14998=IFCAXIS2PLACEMENT3D(#14997,#8,#9);
#14999=IFCLOCALPLACEMENT(#35,#14998);
#15000=IFCMEMBER('2wxebMv915lA8vkvMHYZbx',$,'ARH-020','IPE 140',$,#14999,#14996,'ARH-020',$);
#15001=IFCRELASSOCIATESMATERIAL('38efAyJOjD2gBLh9iEFVhO',$,$,$,(#15000),#40);
#15002=IFCCARTESIANPOINT((6500.,5500.,0.));
#15003=IFCCARTESIANPOINT((6500.,7400.,0.));
#15004=IFCPOLYLINE((#15002,#15003));
#15005=IFCSHAPEREPRESENTATION(#12,'Axis','Curve3D',(#15004));
#15006=IFCPRODUCTDEFINITIONSHAPE($,$,(#15005));
#15007=IFCCARTESIANPOINT((0.,0.,0.));
#15008=IFCAXIS2PLACEMENT3D(#15007,#8,#9);
#15009=IFCLOCALPLACEMENT(#27,#15008);
#15010=IFCMEMBER('1IAxlk4_HD0P0exftWX84H',$,'TIR-001','IPE 140',$,#15009,#15006,'TIR-001',$);
#15011=IFCRELASSOCIATESMATERIAL('12h1jVrVj55wWAIl0iFYqf',$,$,$,(#15010),#40);
#15012=IFCCARTESIANPOINT((6650.,5500.,0.));
#15013=IFCCARTESIANPOINT((6650.,7400.,0.));
#15014=IFCPOLYLINE((#15012,#15013));
#15015=IFCSHAPEREPRESENTATION(#12,'Axis','Curve3D',(#15014));
#15016=IFCPRODUCTDEFINITIONSHAPE($,$,(#15015));
#15017=IFCCARTESIANPOINT((0.,0.,0.));
#15018=IFCAXIS2PLACEMENT3D(#15017,#8,#9);
#15019=IFCLOCALPLACEMENT(#27,#15018);
#15020=IFCMEMBER('3nlQdxBFT2Uhi1sGDWjFdA',$,'TIR-002','IPE 140',$,#15019,#15016,'TIR-002',$);
#15021=IFCRELASSOCIATESMATERIAL('3S9j_IRSX2r8s3$4WT6VtR',$,$,$,(#15020),#40);
#15022=IFCCARTESIANPOINT((6500.,5500.,0.));
#15023=IFCCARTESIANPOINT((6500.,7400.,0.));
#15024=IFCPOLYLINE((#15022,#15023));
#15025=IFCSHAPEREPRESENTATION(#12,'Axis','Curve3D',(#15024));
#15026=IFCPRODUCTDEFINITIONSHAPE($,$,(#15025));
#15027=IFCCARTESIANPOINT((0.,0.,0.));
#15028=IFCAXIS2PLACEMENT3D(#15027,#8,#9);
#15029=IFCLOCALPLACEMENT(#31,#15028);
#15030=IFCMEMBER('1cDZipeGzFJO0vNLw$q_0g',$,'TIR-003','IPE 140',$,#15029,#15026,'TIR-003',$);
#15031=IFCRELASSOCIATESMATERIAL('3hxPXhbhLAjf6KMvBKb2Kd',$,$,$,(#15030),#40);
#15032=IFCCARTESIANPOINT((6650.,5500.,0.));
#15033=IFCCARTESIANPOINT((6650.,7400.,0.));
#15034=IFCPOLYLINE((#15032,#15033));
#15035=IFCSHAPEREPRESENTATION(#12,'Axis','Curve3D',(#15034));
#15036=IFCPRODUCTDEFINITIONSHAPE($,$,(#15035));
#15037=IFCCARTESIANPOINT((0.,0.,0.));
#15038=IFCAXIS2PLACEMENT3D(#15037,#8,#9);
#15039=IFCLOCALPLACEMENT(#31,#15038);
#15040=IFCMEMBER('2PfpXan3j1XfCom3n8Hf7B',$,'TIR-004','IPE 140',$,#15039,#15036,'TIR-004',$);
#15041=IFCRELASSOCIATESMATERIAL('1Um5LUXH98CutTeCNpZlak',$,$,$,(#15040),#40);
#15042=IFCCARTESIANPOINT((56050.,5500.,0.));
#15043=IFCCARTESIANPOINT((56050.,7400.,0.));
#15044=IFCPOLYLINE((#15042,#15043));
#15045=IFCSHAPEREPRESENTATION(#12,'Axis','Curve3D',(#15044));
#15046=IFCPRODUCTDEFINITIONSHAPE($,$,(#15045));
#15047=IFCCARTESIANPOINT((0.,0.,0.));
#15048=IFCAXIS2PLACEMENT3D(#15047,#8,#9);
#15049=IFCLOCALPLACEMENT(#27,#15048);
#15050=IFCMEMBER('1opBsb6vv1meZDaOKCF3aR',$,'TIR-005','IPE 140',$,#15049,#15046,'TIR-005',$);
#15051=IFCRELASSOCIATESMATERIAL('3BMwxaTMD7MfJZG2DHfqKG',$,$,$,(#15050),#40);
#15052=IFCCARTESIANPOINT((56200.,5500.,0.));
#15053=IFCCARTESIANPOINT((56200.,7400.,0.));
#15054=IFCPOLYLINE((#15052,#15053));
#15055=IFCSHAPEREPRESENTATION(#12,'Axis','Curve3D',(#15054));
#15056=IFCPRODUCTDEFINITIONSHAPE($,$,(#15055));
#15057=IFCCARTESIANPOINT((0.,0.,0.));
#15058=IFCAXIS2PLACEMENT3D(#15057,#8,#9);
#15059=IFCLOCALPLACEMENT(#27,#15058);
#15060=IFCMEMBER('33nQhCPMf7RhdJaMXPpS1L',$,'TIR-006','IPE 140',$,#15059,#15056,'TIR-006',$);
#15061=IFCRELASSOCIATESMATERIAL('0bmfpiJgr0bPFzUqVW8Yd_',$,$,$,(#15060),#40);
#15062=IFCCARTESIANPOINT((56050.,5500.,0.));
#15063=IFCCARTESIANPOINT((56050.,7400.,0.));
#15064=IFCPOLYLINE((#15062,#15063));
#15065=IFCSHAPEREPRESENTATION(#12,'Axis','Curve3D',(#15064));
#15066=IFCPRODUCTDEFINITIONSHAPE($,$,(#15065));
#15067=IFCCARTESIANPOINT((0.,0.,0.));
#15068=IFCAXIS2PLACEMENT3D(#15067,#8,#9);
#15069=IFCLOCALPLACEMENT(#31,#15068);
#15070=IFCMEMBER('1Y16WnOzr2TfLdTMuRKlLS',$,'TIR-007','IPE 140',$,#15069,#15066,'TIR-007',$);
#15071=IFCRELASSOCIATESMATERIAL('39kp$UkLH1i8O$vBP8Tsr7',$,$,$,(#15070),#40);
#15072=IFCCARTESIANPOINT((56200.,5500.,0.));
#15073=IFCCARTESIANPOINT((56200.,7400.,0.));
#15074=IFCPOLYLINE((#15072,#15073));
#15075=IFCSHAPEREPRESENTATION(#12,'Axis','Curve3D',(#15074));
#15076=IFCPRODUCTDEFINITIONSHAPE($,$,(#15075));
#15077=IFCCARTESIANPOINT((0.,0.,0.));
#15078=IFCAXIS2PLACEMENT3D(#15077,#8,#9);
#15079=IFCLOCALPLACEMENT(#31,#15078);
#15080=IFCMEMBER('1TJzwitGT8S9EJ2hMIeexK',$,'TIR-008','IPE 140',$,#15079,#15076,'TIR-008',$);
#15081=IFCRELASSOCIATESMATERIAL('1WOQVU2WvEjR6ylO8ezwr8',$,$,$,(#15080),#40);
#15082=IFCCARTESIANPOINT((82050.,5500.,0.));
#15083=IFCCARTESIANPOINT((82050.,7400.,0.));
#15084=IFCPOLYLINE((#15082,#15083));
#15085=IFCSHAPEREPRESENTATION(#12,'Axis','Curve3D',(#15084));
#15086=IFCPRODUCTDEFINITIONSHAPE($,$,(#15085));
#15087=IFCCARTESIANPOINT((0.,0.,0.));
#15088=IFCAXIS2PLACEMENT3D(#15087,#8,#9);
#15089=IFCLOCALPLACEMENT(#27,#15088);
#15090=IFCMEMBER('1sii2ajJf5Uh2T0OX4XV8o',$,'TIR-009','IPE 140',$,#15089,#15086,'TIR-009',$);
#15091=IFCRELASSOCIATESMATERIAL('3LuPSnAbrCmehfZiP86mJo',$,$,$,(#15090),#40);
#15092=IFCCARTESIANPOINT((82200.,5500.,0.));
#15093=IFCCARTESIANPOINT((82200.,7400.,0.));
#15094=IFCPOLYLINE((#15092,#15093));
#15095=IFCSHAPEREPRESENTATION(#12,'Axis','Curve3D',(#15094));
#15096=IFCPRODUCTDEFINITIONSHAPE($,$,(#15095));
#15097=IFCCARTESIANPOINT((0.,0.,0.));
#15098=IFCAXIS2PLACEMENT3D(#15097,#8,#9);
#15099=IFCLOCALPLACEMENT(#27,#15098);
#15100=IFCMEMBER('2ZR2GwD2n7cwqoKYNE029t',$,'TIR-010','IPE 140',$,#15099,#15096,'TIR-010',$);
#15101=IFCRELASSOCIATESMATERIAL('3d1RnN_SzAwBFKAkRZcMdS',$,$,$,(#15100),#40);
#15102=IFCCARTESIANPOINT((82050.,5500.,0.));
#15103=IFCCARTESIANPOINT((82050.,7400.,0.));
#15104=IFCPOLYLINE((#15102,#15103));
#15105=IFCSHAPEREPRESENTATION(#12,'Axis','Curve3D',(#15104));
#15106=IFCPRODUCTDEFINITIONSHAPE($,$,(#15105));
#15107=IFCCARTESIANPOINT((0.,0.,0.));
#15108=IFCAXIS2PLACEMENT3D(#15107,#8,#9);
#15109=IFCLOCALPLACEMENT(#31,#15108);
#15110=IFCMEMBER('3CEMFt1GvCuPIk1dVfOq9R',$,'TIR-011','IPE 140',$,#15109,#15106,'TIR-011',$);
#15111=IFCRELASSOCIATESMATERIAL('3zYEg0t8X8ZAoAGtO9Kg$v',$,$,$,(#15110),#40);
#15112=IFCCARTESIANPOINT((82200.,5500.,0.));
#15113=IFCCARTESIANPOINT((82200.,7400.,0.));
#15114=IFCPOLYLINE((#15112,#15113));
#15115=IFCSHAPEREPRESENTATION(#12,'Axis','Curve3D',(#15114));
#15116=IFCPRODUCTDEFINITIONSHAPE($,$,(#15115));
#15117=IFCCARTESIANPOINT((0.,0.,0.));
#15118=IFCAXIS2PLACEMENT3D(#15117,#8,#9);
#15119=IFCLOCALPLACEMENT(#31,#15118);
#15120=IFCMEMBER('1mgjwhGy54CwzTltLN3iKJ',$,'TIR-012','IPE 140',$,#15119,#15116,'TIR-012',$);
#15121=IFCRELASSOCIATESMATERIAL('1HncZS1753mBtxw2_X_d0f',$,$,$,(#15120),#40);
#15122=IFCCARTESIANPOINT((125100.,5500.,0.));
#15123=IFCCARTESIANPOINT((125100.,7400.,0.));
#15124=IFCPOLYLINE((#15122,#15123));
#15125=IFCSHAPEREPRESENTATION(#12,'Axis','Curve3D',(#15124));
#15126=IFCPRODUCTDEFINITIONSHAPE($,$,(#15125));
#15127=IFCCARTESIANPOINT((0.,0.,0.));
#15128=IFCAXIS2PLACEMENT3D(#15127,#8,#9);
#15129=IFCLOCALPLACEMENT(#27,#15128);
#15130=IFCMEMBER('1j$Ux0EFL8UAu42QvpTO3t',$,'TIR-013','IPE 140',$,#15129,#15126,'TIR-013',$);
#15131=IFCRELASSOCIATESMATERIAL('2YInNlJ2LCZOsVgvEvjLXn',$,$,$,(#15130),#40);
#15132=IFCCARTESIANPOINT((125250.,5500.,0.));
#15133=IFCCARTESIANPOINT((125250.,7400.,0.));
#15134=IFCPOLYLINE((#15132,#15133));
#15135=IFCSHAPEREPRESENTATION(#12,'Axis','Curve3D',(#15134));
#15136=IFCPRODUCTDEFINITIONSHAPE($,$,(#15135));
#15137=IFCCARTESIANPOINT((0.,0.,0.));
#15138=IFCAXIS2PLACEMENT3D(#15137,#8,#9);
#15139=IFCLOCALPLACEMENT(#27,#15138);
#15140=IFCMEMBER('1G7$f$x8z5uvBGKjNTM$lZ',$,'TIR-014','IPE 140',$,#15139,#15136,'TIR-014',$);
#15141=IFCRELASSOCIATESMATERIAL('00Qp9B2uj80wBzMxsnnYjp',$,$,$,(#15140),#40);
#15142=IFCCARTESIANPOINT((125100.,5500.,0.));
#15143=IFCCARTESIANPOINT((125100.,7400.,0.));
#15144=IFCPOLYLINE((#15142,#15143));
#15145=IFCSHAPEREPRESENTATION(#12,'Axis','Curve3D',(#15144));
#15146=IFCPRODUCTDEFINITIONSHAPE($,$,(#15145));
#15147=IFCCARTESIANPOINT((0.,0.,0.));
#15148=IFCAXIS2PLACEMENT3D(#15147,#8,#9);
#15149=IFCLOCALPLACEMENT(#31,#15148);
#15150=IFCMEMBER('09YlQnxC5BT8_O1sr7kNJQ',$,'TIR-015','IPE 140',$,#15149,#15146,'TIR-015',$);
#15151=IFCRELASSOCIATESMATERIAL('2Tg2uv_IbA7AFBwao0LfEt',$,$,$,(#15150),#40);
#15152=IFCCARTESIANPOINT((125250.,5500.,0.));
#15153=IFCCARTESIANPOINT((125250.,7400.,0.));
#15154=IFCPOLYLINE((#15152,#15153));
#15155=IFCSHAPEREPRESENTATION(#12,'Axis','Curve3D',(#15154));
#15156=IFCPRODUCTDEFINITIONSHAPE($,$,(#15155));
#15157=IFCCARTESIANPOINT((0.,0.,0.));
#15158=IFCAXIS2PLACEMENT3D(#15157,#8,#9);
#15159=IFCLOCALPLACEMENT(#31,#15158);
#15160=IFCMEMBER('0Sayfs721AHh_$TaEZf3LS',$,'TIR-016','IPE 140',$,#15159,#15156,'TIR-016',$);
#15161=IFCRELASSOCIATESMATERIAL('0NKQvxCCfA3BF6RN_Q4LSB',$,$,$,(#15160),#40);
#15162=IFCCARTESIANPOINT((0.,5500.,0.));
#15163=IFCCARTESIANPOINT((0.,5500.,19.050000000000001));
#15164=IFCPOLYLINE((#15162,#15163));
#15165=IFCSHAPEREPRESENTATION(#12,'Axis','Curve3D',(#15164));
#15166=IFCPRODUCTDEFINITIONSHAPE($,$,(#15165));
#15167=IFCCARTESIANPOINT((0.,0.,0.));
#15168=IFCAXIS2PLACEMENT3D(#15167,#8,#9);
#15169=IFCLOCALPLACEMENT(#23,#15168);
#15170=IFCPLATE('0pviBAGG1FhRAUaNcma8fP',$,'PB-001','Placa base Detalle 1 (0.50x0.50) e=19.05mm',$,#15169,#15166,'PB-001',$);
#15171=IFCRELASSOCIATESMATERIAL('1p4mafOOr1I9w63jnQlY5c',$,$,$,(#15170),#41);
#15172=IFCCARTESIANPOINT((0.,10170.,0.));
#15173=IFCCARTESIANPOINT((0.,10170.,19.050000000000001));
#15174=IFCPOLYLINE((#15172,#15173));
#15175=IFCSHAPEREPRESENTATION(#12,'Axis','Curve3D',(#15174));
#15176=IFCPRODUCTDEFINITIONSHAPE($,$,(#15175));
#15177=IFCCARTESIANPOINT((0.,0.,0.));
#15178=IFCAXIS2PLACEMENT3D(#15177,#8,#9);
#15179=IFCLOCALPLACEMENT(#23,#15178);
#15180=IFCPLATE('0yxOQyhg9FIf5oAmzHTMCE',$,'PB-002','Placa base Detalle 1 (0.50x0.50) e=19.05mm',$,#15179,#15176,'PB-002',$);
#15181=IFCRELASSOCIATESMATERIAL('0D893ptpjBHfJN8D$hYvLf',$,$,$,(#15180),#41);
#15182=IFCCARTESIANPOINT((0.,14840.,0.));
#15183=IFCCARTESIANPOINT((0.,14840.,19.050000000000001));
#15184=IFCPOLYLINE((#15182,#15183));
#15185=IFCSHAPEREPRESENTATION(#12,'Axis','Curve3D',(#15184));
#15186=IFCPRODUCTDEFINITIONSHAPE($,$,(#15185));
#15187=IFCCARTESIANPOINT((0.,0.,0.));
#15188=IFCAXIS2PLACEMENT3D(#15187,#8,#9);
#15189=IFCLOCALPLACEMENT(#23,#15188);
#15190=IFCPLATE('3to8T8de5CxggsaD015mUx',$,'PB-003','Placa base Detalle 1 (0.50x0.50) e=19.05mm',$,#15189,#15186,'PB-003',$);
#15191=IFCRELASSOCIATESMATERIAL('2fzj5YmKr6evAac_IKYFFR',$,$,$,(#15190),#41);
#15192=IFCCARTESIANPOINT((0.,19510.,0.));
#15193=IFCCARTESIANPOINT((0.,19510.,19.050000000000001));
#15194=IFCPOLYLINE((#15192,#15193));
#15195=IFCSHAPEREPRESENTATION(#12,'Axis','Curve3D',(#15194));
#15196=IFCPRODUCTDEFINITIONSHAPE($,$,(#15195));
#15197=IFCCARTESIANPOINT((0.,0.,0.));
#15198=IFCAXIS2PLACEMENT3D(#15197,#8,#9);
#15199=IFCLOCALPLACEMENT(#23,#15198);
#15200=IFCPLATE('3oApUMyFb2Yu4ijB$pa$PG',$,'PB-004','Placa base Detalle 1 (0.50x0.50) e=19.05mm',$,#15199,#15196,'PB-004',$);
#15201=IFCRELASSOCIATESMATERIAL('2WGtBK2Bj2Dx_I$XuBtnYr',$,$,$,(#15200),#41);
#15202=IFCCARTESIANPOINT((6500.,5500.,0.));
#15203=IFCCARTESIANPOINT((6500.,5500.,19.050000000000001));
#15204=IFCPOLYLINE((#15202,#15203));
#15205=IFCSHAPEREPRESENTATION(#12,'Axis','Curve3D',(#15204));
#15206=IFCPRODUCTDEFINITIONSHAPE($,$,(#15205));
#15207=IFCCARTESIANPOINT((0.,0.,0.));
#15208=IFCAXIS2PLACEMENT3D(#15207,#8,#9);
#15209=IFCLOCALPLACEMENT(#23,#15208);
#15210=IFCPLATE('1T$pFYhR55ufC9UlaMTv_M',$,'PB-005','Placa base Detalle 1 (0.50x0.50) e=19.05mm',$,#15209,#15206,'PB-005',$);
#15211=IFCRELASSOCIATESMATERIAL('2VYaRyaGn60QRNi1xXSpIO',$,$,$,(#15210),#41);
#15212=IFCCARTESIANPOINT((6500.,10170.,0.));
#15213=IFCCARTESIANPOINT((6500.,10170.,19.050000000000001));
#15214=IFCPOLYLINE((#15212,#15213));
#15215=IFCSHAPEREPRESENTATION(#12,'Axis','Curve3D',(#15214));
#15216=IFCPRODUCTDEFINITIONSHAPE($,$,(#15215));
#15217=IFCCARTESIANPOINT((0.,0.,0.));
#15218=IFCAXIS2PLACEMENT3D(#15217,#8,#9);
#15219=IFCLOCALPLACEMENT(#23,#15218);
#15220=IFCPLATE('143ARwNGHETBWswp43m6sz',$,'PB-006','Placa base Detalle 1 (0.50x0.50) e=19.05mm',$,#15219,#15216,'PB-006',$);
#15221=IFCRELASSOCIATESMATERIAL('3zfVk3Cpn30eUwtXeq9DXW',$,$,$,(#15220),#41);
#15222=IFCCARTESIANPOINT((6500.,14840.,0.));
#15223=IFCCARTESIANPOINT((6500.,14840.,19.050000000000001));
#15224=IFCPOLYLINE((#15222,#15223));
#15225=IFCSHAPEREPRESENTATION(#12,'Axis','Curve3D',(#15224));
#15226=IFCPRODUCTDEFINITIONSHAPE($,$,(#15225));
#15227=IFCCARTESIANPOINT((0.,0.,0.));
#15228=IFCAXIS2PLACEMENT3D(#15227,#8,#9);
#15229=IFCLOCALPLACEMENT(#23,#15228);
#15230=IFCPLATE('2QpY$yujvBOx6Wqzmmep2O',$,'PB-007','Placa base Detalle 1 (0.50x0.50) e=19.05mm',$,#15229,#15226,'PB-007',$);
#15231=IFCRELASSOCIATESMATERIAL('1DzZYCYRj1fgbUe0_7QALf',$,$,$,(#15230),#41);
#15232=IFCCARTESIANPOINT((6500.,19510.,0.));
#15233=IFCCARTESIANPOINT((6500.,19510.,19.050000000000001));
#15234=IFCPOLYLINE((#15232,#15233));
#15235=IFCSHAPEREPRESENTATION(#12,'Axis','Curve3D',(#15234));
#15236=IFCPRODUCTDEFINITIONSHAPE($,$,(#15235));
#15237=IFCCARTESIANPOINT((0.,0.,0.));
#15238=IFCAXIS2PLACEMENT3D(#15237,#8,#9);
#15239=IFCLOCALPLACEMENT(#23,#15238);
#15240=IFCPLATE('0ipAPGT4b9lhV4jAoRC5NX',$,'PB-008','Placa base Detalle 1 (0.50x0.50) e=19.05mm',$,#15239,#15236,'PB-008',$);
#15241=IFCRELASSOCIATESMATERIAL('2CiuBNoz56ofTJebYpzp9n',$,$,$,(#15240),#41);
#15242=IFCCARTESIANPOINT((13000.,5500.,0.));
#15243=IFCCARTESIANPOINT((13000.,5500.,19.050000000000001));
#15244=IFCPOLYLINE((#15242,#15243));
#15245=IFCSHAPEREPRESENTATION(#12,'Axis','Curve3D',(#15244));
#15246=IFCPRODUCTDEFINITIONSHAPE($,$,(#15245));
#15247=IFCCARTESIANPOINT((0.,0.,0.));
#15248=IFCAXIS2PLACEMENT3D(#15247,#8,#9);
#15249=IFCLOCALPLACEMENT(#23,#15248);
#15250=IFCPLATE('0XxqX0FBjE5RYVmIqkLn0h',$,'PB-009','Placa base Detalle 1 (0.50x0.50) e=19.05mm',$,#15249,#15246,'PB-009',$);
#15251=IFCRELASSOCIATESMATERIAL('3eAplwqE56SBhTY8v5pvuz',$,$,$,(#15250),#41);
#15252=IFCCARTESIANPOINT((13000.,10170.,0.));
#15253=IFCCARTESIANPOINT((13000.,10170.,19.050000000000001));
#15254=IFCPOLYLINE((#15252,#15253));
#15255=IFCSHAPEREPRESENTATION(#12,'Axis','Curve3D',(#15254));
#15256=IFCPRODUCTDEFINITIONSHAPE($,$,(#15255));
#15257=IFCCARTESIANPOINT((0.,0.,0.));
#15258=IFCAXIS2PLACEMENT3D(#15257,#8,#9);
#15259=IFCLOCALPLACEMENT(#23,#15258);
#15260=IFCPLATE('2q9Y3qC590vvaG_D9uW7Mx',$,'PB-010','Placa base Detalle 1 (0.50x0.50) e=19.05mm',$,#15259,#15256,'PB-010',$);
#15261=IFCRELASSOCIATESMATERIAL('045Ub3xPj1VvG4M31dnp2x',$,$,$,(#15260),#41);
#15262=IFCCARTESIANPOINT((13000.,14840.,0.));
#15263=IFCCARTESIANPOINT((13000.,14840.,19.050000000000001));
#15264=IFCPOLYLINE((#15262,#15263));
#15265=IFCSHAPEREPRESENTATION(#12,'Axis','Curve3D',(#15264));
#15266=IFCPRODUCTDEFINITIONSHAPE($,$,(#15265));
#15267=IFCCARTESIANPOINT((0.,0.,0.));
#15268=IFCAXIS2PLACEMENT3D(#15267,#8,#9);
#15269=IFCLOCALPLACEMENT(#23,#15268);
#15270=IFCPLATE('1FTv$9ZEH6cvSTf4Y1yXgN',$,'PB-011','Placa base Detalle 1 (0.50x0.50) e=19.05mm',$,#15269,#15266,'PB-011',$);
#15271=IFCRELASSOCIATESMATERIAL('0mBzoKbrX1jP5rpaUpQVo3',$,$,$,(#15270),#41);
#15272=IFCCARTESIANPOINT((13000.,19510.,0.));
#15273=IFCCARTESIANPOINT((13000.,19510.,19.050000000000001));
#15274=IFCPOLYLINE((#15272,#15273));
#15275=IFCSHAPEREPRESENTATION(#12,'Axis','Curve3D',(#15274));
#15276=IFCPRODUCTDEFINITIONSHAPE($,$,(#15275));
#15277=IFCCARTESIANPOINT((0.,0.,0.));
#15278=IFCAXIS2PLACEMENT3D(#15277,#8,#9);
#15279=IFCLOCALPLACEMENT(#23,#15278);
#15280=IFCPLATE('2OBf844qX5MwOFRyWMT6l7',$,'PB-012','Placa base Detalle 1 (0.50x0.50) e=19.05mm',$,#15279,#15276,'PB-012',$);
#15281=IFCRELASSOCIATESMATERIAL('2q6XfbAgD1NPxYaFsUBBij',$,$,$,(#15280),#41);
#15282=IFCCARTESIANPOINT((19500.,5500.,0.));
#15283=IFCCARTESIANPOINT((19500.,5500.,19.050000000000001));
#15284=IFCPOLYLINE((#15282,#15283));
#15285=IFCSHAPEREPRESENTATION(#12,'Axis','Curve3D',(#15284));
#15286=IFCPRODUCTDEFINITIONSHAPE($,$,(#15285));
#15287=IFCCARTESIANPOINT((0.,0.,0.));
#15288=IFCAXIS2PLACEMENT3D(#15287,#8,#9);
#15289=IFCLOCALPLACEMENT(#23,#15288);
#15290=IFCPLATE('3di0mEhY57q9cDUZqJgKYd',$,'PB-013','Placa base Detalle 1 (0.50x0.50) e=19.05mm',$,#15289,#15286,'PB-013',$);
#15291=IFCRELASSOCIATESMATERIAL('0GQ4EUdNPA2hPz0oCc3RW4',$,$,$,(#15290),#41);
#15292=IFCCARTESIANPOINT((19500.,10170.,0.));
#15293=IFCCARTESIANPOINT((19500.,10170.,19.050000000000001));
#15294=IFCPOLYLINE((#15292,#15293));
#15295=IFCSHAPEREPRESENTATION(#12,'Axis','Curve3D',(#15294));
#15296=IFCPRODUCTDEFINITIONSHAPE($,$,(#15295));
#15297=IFCCARTESIANPOINT((0.,0.,0.));
#15298=IFCAXIS2PLACEMENT3D(#15297,#8,#9);
#15299=IFCLOCALPLACEMENT(#23,#15298);
#15300=IFCPLATE('1p8eBh28j54ho$y2TtC8dE',$,'PB-014','Placa base Detalle 1 (0.50x0.50) e=19.05mm',$,#15299,#15296,'PB-014',$);
#15301=IFCRELASSOCIATESMATERIAL('1IXOpKlxz7Gx3bMPVReffG',$,$,$,(#15300),#41);
#15302=IFCCARTESIANPOINT((19500.,14840.,0.));
#15303=IFCCARTESIANPOINT((19500.,14840.,19.050000000000001));
#15304=IFCPOLYLINE((#15302,#15303));
#15305=IFCSHAPEREPRESENTATION(#12,'Axis','Curve3D',(#15304));
#15306=IFCPRODUCTDEFINITIONSHAPE($,$,(#15305));
#15307=IFCCARTESIANPOINT((0.,0.,0.));
#15308=IFCAXIS2PLACEMENT3D(#15307,#8,#9);
#15309=IFCLOCALPLACEMENT(#23,#15308);
#15310=IFCPLATE('2YObWnOhPF5vU5QukBUznT',$,'PB-015','Placa base Detalle 1 (0.50x0.50) e=19.05mm',$,#15309,#15306,'PB-015',$);
#15311=IFCRELASSOCIATESMATERIAL('1uN_y9X$55D8i2jO$rMwdx',$,$,$,(#15310),#41);
#15312=IFCCARTESIANPOINT((19500.,19510.,0.));
#15313=IFCCARTESIANPOINT((19500.,19510.,19.050000000000001));
#15314=IFCPOLYLINE((#15312,#15313));
#15315=IFCSHAPEREPRESENTATION(#12,'Axis','Curve3D',(#15314));
#15316=IFCPRODUCTDEFINITIONSHAPE($,$,(#15315));
#15317=IFCCARTESIANPOINT((0.,0.,0.));
#15318=IFCAXIS2PLACEMENT3D(#15317,#8,#9);
#15319=IFCLOCALPLACEMENT(#23,#15318);
#15320=IFCPLATE('06XALevgb4jws6eACl4$82',$,'PB-016','Placa base Detalle 1 (0.50x0.50) e=19.05mm',$,#15319,#15316,'PB-016',$);
#15321=IFCRELASSOCIATESMATERIAL('1P3$plPBz2uhZk6b$XdMi$',$,$,$,(#15320),#41);
#15322=IFCCARTESIANPOINT((26000.,5500.,0.));
#15323=IFCCARTESIANPOINT((26000.,5500.,19.050000000000001));
#15324=IFCPOLYLINE((#15322,#15323));
#15325=IFCSHAPEREPRESENTATION(#12,'Axis','Curve3D',(#15324));
#15326=IFCPRODUCTDEFINITIONSHAPE($,$,(#15325));
#15327=IFCCARTESIANPOINT((0.,0.,0.));
#15328=IFCAXIS2PLACEMENT3D(#15327,#8,#9);
#15329=IFCLOCALPLACEMENT(#23,#15328);
#15330=IFCPLATE('0eVQ0LY5vEpR1FAHngCM5n',$,'PB-017','Placa base Detalle 1 (0.50x0.50) e=19.05mm',$,#15329,#15326,'PB-017',$);
#15331=IFCRELASSOCIATESMATERIAL('1lvDu$V1DBSPkPBT6$else',$,$,$,(#15330),#41);
#15332=IFCCARTESIANPOINT((26000.,10170.,0.));
#15333=IFCCARTESIANPOINT((26000.,10170.,19.050000000000001));
#15334=IFCPOLYLINE((#15332,#15333));
#15335=IFCSHAPEREPRESENTATION(#12,'Axis','Curve3D',(#15334));
#15336=IFCPRODUCTDEFINITIONSHAPE($,$,(#15335));
#15337=IFCCARTESIANPOINT((0.,0.,0.));
#15338=IFCAXIS2PLACEMENT3D(#15337,#8,#9);
#15339=IFCLOCALPLACEMENT(#23,#15338);
#15340=IFCPLATE('0EFyX1JAv0iBQmwq0jaJ7y',$,'PB-018','Placa base Detalle 1 (0.50x0.50) e=19.05mm',$,#15339,#15336,'PB-018',$);
#15341=IFCRELASSOCIATESMATERIAL('1x$u5JrJf8SBkkEY_qNE09',$,$,$,(#15340),#41);
#15342=IFCCARTESIANPOINT((26000.,14840.,0.));
#15343=IFCCARTESIANPOINT((26000.,14840.,19.050000000000001));
#15344=IFCPOLYLINE((#15342,#15343));
#15345=IFCSHAPEREPRESENTATION(#12,'Axis','Curve3D',(#15344));
#15346=IFCPRODUCTDEFINITIONSHAPE($,$,(#15345));
#15347=IFCCARTESIANPOINT((0.,0.,0.));
#15348=IFCAXIS2PLACEMENT3D(#15347,#8,#9);
#15349=IFCLOCALPLACEMENT(#23,#15348);
#15350=IFCPLATE('35psPGpSb4TfTJRkCFre3H',$,'PB-019','Placa base Detalle 1 (0.50x0.50) e=19.05mm',$,#15349,#15346,'PB-019',$);
#15351=IFCRELASSOCIATESMATERIAL('0FW8sYHur1GRal0GTmLrst',$,$,$,(#15350),#41);
#15352=IFCCARTESIANPOINT((26000.,19510.,0.));
#15353=IFCCARTESIANPOINT((26000.,19510.,19.050000000000001));
#15354=IFCPOLYLINE((#15352,#15353));
#15355=IFCSHAPEREPRESENTATION(#12,'Axis','Curve3D',(#15354));
#15356=IFCPRODUCTDEFINITIONSHAPE($,$,(#15355));
#15357=IFCCARTESIANPOINT((0.,0.,0.));
#15358=IFCAXIS2PLACEMENT3D(#15357,#8,#9);
#15359=IFCLOCALPLACEMENT(#23,#15358);
#15360=IFCPLATE('3E3hOcO697OgoXjNAgm43O',$,'PB-020','Placa base Detalle 1 (0.50x0.50) e=19.05mm',$,#15359,#15356,'PB-020',$);
#15361=IFCRELASSOCIATESMATERIAL('2vaRpwurn0gPUUBYGeP8Ju',$,$,$,(#15360),#41);
#15362=IFCCARTESIANPOINT((32500.,5500.,0.));
#15363=IFCCARTESIANPOINT((32500.,5500.,19.050000000000001));
#15364=IFCPOLYLINE((#15362,#15363));
#15365=IFCSHAPEREPRESENTATION(#12,'Axis','Curve3D',(#15364));
#15366=IFCPRODUCTDEFINITIONSHAPE($,$,(#15365));
#15367=IFCCARTESIANPOINT((0.,0.,0.));
#15368=IFCAXIS2PLACEMENT3D(#15367,#8,#9);
#15369=IFCLOCALPLACEMENT(#23,#15368);
#15370=IFCPLATE('0TgGcAG1LDwBeTQlWRqIlE',$,'PB-021','Placa base Detalle 1 (0.50x0.50) e=19.05mm',$,#15369,#15366,'PB-021',$);
#15371=IFCRELASSOCIATESMATERIAL('38HMpm6bzCcvhaU8FfLl49',$,$,$,(#15370),#41);
#15372=IFCCARTESIANPOINT((32500.,10170.,0.));
#15373=IFCCARTESIANPOINT((32500.,10170.,19.050000000000001));
#15374=IFCPOLYLINE((#15372,#15373));
#15375=IFCSHAPEREPRESENTATION(#12,'Axis','Curve3D',(#15374));
#15376=IFCPRODUCTDEFINITIONSHAPE($,$,(#15375));
#15377=IFCCARTESIANPOINT((0.,0.,0.));
#15378=IFCAXIS2PLACEMENT3D(#15377,#8,#9);
#15379=IFCLOCALPLACEMENT(#23,#15378);
#15380=IFCPLATE('2MHMBhCHT2rw_ske37gO6Z',$,'PB-022','Placa base Detalle 1 (0.50x0.50) e=19.05mm',$,#15379,#15376,'PB-022',$);
#15381=IFCRELASSOCIATESMATERIAL('2turqwRnP9wATJg6lP8eL8',$,$,$,(#15380),#41);
#15382=IFCCARTESIANPOINT((32500.,14840.,0.));
#15383=IFCCARTESIANPOINT((32500.,14840.,19.050000000000001));
#15384=IFCPOLYLINE((#15382,#15383));
#15385=IFCSHAPEREPRESENTATION(#12,'Axis','Curve3D',(#15384));
#15386=IFCPRODUCTDEFINITIONSHAPE($,$,(#15385));
#15387=IFCCARTESIANPOINT((0.,0.,0.));
#15388=IFCAXIS2PLACEMENT3D(#15387,#8,#9);
#15389=IFCLOCALPLACEMENT(#23,#15388);
#15390=IFCPLATE('2Ke9mLW556Sh5lv5m1O_GJ',$,'PB-023','Placa base Detalle 1 (0.50x0.50) e=19.05mm',$,#15389,#15386,'PB-023',$);
#15391=IFCRELASSOCIATESMATERIAL('1pS4v6hZX3PvLTmK6aE_wQ',$,$,$,(#15390),#41);
#15392=IFCCARTESIANPOINT((32500.,19510.,0.));
#15393=IFCCARTESIANPOINT((32500.,19510.,19.050000000000001));
#15394=IFCPOLYLINE((#15392,#15393));
#15395=IFCSHAPEREPRESENTATION(#12,'Axis','Curve3D',(#15394));
#15396=IFCPRODUCTDEFINITIONSHAPE($,$,(#15395));
#15397=IFCCARTESIANPOINT((0.,0.,0.));
#15398=IFCAXIS2PLACEMENT3D(#15397,#8,#9);
#15399=IFCLOCALPLACEMENT(#23,#15398);
#15400=IFCPLATE('3zR7aIejL2YOQNaNd4n2Zd',$,'PB-024','Placa base Detalle 1 (0.50x0.50) e=19.05mm',$,#15399,#15396,'PB-024',$);
#15401=IFCRELASSOCIATESMATERIAL('2glM_fMbPFZRbqaz7n66y$',$,$,$,(#15400),#41);
#15402=IFCCARTESIANPOINT((39000.,5500.,0.));
#15403=IFCCARTESIANPOINT((39000.,5500.,19.050000000000001));
#15404=IFCPOLYLINE((#15402,#15403));
#15405=IFCSHAPEREPRESENTATION(#12,'Axis','Curve3D',(#15404));
#15406=IFCPRODUCTDEFINITIONSHAPE($,$,(#15405));
#15407=IFCCARTESIANPOINT((0.,0.,0.));
#15408=IFCAXIS2PLACEMENT3D(#15407,#8,#9);
#15409=IFCLOCALPLACEMENT(#23,#15408);
#15410=IFCPLATE('3wVio0ZOr7ye_YJX2pKc3f',$,'PB-025','Placa base Detalle 1 (0.50x0.50) e=19.05mm',$,#15409,#15406,'PB-025',$);
#15411=IFCRELASSOCIATESMATERIAL('1dm0WqI4n1dgim8KmS492g',$,$,$,(#15410),#41);
#15412=IFCCARTESIANPOINT((39000.,10170.,0.));
#15413=IFCCARTESIANPOINT((39000.,10170.,19.050000000000001));
#15414=IFCPOLYLINE((#15412,#15413));
#15415=IFCSHAPEREPRESENTATION(#12,'Axis','Curve3D',(#15414));
#15416=IFCPRODUCTDEFINITIONSHAPE($,$,(#15415));
#15417=IFCCARTESIANPOINT((0.,0.,0.));
#15418=IFCAXIS2PLACEMENT3D(#15417,#8,#9);
#15419=IFCLOCALPLACEMENT(#23,#15418);
#15420=IFCPLATE('0vmtiDBR57gvL0JFZAJDuT',$,'PB-026','Placa base Detalle 1 (0.50x0.50) e=19.05mm',$,#15419,#15416,'PB-026',$);
#15421=IFCRELASSOCIATESMATERIAL('0OlEf8qMj6BQYpTdhpOJqz',$,$,$,(#15420),#41);
#15422=IFCCARTESIANPOINT((39000.,14840.,0.));
#15423=IFCCARTESIANPOINT((39000.,14840.,19.050000000000001));
#15424=IFCPOLYLINE((#15422,#15423));
#15425=IFCSHAPEREPRESENTATION(#12,'Axis','Curve3D',(#15424));
#15426=IFCPRODUCTDEFINITIONSHAPE($,$,(#15425));
#15427=IFCCARTESIANPOINT((0.,0.,0.));
#15428=IFCAXIS2PLACEMENT3D(#15427,#8,#9);
#15429=IFCLOCALPLACEMENT(#23,#15428);
#15430=IFCPLATE('2SoH3p$1bEhx73sHyGdeue',$,'PB-027','Placa base Detalle 1 (0.50x0.50) e=19.05mm',$,#15429,#15426,'PB-027',$);
#15431=IFCRELASSOCIATESMATERIAL('1DJNG17iH5XRIKEW_BQGeK',$,$,$,(#15430),#41);
#15432=IFCCARTESIANPOINT((39000.,19510.,0.));
#15433=IFCCARTESIANPOINT((39000.,19510.,19.050000000000001));
#15434=IFCPOLYLINE((#15432,#15433));
#15435=IFCSHAPEREPRESENTATION(#12,'Axis','Curve3D',(#15434));
#15436=IFCPRODUCTDEFINITIONSHAPE($,$,(#15435));
#15437=IFCCARTESIANPOINT((0.,0.,0.));
#15438=IFCAXIS2PLACEMENT3D(#15437,#8,#9);
#15439=IFCLOCALPLACEMENT(#23,#15438);
#15440=IFCPLATE('04Td0LY7bEdu25wS9XYgQe',$,'PB-028','Placa base Detalle 1 (0.50x0.50) e=19.05mm',$,#15439,#15436,'PB-028',$);
#15441=IFCRELASSOCIATESMATERIAL('0zToLP3FD19P2NniyNgzO_',$,$,$,(#15440),#41);
#15442=IFCCARTESIANPOINT((39000.,0.,0.));
#15443=IFCCARTESIANPOINT((39000.,0.,19.050000000000001));
#15444=IFCPOLYLINE((#15442,#15443));
#15445=IFCSHAPEREPRESENTATION(#12,'Axis','Curve3D',(#15444));
#15446=IFCPRODUCTDEFINITIONSHAPE($,$,(#15445));
#15447=IFCCARTESIANPOINT((0.,0.,0.));
#15448=IFCAXIS2PLACEMENT3D(#15447,#8,#9);
#15449=IFCLOCALPLACEMENT(#23,#15448);
#15450=IFCPLATE('1R01B0bsz7XwFwwv$ix9u2',$,'PB-029','Placa base Detalle 1 (0.50x0.50) e=19.05mm',$,#15449,#15446,'PB-029',$);
#15451=IFCRELASSOCIATESMATERIAL('0Hky2rRETAPwm4LYCcF2vT',$,$,$,(#15450),#41);
#15452=IFCCARTESIANPOINT((45500.,5500.,0.));
#15453=IFCCARTESIANPOINT((45500.,5500.,19.050000000000001));
#15454=IFCPOLYLINE((#15452,#15453));
#15455=IFCSHAPEREPRESENTATION(#12,'Axis','Curve3D',(#15454));
#15456=IFCPRODUCTDEFINITIONSHAPE($,$,(#15455));
#15457=IFCCARTESIANPOINT((0.,0.,0.));
#15458=IFCAXIS2PLACEMENT3D(#15457,#8,#9);
#15459=IFCLOCALPLACEMENT(#23,#15458);
#15460=IFCPLATE('0dyfQB2WX7Ng3aWnfM6QsK',$,'PB-030','Placa base Detalle 1 (0.50x0.50) e=19.05mm',$,#15459,#15456,'PB-030',$);
#15461=IFCRELASSOCIATESMATERIAL('2ckFknq555BvIzxM5Rz8sZ',$,$,$,(#15460),#41);
#15462=IFCCARTESIANPOINT((45500.,10170.,0.));
#15463=IFCCARTESIANPOINT((45500.,10170.,19.050000000000001));
#15464=IFCPOLYLINE((#15462,#15463));
#15465=IFCSHAPEREPRESENTATION(#12,'Axis','Curve3D',(#15464));
#15466=IFCPRODUCTDEFINITIONSHAPE($,$,(#15465));
#15467=IFCCARTESIANPOINT((0.,0.,0.));
#15468=IFCAXIS2PLACEMENT3D(#15467,#8,#9);
#15469=IFCLOCALPLACEMENT(#23,#15468);
#15470=IFCPLATE('2McNyrCFv5Uh2chDGipdAH',$,'PB-031','Placa base Detalle 1 (0.50x0.50) e=19.05mm',$,#15469,#15466,'PB-031',$);
#15471=IFCRELASSOCIATESMATERIAL('1Jjk_tz3f0FPu1Els0x9pm',$,$,$,(#15470),#41);
#15472=IFCCARTESIANPOINT((45500.,14840.,0.));
#15473=IFCCARTESIANPOINT((45500.,14840.,19.050000000000001));
#15474=IFCPOLYLINE((#15472,#15473));
#15475=IFCSHAPEREPRESENTATION(#12,'Axis','Curve3D',(#15474));
#15476=IFCPRODUCTDEFINITIONSHAPE($,$,(#15475));
#15477=IFCCARTESIANPOINT((0.,0.,0.));
#15478=IFCAXIS2PLACEMENT3D(#15477,#8,#9);
#15479=IFCLOCALPLACEMENT(#23,#15478);
#15480=IFCPLATE('3HJCow_XH6WP20YAMtppfo',$,'PB-032','Placa base Detalle 1 (0.50x0.50) e=19.05mm',$,#15479,#15476,'PB-032',$);
#15481=IFCRELASSOCIATESMATERIAL('2ct1X_Am56dfiNKuZREcjk',$,$,$,(#15480),#41);
#15482=IFCCARTESIANPOINT((45500.,19510.,0.));
#15483=IFCCARTESIANPOINT((45500.,19510.,19.050000000000001));
#15484=IFCPOLYLINE((#15482,#15483));
#15485=IFCSHAPEREPRESENTATION(#12,'Axis','Curve3D',(#15484));
#15486=IFCPRODUCTDEFINITIONSHAPE($,$,(#15485));
#15487=IFCCARTESIANPOINT((0.,0.,0.));
#15488=IFCAXIS2PLACEMENT3D(#15487,#8,#9);
#15489=IFCLOCALPLACEMENT(#23,#15488);
#15490=IFCPLATE('1RWNgtcyrEJhiI3M2asJPr',$,'PB-033','Placa base Detalle 1 (0.50x0.50) e=19.05mm',$,#15489,#15486,'PB-033',$);
#15491=IFCRELASSOCIATESMATERIAL('0BxcOETS58UPcHPzsA1Oet',$,$,$,(#15490),#41);
#15492=IFCCARTESIANPOINT((45500.,0.,0.));
#15493=IFCCARTESIANPOINT((45500.,0.,19.050000000000001));
#15494=IFCPOLYLINE((#15492,#15493));
#15495=IFCSHAPEREPRESENTATION(#12,'Axis','Curve3D',(#15494));
#15496=IFCPRODUCTDEFINITIONSHAPE($,$,(#15495));
#15497=IFCCARTESIANPOINT((0.,0.,0.));
#15498=IFCAXIS2PLACEMENT3D(#15497,#8,#9);
#15499=IFCLOCALPLACEMENT(#23,#15498);
#15500=IFCPLATE('1qlPbtf815fPo3OznlUK85',$,'PB-034','Placa base Detalle 1 (0.50x0.50) e=19.05mm',$,#15499,#15496,'PB-034',$);
#15501=IFCRELASSOCIATESMATERIAL('1USUhbGy514Bv8gK5rxTxJ',$,$,$,(#15500),#41);
#15502=IFCCARTESIANPOINT((52000.,5500.,0.));
#15503=IFCCARTESIANPOINT((52000.,5500.,19.050000000000001));
#15504=IFCPOLYLINE((#15502,#15503));
#15505=IFCSHAPEREPRESENTATION(#12,'Axis','Curve3D',(#15504));
#15506=IFCPRODUCTDEFINITIONSHAPE($,$,(#15505));
#15507=IFCCARTESIANPOINT((0.,0.,0.));
#15508=IFCAXIS2PLACEMENT3D(#15507,#8,#9);
#15509=IFCLOCALPLACEMENT(#23,#15508);
#15510=IFCPLATE('1dKKcs7_f0zQapbk9_dQW1',$,'PB-035','Placa base Detalle 2 (0.95x0.50) e=19.05mm',$,#15509,#15506,'PB-035',$);
#15511=IFCRELASSOCIATESMATERIAL('0oKVsnoAf3zAj1MKV26ben',$,$,$,(#15510),#41);
#15512=IFCCARTESIANPOINT((52000.,10170.,0.));
#15513=IFCCARTESIANPOINT((52000.,10170.,19.050000000000001));
#15514=IFCPOLYLINE((#15512,#15513));
#15515=IFCSHAPEREPRESENTATION(#12,'Axis','Curve3D',(#15514));
#15516=IFCPRODUCTDEFINITIONSHAPE($,$,(#15515));
#15517=IFCCARTESIANPOINT((0.,0.,0.));
#15518=IFCAXIS2PLACEMENT3D(#15517,#8,#9);
#15519=IFCLOCALPLACEMENT(#23,#15518);
#15520=IFCPLATE('2OIgm1s9L8eR2Le3dlFK$Y',$,'PB-036','Placa base Detalle 2 (0.95x0.50) e=19.05mm',$,#15519,#15516,'PB-036',$);
#15521=IFCRELASSOCIATESMATERIAL('1pq6zwDbr3CQmNND5phgr4',$,$,$,(#15520),#41);
#15522=IFCCARTESIANPOINT((52000.,14840.,0.));
#15523=IFCCARTESIANPOINT((52000.,14840.,19.050000000000001));
#15524=IFCPOLYLINE((#15522,#15523));
#15525=IFCSHAPEREPRESENTATION(#12,'Axis','Curve3D',(#15524));
#15526=IFCPRODUCTDEFINITIONSHAPE($,$,(#15525));
#15527=IFCCARTESIANPOINT((0.,0.,0.));
#15528=IFCAXIS2PLACEMENT3D(#15527,#8,#9);
#15529=IFCLOCALPLACEMENT(#23,#15528);
#15530=IFCPLATE('0T_MPzp1T7mvvj13Db7zeT',$,'PB-037','Placa base Detalle 2 (0.95x0.50) e=19.05mm',$,#15529,#15526,'PB-037',$);
#15531=IFCRELASSOCIATESMATERIAL('2tq$yxxrrDeQ2Ck0OlZF1b',$,$,$,(#15530),#41);
#15532=IFCCARTESIANPOINT((52000.,19510.,0.));
#15533=IFCCARTESIANPOINT((52000.,19510.,19.050000000000001));
#15534=IFCPOLYLINE((#15532,#15533));
#15535=IFCSHAPEREPRESENTATION(#12,'Axis','Curve3D',(#15534));
#15536=IFCPRODUCTDEFINITIONSHAPE($,$,(#15535));
#15537=IFCCARTESIANPOINT((0.,0.,0.));
#15538=IFCAXIS2PLACEMENT3D(#15537,#8,#9);
#15539=IFCLOCALPLACEMENT(#23,#15538);
#15540=IFCPLATE('2gzarc7I12GflU8AtjW0C1',$,'PB-038','Placa base Detalle 2 (0.95x0.50) e=19.05mm',$,#15539,#15536,'PB-038',$);
#15541=IFCRELASSOCIATESMATERIAL('3aoZd7OD9Bcu0lOFOrTM5R',$,$,$,(#15540),#41);
#15542=IFCCARTESIANPOINT((52000.,0.,0.));
#15543=IFCCARTESIANPOINT((52000.,0.,19.050000000000001));
#15544=IFCPOLYLINE((#15542,#15543));
#15545=IFCSHAPEREPRESENTATION(#12,'Axis','Curve3D',(#15544));
#15546=IFCPRODUCTDEFINITIONSHAPE($,$,(#15545));
#15547=IFCCARTESIANPOINT((0.,0.,0.));
#15548=IFCAXIS2PLACEMENT3D(#15547,#8,#9);
#15549=IFCLOCALPLACEMENT(#23,#15548);
#15550=IFCPLATE('2ZuXbFC795fwgWbIh5SJoa',$,'PB-039','Placa base Detalle 2 (0.95x0.50) e=19.05mm',$,#15549,#15546,'PB-039',$);
#15551=IFCRELASSOCIATESMATERIAL('09yRGC2BXCzO1YEj68Qe9y',$,$,$,(#15550),#41);
#15552=IFCCARTESIANPOINT((56050.,5500.,0.));
#15553=IFCCARTESIANPOINT((56050.,5500.,19.050000000000001));
#15554=IFCPOLYLINE((#15552,#15553));
#15555=IFCSHAPEREPRESENTATION(#12,'Axis','Curve3D',(#15554));
#15556=IFCPRODUCTDEFINITIONSHAPE($,$,(#15555));
#15557=IFCCARTESIANPOINT((0.,0.,0.));
#15558=IFCAXIS2PLACEMENT3D(#15557,#8,#9);
#15559=IFCLOCALPLACEMENT(#23,#15558);
#15560=IFCPLATE('2vqvT34jvC1uLKmYcTKClU',$,'PB-040','Placa base Detalle 2 (0.95x0.50) e=19.05mm',$,#15559,#15556,'PB-040',$);
#15561=IFCRELASSOCIATESMATERIAL('2d6pC9weX5GRjlgf_bNIVJ',$,$,$,(#15560),#41);
#15562=IFCCARTESIANPOINT((56050.,10170.,0.));
#15563=IFCCARTESIANPOINT((56050.,10170.,19.050000000000001));
#15564=IFCPOLYLINE((#15562,#15563));
#15565=IFCSHAPEREPRESENTATION(#12,'Axis','Curve3D',(#15564));
#15566=IFCPRODUCTDEFINITIONSHAPE($,$,(#15565));
#15567=IFCCARTESIANPOINT((0.,0.,0.));
#15568=IFCAXIS2PLACEMENT3D(#15567,#8,#9);
#15569=IFCLOCALPLACEMENT(#23,#15568);
#15570=IFCPLATE('3rl9KGTBX98ODrw7JWyRph',$,'PB-041','Placa base Detalle 2 (0.95x0.50) e=19.05mm',$,#15569,#15566,'PB-041',$);
#15571=IFCRELASSOCIATESMATERIAL('1mNJOZt_D7uB0UnlBe$Fm$',$,$,$,(#15570),#41);
#15572=IFCCARTESIANPOINT((56050.,14840.,0.));
#15573=IFCCARTESIANPOINT((56050.,14840.,19.050000000000001));
#15574=IFCPOLYLINE((#15572,#15573));
#15575=IFCSHAPEREPRESENTATION(#12,'Axis','Curve3D',(#15574));
#15576=IFCPRODUCTDEFINITIONSHAPE($,$,(#15575));
#15577=IFCCARTESIANPOINT((0.,0.,0.));
#15578=IFCAXIS2PLACEMENT3D(#15577,#8,#9);
#15579=IFCLOCALPLACEMENT(#23,#15578);
#15580=IFCPLATE('31Syxa2LLFzh4EeqRRPrna',$,'PB-042','Placa base Detalle 2 (0.95x0.50) e=19.05mm',$,#15579,#15576,'PB-042',$);
#15581=IFCRELASSOCIATESMATERIAL('2k9eq_Hdr2cuwR2pyYruk8',$,$,$,(#15580),#41);
#15582=IFCCARTESIANPOINT((56050.,19510.,0.));
#15583=IFCCARTESIANPOINT((56050.,19510.,19.050000000000001));
#15584=IFCPOLYLINE((#15582,#15583));
#15585=IFCSHAPEREPRESENTATION(#12,'Axis','Curve3D',(#15584));
#15586=IFCPRODUCTDEFINITIONSHAPE($,$,(#15585));
#15587=IFCCARTESIANPOINT((0.,0.,0.));
#15588=IFCAXIS2PLACEMENT3D(#15587,#8,#9);
#15589=IFCLOCALPLACEMENT(#23,#15588);
#15590=IFCPLATE('0fkrObTrvECeiQROtVv1I3',$,'PB-043','Placa base Detalle 2 (0.95x0.50) e=19.05mm',$,#15589,#15586,'PB-043',$);
#15591=IFCRELASSOCIATESMATERIAL('3Y$_YdfErFrAMejnGcVVgo',$,$,$,(#15590),#41);
#15592=IFCCARTESIANPOINT((56050.,0.,0.));
#15593=IFCCARTESIANPOINT((56050.,0.,19.050000000000001));
#15594=IFCPOLYLINE((#15592,#15593));
#15595=IFCSHAPEREPRESENTATION(#12,'Axis','Curve3D',(#15594));
#15596=IFCPRODUCTDEFINITIONSHAPE($,$,(#15595));
#15597=IFCCARTESIANPOINT((0.,0.,0.));
#15598=IFCAXIS2PLACEMENT3D(#15597,#8,#9);
#15599=IFCLOCALPLACEMENT(#23,#15598);
#15600=IFCPLATE('1Z8iweyCH1eRkGojsIwxDI',$,'PB-044','Placa base Detalle 2 (0.95x0.50) e=19.05mm',$,#15599,#15596,'PB-044',$);
#15601=IFCRELASSOCIATESMATERIAL('3L8Ohplz1BgfcuB_T4cR0v',$,$,$,(#15600),#41);
#15602=IFCCARTESIANPOINT((62550.,5500.,0.));
#15603=IFCCARTESIANPOINT((62550.,5500.,19.050000000000001));
#15604=IFCPOLYLINE((#15602,#15603));
#15605=IFCSHAPEREPRESENTATION(#12,'Axis','Curve3D',(#15604));
#15606=IFCPRODUCTDEFINITIONSHAPE($,$,(#15605));
#15607=IFCCARTESIANPOINT((0.,0.,0.));
#15608=IFCAXIS2PLACEMENT3D(#15607,#8,#9);
#15609=IFCLOCALPLACEMENT(#23,#15608);
#15610=IFCPLATE('0AykQGUGn0bu7Uj4eKVfoP',$,'PB-045','Placa base Detalle 1 (0.50x0.50) e=19.05mm',$,#15609,#15606,'PB-045',$);
#15611=IFCRELASSOCIATESMATERIAL('1g1kmGFtrF_RM4qFp4hVcd',$,$,$,(#15610),#41);
#15612=IFCCARTESIANPOINT((62550.,10170.,0.));
#15613=IFCCARTESIANPOINT((62550.,10170.,19.050000000000001));
#15614=IFCPOLYLINE((#15612,#15613));
#15615=IFCSHAPEREPRESENTATION(#12,'Axis','Curve3D',(#15614));
#15616=IFCPRODUCTDEFINITIONSHAPE($,$,(#15615));
#15617=IFCCARTESIANPOINT((0.,0.,0.));
#15618=IFCAXIS2PLACEMENT3D(#15617,#8,#9);
#15619=IFCLOCALPLACEMENT(#23,#15618);
#15620=IFCPLATE('2olJQhxvX3bAonnMaphyrK',$,'PB-046','Placa base Detalle 1 (0.50x0.50) e=19.05mm',$,#15619,#15616,'PB-046',$);
#15621=IFCRELASSOCIATESMATERIAL('0MdfVTM5bCuhpX6cV1NdY2',$,$,$,(#15620),#41);
#15622=IFCCARTESIANPOINT((62550.,14840.,0.));
#15623=IFCCARTESIANPOINT((62550.,14840.,19.050000000000001));
#15624=IFCPOLYLINE((#15622,#15623));
#15625=IFCSHAPEREPRESENTATION(#12,'Axis','Curve3D',(#15624));
#15626=IFCPRODUCTDEFINITIONSHAPE($,$,(#15625));
#15627=IFCCARTESIANPOINT((0.,0.,0.));
#15628=IFCAXIS2PLACEMENT3D(#15627,#8,#9);
#15629=IFCLOCALPLACEMENT(#23,#15628);
#15630=IFCPLATE('2K08nxM1b4CwYI$9jCIlGu',$,'PB-047','Placa base Detalle 1 (0.50x0.50) e=19.05mm',$,#15629,#15626,'PB-047',$);
#15631=IFCRELASSOCIATESMATERIAL('3zehLz0zf3NBPqiVxlI2rn',$,$,$,(#15630),#41);
#15632=IFCCARTESIANPOINT((62550.,19510.,0.));
#15633=IFCCARTESIANPOINT((62550.,19510.,19.050000000000001));
#15634=IFCPOLYLINE((#15632,#15633));
#15635=IFCSHAPEREPRESENTATION(#12,'Axis','Curve3D',(#15634));
#15636=IFCPRODUCTDEFINITIONSHAPE($,$,(#15635));
#15637=IFCCARTESIANPOINT((0.,0.,0.));
#15638=IFCAXIS2PLACEMENT3D(#15637,#8,#9);
#15639=IFCLOCALPLACEMENT(#23,#15638);
#15640=IFCPLATE('2xHP6R56H9KPJh$VWPTthw',$,'PB-048','Placa base Detalle 1 (0.50x0.50) e=19.05mm',$,#15639,#15636,'PB-048',$);
#15641=IFCRELASSOCIATESMATERIAL('1Cs3I3VgfCYgcN5yRqSblx',$,$,$,(#15640),#41);
#15642=IFCCARTESIANPOINT((62550.,0.,0.));
#15643=IFCCARTESIANPOINT((62550.,0.,19.050000000000001));
#15644=IFCPOLYLINE((#15642,#15643));
#15645=IFCSHAPEREPRESENTATION(#12,'Axis','Curve3D',(#15644));
#15646=IFCPRODUCTDEFINITIONSHAPE($,$,(#15645));
#15647=IFCCARTESIANPOINT((0.,0.,0.));
#15648=IFCAXIS2PLACEMENT3D(#15647,#8,#9);
#15649=IFCLOCALPLACEMENT(#23,#15648);
#15650=IFCPLATE('1pxuxX6yX02f7cgd7ePr7v',$,'PB-049','Placa base Detalle 1 (0.50x0.50) e=19.05mm',$,#15649,#15646,'PB-049',$);
#15651=IFCRELASSOCIATESMATERIAL('1xQGfIoor5SBrAu8Fn48Yb',$,$,$,(#15650),#41);
#15652=IFCCARTESIANPOINT((69050.,5500.,0.));
#15653=IFCCARTESIANPOINT((69050.,5500.,19.050000000000001));
#15654=IFCPOLYLINE((#15652,#15653));
#15655=IFCSHAPEREPRESENTATION(#12,'Axis','Curve3D',(#15654));
#15656=IFCPRODUCTDEFINITIONSHAPE($,$,(#15655));
#15657=IFCCARTESIANPOINT((0.,0.,0.));
#15658=IFCAXIS2PLACEMENT3D(#15657,#8,#9);
#15659=IFCLOCALPLACEMENT(#23,#15658);
#15660=IFCPLATE('3OUoYcNTvDzu1y9N37bkou',$,'PB-050','Placa base Detalle 1 (0.50x0.50) e=19.05mm',$,#15659,#15656,'PB-050',$);
#15661=IFCRELASSOCIATESMATERIAL('0YeiN82H9EOvTHqKc5StRG',$,$,$,(#15660),#41);
#15662=IFCCARTESIANPOINT((69050.,10170.,0.));
#15663=IFCCARTESIANPOINT((69050.,10170.,19.050000000000001));
#15664=IFCPOLYLINE((#15662,#15663));
#15665=IFCSHAPEREPRESENTATION(#12,'Axis','Curve3D',(#15664));
#15666=IFCPRODUCTDEFINITIONSHAPE($,$,(#15665));
#15667=IFCCARTESIANPOINT((0.,0.,0.));
#15668=IFCAXIS2PLACEMENT3D(#15667,#8,#9);
#15669=IFCLOCALPLACEMENT(#23,#15668);
#15670=IFCPLATE('01aj9vgfX7QvYjJi54ChgO',$,'PB-051','Placa base Detalle 1 (0.50x0.50) e=19.05mm',$,#15669,#15666,'PB-051',$);
#15671=IFCRELASSOCIATESMATERIAL('2_3_cASwf7_w5vNhHe$Ith',$,$,$,(#15670),#41);
#15672=IFCCARTESIANPOINT((69050.,14840.,0.));
#15673=IFCCARTESIANPOINT((69050.,14840.,19.050000000000001));
#15674=IFCPOLYLINE((#15672,#15673));
#15675=IFCSHAPEREPRESENTATION(#12,'Axis','Curve3D',(#15674));
#15676=IFCPRODUCTDEFINITIONSHAPE($,$,(#15675));
#15677=IFCCARTESIANPOINT((0.,0.,0.));
#15678=IFCAXIS2PLACEMENT3D(#15677,#8,#9);
#15679=IFCLOCALPLACEMENT(#23,#15678);
#15680=IFCPLATE('0WaAN0Nav99g$qNJ4rU0XV',$,'PB-052','Placa base Detalle 1 (0.50x0.50) e=19.05mm',$,#15679,#15676,'PB-052',$);
#15681=IFCRELASSOCIATESMATERIAL('1Kp7vS1pTBvwkh_UGVdXKr',$,$,$,(#15680),#41);
#15682=IFCCARTESIANPOINT((69050.,19510.,0.));
#15683=IFCCARTESIANPOINT((69050.,19510.,19.050000000000001));
#15684=IFCPOLYLINE((#15682,#15683));
#15685=IFCSHAPEREPRESENTATION(#12,'Axis','Curve3D',(#15684));
#15686=IFCPRODUCTDEFINITIONSHAPE($,$,(#15685));
#15687=IFCCARTESIANPOINT((0.,0.,0.));
#15688=IFCAXIS2PLACEMENT3D(#15687,#8,#9);
#15689=IFCLOCALPLACEMENT(#23,#15688);
#15690=IFCPLATE('0G2gBgkJX248l_ogbdi43S',$,'PB-053','Placa base Detalle 1 (0.50x0.50) e=19.05mm',$,#15689,#15686,'PB-053',$);
#15691=IFCRELASSOCIATESMATERIAL('3Jb74fXxX2og8r53NVsAyr',$,$,$,(#15690),#41);
#15692=IFCCARTESIANPOINT((69050.,0.,0.));
#15693=IFCCARTESIANPOINT((69050.,0.,19.050000000000001));
#15694=IFCPOLYLINE((#15692,#15693));
#15695=IFCSHAPEREPRESENTATION(#12,'Axis','Curve3D',(#15694));
#15696=IFCPRODUCTDEFINITIONSHAPE($,$,(#15695));
#15697=IFCCARTESIANPOINT((0.,0.,0.));
#15698=IFCAXIS2PLACEMENT3D(#15697,#8,#9);
#15699=IFCLOCALPLACEMENT(#23,#15698);
#15700=IFCPLATE('09yuFZDzTEq9GRcj0ccgXF',$,'PB-054','Placa base Detalle 1 (0.50x0.50) e=19.05mm',$,#15699,#15696,'PB-054',$);
#15701=IFCRELASSOCIATESMATERIAL('3eqPgj4BbCZg6mqvhFdPLx',$,$,$,(#15700),#41);
#15702=IFCCARTESIANPOINT((75550.,5500.,0.));
#15703=IFCCARTESIANPOINT((75550.,5500.,19.050000000000001));
#15704=IFCPOLYLINE((#15702,#15703));
#15705=IFCSHAPEREPRESENTATION(#12,'Axis','Curve3D',(#15704));
#15706=IFCPRODUCTDEFINITIONSHAPE($,$,(#15705));
#15707=IFCCARTESIANPOINT((0.,0.,0.));
#15708=IFCAXIS2PLACEMENT3D(#15707,#8,#9);
#15709=IFCLOCALPLACEMENT(#23,#15708);
#15710=IFCPLATE('0n9KuXIRz4aR4jSK$23F3g',$,'PB-055','Placa base Detalle 1 (0.50x0.50) e=19.05mm',$,#15709,#15706,'PB-055',$);
#15711=IFCRELASSOCIATESMATERIAL('0BucGGe_997fpQGA2BQEd4',$,$,$,(#15710),#41);
#15712=IFCCARTESIANPOINT((75550.,10170.,0.));
#15713=IFCCARTESIANPOINT((75550.,10170.,19.050000000000001));
#15714=IFCPOLYLINE((#15712,#15713));
#15715=IFCSHAPEREPRESENTATION(#12,'Axis','Curve3D',(#15714));
#15716=IFCPRODUCTDEFINITIONSHAPE($,$,(#15715));
#15717=IFCCARTESIANPOINT((0.,0.,0.));
#15718=IFCAXIS2PLACEMENT3D(#15717,#8,#9);
#15719=IFCLOCALPLACEMENT(#23,#15718);
#15720=IFCPLATE('3awMzZdQj7busrAuqMWm8c',$,'PB-056','Placa base Detalle 1 (0.50x0.50) e=19.05mm',$,#15719,#15716,'PB-056',$);
#15721=IFCRELASSOCIATESMATERIAL('0OXmnl4A1Dw9BlxB_$6YHR',$,$,$,(#15720),#41);
#15722=IFCCARTESIANPOINT((75550.,14840.,0.));
#15723=IFCCARTESIANPOINT((75550.,14840.,19.050000000000001));
#15724=IFCPOLYLINE((#15722,#15723));
#15725=IFCSHAPEREPRESENTATION(#12,'Axis','Curve3D',(#15724));
#15726=IFCPRODUCTDEFINITIONSHAPE($,$,(#15725));
#15727=IFCCARTESIANPOINT((0.,0.,0.));
#15728=IFCAXIS2PLACEMENT3D(#15727,#8,#9);
#15729=IFCLOCALPLACEMENT(#23,#15728);
#15730=IFCPLATE('1cDvlFExbEuhBjJPIJLCpd',$,'PB-057','Placa base Detalle 1 (0.50x0.50) e=19.05mm',$,#15729,#15726,'PB-057',$);
#15731=IFCRELASSOCIATESMATERIAL('0a154BJeH7ExlZi9akIahU',$,$,$,(#15730),#41);
#15732=IFCCARTESIANPOINT((75550.,19510.,0.));
#15733=IFCCARTESIANPOINT((75550.,19510.,19.050000000000001));
#15734=IFCPOLYLINE((#15732,#15733));
#15735=IFCSHAPEREPRESENTATION(#12,'Axis','Curve3D',(#15734));
#15736=IFCPRODUCTDEFINITIONSHAPE($,$,(#15735));
#15737=IFCCARTESIANPOINT((0.,0.,0.));
#15738=IFCAXIS2PLACEMENT3D(#15737,#8,#9);
#15739=IFCLOCALPLACEMENT(#23,#15738);
#15740=IFCPLATE('1VAwl7mjnBxwOZAJb4fXHX',$,'PB-058','Placa base Detalle 1 (0.50x0.50) e=19.05mm',$,#15739,#15736,'PB-058',$);
#15741=IFCRELASSOCIATESMATERIAL('00_fjQ0gfCs8AbODkmwZwW',$,$,$,(#15740),#41);
#15742=IFCCARTESIANPOINT((75550.,0.,0.));
#15743=IFCCARTESIANPOINT((75550.,0.,19.050000000000001));
#15744=IFCPOLYLINE((#15742,#15743));
#15745=IFCSHAPEREPRESENTATION(#12,'Axis','Curve3D',(#15744));
#15746=IFCPRODUCTDEFINITIONSHAPE($,$,(#15745));
#15747=IFCCARTESIANPOINT((0.,0.,0.));
#15748=IFCAXIS2PLACEMENT3D(#15747,#8,#9);
#15749=IFCLOCALPLACEMENT(#23,#15748);
#15750=IFCPLATE('2mWmQ4lUP5RPeCt95X2R7I',$,'PB-059','Placa base Detalle 1 (0.50x0.50) e=19.05mm',$,#15749,#15746,'PB-059',$);
#15751=IFCRELASSOCIATESMATERIAL('3R46WemCP4ufiWOCIhUVGS',$,$,$,(#15750),#41);
#15752=IFCCARTESIANPOINT((82050.,5500.,0.));
#15753=IFCCARTESIANPOINT((82050.,5500.,19.050000000000001));
#15754=IFCPOLYLINE((#15752,#15753));
#15755=IFCSHAPEREPRESENTATION(#12,'Axis','Curve3D',(#15754));
#15756=IFCPRODUCTDEFINITIONSHAPE($,$,(#15755));
#15757=IFCCARTESIANPOINT((0.,0.,0.));
#15758=IFCAXIS2PLACEMENT3D(#15757,#8,#9);
#15759=IFCLOCALPLACEMENT(#23,#15758);
#15760=IFCPLATE('0x9MFLUaP2seVXEGlidNla',$,'PB-060','Placa base Detalle 1 (0.50x0.50) e=19.05mm',$,#15759,#15756,'PB-060',$);
#15761=IFCRELASSOCIATESMATERIAL('3570p1QbPCjw$wxIoCEEjK',$,$,$,(#15760),#41);
#15762=IFCCARTESIANPOINT((82050.,10170.,0.));
#15763=IFCCARTESIANPOINT((82050.,10170.,19.050000000000001));
#15764=IFCPOLYLINE((#15762,#15763));
#15765=IFCSHAPEREPRESENTATION(#12,'Axis','Curve3D',(#15764));
#15766=IFCPRODUCTDEFINITIONSHAPE($,$,(#15765));
#15767=IFCCARTESIANPOINT((0.,0.,0.));
#15768=IFCAXIS2PLACEMENT3D(#15767,#8,#9);
#15769=IFCLOCALPLACEMENT(#23,#15768);
#15770=IFCPLATE('0BaBZoa$LAiO45QhGXfRcw',$,'PB-061','Placa base Detalle 1 (0.50x0.50) e=19.05mm',$,#15769,#15766,'PB-061',$);
#15771=IFCRELASSOCIATESMATERIAL('1zaR$Hy$fA2eSvEPXyUfxQ',$,$,$,(#15770),#41);
#15772=IFCCARTESIANPOINT((82050.,14840.,0.));
#15773=IFCCARTESIANPOINT((82050.,14840.,19.050000000000001));
#15774=IFCPOLYLINE((#15772,#15773));
#15775=IFCSHAPEREPRESENTATION(#12,'Axis','Curve3D',(#15774));
#15776=IFCPRODUCTDEFINITIONSHAPE($,$,(#15775));
#15777=IFCCARTESIANPOINT((0.,0.,0.));
#15778=IFCAXIS2PLACEMENT3D(#15777,#8,#9);
#15779=IFCLOCALPLACEMENT(#23,#15778);
#15780=IFCPLATE('2zV0t18HX3VBqRi1$vQbec',$,'PB-062','Placa base Detalle 1 (0.50x0.50) e=19.05mm',$,#15779,#15776,'PB-062',$);
#15781=IFCRELASSOCIATESMATERIAL('3_cei0zHnFwgU5hBUwcX0I',$,$,$,(#15780),#41);
#15782=IFCCARTESIANPOINT((82050.,19510.,0.));
#15783=IFCCARTESIANPOINT((82050.,19510.,19.050000000000001));
#15784=IFCPOLYLINE((#15782,#15783));
#15785=IFCSHAPEREPRESENTATION(#12,'Axis','Curve3D',(#15784));
#15786=IFCPRODUCTDEFINITIONSHAPE($,$,(#15785));
#15787=IFCCARTESIANPOINT((0.,0.,0.));
#15788=IFCAXIS2PLACEMENT3D(#15787,#8,#9);
#15789=IFCLOCALPLACEMENT(#23,#15788);
#15790=IFCPLATE('1rBy2Pr9fF3P6KL_pQ6_8k',$,'PB-063','Placa base Detalle 1 (0.50x0.50) e=19.05mm',$,#15789,#15786,'PB-063',$);
#15791=IFCRELASSOCIATESMATERIAL('07YPn074X17vXX6Va2qWNO',$,$,$,(#15790),#41);
#15792=IFCCARTESIANPOINT((82050.,0.,0.));
#15793=IFCCARTESIANPOINT((82050.,0.,19.050000000000001));
#15794=IFCPOLYLINE((#15792,#15793));
#15795=IFCSHAPEREPRESENTATION(#12,'Axis','Curve3D',(#15794));
#15796=IFCPRODUCTDEFINITIONSHAPE($,$,(#15795));
#15797=IFCCARTESIANPOINT((0.,0.,0.));
#15798=IFCAXIS2PLACEMENT3D(#15797,#8,#9);
#15799=IFCLOCALPLACEMENT(#23,#15798);
#15800=IFCPLATE('1C2vnpZ_X3hf9ZaXbr2NYJ',$,'PB-064','Placa base Detalle 1 (0.50x0.50) e=19.05mm',$,#15799,#15796,'PB-064',$);
#15801=IFCRELASSOCIATESMATERIAL('0dPg2XUbb20hDbI4CKAQzF',$,$,$,(#15800),#41);
#15802=IFCCARTESIANPOINT((88550.,5500.,0.));
#15803=IFCCARTESIANPOINT((88550.,5500.,19.050000000000001));
#15804=IFCPOLYLINE((#15802,#15803));
#15805=IFCSHAPEREPRESENTATION(#12,'Axis','Curve3D',(#15804));
#15806=IFCPRODUCTDEFINITIONSHAPE($,$,(#15805));
#15807=IFCCARTESIANPOINT((0.,0.,0.));
#15808=IFCAXIS2PLACEMENT3D(#15807,#8,#9);
#15809=IFCLOCALPLACEMENT(#23,#15808);
#15810=IFCPLATE('1YQZE9tyn8d9JSRBeTPBmQ',$,'PB-065','Placa base Detalle 2 (0.95x0.50) e=19.05mm',$,#15809,#15806,'PB-065',$);
#15811=IFCRELASSOCIATESMATERIAL('2e2CJZFub1VODhYyD_MF94',$,$,$,(#15810),#41);
#15812=IFCCARTESIANPOINT((88550.,10170.,0.));
#15813=IFCCARTESIANPOINT((88550.,10170.,19.050000000000001));
#15814=IFCPOLYLINE((#15812,#15813));
#15815=IFCSHAPEREPRESENTATION(#12,'Axis','Curve3D',(#15814));
#15816=IFCPRODUCTDEFINITIONSHAPE($,$,(#15815));
#15817=IFCCARTESIANPOINT((0.,0.,0.));
#15818=IFCAXIS2PLACEMENT3D(#15817,#8,#9);
#15819=IFCLOCALPLACEMENT(#23,#15818);
#15820=IFCPLATE('1$x8KlSD53cgmPyT3E9F8P',$,'PB-066','Placa base Detalle 2 (0.95x0.50) e=19.05mm',$,#15819,#15816,'PB-066',$);
#15821=IFCRELASSOCIATESMATERIAL('0TsyBbMwLF1hHkVeaWYSAO',$,$,$,(#15820),#41);
#15822=IFCCARTESIANPOINT((88550.,14840.,0.));
#15823=IFCCARTESIANPOINT((88550.,14840.,19.050000000000001));
#15824=IFCPOLYLINE((#15822,#15823));
#15825=IFCSHAPEREPRESENTATION(#12,'Axis','Curve3D',(#15824));
#15826=IFCPRODUCTDEFINITIONSHAPE($,$,(#15825));
#15827=IFCCARTESIANPOINT((0.,0.,0.));
#15828=IFCAXIS2PLACEMENT3D(#15827,#8,#9);
#15829=IFCLOCALPLACEMENT(#23,#15828);
#15830=IFCPLATE('0hjTxRnjHEfO8uuigNJi14',$,'PB-067','Placa base Detalle 2 (0.95x0.50) e=19.05mm',$,#15829,#15826,'PB-067',$);
#15831=IFCRELASSOCIATESMATERIAL('3R0vLMWa5FNukGWuyRRqMT',$,$,$,(#15830),#41);
#15832=IFCCARTESIANPOINT((88550.,19510.,0.));
#15833=IFCCARTESIANPOINT((88550.,19510.,19.050000000000001));
#15834=IFCPOLYLINE((#15832,#15833));
#15835=IFCSHAPEREPRESENTATION(#12,'Axis','Curve3D',(#15834));
#15836=IFCPRODUCTDEFINITIONSHAPE($,$,(#15835));
#15837=IFCCARTESIANPOINT((0.,0.,0.));
#15838=IFCAXIS2PLACEMENT3D(#15837,#8,#9);
#15839=IFCLOCALPLACEMENT(#23,#15838);
#15840=IFCPLATE('2T4a5602z2XgqO0hyFJWgz',$,'PB-068','Placa base Detalle 2 (0.95x0.50) e=19.05mm',$,#15839,#15836,'PB-068',$);
#15841=IFCRELASSOCIATESMATERIAL('3G7wKewE5D6Rnp916CTh3P',$,$,$,(#15840),#41);
#15842=IFCCARTESIANPOINT((88550.,0.,0.));
#15843=IFCCARTESIANPOINT((88550.,0.,19.050000000000001));
#15844=IFCPOLYLINE((#15842,#15843));
#15845=IFCSHAPEREPRESENTATION(#12,'Axis','Curve3D',(#15844));
#15846=IFCPRODUCTDEFINITIONSHAPE($,$,(#15845));
#15847=IFCCARTESIANPOINT((0.,0.,0.));
#15848=IFCAXIS2PLACEMENT3D(#15847,#8,#9);
#15849=IFCLOCALPLACEMENT(#23,#15848);
#15850=IFCPLATE('0LqG6yvszFwuzwuXauSy8D',$,'PB-069','Placa base Detalle 2 (0.95x0.50) e=19.05mm',$,#15849,#15846,'PB-069',$);
#15851=IFCRELASSOCIATESMATERIAL('0pAw5RZJLDlAJzDphZJLD1',$,$,$,(#15850),#41);
#15852=IFCCARTESIANPOINT((92600.,5500.,0.));
#15853=IFCCARTESIANPOINT((92600.,5500.,19.050000000000001));
#15854=IFCPOLYLINE((#15852,#15853));
#15855=IFCSHAPEREPRESENTATION(#12,'Axis','Curve3D',(#15854));
#15856=IFCPRODUCTDEFINITIONSHAPE($,$,(#15855));
#15857=IFCCARTESIANPOINT((0.,0.,0.));
#15858=IFCAXIS2PLACEMENT3D(#15857,#8,#9);
#15859=IFCLOCALPLACEMENT(#23,#15858);
#15860=IFCPLATE('0EyZFV6O5AlOEyIukEIlkG',$,'PB-070','Placa base Detalle 2 (0.95x0.50) e=19.05mm',$,#15859,#15856,'PB-070',$);
#15861=IFCRELASSOCIATESMATERIAL('1696LlyPLBNRytgEKYsA3w',$,$,$,(#15860),#41);
#15862=IFCCARTESIANPOINT((92600.,10170.,0.));
#15863=IFCCARTESIANPOINT((92600.,10170.,19.050000000000001));
#15864=IFCPOLYLINE((#15862,#15863));
#15865=IFCSHAPEREPRESENTATION(#12,'Axis','Curve3D',(#15864));
#15866=IFCPRODUCTDEFINITIONSHAPE($,$,(#15865));
#15867=IFCCARTESIANPOINT((0.,0.,0.));
#15868=IFCAXIS2PLACEMENT3D(#15867,#8,#9);
#15869=IFCLOCALPLACEMENT(#23,#15868);
#15870=IFCPLATE('0rRSLw4$r67Q9ddKgpXoRz',$,'PB-071','Placa base Detalle 2 (0.95x0.50) e=19.05mm',$,#15869,#15866,'PB-071',$);
#15871=IFCRELASSOCIATESMATERIAL('3GKlBGPYLAuPqAa2dywXI4',$,$,$,(#15870),#41);
#15872=IFCCARTESIANPOINT((92600.,14840.,0.));
#15873=IFCCARTESIANPOINT((92600.,14840.,19.050000000000001));
#15874=IFCPOLYLINE((#15872,#15873));
#15875=IFCSHAPEREPRESENTATION(#12,'Axis','Curve3D',(#15874));
#15876=IFCPRODUCTDEFINITIONSHAPE($,$,(#15875));
#15877=IFCCARTESIANPOINT((0.,0.,0.));
#15878=IFCAXIS2PLACEMENT3D(#15877,#8,#9);
#15879=IFCLOCALPLACEMENT(#23,#15878);
#15880=IFCPLATE('0iAo8hZUP69OilvkZdoS4z',$,'PB-072','Placa base Detalle 2 (0.95x0.50) e=19.05mm',$,#15879,#15876,'PB-072',$);
#15881=IFCRELASSOCIATESMATERIAL('1k$FNpDGjAyxnnUcNZKMH7',$,$,$,(#15880),#41);
#15882=IFCCARTESIANPOINT((92600.,19510.,0.));
#15883=IFCCARTESIANPOINT((92600.,19510.,19.050000000000001));
#15884=IFCPOLYLINE((#15882,#15883));
#15885=IFCSHAPEREPRESENTATION(#12,'Axis','Curve3D',(#15884));
#15886=IFCPRODUCTDEFINITIONSHAPE($,$,(#15885));
#15887=IFCCARTESIANPOINT((0.,0.,0.));
#15888=IFCAXIS2PLACEMENT3D(#15887,#8,#9);
#15889=IFCLOCALPLACEMENT(#23,#15888);
#15890=IFCPLATE('0uLoE4CYD4BATtBKTe7gKH',$,'PB-073','Placa base Detalle 2 (0.95x0.50) e=19.05mm',$,#15889,#15886,'PB-073',$);
#15891=IFCRELASSOCIATESMATERIAL('0adFaSxpjEUfTkLVjBxQrb',$,$,$,(#15890),#41);
#15892=IFCCARTESIANPOINT((92600.,0.,0.));
#15893=IFCCARTESIANPOINT((92600.,0.,19.050000000000001));
#15894=IFCPOLYLINE((#15892,#15893));
#15895=IFCSHAPEREPRESENTATION(#12,'Axis','Curve3D',(#15894));
#15896=IFCPRODUCTDEFINITIONSHAPE($,$,(#15895));
#15897=IFCCARTESIANPOINT((0.,0.,0.));
#15898=IFCAXIS2PLACEMENT3D(#15897,#8,#9);
#15899=IFCLOCALPLACEMENT(#23,#15898);
#15900=IFCPLATE('0UI0oXY9DBxgUn$UBuDJTy',$,'PB-074','Placa base Detalle 2 (0.95x0.50) e=19.05mm',$,#15899,#15896,'PB-074',$);
#15901=IFCRELASSOCIATESMATERIAL('0R5GFR_x57uffaShdwAOEc',$,$,$,(#15900),#41);
#15902=IFCCARTESIANPOINT((99100.,5500.,0.));
#15903=IFCCARTESIANPOINT((99100.,5500.,19.050000000000001));
#15904=IFCPOLYLINE((#15902,#15903));
#15905=IFCSHAPEREPRESENTATION(#12,'Axis','Curve3D',(#15904));
#15906=IFCPRODUCTDEFINITIONSHAPE($,$,(#15905));
#15907=IFCCARTESIANPOINT((0.,0.,0.));
#15908=IFCAXIS2PLACEMENT3D(#15907,#8,#9);
#15909=IFCLOCALPLACEMENT(#23,#15908);
#15910=IFCPLATE('1WOOreeAD1luml0B25L3ky',$,'PB-075','Placa base Detalle 1 (0.50x0.50) e=19.05mm',$,#15909,#15906,'PB-075',$);
#15911=IFCRELASSOCIATESMATERIAL('2KheQaRB93aAx1BkYwcuZO',$,$,$,(#15910),#41);
#15912=IFCCARTESIANPOINT((99100.,10170.,0.));
#15913=IFCCARTESIANPOINT((99100.,10170.,19.050000000000001));
#15914=IFCPOLYLINE((#15912,#15913));
#15915=IFCSHAPEREPRESENTATION(#12,'Axis','Curve3D',(#15914));
#15916=IFCPRODUCTDEFINITIONSHAPE($,$,(#15915));
#15917=IFCCARTESIANPOINT((0.,0.,0.));
#15918=IFCAXIS2PLACEMENT3D(#15917,#8,#9);
#15919=IFCLOCALPLACEMENT(#23,#15918);
#15920=IFCPLATE('3$y6JWDGHBpR0A7fbvjjA4',$,'PB-076','Placa base Detalle 1 (0.50x0.50) e=19.05mm',$,#15919,#15916,'PB-076',$);
#15921=IFCRELASSOCIATESMATERIAL('3xsbYDlP916Oc5QA6_eEA0',$,$,$,(#15920),#41);
#15922=IFCCARTESIANPOINT((99100.,14840.,0.));
#15923=IFCCARTESIANPOINT((99100.,14840.,19.050000000000001));
#15924=IFCPOLYLINE((#15922,#15923));
#15925=IFCSHAPEREPRESENTATION(#12,'Axis','Curve3D',(#15924));
#15926=IFCPRODUCTDEFINITIONSHAPE($,$,(#15925));
#15927=IFCCARTESIANPOINT((0.,0.,0.));
#15928=IFCAXIS2PLACEMENT3D(#15927,#8,#9);
#15929=IFCLOCALPLACEMENT(#23,#15928);
#15930=IFCPLATE('1_581bW8H14PR8mr7HK_Ak',$,'PB-077','Placa base Detalle 1 (0.50x0.50) e=19.05mm',$,#15929,#15926,'PB-077',$);
#15931=IFCRELASSOCIATESMATERIAL('0CDCAUBEX39hAgpdi52YwW',$,$,$,(#15930),#41);
#15932=IFCCARTESIANPOINT((99100.,19510.,0.));
#15933=IFCCARTESIANPOINT((99100.,19510.,19.050000000000001));
#15934=IFCPOLYLINE((#15932,#15933));
#15935=IFCSHAPEREPRESENTATION(#12,'Axis','Curve3D',(#15934));
#15936=IFCPRODUCTDEFINITIONSHAPE($,$,(#15935));
#15937=IFCCARTESIANPOINT((0.,0.,0.));
#15938=IFCAXIS2PLACEMENT3D(#15937,#8,#9);
#15939=IFCLOCALPLACEMENT(#23,#15938);
#15940=IFCPLATE('2zb8ppALbAce1cluV9UQMc',$,'PB-078','Placa base Detalle 1 (0.50x0.50) e=19.05mm',$,#15939,#15936,'PB-078',$);
#15941=IFCRELASSOCIATESMATERIAL('2vXMDezNX5EByDUDxJyB$r',$,$,$,(#15940),#41);
#15942=IFCCARTESIANPOINT((99100.,0.,0.));
#15943=IFCCARTESIANPOINT((99100.,0.,19.050000000000001));
#15944=IFCPOLYLINE((#15942,#15943));
#15945=IFCSHAPEREPRESENTATION(#12,'Axis','Curve3D',(#15944));
#15946=IFCPRODUCTDEFINITIONSHAPE($,$,(#15945));
#15947=IFCCARTESIANPOINT((0.,0.,0.));
#15948=IFCAXIS2PLACEMENT3D(#15947,#8,#9);
#15949=IFCLOCALPLACEMENT(#23,#15948);
#15950=IFCPLATE('2l8DYUAwD7ngiRaHgygSQm',$,'PB-079','Placa base Detalle 1 (0.50x0.50) e=19.05mm',$,#15949,#15946,'PB-079',$);
#15951=IFCRELASSOCIATESMATERIAL('3ckkZ0YM12V8t5zFcXohZq',$,$,$,(#15950),#41);
#15952=IFCCARTESIANPOINT((105600.,5500.,0.));
#15953=IFCCARTESIANPOINT((105600.,5500.,19.050000000000001));
#15954=IFCPOLYLINE((#15952,#15953));
#15955=IFCSHAPEREPRESENTATION(#12,'Axis','Curve3D',(#15954));
#15956=IFCPRODUCTDEFINITIONSHAPE($,$,(#15955));
#15957=IFCCARTESIANPOINT((0.,0.,0.));
#15958=IFCAXIS2PLACEMENT3D(#15957,#8,#9);
#15959=IFCLOCALPLACEMENT(#23,#15958);
#15960=IFCPLATE('1A9in8$oX7kAYBpokSrvAv',$,'PB-080','Placa base Detalle 1 (0.50x0.50) e=19.05mm',$,#15959,#15956,'PB-080',$);
#15961=IFCRELASSOCIATESMATERIAL('1kip9h_BPE9hzFtZnMibsA',$,$,$,(#15960),#41);
#15962=IFCCARTESIANPOINT((105600.,10170.,0.));
#15963=IFCCARTESIANPOINT((105600.,10170.,19.050000000000001));
#15964=IFCPOLYLINE((#15962,#15963));
#15965=IFCSHAPEREPRESENTATION(#12,'Axis','Curve3D',(#15964));
#15966=IFCPRODUCTDEFINITIONSHAPE($,$,(#15965));
#15967=IFCCARTESIANPOINT((0.,0.,0.));
#15968=IFCAXIS2PLACEMENT3D(#15967,#8,#9);
#15969=IFCLOCALPLACEMENT(#23,#15968);
#15970=IFCPLATE('1IzIGsDYfE98SsVGYBBd2a',$,'PB-081','Placa base Detalle 1 (0.50x0.50) e=19.05mm',$,#15969,#15966,'PB-081',$);
#15971=IFCRELASSOCIATESMATERIAL('03edyukEDFPPk2snyt0c1t',$,$,$,(#15970),#41);
#15972=IFCCARTESIANPOINT((105600.,14840.,0.));
#15973=IFCCARTESIANPOINT((105600.,14840.,19.050000000000001));
#15974=IFCPOLYLINE((#15972,#15973));
#15975=IFCSHAPEREPRESENTATION(#12,'Axis','Curve3D',(#15974));
#15976=IFCPRODUCTDEFINITIONSHAPE($,$,(#15975));
#15977=IFCCARTESIANPOINT((0.,0.,0.));
#15978=IFCAXIS2PLACEMENT3D(#15977,#8,#9);
#15979=IFCLOCALPLACEMENT(#23,#15978);
#15980=IFCPLATE('2Q5Ptv_XLFi8MMi$KMMVd7',$,'PB-082','Placa base Detalle 1 (0.50x0.50) e=19.05mm',$,#15979,#15976,'PB-082',$);
#15981=IFCRELASSOCIATESMATERIAL('0ZobFMhrrBZ91szw1u7ga1',$,$,$,(#15980),#41);
#15982=IFCCARTESIANPOINT((105600.,19510.,0.));
#15983=IFCCARTESIANPOINT((105600.,19510.,19.050000000000001));
#15984=IFCPOLYLINE((#15982,#15983));
#15985=IFCSHAPEREPRESENTATION(#12,'Axis','Curve3D',(#15984));
#15986=IFCPRODUCTDEFINITIONSHAPE($,$,(#15985));
#15987=IFCCARTESIANPOINT((0.,0.,0.));
#15988=IFCAXIS2PLACEMENT3D(#15987,#8,#9);
#15989=IFCLOCALPLACEMENT(#23,#15988);
#15990=IFCPLATE('1BjhdCbInCMQw4tKP27Ja1',$,'PB-083','Placa base Detalle 1 (0.50x0.50) e=19.05mm',$,#15989,#15986,'PB-083',$);
#15991=IFCRELASSOCIATESMATERIAL('397bUcNob16OeFoDQ0U5gq',$,$,$,(#15990),#41);
#15992=IFCCARTESIANPOINT((105600.,0.,0.));
#15993=IFCCARTESIANPOINT((105600.,0.,19.050000000000001));
#15994=IFCPOLYLINE((#15992,#15993));
#15995=IFCSHAPEREPRESENTATION(#12,'Axis','Curve3D',(#15994));
#15996=IFCPRODUCTDEFINITIONSHAPE($,$,(#15995));
#15997=IFCCARTESIANPOINT((0.,0.,0.));
#15998=IFCAXIS2PLACEMENT3D(#15997,#8,#9);
#15999=IFCLOCALPLACEMENT(#23,#15998);
#16000=IFCPLATE('3jZlZKnzb0sReCXbkhC$6f',$,'PB-084','Placa base Detalle 1 (0.50x0.50) e=19.05mm',$,#15999,#15996,'PB-084',$);
#16001=IFCRELASSOCIATESMATERIAL('31K8mS5S1D0hEaNmbgffpd',$,$,$,(#16000),#41);
#16002=IFCCARTESIANPOINT((112100.,5500.,0.));
#16003=IFCCARTESIANPOINT((112100.,5500.,19.050000000000001));
#16004=IFCPOLYLINE((#16002,#16003));
#16005=IFCSHAPEREPRESENTATION(#12,'Axis','Curve3D',(#16004));
#16006=IFCPRODUCTDEFINITIONSHAPE($,$,(#16005));
#16007=IFCCARTESIANPOINT((0.,0.,0.));
#16008=IFCAXIS2PLACEMENT3D(#16007,#8,#9);
#16009=IFCLOCALPLACEMENT(#23,#16008);
#16010=IFCPLATE('11rrFuIozDQvp58b9rjBvB',$,'PB-085','Placa base Detalle 1 (0.50x0.50) e=19.05mm',$,#16009,#16006,'PB-085',$);
#16011=IFCRELASSOCIATESMATERIAL('1GfexgO3HAifcZVlrPujzv',$,$,$,(#16010),#41);
#16012=IFCCARTESIANPOINT((112100.,10170.,0.));
#16013=IFCCARTESIANPOINT((112100.,10170.,19.050000000000001));
#16014=IFCPOLYLINE((#16012,#16013));
#16015=IFCSHAPEREPRESENTATION(#12,'Axis','Curve3D',(#16014));
#16016=IFCPRODUCTDEFINITIONSHAPE($,$,(#16015));
#16017=IFCCARTESIANPOINT((0.,0.,0.));
#16018=IFCAXIS2PLACEMENT3D(#16017,#8,#9);
#16019=IFCLOCALPLACEMENT(#23,#16018);
#16020=IFCPLATE('0vctNaERrF19Z$EfOi5vYD',$,'PB-086','Placa base Detalle 1 (0.50x0.50) e=19.05mm',$,#16019,#16016,'PB-086',$);
#16021=IFCRELASSOCIATESMATERIAL('0mpaCFQpH4rwR09JbziKVs',$,$,$,(#16020),#41);
#16022=IFCCARTESIANPOINT((112100.,14840.,0.));
#16023=IFCCARTESIANPOINT((112100.,14840.,19.050000000000001));
#16024=IFCPOLYLINE((#16022,#16023));
#16025=IFCSHAPEREPRESENTATION(#12,'Axis','Curve3D',(#16024));
#16026=IFCPRODUCTDEFINITIONSHAPE($,$,(#16025));
#16027=IFCCARTESIANPOINT((0.,0.,0.));
#16028=IFCAXIS2PLACEMENT3D(#16027,#8,#9);
#16029=IFCLOCALPLACEMENT(#23,#16028);
#16030=IFCPLATE('1CO7hPqoX5fx_Ktp94SVws',$,'PB-087','Placa base Detalle 1 (0.50x0.50) e=19.05mm',$,#16029,#16026,'PB-087',$);
#16031=IFCRELASSOCIATESMATERIAL('0M27Dzjvb9L9_qJUP25mZm',$,$,$,(#16030),#41);
#16032=IFCCARTESIANPOINT((112100.,19510.,0.));
#16033=IFCCARTESIANPOINT((112100.,19510.,19.050000000000001));
#16034=IFCPOLYLINE((#16032,#16033));
#16035=IFCSHAPEREPRESENTATION(#12,'Axis','Curve3D',(#16034));
#16036=IFCPRODUCTDEFINITIONSHAPE($,$,(#16035));
#16037=IFCCARTESIANPOINT((0.,0.,0.));
#16038=IFCAXIS2PLACEMENT3D(#16037,#8,#9);
#16039=IFCLOCALPLACEMENT(#23,#16038);
#16040=IFCPLATE('0XOZeuQGz2Xxyqx4qUb05x',$,'PB-088','Placa base Detalle 1 (0.50x0.50) e=19.05mm',$,#16039,#16036,'PB-088',$);
#16041=IFCRELASSOCIATESMATERIAL('0IkdHLV3X7Bf$oT0Dm5XAa',$,$,$,(#16040),#41);
#16042=IFCCARTESIANPOINT((118600.,5500.,0.));
#16043=IFCCARTESIANPOINT((118600.,5500.,19.050000000000001));
#16044=IFCPOLYLINE((#16042,#16043));
#16045=IFCSHAPEREPRESENTATION(#12,'Axis','Curve3D',(#16044));
#16046=IFCPRODUCTDEFINITIONSHAPE($,$,(#16045));
#16047=IFCCARTESIANPOINT((0.,0.,0.));
#16048=IFCAXIS2PLACEMENT3D(#16047,#8,#9);
#16049=IFCLOCALPLACEMENT(#23,#16048);
#16050=IFCPLATE('3GciHfGJ19RBScMflSdo$y',$,'PB-089','Placa base Detalle 1 (0.50x0.50) e=19.05mm',$,#16049,#16046,'PB-089',$);
#16051=IFCRELASSOCIATESMATERIAL('2ZBj0ZqznEiBwFYByGnlgx',$,$,$,(#16050),#41);
#16052=IFCCARTESIANPOINT((118600.,10170.,0.));
#16053=IFCCARTESIANPOINT((118600.,10170.,19.050000000000001));
#16054=IFCPOLYLINE((#16052,#16053));
#16055=IFCSHAPEREPRESENTATION(#12,'Axis','Curve3D',(#16054));
#16056=IFCPRODUCTDEFINITIONSHAPE($,$,(#16055));
#16057=IFCCARTESIANPOINT((0.,0.,0.));
#16058=IFCAXIS2PLACEMENT3D(#16057,#8,#9);
#16059=IFCLOCALPLACEMENT(#23,#16058);
#16060=IFCPLATE('2WPIAfOj14RQQoXI$9nW10',$,'PB-090','Placa base Detalle 1 (0.50x0.50) e=19.05mm',$,#16059,#16056,'PB-090',$);
#16061=IFCRELASSOCIATESMATERIAL('01NxMxwVTF2x6iA8Nur0cV',$,$,$,(#16060),#41);
#16062=IFCCARTESIANPOINT((118600.,14840.,0.));
#16063=IFCCARTESIANPOINT((118600.,14840.,19.050000000000001));
#16064=IFCPOLYLINE((#16062,#16063));
#16065=IFCSHAPEREPRESENTATION(#12,'Axis','Curve3D',(#16064));
#16066=IFCPRODUCTDEFINITIONSHAPE($,$,(#16065));
#16067=IFCCARTESIANPOINT((0.,0.,0.));
#16068=IFCAXIS2PLACEMENT3D(#16067,#8,#9);
#16069=IFCLOCALPLACEMENT(#23,#16068);
#16070=IFCPLATE('0YKyr6XmD0EeV16bB6CcRs',$,'PB-091','Placa base Detalle 1 (0.50x0.50) e=19.05mm',$,#16069,#16066,'PB-091',$);
#16071=IFCRELASSOCIATESMATERIAL('13lQVjnBXBcgjfLN03tctS',$,$,$,(#16070),#41);
#16072=IFCCARTESIANPOINT((118600.,19510.,0.));
#16073=IFCCARTESIANPOINT((118600.,19510.,19.050000000000001));
#16074=IFCPOLYLINE((#16072,#16073));
#16075=IFCSHAPEREPRESENTATION(#12,'Axis','Curve3D',(#16074));
#16076=IFCPRODUCTDEFINITIONSHAPE($,$,(#16075));
#16077=IFCCARTESIANPOINT((0.,0.,0.));
#16078=IFCAXIS2PLACEMENT3D(#16077,#8,#9);
#16079=IFCLOCALPLACEMENT(#23,#16078);
#16080=IFCPLATE('3mpWQtMab9_QYTPPSR_8u2',$,'PB-092','Placa base Detalle 1 (0.50x0.50) e=19.05mm',$,#16079,#16076,'PB-092',$);
#16081=IFCRELASSOCIATESMATERIAL('1oXjjQ5TvCCvnlCYz0WLSq',$,$,$,(#16080),#41);
#16082=IFCCARTESIANPOINT((125100.,5500.,0.));
#16083=IFCCARTESIANPOINT((125100.,5500.,19.050000000000001));
#16084=IFCPOLYLINE((#16082,#16083));
#16085=IFCSHAPEREPRESENTATION(#12,'Axis','Curve3D',(#16084));
#16086=IFCPRODUCTDEFINITIONSHAPE($,$,(#16085));
#16087=IFCCARTESIANPOINT((0.,0.,0.));
#16088=IFCAXIS2PLACEMENT3D(#16087,#8,#9);
#16089=IFCLOCALPLACEMENT(#23,#16088);
#16090=IFCPLATE('0l4j11_MXAoRmTr3erAAaM',$,'PB-093','Placa base Detalle 1 (0.50x0.50) e=19.05mm',$,#16089,#16086,'PB-093',$);
#16091=IFCRELASSOCIATESMATERIAL('3oPosNwpb6Qh8xdOmveYNO',$,$,$,(#16090),#41);
#16092=IFCCARTESIANPOINT((125100.,10170.,0.));
#16093=IFCCARTESIANPOINT((125100.,10170.,19.050000000000001));
#16094=IFCPOLYLINE((#16092,#16093));
#16095=IFCSHAPEREPRESENTATION(#12,'Axis','Curve3D',(#16094));
#16096=IFCPRODUCTDEFINITIONSHAPE($,$,(#16095));
#16097=IFCCARTESIANPOINT((0.,0.,0.));
#16098=IFCAXIS2PLACEMENT3D(#16097,#8,#9);
#16099=IFCLOCALPLACEMENT(#23,#16098);
#16100=IFCPLATE('08u_IvX4L0exIbfgfNhCCL',$,'PB-094','Placa base Detalle 1 (0.50x0.50) e=19.05mm',$,#16099,#16096,'PB-094',$);
#16101=IFCRELASSOCIATESMATERIAL('0Wtbc5tGvEMfuslXwUPXtM',$,$,$,(#16100),#41);
#16102=IFCCARTESIANPOINT((125100.,14840.,0.));
#16103=IFCCARTESIANPOINT((125100.,14840.,19.050000000000001));
#16104=IFCPOLYLINE((#16102,#16103));
#16105=IFCSHAPEREPRESENTATION(#12,'Axis','Curve3D',(#16104));
#16106=IFCPRODUCTDEFINITIONSHAPE($,$,(#16105));
#16107=IFCCARTESIANPOINT((0.,0.,0.));
#16108=IFCAXIS2PLACEMENT3D(#16107,#8,#9);
#16109=IFCLOCALPLACEMENT(#23,#16108);
#16110=IFCPLATE('0H81TD_ibFleUsmQWKFgzM',$,'PB-095','Placa base Detalle 1 (0.50x0.50) e=19.05mm',$,#16109,#16106,'PB-095',$);
#16111=IFCRELASSOCIATESMATERIAL('1zRSHF3cnAkhQJ8BMFuwVK',$,$,$,(#16110),#41);
#16112=IFCCARTESIANPOINT((125100.,19510.,0.));
#16113=IFCCARTESIANPOINT((125100.,19510.,19.050000000000001));
#16114=IFCPOLYLINE((#16112,#16113));
#16115=IFCSHAPEREPRESENTATION(#12,'Axis','Curve3D',(#16114));
#16116=IFCPRODUCTDEFINITIONSHAPE($,$,(#16115));
#16117=IFCCARTESIANPOINT((0.,0.,0.));
#16118=IFCAXIS2PLACEMENT3D(#16117,#8,#9);
#16119=IFCLOCALPLACEMENT(#23,#16118);
#16120=IFCPLATE('29hYH0hozFmupjQr7BU5Oa',$,'PB-096','Placa base Detalle 1 (0.50x0.50) e=19.05mm',$,#16119,#16116,'PB-096',$);
#16121=IFCRELASSOCIATESMATERIAL('2M$w3M0Pb5avSNrVskuzmc',$,$,$,(#16120),#41);
#16122=IFCCARTESIANPOINT((131600.,5500.,0.));
#16123=IFCCARTESIANPOINT((131600.,5500.,19.050000000000001));
#16124=IFCPOLYLINE((#16122,#16123));
#16125=IFCSHAPEREPRESENTATION(#12,'Axis','Curve3D',(#16124));
#16126=IFCPRODUCTDEFINITIONSHAPE($,$,(#16125));
#16127=IFCCARTESIANPOINT((0.,0.,0.));
#16128=IFCAXIS2PLACEMENT3D(#16127,#8,#9);
#16129=IFCLOCALPLACEMENT(#23,#16128);
#16130=IFCPLATE('1uoeaVZAn41xxLNjxdb1wa',$,'PB-097','Placa base Detalle 1 (0.50x0.50) e=19.05mm',$,#16129,#16126,'PB-097',$);
#16131=IFCRELASSOCIATESMATERIAL('20Bx0CFo1CzR1Sde1jT5tO',$,$,$,(#16130),#41);
#16132=IFCCARTESIANPOINT((131600.,10170.,0.));
#16133=IFCCARTESIANPOINT((131600.,10170.,19.050000000000001));
#16134=IFCPOLYLINE((#16132,#16133));
#16135=IFCSHAPEREPRESENTATION(#12,'Axis','Curve3D',(#16134));
#16136=IFCPRODUCTDEFINITIONSHAPE($,$,(#16135));
#16137=IFCCARTESIANPOINT((0.,0.,0.));
#16138=IFCAXIS2PLACEMENT3D(#16137,#8,#9);
#16139=IFCLOCALPLACEMENT(#23,#16138);
#16140=IFCPLATE('2mvgAaUbPDp8gHAaxrz2aL',$,'PB-098','Placa base Detalle 1 (0.50x0.50) e=19.05mm',$,#16139,#16136,'PB-098',$);
#16141=IFCRELASSOCIATESMATERIAL('337xL4xvn8$fxbHlbejpri',$,$,$,(#16140),#41);
#16142=IFCCARTESIANPOINT((131600.,14840.,0.));
#16143=IFCCARTESIANPOINT((131600.,14840.,19.050000000000001));
#16144=IFCPOLYLINE((#16142,#16143));
#16145=IFCSHAPEREPRESENTATION(#12,'Axis','Curve3D',(#16144));
#16146=IFCPRODUCTDEFINITIONSHAPE($,$,(#16145));
#16147=IFCCARTESIANPOINT((0.,0.,0.));
#16148=IFCAXIS2PLACEMENT3D(#16147,#8,#9);
#16149=IFCLOCALPLACEMENT(#23,#16148);
#16150=IFCPLATE('3Apgx6Id1D4h3XtAgq$ag3',$,'PB-099','Placa base Detalle 1 (0.50x0.50) e=19.05mm',$,#16149,#16146,'PB-099',$);
#16151=IFCRELASSOCIATESMATERIAL('03twmHxzX7evLmhWoMYJ51',$,$,$,(#16150),#41);
#16152=IFCCARTESIANPOINT((131600.,19510.,0.));
#16153=IFCCARTESIANPOINT((131600.,19510.,19.050000000000001));
#16154=IFCPOLYLINE((#16152,#16153));
#16155=IFCSHAPEREPRESENTATION(#12,'Axis','Curve3D',(#16154));
#16156=IFCPRODUCTDEFINITIONSHAPE($,$,(#16155));
#16157=IFCCARTESIANPOINT((0.,0.,0.));
#16158=IFCAXIS2PLACEMENT3D(#16157,#8,#9);
#16159=IFCLOCALPLACEMENT(#23,#16158);
#16160=IFCPLATE('3ahUNbDdj6CgOGcg20w9DI',$,'PB-100','Placa base Detalle 1 (0.50x0.50) e=19.05mm',$,#16159,#16156,'PB-100',$);
#16161=IFCRELASSOCIATESMATERIAL('1QHGm89WnBSQgX_goqcNk5',$,$,$,(#16160),#41);
#16162=IFCCARTESIANPOINT((138100.,5500.,0.));
#16163=IFCCARTESIANPOINT((138100.,5500.,19.050000000000001));
#16164=IFCPOLYLINE((#16162,#16163));
#16165=IFCSHAPEREPRESENTATION(#12,'Axis','Curve3D',(#16164));
#16166=IFCPRODUCTDEFINITIONSHAPE($,$,(#16165));
#16167=IFCCARTESIANPOINT((0.,0.,0.));
#16168=IFCAXIS2PLACEMENT3D(#16167,#8,#9);
#16169=IFCLOCALPLACEMENT(#23,#16168);
#16170=IFCPLATE('3mOPEBSL9209ZUgrF7gQ2D',$,'PB-101','Placa base Detalle 1 (0.50x0.50) e=19.05mm',$,#16169,#16166,'PB-101',$);
#16171=IFCRELASSOCIATESMATERIAL('0twFtbYTH9W9S_2J3xAepM',$,$,$,(#16170),#41);
#16172=IFCCARTESIANPOINT((138100.,10170.,0.));
#16173=IFCCARTESIANPOINT((138100.,10170.,19.050000000000001));
#16174=IFCPOLYLINE((#16172,#16173));
#16175=IFCSHAPEREPRESENTATION(#12,'Axis','Curve3D',(#16174));
#16176=IFCPRODUCTDEFINITIONSHAPE($,$,(#16175));
#16177=IFCCARTESIANPOINT((0.,0.,0.));
#16178=IFCAXIS2PLACEMENT3D(#16177,#8,#9);
#16179=IFCLOCALPLACEMENT(#23,#16178);
#16180=IFCPLATE('0m0wbPPun9_fAvW6pZxCXn',$,'PB-102','Placa base Detalle 1 (0.50x0.50) e=19.05mm',$,#16179,#16176,'PB-102',$);
#16181=IFCRELASSOCIATESMATERIAL('1k2V$wVU15BRLM74xWAVyl',$,$,$,(#16180),#41);
#16182=IFCCARTESIANPOINT((138100.,14840.,0.));
#16183=IFCCARTESIANPOINT((138100.,14840.,19.050000000000001));
#16184=IFCPOLYLINE((#16182,#16183));
#16185=IFCSHAPEREPRESENTATION(#12,'Axis','Curve3D',(#16184));
#16186=IFCPRODUCTDEFINITIONSHAPE($,$,(#16185));
#16187=IFCCARTESIANPOINT((0.,0.,0.));
#16188=IFCAXIS2PLACEMENT3D(#16187,#8,#9);
#16189=IFCLOCALPLACEMENT(#23,#16188);
#16190=IFCPLATE('2LJAZIYmbATOM3clfDcn3e',$,'PB-103','Placa base Detalle 1 (0.50x0.50) e=19.05mm',$,#16189,#16186,'PB-103',$);
#16191=IFCRELASSOCIATESMATERIAL('1xzVFPRUX5qv8lWAC9YNv8',$,$,$,(#16190),#41);
#16192=IFCCARTESIANPOINT((138100.,19510.,0.));
#16193=IFCCARTESIANPOINT((138100.,19510.,19.050000000000001));
#16194=IFCPOLYLINE((#16192,#16193));
#16195=IFCSHAPEREPRESENTATION(#12,'Axis','Curve3D',(#16194));
#16196=IFCPRODUCTDEFINITIONSHAPE($,$,(#16195));
#16197=IFCCARTESIANPOINT((0.,0.,0.));
#16198=IFCAXIS2PLACEMENT3D(#16197,#8,#9);
#16199=IFCLOCALPLACEMENT(#23,#16198);
#16200=IFCPLATE('1OdGGzfxH9hQ527g0113TG',$,'PB-104','Placa base Detalle 1 (0.50x0.50) e=19.05mm',$,#16199,#16196,'PB-104',$);
#16201=IFCRELASSOCIATESMATERIAL('0kU6f$w0r8cBr6v_Ef92aX',$,$,$,(#16200),#41);
#16202=IFCCARTESIANPOINT((144600.,5500.,0.));
#16203=IFCCARTESIANPOINT((144600.,5500.,19.050000000000001));
#16204=IFCPOLYLINE((#16202,#16203));
#16205=IFCSHAPEREPRESENTATION(#12,'Axis','Curve3D',(#16204));
#16206=IFCPRODUCTDEFINITIONSHAPE($,$,(#16205));
#16207=IFCCARTESIANPOINT((0.,0.,0.));
#16208=IFCAXIS2PLACEMENT3D(#16207,#8,#9);
#16209=IFCLOCALPLACEMENT(#23,#16208);
#16210=IFCPLATE('3Ot2NG53z3ug8BSVPB51Wt',$,'PB-105','Placa base Detalle 1 (0.50x0.50) e=19.05mm',$,#16209,#16206,'PB-105',$);
#16211=IFCRELASSOCIATESMATERIAL('3a6vjtmjb4dfIukY89KO1D',$,$,$,(#16210),#41);
#16212=IFCCARTESIANPOINT((144600.,10170.,0.));
#16213=IFCCARTESIANPOINT((144600.,10170.,19.050000000000001));
#16214=IFCPOLYLINE((#16212,#16213));
#16215=IFCSHAPEREPRESENTATION(#12,'Axis','Curve3D',(#16214));
#16216=IFCPRODUCTDEFINITIONSHAPE($,$,(#16215));
#16217=IFCCARTESIANPOINT((0.,0.,0.));
#16218=IFCAXIS2PLACEMENT3D(#16217,#8,#9);
#16219=IFCLOCALPLACEMENT(#23,#16218);
#16220=IFCPLATE('1vWLvaaRf7c9Xm7754$Dix',$,'PB-106','Placa base Detalle 1 (0.50x0.50) e=19.05mm',$,#16219,#16216,'PB-106',$);
#16221=IFCRELASSOCIATESMATERIAL('3pgzfg35z958Zqz2LHLGKY',$,$,$,(#16220),#41);
#16222=IFCCARTESIANPOINT((144600.,14840.,0.));
#16223=IFCCARTESIANPOINT((144600.,14840.,19.050000000000001));
#16224=IFCPOLYLINE((#16222,#16223));
#16225=IFCSHAPEREPRESENTATION(#12,'Axis','Curve3D',(#16224));
#16226=IFCPRODUCTDEFINITIONSHAPE($,$,(#16225));
#16227=IFCCARTESIANPOINT((0.,0.,0.));
#16228=IFCAXIS2PLACEMENT3D(#16227,#8,#9);
#16229=IFCLOCALPLACEMENT(#23,#16228);
#16230=IFCPLATE('0zj2$smBjD$vTXBlv7xTXP',$,'PB-107','Placa base Detalle 1 (0.50x0.50) e=19.05mm',$,#16229,#16226,'PB-107',$);
#16231=IFCRELASSOCIATESMATERIAL('0SGmiAU$f5XOhiH5rgXZPi',$,$,$,(#16230),#41);
#16232=IFCCARTESIANPOINT((144600.,19510.,0.));
#16233=IFCCARTESIANPOINT((144600.,19510.,19.050000000000001));
#16234=IFCPOLYLINE((#16232,#16233));
#16235=IFCSHAPEREPRESENTATION(#12,'Axis','Curve3D',(#16234));
#16236=IFCPRODUCTDEFINITIONSHAPE($,$,(#16235));
#16237=IFCCARTESIANPOINT((0.,0.,0.));
#16238=IFCAXIS2PLACEMENT3D(#16237,#8,#9);
#16239=IFCLOCALPLACEMENT(#23,#16238);
#16240=IFCPLATE('39HblvWZL9rQs9E1Uq9YHB',$,'PB-108','Placa base Detalle 1 (0.50x0.50) e=19.05mm',$,#16239,#16236,'PB-108',$);
#16241=IFCRELASSOCIATESMATERIAL('2IS21$p854tuthwLmfgkIa',$,$,$,(#16240),#41);
#16242=IFCRELCONTAINEDINSPATIALSTRUCTURE('0rlNSFcH594gLVUzlc1QYD',$,'Contenido N0',$,(#50,#60,#70,#80,#90,#100,#110,#120,#130,#140,#150,#160,#170,#180,#190,#200,#210,#220,#230,#240,#250,#260,#270,#280,#290,#300,#310,#320,#330,#340,#350,#360,#370,#380,#390,#400,#410,#420,#430,#440,#450,#460,#470,#480,#490,#500,#510,#520,#530,#540,#550,#560,#570,#580,#590,#600,#610,#620,#630,#640,#650,#660,#670,#680,#690,#700,#710,#720,#730,#740,#750,#760,#770,#780,#790,#800,#810,#820,#830,#840,#850,#860,#870,#880,#890,#900,#910,#920,#930,#940,#950,#960,#970,#980,#990,#1000,#1010,#1020,#1030,#1040,#1050,#1060,#1070,#1080,#1090,#1100,#1110,#1120,#14210,#14220,#14270,#14280,#14330,#14340,#14390,#14400,#14450,#14460,#14510,#14520,#14570,#14580,#14630,#14640,#14690,#14700,#14750,#14760,#15170,#15180,#15190,#15200,#15210,#15220,#15230,#15240,#15250,#15260,#15270,#15280,#15290,#15300,#15310,#15320,#15330,#15340,#15350,#15360,#15370,#15380,#15390,#15400,#15410,#15420,#15430,#15440,#15450,#15460,#15470,#15480,#15490,#15500,#15510,#15520,#15530,#15540,#15550,#15560,#15570,#15580,#15590,#15600,#15610,#15620,#15630,#15640,#15650,#15660,#15670,#15680,#15690,#15700,#15710,#15720,#15730,#15740,#15750,#15760,#15770,#15780,#15790,#15800,#15810,#15820,#15830,#15840,#15850,#15860,#15870,#15880,#15890,#15900,#15910,#15920,#15930,#15940,#15950,#15960,#15970,#15980,#15990,#16000,#16010,#16020,#16030,#16040,#16050,#16060,#16070,#16080,#16090,#16100,#16110,#16120,#16130,#16140,#16150,#16160,#16170,#16180,#16190,#16200,#16210,#16220,#16230,#16240),#24);
#16243=IFCRELCONTAINEDINSPATIALSTRUCTURE('2yWUVaLr9FZwcRLhz_uDpb',$,'Contenido N1',$,(#1130,#1140,#1150,#1220,#1230,#1240,#1310,#1320,#1330,#1400,#1410,#1420,#1490,#1500,#1510,#1580,#1590,#1600,#1670,#1680,#1690,#1760,#1770,#1780,#1790,#1860,#1870,#1880,#1890,#1960,#1970,#1980,#1990,#2060,#2070,#2080,#2090,#2160,#2170,#2180,#2190,#2260,#2270,#2280,#2290,#2360,#2370,#2380,#2390,#2460,#2470,#2480,#2490,#2560,#2570,#2580,#2590,#2660,#2670,#2680,#2690,#2760,#2770,#2780,#2790,#2860,#2870,#2880,#2890,#2960,#2970,#2980,#3050,#3060,#3070,#3140,#3150,#3160,#3230,#3240,#3250,#3320,#3330,#3340,#3410,#3420,#3430,#3440,#3450,#3460,#3470,#3480,#3490,#3500,#3510,#3520,#3530,#3540,#3550,#3560,#3570,#3580,#3590,#3600,#3610,#4040,#4050,#4060,#4070,#4080,#4090,#4100,#4110,#4120,#4130,#4140,#4150,#4160,#4170,#4180,#4190,#4200,#4210,#4220,#4230,#4240,#4670,#4680,#4690,#4700,#4710,#4720,#4730,#4740,#4750,#4760,#4770,#4780,#4790,#4800,#4810,#4820,#4830,#4840,#4850,#4860,#4870,#5300,#5310,#5320,#5330,#5340,#5350,#5360,#5370,#5380,#5390,#5400,#5410,#5420,#5430,#5440,#5450,#5460,#5470,#5480,#5490,#5500,#5930,#5940,#5950,#5960,#5970,#5980,#5990,#6000,#6010,#6020,#6030,#6040,#6050,#6060,#6070,#6080,#6090,#6100,#6110,#6120,#6130,#6140,#6150,#6160,#6410,#6420,#6430,#6440,#6450,#6460,#6470,#6480,#6490,#6500,#6510,#6520,#6530,#6540,#6550,#6800,#6810,#6820,#6830,#6840,#6850,#6860,#6870,#6880,#6890,#6900,#6910,#6920,#6930,#6940,#7190,#7200,#7210,#7220,#7230,#7240,#7250,#7260,#7270,#7280,#7290,#7300,#7310,#7320,#7330,#7580,#7590,#7600,#7610,#7620,#7630,#7640,#7650,#7660,#7670,#7680,#7690,#7700,#7710,#7720,#7970,#7980,#7990,#8000,#8010,#8020,#8030,#8040,#8050,#8060,#8070,#8080,#8090,#8100,#8110,#8360,#8370,#8380,#8390,#8400,#8410,#8420,#8430,#8440,#8450,#8460,#8470,#8480,#8490,#8500,#8750,#8760,#8770,#8780,#8790,#8800,#8810,#8820,#8830,#8840,#8850,#8860,#8870,#8880,#8890,#9140,#9150,#9160,#9170,#9180,#9190,#9200,#9210,#9220,#9230,#9240,#9250,#9260,#9270,#9280,#9530,#9540,#9550,#9560,#9570,#9580,#9590,#9600,#9610,#9620,#9630,#9640,#9650,#9660,#9670,#9920,#9930,#9940,#9950,#9960,#9970,#9980,#9990,#10000,#10010,#10020,#10030,#10040,#10050,#10060,#10310,#10320,#10330,#10340,#10350,#10360,#10370,#10380,#10390,#10400,#10410,#10420,#10430,#10440,#10450,#10700,#10710,#10720,#10730,#10740,#10750,#10760,#10770,#10780,#10790,#10800,#10810,#10820,#10830,#10840,#11090,#11100,#11110,#11120,#11130,#11140,#11150,#11160,#11170,#11180,#11190,#11200,#11210,#11220,#11230,#11480,#11490,#11500,#11510,#11520,#11530,#11540,#11550,#11560,#11570,#11580,#11590,#11600,#11610,#11620,#11870,#11880,#11890,#11900,#11910,#11920,#11930,#11940,#11950,#11960,#11970,#11980,#11990,#12000,#12010,#12260,#12270,#12280,#12290,#12300,#12310,#12320,#12330,#12340,#12350,#12360,#12370,#12380,#12390,#12400,#12650,#12660,#12670,#12680,#12690,#12700,#12710,#12720,#12730,#12740,#12750,#12760,#12770,#12780,#12790,#13040,#13050,#13060,#13070,#13080,#13090,#13100,#13110,#13120,#13130,#13140,#13150,#13160,#13170,#13180,#13430,#13440,#13450,#13460,#13470,#13480,#13490,#13500,#13510,#13520,#13530,#13540,#13550,#13560,#13570,#13820,#13830,#13840,#13850,#13860,#13870,#13880,#13890,#13900,#13910,#13920,#13930,#13940,#13950,#13960,#14230,#14240,#14290,#14300,#14350,#14360,#14410,#14420,#14470,#14480,#14530,#14540,#14590,#14600,#14650,#14660,#14710,#14720,#14770,#14780,#15010,#15020,#15050,#15060,#15090,#15100,#15130,#15140),#28);
#16244=IFCRELCONTAINEDINSPATIALSTRUCTURE('2EiUQbDJX4y8mEZm5DXpkZ',$,'Contenido N2',$,(#1160,#1170,#1180,#1250,#1260,#1270,#1340,#1350,#1360,#1430,#1440,#1450,#1520,#1530,#1540,#1610,#1620,#1630,#1700,#1710,#1720,#1800,#1810,#1820,#1900,#1910,#1920,#2000,#2010,#2020,#2100,#2110,#2120,#2200,#2210,#2220,#2300,#2310,#2320,#2400,#2410,#2420,#2500,#2510,#2520,#2600,#2610,#2620,#2700,#2710,#2720,#2800,#2810,#2820,#2900,#2910,#2920,#2990,#3000,#3010,#3080,#3090,#3100,#3170,#3180,#3190,#3260,#3270,#3280,#3350,#3360,#3370,#3620,#3630,#3640,#3650,#3660,#3670,#3680,#3690,#3700,#3710,#3720,#3730,#3740,#3750,#3760,#3770,#3780,#3790,#3800,#3810,#3820,#4250,#4260,#4270,#4280,#4290,#4300,#4310,#4320,#4330,#4340,#4350,#4360,#4370,#4380,#4390,#4400,#4410,#4420,#4430,#4440,#4450,#4880,#4890,#4900,#4910,#4920,#4930,#4940,#4950,#4960,#4970,#4980,#4990,#5000,#5010,#5020,#5030,#5040,#5050,#5060,#5070,#5080,#5510,#5520,#5530,#5540,#5550,#5560,#5570,#5580,#5590,#5600,#5610,#5620,#5630,#5640,#5650,#5660,#5670,#5680,#5690,#5700,#5710,#6170,#6180,#6190,#6200,#6210,#6220,#6230,#6240,#6250,#6260,#6270,#6280,#6290,#6300,#6310,#6560,#6570,#6580,#6590,#6600,#6610,#6620,#6630,#6640,#6650,#6660,#6670,#6680,#6690,#6700,#6950,#6960,#6970,#6980,#6990,#7000,#7010,#7020,#7030,#7040,#7050,#7060,#7070,#7080,#7090,#7340,#7350,#7360,#7370,#7380,#7390,#7400,#7410,#7420,#7430,#7440,#7450,#7460,#7470,#7480,#7730,#7740,#7750,#7760,#7770,#7780,#7790,#7800,#7810,#7820,#7830,#7840,#7850,#7860,#7870,#8120,#8130,#8140,#8150,#8160,#8170,#8180,#8190,#8200,#8210,#8220,#8230,#8240,#8250,#8260,#8510,#8520,#8530,#8540,#8550,#8560,#8570,#8580,#8590,#8600,#8610,#8620,#8630,#8640,#8650,#8900,#8910,#8920,#8930,#8940,#8950,#8960,#8970,#8980,#8990,#9000,#9010,#9020,#9030,#9040,#9290,#9300,#9310,#9320,#9330,#9340,#9350,#9360,#9370,#9380,#9390,#9400,#9410,#9420,#9430,#9680,#9690,#9700,#9710,#9720,#9730,#9740,#9750,#9760,#9770,#9780,#9790,#9800,#9810,#9820,#10070,#10080,#10090,#10100,#10110,#10120,#10130,#10140,#10150,#10160,#10170,#10180,#10190,#10200,#10210,#10460,#10470,#10480,#10490,#10500,#10510,#10520,#10530,#10540,#10550,#10560,#10570,#10580,#10590,#10600,#10850,#10860,#10870,#10880,#10890,#10900,#10910,#10920,#10930,#10940,#10950,#10960,#10970,#10980,#10990,#11240,#11250,#11260,#11270,#11280,#11290,#11300,#11310,#11320,#11330,#11340,#11350,#11360,#11370,#11380,#11630,#11640,#11650,#11660,#11670,#11680,#11690,#11700,#11710,#11720,#11730,#11740,#11750,#11760,#11770,#12020,#12030,#12040,#12050,#12060,#12070,#12080,#12090,#12100,#12110,#12120,#12130,#12140,#12150,#12160,#12410,#12420,#12430,#12440,#12450,#12460,#12470,#12480,#12490,#12500,#12510,#12520,#12530,#12540,#12550,#12800,#12810,#12820,#12830,#12840,#12850,#12860,#12870,#12880,#12890,#12900,#12910,#12920,#12930,#12940,#13190,#13200,#13210,#13220,#13230,#13240,#13250,#13260,#13270,#13280,#13290,#13300,#13310,#13320,#13330,#13580,#13590,#13600,#13610,#13620,#13630,#13640,#13650,#13660,#13670,#13680,#13690,#13700,#13710,#13720,#13970,#13980,#13990,#14000,#14010,#14020,#14030,#14040,#14050,#14060,#14070,#14080,#14090,#14100,#14110,#14250,#14260,#14310,#14320,#14370,#14380,#14430,#14440,#14490,#14500,#14550,#14560,#14610,#14620,#14670,#14680,#14730,#14740,#14790,#14800,#15030,#15040,#15070,#15080,#15110,#15120,#15150,#15160),#32);
#16245=IFCRELCONTAINEDINSPATIALSTRUCTURE('0lob8VAv19fATLPrQlayXf',$,'Contenido NT',$,(#1190,#1200,#1210,#1280,#1290,#1300,#1370,#1380,#1390,#1460,#1470,#1480,#1550,#1560,#1570,#1640,#1650,#1660,#1730,#1740,#1750,#1830,#1840,#1850,#1930,#1940,#1950,#2030,#2040,#2050,#2130,#2140,#2150,#2230,#2240,#2250,#2330,#2340,#2350,#2430,#2440,#2450,#2530,#2540,#2550,#2630,#2640,#2650,#2730,#2740,#2750,#2830,#2840,#2850,#2930,#2940,#2950,#3020,#3030,#3040,#3110,#3120,#3130,#3200,#3210,#3220,#3290,#3300,#3310,#3380,#3390,#3400,#3830,#3840,#3850,#3860,#3870,#3880,#3890,#3900,#3910,#3920,#3930,#3940,#3950,#3960,#3970,#3980,#3990,#4000,#4010,#4020,#4030,#4460,#4470,#4480,#4490,#4500,#4510,#4520,#4530,#4540,#4550,#4560,#4570,#4580,#4590,#4600,#4610,#4620,#4630,#4640,#4650,#4660,#5090,#5100,#5110,#5120,#5130,#5140,#5150,#5160,#5170,#5180,#5190,#5200,#5210,#5220,#5230,#5240,#5250,#5260,#5270,#5280,#5290,#5720,#5730,#5740,#5750,#5760,#5770,#5780,#5790,#5800,#5810,#5820,#5830,#5840,#5850,#5860,#5870,#5880,#5890,#5900,#5910,#5920,#6320,#6330,#6340,#6350,#6360,#6370,#6380,#6390,#6400,#6710,#6720,#6730,#6740,#6750,#6760,#6770,#6780,#6790,#7100,#7110,#7120,#7130,#7140,#7150,#7160,#7170,#7180,#7490,#7500,#7510,#7520,#7530,#7540,#7550,#7560,#7570,#7880,#7890,#7900,#7910,#7920,#7930,#7940,#7950,#7960,#8270,#8280,#8290,#8300,#8310,#8320,#8330,#8340,#8350,#8660,#8670,#8680,#8690,#8700,#8710,#8720,#8730,#8740,#9050,#9060,#9070,#9080,#9090,#9100,#9110,#9120,#9130,#9440,#9450,#9460,#9470,#9480,#9490,#9500,#9510,#9520,#9830,#9840,#9850,#9860,#9870,#9880,#9890,#9900,#9910,#10220,#10230,#10240,#10250,#10260,#10270,#10280,#10290,#10300,#10610,#10620,#10630,#10640,#10650,#10660,#10670,#10680,#10690,#11000,#11010,#11020,#11030,#11040,#11050,#11060,#11070,#11080,#11390,#11400,#11410,#11420,#11430,#11440,#11450,#11460,#11470,#11780,#11790,#11800,#11810,#11820,#11830,#11840,#11850,#11860,#12170,#12180,#12190,#12200,#12210,#12220,#12230,#12240,#12250,#12560,#12570,#12580,#12590,#12600,#12610,#12620,#12630,#12640,#12950,#12960,#12970,#12980,#12990,#13000,#13010,#13020,#13030,#13340,#13350,#13360,#13370,#13380,#13390,#13400,#13410,#13420,#13730,#13740,#13750,#13760,#13770,#13780,#13790,#13800,#13810,#14120,#14130,#14140,#14150,#14160,#14170,#14180,#14190,#14200,#14810,#14820,#14830,#14840,#14850,#14860,#14870,#14880,#14890,#14900,#14910,#14920,#14930,#14940,#14950,#14960,#14970,#14980,#14990,#15000),#36);
ENDSEC;
END-ISO-10303-21;
